0	0	0	0	0	0	0	0	0	0	0	0	0	0	0	0	0	0	0	0	0	0	0	0	0	0	0	0	0	0	0	0	0	0	0	0	0	0	0	0	0	0	0	0	0	0	0	0	0	0	0	0	0	0	0	0	0	0	0	0	0	0	0	0	0	0	0	0	0	0	0	0	0	0	0	0	0	0	0	0	0	0	0	0	0	0	0	0	0	0	0	0	0	0	0	0	0	0	0	0	0	0	0	0	0	0	0	0	0	0	0	0	0	0	0	0	0	0	0	0	0	0	0	0	0	0	0	0	0	0	0	0	0	0	0	0	0	0	0	0	0	0	0	0	0	0	0	0	0	0	0	0	0	0	0	0	0	0	0	0	0	0	0	0	0	0	0	0	0	0	0	0	0	0	0	0	0	0	0	0	0	0	0	0	0	0	0	0	0	0	0	0	0	0	0	0	0	0	0	0	0	0	0	0	0	0	0	0	0	0	0	0	0	0	0	0	0	0	0	0	0	0	0	0	0	0	0	0	0	0	0	0	0	0	0	0	0	0	0	0	0	0	0	0	0	0	0	0	0	0	0	0	0	0	0	0	0	0	0	0	0	0	0	0	0	0	0	0	0	0	0	0	0	0	0	0	0	0	0	0	0	0	0	0	0	0	0	0	0	0	0	0	0	0	0	0	0	0	0	0	0	0	0	0	0	0	0	0	0	0	0	0	0	0	0	0	0	0	0	0	0	0	0	0	0	0	0	0	0	0	0	0	0	0	0	0	0	0	0	0	0	0	0	0	0	0	0	0	0	0	0	0	0	0	0	0	0	0	0	0	0	0	0	0	0	0	0	0	0	0	0	0	0	0	0	0	0	0	0	0	0	0	0	0	0	0	0	0	0	0	0	0	0	0	0	0	0	0	0	0	0	0	0	0	0	0	0	0	0	0	0	0	0	0	0	0	0	0	0	0	0	0	0	0	0	0	0	0	0	0	0	0	0	0	0	0	0	0	0	0	0	0	0	0	0	0	0	0	0	0	0	0	0	0	0	0	0	0	0	0	0	0	0	0	0	0	0	0	0	0	0	0	0	0	0	0	0	0	0	0	0	0	0	0	0	0	0	0	0	0	0	0	0	0	0	0	0	0	0	0	0	0	0	0	0	0	0	0	0	0	0	0	0	0	0	0	0	0	0	0	0	0	0	0	0	0	0	0	0	0	0	0	0	0	0	0	0	0	0	0	0	0	0	0	0	0	0	0	0	0	0	0	0	0	0	0	0	0	0	0	0	0	0	0	0	0	0	0	0	0	0	0	0	0	0	0	0	0	0	0	0	0	0	0	0	0	0	0	0	0	0	0	0	0	0	0	0	0	0	0	0	0	0	0	0	0	0	0	0	0	0	0	0	0	0	0	0	0	0	0	0	0	0	0	0	0	0	0	0	0	0	0	0	0	0	0	0	0	0	0	
0	0	0	0	0	0	0	0	0	0	0	0	0	0	0	0	0	0	0	0	0	0	0	0	0	0	0	0	0	0	0	0	0	0	0	0	0	0	0	0	0	0	0	0	0	0	0	0	0	0	0	0	0	0	0	0	0	0	0	0	0	0	0	0	0	0	0	0	0	0	0	0	0	0	0	0	0	0	0	0	0	0	0	0	0	0	0	0	0	0	0	0	0	0	0	0	0	0	0	0	0	0	0	0	0	0	0	0	0	0	0	0	0	0	0	0	0	0	0	0	0	0	0	0	0	0	0	0	0	0	0	0	0	0	0	0	0	0	0	0	0	0	0	0	0	0	0	0	0	0	0	0	0	0	0	0	0	0	0	0	0	0	0	0	0	0	0	0	0	0	0	0	0	0	0	0	0	0	0	0	0	0	0	0	0	0	0	0	0	0	0	0	0	0	0	0	0	0	0	0	0	0	0	0	0	0	0	0	0	0	0	0	0	0	0	0	0	0	0	0	0	0	0	0	0	0	0	0	0	0	0	0	0	0	0	0	0	0	0	0	0	0	0	0	0	0	0	0	0	0	0	0	0	0	0	0	0	0	0	0	0	0	0	0	0	0	0	0	0	0	0	0	0	0	0	0	0	0	0	0	0	0	0	0	0	0	0	0	0	0	0	0	0	0	0	0	0	0	0	0	0	0	0	0	0	0	0	0	0	0	0	0	0	0	0	0	0	0	0	0	0	0	0	0	0	0	0	0	0	0	0	0	0	0	0	0	0	0	0	0	0	0	0	0	0	0	0	0	0	0	0	0	0	0	0	0	0	0	0	0	0	0	0	0	0	0	0	0	0	0	0	0	0	0	0	0	0	0	0	0	0	0	0	0	0	0	0	0	0	0	0	0	0	0	0	0	0	0	0	0	0	0	0	0	0	0	0	0	0	0	0	0	0	0	0	0	0	0	0	0	0	0	0	0	0	0	0	0	0	0	0	0	0	0	0	0	0	0	0	0	0	0	0	0	0	0	0	0	0	0	0	0	0	0	0	0	0	0	0	0	0	0	0	0	0	0	0	0	0	0	0	0	0	0	0	0	0	0	0	0	0	0	0	0	0	0	0	0	0	0	0	0	0	0	0	0	0	0	0	0	0	0	0	0	0	0	0	0	0	0	0	0	0	0	0	0	0	0	0	0	0	0	0	0	0	0	0	0	0	0	0	0	0	0	0	0	0	0	0	0	0	0	0	0	0	0	0	0	0	0	0	0	0	0	0	0	0	0	0	0	0	0	0	0	0	0	0	0	0	0	0	0	0	0	0	0	0	0	0	0	0	0	0	0	0	0	0	0	0	0	0	0	0	0	0	0	0	0	0	0	0	0	0	0	0	0	0	0	0	0	0	0	0	0	0	0	0	0	0	0	0	0	0	0	0	0	0	0	0	0	0	0	0	0	0	0	0	0	0	0	
0	0	0	0	0	0	0	0	0	0	0	0	0	0	0	0	0	0	0	0	0	0	0	0	0	0	0	0	0	0	0	0	0	0	0	0	0	0	0	0	0	0	0	0	0	0	0	0	0	0	0	0	0	0	0	0	0	0	0	0	0	0	0	0	0	0	0	0	0	0	0	0	0	0	0	0	0	0	0	0	0	0	0	0	0	0	0	0	0	0	0	0	0	0	0	0	0	0	0	0	0	0	0	0	0	0	0	0	0	0	0	0	0	0	0	0	0	0	0	0	0	0	0	0	0	0	0	0	0	0	0	0	0	0	0	0	0	0	0	0	0	0	0	0	0	0	0	0	0	0	0	0	0	0	0	0	0	0	0	0	0	0	0	0	0	0	0	0	0	0	0	0	0	0	0	0	0	0	0	0	0	0	0	0	0	0	0	0	0	0	0	0	0	0	0	0	0	0	0	0	0	0	0	0	0	0	0	0	0	0	0	0	0	0	0	0	0	0	0	0	0	0	0	0	0	0	0	0	0	0	0	0	0	0	0	0	0	0	0	0	0	0	0	0	0	0	0	0	0	0	0	0	0	0	0	0	0	0	0	0	0	0	0	0	0	0	0	0	0	0	0	0	0	0	0	0	0	0	0	0	0	0	0	0	0	0	0	0	0	0	0	0	0	0	0	0	0	0	0	0	0	0	0	0	0	0	0	0	0	0	0	0	0	0	0	0	0	0	0	0	0	0	0	0	0	0	0	0	0	0	0	0	0	0	0	0	0	0	0	0	0	0	0	0	0	0	0	0	0	0	0	0	0	0	0	0	0	0	0	0	0	0	0	0	0	0	0	0	0	0	0	0	0	0	0	0	0	0	0	0	0	0	0	0	0	0	0	0	0	0	0	0	0	0	0	0	0	0	0	0	0	0	0	0	0	0	0	0	0	0	0	0	0	0	0	0	0	0	0	0	0	0	0	0	0	0	0	0	0	0	0	0	0	0	0	0	0	0	0	0	0	0	0	0	0	0	0	0	0	0	0	0	0	0	0	0	0	0	0	0	0	0	0	0	0	0	0	0	0	0	0	0	0	0	0	0	0	0	0	0	0	0	0	0	0	0	0	0	0	0	0	0	0	0	0	0	0	0	0	0	0	0	0	0	0	0	0	0	0	0	0	0	0	0	0	0	0	0	0	0	0	0	0	0	0	0	0	0	0	0	0	0	0	0	0	0	0	0	0	0	0	0	0	0	0	0	0	0	0	0	0	0	0	0	0	0	0	0	0	0	0	0	0	0	0	0	0	0	0	0	0	0	0	0	0	0	0	0	0	0	0	0	0	0	0	0	0	0	0	0	0	0	0	0	0	0	0	0	0	0	0	0	0	0	0	0	0	0	0	0	0	0	0	0	0	0	0	0	0	0	0	0	0	0	0	0	0	0	0	0	0	0	0	0	0	0	0	0	0	0	
0	0	0	0	0	0	0	0	0	0	0	0	0	0	0	0	0	0	0	0	0	0	0	0	0	0	0	0	0	0	0	0	0	0	0	0	0	0	0	0	0	0	0	0	0	0	0	0	0	0	0	0	0	0	0	0	0	0	0	0	0	0	0	0	0	0	0	0	0	0	0	0	0	0	0	0	0	0	0	0	0	0	0	0	0	0	0	0	0	0	0	0	0	0	0	0	0	0	0	0	0	0	0	0	0	0	0	0	0	0	0	0	0	0	0	0	0	0	0	0	0	0	0	0	0	0	0	0	0	0	0	0	0	0	0	0	0	0	0	0	0	0	0	0	0	0	0	0	0	0	0	0	0	0	0	0	0	0	0	0	0	0	0	0	0	0	0	0	0	0	0	0	0	0	0	0	0	0	0	0	0	0	0	0	0	0	0	0	0	0	0	0	0	0	0	0	0	0	0	0	0	0	0	0	0	0	0	0	0	0	0	0	0	0	0	0	0	0	0	0	0	0	0	0	0	0	0	0	0	0	0	0	0	0	0	0	0	0	0	0	0	0	0	0	0	0	0	0	0	0	0	0	0	0	0	0	0	0	0	0	0	0	0	0	0	0	0	0	0	0	0	0	0	0	0	0	0	0	0	0	0	0	0	0	0	0	0	0	0	0	0	0	0	0	0	0	0	0	0	0	0	0	0	0	0	0	0	0	0	0	0	0	0	0	0	0	0	0	0	0	0	0	0	0	0	0	0	0	0	0	0	0	0	0	0	0	0	0	0	0	0	0	0	0	0	0	0	0	0	0	0	0	0	0	0	0	0	0	0	0	0	0	0	0	0	0	0	0	0	0	0	0	0	0	0	0	0	0	0	0	0	0	0	0	0	0	0	0	0	0	0	0	0	0	0	0	0	0	0	0	0	0	0	0	0	0	0	0	0	0	0	0	0	0	0	0	0	0	0	0	0	0	0	0	0	0	0	0	0	0	0	0	0	0	0	0	0	0	0	0	0	0	0	0	0	0	0	0	0	0	0	0	0	0	0	0	0	0	0	0	0	0	0	0	0	0	0	0	0	0	0	0	0	0	0	0	0	0	0	0	0	0	0	0	0	0	0	0	0	0	0	0	0	0	0	0	0	0	0	0	0	0	0	0	0	0	0	0	0	0	0	0	0	0	0	0	0	0	0	0	0	0	0	0	0	0	0	0	0	0	0	0	0	0	0	0	0	0	0	0	0	0	0	0	0	0	0	0	0	0	0	0	0	0	0	0	0	0	0	0	0	0	0	0	0	0	0	0	0	0	0	0	0	0	0	0	0	0	0	0	0	0	0	0	0	0	0	0	0	0	0	0	0	0	0	0	0	0	0	0	0	0	0	0	0	0	0	0	0	0	0	0	0	0	0	0	0	0	0	0	0	0	0	0	0	0	0	0	0	0	0	0	0	0	0	0	0	0	0	0	
0	0	0	0	0	0	0	0	0	0	0	0	0	0	0	0	0	0	0	0	0	0	0	0	0	0	0	0	0	0	0	0	0	0	0	0	0	0	0	0	0	0	0	0	0	0	0	0	0	0	0	0	0	0	0	0	0	0	0	0	0	0	0	0	0	0	0	0	0	0	0	0	0	0	0	0	0	0	0	0	0	0	0	0	0	0	0	0	0	0	0	0	0	0	0	0	0	0	0	0	0	0	0	0	0	0	0	0	0	0	0	0	0	0	0	0	0	0	0	0	0	0	0	0	0	0	0	0	0	0	0	0	0	0	0	0	0	0	0	0	0	0	0	0	0	0	0	0	0	0	0	0	0	0	0	0	0	0	0	0	0	0	0	0	0	0	0	0	0	0	0	0	0	0	0	0	0	0	0	0	0	0	0	0	0	0	0	0	0	0	0	0	0	0	0	0	0	0	0	0	0	0	0	0	0	0	0	0	0	0	0	0	0	0	0	0	0	0	0	0	0	0	0	0	0	0	0	0	0	0	0	0	0	0	0	0	0	0	0	0	0	0	0	0	0	0	0	0	0	0	0	0	0	0	0	0	0	0	0	0	0	0	0	0	0	0	0	0	0	0	0	0	0	0	0	0	0	0	0	0	0	0	0	0	0	0	0	0	0	0	0	0	0	0	0	0	0	0	0	0	0	0	0	0	0	0	0	0	0	0	0	0	0	0	0	0	0	0	0	0	0	0	0	0	0	0	0	0	0	0	0	0	0	0	0	0	0	0	0	0	0	0	0	0	0	0	0	0	0	0	0	0	0	0	0	0	0	0	0	0	0	0	0	0	0	0	0	0	0	0	0	0	0	0	0	0	0	0	0	0	0	0	0	0	0	0	0	0	0	0	0	0	0	0	0	0	0	0	0	0	0	0	0	0	0	0	0	0	0	0	0	0	0	0	0	0	0	0	0	0	0	0	0	0	0	0	0	0	0	0	0	0	0	0	0	0	0	0	0	0	0	0	0	0	0	0	0	0	0	0	0	0	0	0	0	0	0	0	0	0	0	0	0	0	0	0	0	0	0	0	0	0	0	0	0	0	0	0	0	0	0	0	0	0	0	0	0	0	0	0	0	0	0	0	0	0	0	0	0	0	0	0	0	0	0	0	0	0	0	0	0	0	0	0	0	0	0	0	0	0	0	0	0	0	0	0	0	0	0	0	0	0	0	0	0	0	0	0	0	0	0	0	0	0	0	0	0	0	0	0	0	0	0	0	0	0	0	0	0	0	0	0	0	0	0	0	0	0	0	0	0	0	0	0	0	0	0	0	0	0	0	0	0	0	0	0	0	0	0	0	0	0	0	0	0	0	0	0	0	0	0	0	0	0	0	0	0	0	0	0	0	0	0	0	0	0	0	0	0	0	0	0	0	0	0	0	0	0	0	0	0	0	0	0	0	0	0	0	0	0	
0	0	0	0	0	0	0	0	0	0	0	0	0	0	0	0	0	0	0	0	0	0	0	0	0	0	0	0	0	0	0	0	0	0	0	0	0	0	0	0	0	0	0	0	0	0	0	0	0	0	0	0	0	0	0	0	0	0	0	0	0	0	0	0	0	0	0	0	0	0	0	0	0	0	0	0	0	0	0	0	0	0	0	0	0	0	0	0	0	0	0	0	0	0	0	0	0	0	0	0	0	0	0	0	0	0	0	0	0	0	0	0	0	0	0	0	0	0	0	0	0	0	0	0	0	0	0	0	0	0	0	0	0	0	0	0	0	0	0	0	0	0	0	0	0	0	0	0	0	0	0	0	0	0	0	0	0	0	0	0	0	0	0	0	0	0	0	0	0	0	0	0	0	0	0	0	0	0	0	0	0	0	0	0	0	0	0	0	0	0	0	0	0	0	0	0	0	0	0	0	0	0	0	0	0	0	0	0	0	0	0	0	0	0	0	0	0	0	0	0	0	0	0	0	0	0	0	0	0	0	0	0	0	0	0	0	0	0	0	0	0	0	0	0	0	0	0	0	0	0	0	0	0	0	0	0	0	0	0	0	0	0	0	0	0	0	0	0	0	0	0	0	0	0	0	0	0	0	0	0	0	0	0	0	0	0	0	0	0	0	0	0	0	0	0	0	0	0	0	0	0	0	0	0	0	0	0	0	0	0	0	0	0	0	0	0	0	0	0	0	0	0	0	0	0	0	0	0	0	0	0	0	0	0	0	0	0	0	0	0	0	0	0	0	0	0	0	0	0	0	0	0	0	0	0	0	0	0	0	0	0	0	0	0	0	0	0	0	0	0	0	0	0	0	0	0	0	0	0	0	0	0	0	0	0	0	0	0	0	0	0	0	0	0	0	0	0	0	0	0	0	0	0	0	0	0	0	0	0	0	0	0	0	0	0	0	0	0	0	0	0	0	0	0	0	0	0	0	0	0	0	0	0	0	0	0	0	0	0	0	0	0	0	0	0	0	0	0	0	0	0	0	0	0	0	0	0	0	0	0	0	0	0	0	0	0	0	0	0	0	0	0	0	0	0	0	0	0	0	0	0	0	0	0	0	0	0	0	0	0	0	0	0	0	0	0	0	0	0	0	0	0	0	0	0	0	0	0	0	0	0	0	0	0	0	0	0	0	0	0	0	0	0	0	0	0	0	0	0	0	0	0	0	0	0	0	0	0	0	0	0	0	0	0	0	0	0	0	0	0	0	0	0	0	0	0	0	0	0	0	0	0	0	0	0	0	0	0	0	0	0	0	0	0	0	0	0	0	0	0	0	0	0	0	0	0	0	0	0	0	0	0	0	0	0	0	0	0	0	0	0	0	0	0	0	0	0	0	0	0	0	0	0	0	0	0	0	0	0	0	0	0	0	0	0	0	0	0	0	0	0	0	0	0	0	0	0	0	0	0	
0	0	0	0	0	0	0	0	0	0	0	0	0	0	0	0	0	0	0	0	0	0	0	0	0	0	0	0	0	0	0	0	0	0	0	0	0	0	0	0	0	0	0	0	0	0	0	0	0	0	0	0	0	0	0	0	0	0	0	0	0	0	0	0	0	0	0	0	0	0	0	0	0	0	0	0	0	0	0	0	0	0	0	0	0	0	0	0	0	0	0	0	0	0	0	0	0	0	0	0	0	0	0	0	0	0	0	0	0	0	0	0	0	0	0	0	0	0	0	0	0	0	0	0	0	0	0	0	0	0	0	0	0	0	0	0	0	0	0	0	0	0	0	0	0	0	0	0	0	0	0	0	0	0	0	0	0	0	0	0	0	0	0	0	0	0	0	0	0	0	0	0	0	0	0	0	0	0	0	0	0	0	0	0	0	0	0	0	0	0	0	0	0	0	0	0	0	0	0	0	0	0	0	0	0	0	0	0	0	0	0	0	0	0	0	0	0	0	0	0	0	0	0	0	0	0	0	0	0	0	0	0	0	0	0	0	0	0	0	0	0	0	0	0	0	0	0	0	0	0	0	0	0	0	0	0	0	0	0	0	0	0	0	0	0	0	0	0	0	0	0	0	0	0	0	0	0	0	0	0	0	0	0	0	0	0	0	0	0	0	0	0	0	0	0	0	0	0	0	0	0	0	0	0	0	0	0	0	0	0	0	0	0	0	0	0	0	0	0	0	0	0	0	0	0	0	0	0	0	0	0	0	0	0	0	0	0	0	0	0	0	0	0	0	0	0	0	0	0	0	0	0	0	0	0	0	0	0	0	0	0	0	0	0	0	0	0	0	0	0	0	0	0	0	0	0	0	0	0	0	0	0	0	0	0	0	0	0	0	0	0	0	0	0	0	0	0	0	0	0	0	0	0	0	0	0	0	0	0	0	0	0	0	0	0	0	0	0	0	0	0	0	0	0	0	0	0	0	0	0	0	0	0	0	0	0	0	0	0	0	0	0	0	0	0	0	0	0	0	0	0	0	0	0	0	0	0	0	0	0	0	0	0	0	0	0	0	0	0	0	0	0	0	0	0	0	0	0	0	0	0	0	0	0	0	0	0	0	0	0	0	0	0	0	0	0	0	0	0	0	0	0	0	0	0	0	0	0	0	0	0	0	0	0	0	0	0	0	0	0	0	0	0	0	0	0	0	0	0	0	0	0	0	0	0	0	0	0	0	0	0	0	0	0	0	0	0	0	0	0	0	0	0	0	0	0	0	0	0	0	0	0	0	0	0	0	0	0	0	0	0	0	0	0	0	0	0	0	0	0	0	0	0	0	0	0	0	0	0	0	0	0	0	0	0	0	0	0	0	0	0	0	0	0	0	0	0	0	0	0	0	0	0	0	0	0	0	0	0	0	0	0	0	0	0	0	0	0	0	0	0	0	0	0	0	0	0	0	0	0	
0	0	0	0	0	0	0	0	0	0	0	0	0	0	0	0	0	0	0	0	0	0	0	0	0	0	0	0	0	0	0	0	0	0	0	0	0	0	0	0	0	0	0	0	0	0	0	0	0	0	0	0	0	0	0	0	0	0	0	0	0	0	0	0	0	0	0	0	0	0	0	0	0	0	0	0	0	0	0	0	0	0	0	0	0	0	0	0	0	0	0	0	0	0	0	0	0	0	0	0	0	0	0	0	0	0	0	0	0	0	0	0	0	0	0	0	0	0	0	0	0	0	0	0	0	0	0	0	0	0	0	0	0	0	0	0	0	0	0	0	0	0	0	0	0	0	0	0	0	0	0	0	0	0	0	0	0	0	0	0	0	0	0	0	0	0	0	0	0	0	0	0	0	0	0	0	0	0	0	0	0	0	0	0	0	0	0	0	0	0	0	0	0	0	0	0	0	0	0	0	0	0	0	0	0	0	0	0	0	0	0	0	0	0	0	0	0	0	0	0	0	0	0	0	0	0	0	0	0	0	0	0	0	0	0	0	0	0	0	0	0	0	0	0	0	0	0	0	0	0	0	0	0	0	0	0	0	0	0	0	0	0	0	0	0	0	0	0	0	0	0	0	0	0	0	0	0	0	0	0	0	0	0	0	0	0	0	0	0	0	0	0	0	0	0	0	0	0	0	0	0	0	0	0	0	0	0	0	0	0	0	0	0	0	0	0	0	0	0	0	0	0	0	0	0	0	0	0	0	0	0	0	0	0	0	0	0	0	0	0	0	0	0	0	0	0	0	0	0	0	0	0	0	0	0	0	0	0	0	0	0	0	0	0	0	0	0	0	0	0	0	0	0	0	0	0	0	0	0	0	0	0	0	0	0	0	0	0	0	0	0	0	0	0	0	0	0	0	0	0	0	0	0	0	0	0	0	0	0	0	0	0	0	0	0	0	0	0	0	0	0	0	0	0	0	0	0	0	0	0	0	0	0	0	0	0	0	0	0	0	0	0	0	0	0	0	0	0	0	0	0	0	0	0	0	0	0	0	0	0	0	0	0	0	0	0	0	0	0	0	0	0	0	0	0	0	0	0	0	0	0	0	0	0	0	0	0	0	0	0	0	0	0	0	0	0	0	0	0	0	0	0	0	0	0	0	0	0	0	0	0	0	0	0	0	0	0	0	0	0	0	0	0	0	0	0	0	0	0	0	0	0	0	0	0	0	0	0	0	0	0	0	0	0	0	0	0	0	0	0	0	0	0	0	0	0	0	0	0	0	0	0	0	0	0	0	0	0	0	0	0	0	0	0	0	0	0	0	0	0	0	0	0	0	0	0	0	0	0	0	0	0	0	0	0	0	0	0	0	0	0	0	0	0	0	0	0	0	0	0	0	0	0	0	0	0	0	0	0	0	0	0	0	0	0	0	0	0	0	0	0	0	0	0	0	0	0	0	0	0	
0	0	0	0	0	0	0	0	0	0	0	0	0	0	0	0	0	0	0	0	0	0	0	0	0	0	0	0	0	0	0	0	0	0	0	0	0	0	0	0	0	0	0	0	0	0	0	0	0	0	0	0	0	0	0	0	0	0	0	0	0	0	0	0	0	0	0	0	0	0	0	0	0	0	0	0	0	0	0	0	0	0	0	0	0	0	0	0	0	0	0	0	0	0	0	0	0	0	0	0	0	0	0	0	0	0	0	0	0	0	0	0	0	0	0	0	0	0	0	0	0	0	0	0	0	0	0	0	0	0	0	0	0	0	0	0	0	0	0	0	0	0	0	0	0	0	0	0	0	0	0	0	0	0	0	0	0	0	0	0	0	0	0	0	0	0	0	0	0	0	0	0	0	0	0	0	0	0	0	0	0	0	0	0	0	0	0	0	0	0	0	0	0	0	0	0	0	0	0	0	0	0	0	0	0	0	0	0	0	0	0	0	0	0	0	0	0	0	0	0	0	0	0	0	0	0	0	0	0	0	0	0	0	0	0	0	0	0	0	0	0	0	0	0	0	0	0	0	0	0	0	0	0	0	0	0	0	0	0	0	0	0	0	0	0	0	0	0	0	0	0	0	0	0	0	0	0	0	0	0	0	0	0	0	0	0	0	0	0	0	0	0	0	0	0	0	0	0	0	0	0	0	0	0	0	0	0	0	0	0	0	0	0	0	0	0	0	0	0	0	0	0	0	0	0	0	0	0	0	0	0	0	0	0	0	0	0	0	0	0	0	0	0	0	0	0	0	0	0	0	0	0	0	0	0	0	0	0	0	0	0	0	0	0	0	0	0	0	0	0	0	0	0	0	0	0	0	0	0	0	0	0	0	0	0	0	0	0	0	0	0	0	0	0	0	0	0	0	0	0	0	0	0	0	0	0	0	0	0	0	0	0	0	0	0	0	0	0	0	0	0	0	0	0	0	0	0	0	0	0	0	0	0	0	0	0	0	0	0	0	0	0	0	0	0	0	0	0	0	0	0	0	0	0	0	0	0	0	0	0	0	0	0	0	0	0	0	0	0	0	0	0	0	0	0	0	0	0	0	0	0	0	0	0	0	0	0	0	0	0	0	0	0	0	0	0	0	0	0	0	0	0	0	0	0	0	0	0	0	0	0	0	0	0	0	0	0	0	0	0	0	0	0	0	0	0	0	0	0	0	0	0	0	0	0	0	0	0	0	0	0	0	0	0	0	0	0	0	0	0	0	0	0	0	0	0	0	0	0	0	0	0	0	0	0	0	0	0	0	0	0	0	0	0	0	0	0	0	0	0	0	0	0	0	0	0	0	0	0	0	0	0	0	0	0	0	0	0	0	0	0	0	0	0	0	0	0	0	0	0	0	0	0	0	0	0	0	0	0	0	0	0	0	0	0	0	0	0	0	0	0	0	0	0	0	0	0	0	0	0	
0	0	0	0	0	0	0	0	0	0	0	0	0	0	0	0	0	0	0	0	0	0	0	0	0	0	0	0	0	0	0	0	0	0	0	0	0	0	0	0	0	0	0	0	0	0	0	0	0	0	0	0	0	0	0	0	0	0	0	0	0	0	0	0	0	0	0	0	0	0	0	0	0	0	0	0	0	0	0	0	0	0	0	0	0	0	0	0	0	0	0	0	0	0	0	0	0	0	0	0	0	0	0	0	0	0	0	0	0	0	0	0	0	0	0	0	0	0	0	0	0	0	0	0	0	0	0	0	0	0	0	0	0	0	0	0	0	0	0	0	0	0	0	0	0	0	0	0	0	0	0	0	0	0	0	0	0	0	0	0	0	0	0	0	0	0	0	0	0	0	0	0	0	0	0	0	0	0	0	0	0	0	0	0	0	0	0	0	0	0	0	0	0	0	0	0	0	0	0	0	0	0	0	0	0	0	0	0	0	0	0	0	0	0	0	0	0	0	0	0	0	0	0	0	0	0	0	0	0	0	0	0	0	0	0	0	0	0	0	0	0	0	0	0	0	0	0	0	0	0	0	0	0	0	0	0	0	0	0	0	0	0	0	0	0	0	0	0	0	0	0	0	0	0	0	0	0	0	0	0	0	0	0	0	0	0	0	0	0	0	0	0	0	0	0	0	0	0	0	0	0	0	0	0	0	0	0	0	0	0	0	0	0	0	0	0	0	0	0	0	0	0	0	0	0	0	0	0	0	0	0	0	0	0	0	0	0	0	0	0	0	0	0	0	0	0	0	0	0	0	0	0	0	0	0	0	0	0	0	0	0	0	0	0	0	0	0	0	0	0	0	0	0	0	0	0	0	0	0	0	0	0	0	0	0	0	0	0	0	0	0	0	0	0	0	0	0	0	0	0	0	0	0	0	0	0	0	0	0	0	0	0	0	0	0	0	0	0	0	0	0	0	0	0	0	0	0	0	0	0	0	0	0	0	0	0	0	0	0	0	0	0	0	0	0	0	0	0	0	0	0	0	0	0	0	0	0	0	0	0	0	0	0	0	0	0	0	0	0	0	0	0	0	0	0	0	0	0	0	0	0	0	0	0	0	0	0	0	0	0	0	0	0	0	0	0	0	0	0	0	0	0	0	0	0	0	0	0	0	0	0	0	0	0	0	0	0	0	0	0	0	0	0	0	0	0	0	0	0	0	0	0	0	0	0	0	0	0	0	0	0	0	0	0	0	0	0	0	0	0	0	0	0	0	0	0	0	0	0	0	0	0	0	0	0	0	0	0	0	0	0	0	0	0	0	0	0	0	0	0	0	0	0	0	0	0	0	0	0	0	0	0	0	0	0	0	0	0	0	0	0	0	0	0	0	0	0	0	0	0	0	0	0	0	0	0	0	0	0	0	0	0	0	0	0	0	0	0	0	0	0	0	0	0	0	0	0	0	0	0	
0	0	0	0	0	0	0	0	0	0	0	0	0	0	0	0	0	0	0	0	0	0	0	0	0	0	0	0	0	0	0	0	0	0	0	0	0	0	0	0	0	0	0	0	0	0	0	0	0	0	0	0	0	0	0	0	0	0	0	0	0	0	0	0	0	0	0	0	0	0	0	0	0	0	0	0	0	0	0	0	0	0	0	0	0	0	0	0	0	0	0	0	0	0	0	0	0	0	0	0	0	0	0	0	0	0	0	0	0	0	0	0	0	0	0	0	0	0	0	0	0	0	0	0	0	0	0	0	0	0	0	0	0	0	0	0	0	0	0	0	0	0	0	0	0	0	0	0	0	0	0	0	0	0	0	0	0	0	0	0	0	0	0	0	0	0	0	0	0	0	0	0	0	0	0	0	0	0	0	0	0	0	0	0	0	0	0	0	0	0	0	0	0	0	0	0	0	0	0	0	0	0	0	0	0	0	0	0	0	0	0	0	0	0	0	0	0	0	0	0	0	0	0	0	0	0	0	0	0	0	0	0	0	0	0	0	0	0	0	0	0	0	0	0	0	0	0	0	0	0	0	0	0	0	0	0	0	0	0	0	0	0	0	0	0	0	0	0	0	0	0	0	0	0	0	0	0	0	0	0	0	0	0	0	0	0	0	0	0	0	0	0	0	0	0	0	0	0	0	0	0	0	0	0	0	0	0	0	0	0	0	0	0	0	0	0	0	0	0	0	0	0	0	0	0	0	0	0	0	0	0	0	0	0	0	0	0	0	0	0	0	0	0	0	0	0	0	0	0	0	0	0	0	0	0	0	0	0	0	0	0	0	0	0	0	0	0	0	0	0	0	0	0	0	0	0	0	0	0	0	0	0	0	0	0	0	0	0	0	0	0	0	0	0	0	0	0	0	0	0	0	0	0	0	0	0	0	0	0	0	0	0	0	0	0	0	0	0	0	0	0	0	0	0	0	0	0	0	0	0	0	0	0	0	0	0	0	0	0	0	0	0	0	0	0	0	0	0	0	0	0	0	0	0	0	0	0	0	0	0	0	0	0	0	0	0	0	0	0	0	0	0	0	0	0	0	0	0	0	0	0	0	0	0	0	0	0	0	0	0	0	0	0	0	0	0	0	0	0	0	0	0	0	0	0	0	0	0	0	0	0	0	0	0	0	0	0	0	0	0	0	0	0	0	0	0	0	0	0	0	0	0	0	0	0	0	0	0	0	0	0	0	0	0	0	0	0	0	0	0	0	0	0	0	0	0	0	0	0	0	0	0	0	0	0	0	0	0	0	0	0	0	0	0	0	0	0	0	0	0	0	0	0	0	0	0	0	0	0	0	0	0	0	0	0	0	0	0	0	0	0	0	0	0	0	0	0	0	0	0	0	0	0	0	0	0	0	0	0	0	0	0	0	0	0	0	0	0	0	0	0	0	0	0	0	0	0	0	0	0	
0	0	0	0	0	0	0	0	0	0	0	0	0	0	0	0	0	0	0	0	0	0	0	0	0	0	0	0	0	0	0	0	0	0	0	0	0	0	0	0	0	0	0	0	0	0	0	0	0	0	0	0	0	0	0	0	0	0	0	0	0	0	0	0	0	0	0	0	0	0	0	0	0	0	0	0	0	0	0	0	0	0	0	0	0	0	0	0	0	0	0	0	0	0	0	0	0	0	0	0	0	0	0	0	0	0	0	0	0	0	0	0	0	0	0	0	0	0	0	0	0	0	0	0	0	0	0	0	0	0	0	0	0	0	0	0	0	0	0	0	0	0	0	0	0	0	0	0	0	0	0	0	0	0	0	0	0	0	0	0	0	0	0	0	0	0	0	0	0	0	0	0	0	0	0	0	0	0	0	0	0	0	0	0	0	0	0	0	0	0	0	0	0	0	0	0	0	0	0	0	0	0	0	0	0	0	0	0	0	0	0	0	0	0	0	0	0	0	0	0	0	0	0	0	0	0	0	0	0	0	0	0	0	0	0	0	0	0	0	0	0	0	0	0	0	0	0	0	0	0	0	0	0	0	0	0	0	0	0	0	0	0	0	0	0	0	0	0	0	0	0	0	0	0	0	0	0	0	0	0	0	0	0	0	0	0	0	0	0	0	0	0	0	0	0	0	0	0	0	0	0	0	0	0	0	0	0	0	0	0	0	0	0	0	0	0	0	0	0	0	0	0	0	0	0	0	0	0	0	0	0	0	0	0	0	0	0	0	0	0	0	0	0	0	0	0	0	0	0	0	0	0	0	0	0	0	0	0	0	0	0	0	0	0	0	0	0	0	0	0	0	0	0	0	0	0	0	0	0	0	0	0	0	0	0	0	0	0	0	0	0	0	0	0	0	0	0	0	0	0	0	0	0	0	0	0	0	0	0	0	0	0	0	0	0	0	0	0	0	0	0	0	0	0	0	0	0	0	0	0	0	0	0	0	0	0	0	0	0	0	0	0	0	0	0	0	0	0	0	0	0	0	0	0	0	0	0	0	0	0	0	0	0	0	0	0	0	0	0	0	0	0	0	0	0	0	0	0	0	0	0	0	0	0	0	0	0	0	0	0	0	0	0	0	0	0	0	0	0	0	0	0	0	0	0	0	0	0	0	0	0	0	0	0	0	0	0	0	0	0	0	0	0	0	0	0	0	0	0	0	0	0	0	0	0	0	0	0	0	0	0	0	0	0	0	0	0	0	0	0	0	0	0	0	0	0	0	0	0	0	0	0	0	0	0	0	0	0	0	0	0	0	0	0	0	0	0	0	0	0	0	0	0	0	0	0	0	0	0	0	0	0	0	0	0	0	0	0	0	0	0	0	0	0	0	0	0	0	0	0	0	0	0	0	0	0	0	0	0	0	0	0	0	0	0	0	0	0	0	0	0	0	0	0	0	0	0	0	0	0	
0	0	0	0	0	0	0	0	0	0	0	0	0	0	0	0	0	0	0	0	0	0	0	0	0	0	0	0	0	0	0	0	0	0	0	0	0	0	0	0	0	0	0	0	0	0	0	0	0	0	0	0	0	0	0	0	0	0	0	0	0	0	0	0	0	0	0	0	0	0	0	0	0	0	0	0	0	0	0	0	0	0	0	0	0	0	0	0	0	0	0	0	0	0	0	0	0	0	0	0	0	0	0	0	0	0	0	0	0	0	0	0	0	0	0	0	0	0	0	0	0	0	0	0	0	0	0	0	0	0	0	0	0	0	0	0	0	0	0	0	0	0	0	0	0	0	0	0	0	0	0	0	0	0	0	0	0	0	0	0	0	0	0	0	0	0	0	0	0	0	0	0	0	0	0	0	0	0	0	0	0	0	0	0	0	0	0	0	0	0	0	0	0	0	0	0	0	0	0	0	0	0	0	0	0	0	0	0	0	0	0	0	0	0	0	0	0	0	0	0	0	0	0	0	0	0	0	0	0	0	0	0	0	0	0	0	0	0	0	0	0	0	0	0	0	0	0	0	0	0	0	0	0	0	0	0	0	0	0	0	0	0	0	0	0	0	0	0	0	0	0	0	0	0	0	0	0	0	0	0	0	0	0	0	0	0	0	0	0	0	0	0	0	0	0	0	0	0	0	0	0	0	0	0	0	0	0	0	0	0	0	0	0	0	0	0	0	0	0	0	0	0	0	0	0	0	0	0	0	0	0	0	0	0	0	0	0	0	0	0	0	0	0	0	0	0	0	0	0	0	0	0	0	0	0	0	0	0	0	0	0	0	0	0	0	0	0	0	0	0	0	0	0	0	0	0	0	0	0	0	0	0	0	0	0	0	0	0	0	0	0	0	0	0	0	0	0	0	0	0	0	0	0	0	0	0	0	0	0	0	0	0	0	0	0	0	0	0	0	0	0	0	0	0	0	0	0	0	0	0	0	0	0	0	0	0	0	0	0	0	0	0	0	0	0	0	0	0	0	0	0	0	0	0	0	0	0	0	0	0	0	0	0	0	0	0	0	0	0	0	0	0	0	0	0	0	0	0	0	0	0	0	0	0	0	0	0	0	0	0	0	0	0	0	0	0	0	0	0	0	0	0	0	0	0	0	0	0	0	0	0	0	0	0	0	0	0	0	0	0	0	0	0	0	0	0	0	0	0	0	0	0	0	0	0	0	0	0	0	0	0	0	0	0	0	0	0	0	0	0	0	0	0	0	0	0	0	0	0	0	0	0	0	0	0	0	0	0	0	0	0	0	0	0	0	0	0	0	0	0	0	0	0	0	0	0	0	0	0	0	0	0	0	0	0	0	0	0	0	0	0	0	0	0	0	0	0	0	0	0	0	0	0	0	0	0	0	0	0	0	0	0	0	0	0	0	0	0	0	0	0	0	0	0	0	0	0	0	0	0	
0	0	0	0	0	0	0	0	0	0	0	0	0	0	0	0	0	0	0	0	0	0	0	0	0	0	0	0	0	0	0	0	0	0	0	0	0	0	0	0	0	0	0	0	0	0	0	0	0	0	0	0	0	0	0	0	0	0	0	0	0	0	0	0	0	0	0	0	0	0	0	0	0	0	0	0	0	0	0	0	0	0	0	0	0	0	0	0	0	0	0	0	0	0	0	0	0	0	0	0	0	0	0	0	0	0	0	0	0	0	0	0	0	0	0	0	0	0	0	0	0	0	0	0	0	0	0	0	0	0	0	0	0	0	0	0	0	0	0	0	0	0	0	0	0	0	0	0	0	0	0	0	0	0	0	0	0	0	0	0	0	0	0	0	0	0	0	0	0	0	0	0	0	0	0	0	0	0	0	0	0	0	0	0	0	0	0	0	0	0	0	0	0	0	0	0	0	0	0	0	0	0	0	0	0	0	0	0	0	0	0	0	0	0	0	0	0	0	0	0	0	0	0	0	0	0	0	0	0	0	0	0	0	0	0	0	0	0	0	0	0	0	0	0	0	0	0	0	0	0	0	0	0	0	0	0	0	0	0	0	0	0	0	0	0	0	0	0	0	0	0	0	0	0	0	0	0	0	0	0	0	0	0	0	0	0	0	0	0	0	0	0	0	0	0	0	0	0	0	0	0	0	0	0	0	0	0	0	0	0	0	0	0	0	0	0	0	0	0	0	0	0	0	0	0	0	0	0	0	0	0	0	0	0	0	0	0	0	0	0	0	0	0	0	0	0	0	0	0	0	0	0	0	0	0	0	0	0	0	0	0	0	0	0	0	0	0	0	0	0	0	0	0	0	0	0	0	0	0	0	0	0	0	0	0	0	0	0	0	0	0	0	0	0	0	0	0	0	0	0	0	0	0	0	0	0	0	0	0	0	0	0	0	0	0	0	0	0	0	0	0	0	0	0	0	0	0	0	0	0	0	0	0	0	0	0	0	0	0	0	0	0	0	0	0	0	0	0	0	0	0	0	0	0	0	0	0	0	0	0	0	0	0	0	0	0	0	0	0	0	0	0	0	0	0	0	0	0	0	0	0	0	0	0	0	0	0	0	0	0	0	0	0	0	0	0	0	0	0	0	0	0	0	0	0	0	0	0	0	0	0	0	0	0	0	0	0	0	0	0	0	0	0	0	0	0	0	0	0	0	0	0	0	0	0	0	0	0	0	0	0	0	0	0	0	0	0	0	0	0	0	0	0	0	0	0	0	0	0	0	0	0	0	0	0	0	0	0	0	0	0	0	0	0	0	0	0	0	0	0	0	0	0	0	0	0	0	0	0	0	0	0	0	0	0	0	0	0	0	0	0	0	0	0	0	0	0	0	0	0	0	0	0	0	0	0	0	0	0	0	0	0	0	0	0	0	0	0	0	0	0	0	0	0	0	0	0	0	0	0	
0	0	0	0	0	0	0	0	0	0	0	0	0	0	0	0	0	0	0	0	0	0	0	0	0	0	0	0	0	0	0	0	0	0	0	0	0	0	0	0	0	0	0	0	0	0	0	0	0	0	0	0	0	0	0	0	0	0	0	0	0	0	0	0	0	0	0	0	0	0	0	0	0	0	0	0	0	0	0	0	0	0	0	0	0	0	0	0	0	0	0	0	0	0	0	0	0	0	0	0	0	0	0	0	0	0	0	0	0	0	0	0	0	0	0	0	0	0	0	0	0	0	0	0	0	0	0	0	0	0	0	0	0	0	0	0	0	0	0	0	0	0	0	0	0	0	0	0	0	0	0	0	0	0	0	0	0	0	0	0	0	0	0	0	0	0	0	0	0	0	0	0	0	0	0	0	0	0	0	0	0	0	0	0	0	0	0	0	0	0	0	0	0	0	0	0	0	0	0	0	0	0	0	0	0	0	0	0	0	0	0	0	0	0	0	0	0	0	0	0	0	0	0	0	0	0	0	0	0	0	0	0	0	0	0	0	0	0	0	0	0	0	0	0	0	0	0	0	0	0	0	0	0	0	0	0	0	0	0	0	0	0	0	0	0	0	0	0	0	0	0	0	0	0	0	0	0	0	0	0	0	0	0	0	0	0	0	0	0	0	0	0	0	0	0	0	0	0	0	0	0	0	0	0	0	0	0	0	0	0	0	0	0	0	0	0	0	0	0	0	0	0	0	0	0	0	0	0	0	0	0	0	0	0	0	0	0	0	0	0	0	0	0	0	0	0	0	0	0	0	0	0	0	0	0	0	0	0	0	0	0	0	0	0	0	0	0	0	0	0	0	0	0	0	0	0	0	0	0	0	0	0	0	0	0	0	0	0	0	0	0	0	0	0	0	0	0	0	0	0	0	0	0	0	0	0	0	0	0	0	0	0	0	0	0	0	0	0	0	0	0	0	0	0	0	0	0	0	0	0	0	0	0	0	0	0	0	0	0	0	0	0	0	0	0	0	0	0	0	0	0	0	0	0	0	0	0	0	0	0	0	0	0	0	0	0	0	0	0	0	0	0	0	0	0	0	0	0	0	0	0	0	0	0	0	0	0	0	0	0	0	0	0	0	0	0	0	0	0	0	0	0	0	0	0	0	0	0	0	0	0	0	0	0	0	0	0	0	0	0	0	0	0	0	0	0	0	0	0	0	0	0	0	0	0	0	0	0	0	0	0	0	0	0	0	0	0	0	0	0	0	0	0	0	0	0	0	0	0	0	0	0	0	0	0	0	0	0	0	0	0	0	0	0	0	0	0	0	0	0	0	0	0	0	0	0	0	0	0	0	0	0	0	0	0	0	0	0	0	0	0	0	0	0	0	0	0	0	0	0	0	0	0	0	0	0	0	0	0	0	0	0	0	0	0	0	0	0	0	0	0	0	0	0	0	0	0	0	0	0	
0	0	0	0	0	0	0	0	0	0	0	0	0	0	0	0	0	0	0	0	0	0	0	0	0	0	0	0	0	0	0	0	0	0	0	0	0	0	0	0	0	0	0	0	0	0	0	0	0	0	0	0	0	0	0	0	0	0	0	0	0	0	0	0	0	0	0	0	0	0	0	0	0	0	0	0	0	0	0	0	0	0	0	0	0	0	0	0	0	0	0	0	0	0	0	0	0	0	0	0	0	0	0	0	0	0	0	0	0	0	0	0	0	0	0	0	0	0	0	0	0	0	0	0	0	0	0	0	0	0	0	0	0	0	0	0	0	0	0	0	0	0	0	0	0	0	0	0	0	0	0	0	0	0	0	0	0	0	0	0	0	0	0	0	0	0	0	0	0	0	0	0	0	0	0	0	0	0	0	0	0	0	0	0	0	0	0	0	0	0	0	0	0	0	0	0	0	0	0	0	0	0	0	0	0	0	0	0	0	0	0	0	0	0	0	0	0	0	0	0	0	0	0	0	0	0	0	0	0	0	0	0	0	0	0	0	0	0	0	0	0	0	0	0	0	0	0	0	0	0	0	0	0	0	0	0	0	0	0	0	0	0	0	0	0	0	0	0	0	0	0	0	0	0	0	0	0	0	0	0	0	0	0	0	0	0	0	0	0	0	0	0	0	0	0	0	0	0	0	0	0	0	0	0	0	0	0	0	0	0	0	0	0	0	0	0	0	0	0	0	0	0	0	0	0	0	0	0	0	0	0	0	0	0	0	0	0	0	0	0	0	0	0	0	0	0	0	0	0	0	0	0	0	0	0	0	0	0	0	0	0	0	0	0	0	0	0	0	0	0	0	0	0	0	0	0	0	0	0	0	0	0	0	0	0	0	0	0	0	0	0	0	0	0	0	0	0	0	0	0	0	0	0	0	0	0	0	0	0	0	0	0	0	0	0	0	0	0	0	0	0	0	0	0	0	0	0	0	0	0	0	0	0	0	0	0	0	0	0	0	0	0	0	0	0	0	0	0	0	0	0	0	0	0	0	0	0	0	0	0	0	0	0	0	0	0	0	0	0	0	0	0	0	0	0	0	0	0	0	0	0	0	0	0	0	0	0	0	0	0	0	0	0	0	0	0	0	0	0	0	0	0	0	0	0	0	0	0	0	0	0	0	0	0	0	0	0	0	0	0	0	0	0	0	0	0	0	0	0	0	0	0	0	0	0	0	0	0	0	0	0	0	0	0	0	0	0	0	0	0	0	0	0	0	0	0	0	0	0	0	0	0	0	0	0	0	0	0	0	0	0	0	0	0	0	0	0	0	0	0	0	0	0	0	0	0	0	0	0	0	0	0	0	0	0	0	0	0	0	0	0	0	0	0	0	0	0	0	0	0	0	0	0	0	0	0	0	0	0	0	0	0	0	0	0	0	0	0	0	0	0	0	0	0	0	0	0	0	0	0	
0	0	0	0	0	0	0	0	0	0	0	0	0	0	0	0	0	0	0	0	0	0	0	0	0	0	0	0	0	0	0	0	0	0	0	0	0	0	0	0	0	0	0	0	0	0	0	0	0	0	0	0	0	0	0	0	0	0	0	0	0	0	0	0	0	0	0	0	0	0	0	0	0	0	0	0	0	0	0	0	0	0	0	0	0	0	0	0	0	0	0	0	0	0	0	0	0	0	0	0	0	0	0	0	0	0	0	0	0	0	0	0	0	0	0	0	0	0	0	0	0	0	0	0	0	0	0	0	0	0	0	0	0	0	0	0	0	0	0	0	0	0	0	0	0	0	0	0	0	0	0	0	0	0	0	0	0	0	0	0	0	0	0	0	0	0	0	0	0	0	0	0	0	0	0	0	0	0	0	0	0	0	0	0	0	0	0	0	0	0	0	0	0	0	0	0	0	0	0	0	0	0	0	0	0	0	0	0	0	0	0	0	0	0	0	0	0	0	0	0	0	0	0	0	0	0	0	0	0	0	0	0	0	0	0	0	0	0	0	0	0	0	0	0	0	0	0	0	0	0	0	0	0	0	0	0	0	0	0	0	0	0	0	0	0	0	0	0	0	0	0	0	0	0	0	0	0	0	0	0	0	0	0	0	0	0	0	0	0	0	0	0	0	0	0	0	0	0	0	0	0	0	0	0	0	0	0	0	0	0	0	0	0	0	0	0	0	0	0	0	0	0	0	0	0	0	0	0	0	0	0	0	0	0	0	0	0	0	0	0	0	0	0	0	0	0	0	0	0	0	0	0	0	0	0	0	0	0	0	0	0	0	0	0	0	0	0	0	0	0	0	0	0	0	0	0	0	0	0	0	0	0	0	0	0	0	0	0	0	0	0	0	0	0	0	0	0	0	0	0	0	0	0	0	0	0	0	0	0	0	0	0	0	0	0	0	0	0	0	0	0	0	0	0	0	0	0	0	0	0	0	0	0	0	0	0	0	0	0	0	0	0	0	0	0	0	0	0	0	0	0	0	0	0	0	0	0	0	0	0	0	0	0	0	0	0	0	0	0	0	0	0	0	0	0	0	0	0	0	0	0	0	0	0	0	0	0	0	0	0	0	0	0	0	0	0	0	0	0	0	0	0	0	0	0	0	0	0	0	0	0	0	0	0	0	0	0	0	0	0	0	0	0	0	0	0	0	0	0	0	0	0	0	0	0	0	0	0	0	0	0	0	0	0	0	0	0	0	0	0	0	0	0	0	0	0	0	0	0	0	0	0	0	0	0	0	0	0	0	0	0	0	0	0	0	0	0	0	0	0	0	0	0	0	0	0	0	0	0	0	0	0	0	0	0	0	0	0	0	0	0	0	0	0	0	0	0	0	0	0	0	0	0	0	0	0	0	0	0	0	0	0	0	0	0	0	0	0	0	0	0	0	0	0	0	0	0	0	0	0	
0	0	0	0	0	0	0	0	0	0	0	0	0	0	0	0	0	0	0	0	0	0	0	0	0	0	0	0	0	0	0	0	0	0	0	0	0	0	0	0	0	0	0	0	0	0	0	0	0	0	0	0	0	0	0	0	0	0	0	0	0	0	0	0	0	0	0	0	0	0	0	0	0	0	0	0	0	0	0	0	0	0	0	0	0	0	0	0	0	0	0	0	0	0	0	0	0	0	0	0	0	0	0	0	0	0	0	0	0	0	0	0	0	0	0	0	0	0	0	0	0	0	0	0	0	0	0	0	0	0	0	0	0	0	0	0	0	0	0	0	0	0	0	0	0	0	0	0	0	0	0	0	0	0	0	0	0	0	0	0	0	0	0	0	0	0	0	0	0	0	0	0	0	0	0	0	0	0	0	0	0	0	0	0	0	0	0	0	0	0	0	0	0	0	0	0	0	0	0	0	0	0	0	0	0	0	0	0	0	0	0	0	0	0	0	0	0	0	0	0	0	0	0	0	0	0	0	0	0	0	0	0	0	0	0	0	0	0	0	0	0	0	0	0	0	0	0	0	0	0	0	0	0	0	0	0	0	0	0	0	0	0	0	0	0	0	0	0	0	0	0	0	0	0	0	0	0	0	0	0	0	0	0	0	0	0	0	0	0	0	0	0	0	0	0	0	0	0	0	0	0	0	0	0	0	0	0	0	0	0	0	0	0	0	0	0	0	0	0	0	0	0	0	0	0	0	0	0	0	0	0	0	0	0	0	0	0	0	0	0	0	0	0	0	0	0	0	0	0	0	0	0	0	0	0	0	0	0	0	0	0	0	0	0	0	0	0	0	0	0	0	0	0	0	0	0	0	0	0	0	0	0	0	0	0	0	0	0	0	0	0	0	0	0	0	0	0	0	0	0	0	0	0	0	0	0	0	0	0	0	0	0	0	0	0	0	0	0	0	0	0	0	0	0	0	0	0	0	0	0	0	0	0	0	0	0	0	0	0	0	0	0	0	0	0	0	0	0	0	0	0	0	0	0	0	0	0	0	0	0	0	0	0	0	0	0	0	0	0	0	0	0	0	0	0	0	0	0	0	0	0	0	0	0	0	0	0	0	0	0	0	0	0	0	0	0	0	0	0	0	0	0	0	0	0	0	0	0	0	0	0	0	0	0	0	0	0	0	0	0	0	0	0	0	0	0	0	0	0	0	0	0	0	0	0	0	0	0	0	0	0	0	0	0	0	0	0	0	0	0	0	0	0	0	0	0	0	0	0	0	0	0	0	0	0	0	0	0	0	0	0	0	0	0	0	0	0	0	0	0	0	0	0	0	0	0	0	0	0	0	0	0	0	0	0	0	0	0	0	0	0	0	0	0	0	0	0	0	0	0	0	0	0	0	0	0	0	0	0	0	0	0	0	0	0	0	0	0	0	0	0	0	0	0	0	0	0	0	0	0	
0	0	0	0	0	0	0	0	0	0	0	0	0	0	0	0	0	0	0	0	0	0	0	0	0	0	0	0	0	0	0	0	0	0	0	0	0	0	0	0	0	0	0	0	0	0	0	0	0	0	0	0	0	0	0	0	0	0	0	0	0	0	0	0	0	0	0	0	0	0	0	0	0	0	0	0	0	0	0	0	0	0	0	0	0	0	0	0	0	0	0	0	0	0	0	0	0	0	0	0	0	0	0	0	0	0	0	0	0	0	0	0	0	0	0	0	0	0	0	0	0	0	0	0	0	0	0	0	0	0	0	0	0	0	0	0	0	0	0	0	0	0	0	0	0	0	0	0	0	0	0	0	0	0	0	0	0	0	0	0	0	0	0	0	0	0	0	0	0	0	0	0	0	0	0	0	0	0	0	0	0	0	0	0	0	0	0	0	0	0	0	0	0	0	0	0	0	0	0	0	0	0	0	0	0	0	0	0	0	0	0	0	0	0	0	0	0	0	0	0	0	0	0	0	0	0	0	0	0	0	0	0	0	0	0	0	0	0	0	0	0	0	0	0	0	0	0	0	0	0	0	0	0	0	0	0	0	0	0	0	0	0	0	0	0	0	0	0	0	0	0	0	0	0	0	0	0	0	0	0	0	0	0	0	0	0	0	0	0	0	0	0	0	0	0	0	0	0	0	0	0	0	0	0	0	0	0	0	0	0	0	0	0	0	0	0	0	0	0	0	0	0	0	0	0	0	0	0	0	0	0	0	0	0	0	0	0	0	0	0	0	0	0	0	0	0	0	0	0	0	0	0	0	0	0	0	0	0	0	0	0	0	0	0	0	0	0	0	0	0	0	0	0	0	0	0	0	0	0	0	0	0	0	0	0	0	0	0	0	0	0	0	0	0	0	0	0	0	0	0	0	0	0	0	0	0	0	0	0	0	0	0	0	0	0	0	0	0	0	0	0	0	0	0	0	0	0	0	0	0	0	0	0	0	0	0	0	0	0	0	0	0	0	0	0	0	0	0	0	0	0	0	0	0	0	0	0	0	0	0	0	0	0	0	0	0	0	0	0	0	0	0	0	0	0	0	0	0	0	0	0	0	0	0	0	0	0	0	0	0	0	0	0	0	0	0	0	0	0	0	0	0	0	0	0	0	0	0	0	0	0	0	0	0	0	0	0	0	0	0	0	0	0	0	0	0	0	0	0	0	0	0	0	0	0	0	0	0	0	0	0	0	0	0	0	0	0	0	0	0	0	0	0	0	0	0	0	0	0	0	0	0	0	0	0	0	0	0	0	0	0	0	0	0	0	0	0	0	0	0	0	0	0	0	0	0	0	0	0	0	0	0	0	0	0	0	0	0	0	0	0	0	0	0	0	0	0	0	0	0	0	0	0	0	0	0	0	0	0	0	0	0	0	0	0	0	0	0	0	0	0	0	0	0	0	0	0	0	0	0	
0	0	0	0	0	0	0	0	0	0	0	0	0	0	0	0	0	0	0	0	0	0	0	0	0	0	0	0	0	0	0	0	0	0	0	0	0	0	0	0	0	0	0	0	0	0	0	0	0	0	0	0	0	0	0	0	0	0	0	0	0	0	0	0	0	0	0	0	0	0	0	0	0	0	0	0	0	0	0	0	0	0	0	0	0	0	0	0	0	0	0	0	0	0	0	0	0	0	0	0	0	0	0	0	0	0	0	0	0	0	0	0	0	0	0	0	0	0	0	0	0	0	0	0	0	0	0	0	0	0	0	0	0	0	0	0	0	0	0	0	0	0	0	0	0	0	0	0	0	0	0	0	0	0	0	0	0	0	0	0	0	0	0	0	0	0	0	0	0	0	0	0	0	0	0	0	0	0	0	0	0	0	0	0	0	0	0	0	0	0	0	0	0	0	0	0	0	0	0	0	0	0	0	0	0	0	0	0	0	0	0	0	0	0	0	0	0	0	0	0	0	0	0	0	0	0	0	0	0	0	0	0	0	0	0	0	0	0	0	0	0	0	0	0	0	0	0	0	0	0	0	0	0	0	0	0	0	0	0	0	0	0	0	0	0	0	0	0	0	0	0	0	0	0	0	0	0	0	0	0	0	0	0	0	0	0	0	0	0	0	0	0	0	0	0	0	0	0	0	0	0	0	0	0	0	0	0	0	0	0	0	0	0	0	0	0	0	0	0	0	0	0	0	0	0	0	0	0	0	0	0	0	0	0	0	0	0	0	0	0	0	0	0	0	0	0	0	0	0	0	0	0	0	0	0	0	0	0	0	0	0	0	0	0	0	0	0	0	0	0	0	0	0	0	0	0	0	0	0	0	0	0	0	0	0	0	0	0	0	0	0	0	0	0	0	0	0	0	0	0	0	0	0	0	0	0	0	0	0	0	0	0	0	0	0	0	0	0	0	0	0	0	0	0	0	0	0	0	0	0	0	0	0	0	0	0	0	0	0	0	0	0	0	0	0	0	0	0	0	0	0	0	0	0	0	0	0	0	0	0	0	0	0	0	0	0	0	0	0	0	0	0	0	0	0	0	0	0	0	0	0	0	0	0	0	0	0	0	0	0	0	0	0	0	0	0	0	0	0	0	0	0	0	0	0	0	0	0	0	0	0	0	0	0	0	0	0	0	0	0	0	0	0	0	0	0	0	0	0	0	0	0	0	0	0	0	0	0	0	0	0	0	0	0	0	0	0	0	0	0	0	0	0	0	0	0	0	0	0	0	0	0	0	0	0	0	0	0	0	0	0	0	0	0	0	0	0	0	0	0	0	0	0	0	0	0	0	0	0	0	0	0	0	0	0	0	0	0	0	0	0	0	0	0	0	0	0	0	0	0	0	0	0	0	0	0	0	0	0	0	0	0	0	0	0	0	0	0	0	0	0	0	0	0	0	0	0	0	0	0	
0	0	0	0	0	0	0	0	0	0	0	0	0	0	0	0	0	0	0	0	0	0	0	0	0	0	0	0	0	0	0	0	0	0	0	0	0	0	0	0	0	0	0	0	0	0	0	0	0	0	0	0	0	0	0	0	0	0	0	0	0	0	0	0	0	0	0	0	0	0	0	0	0	0	0	0	0	0	0	0	0	0	0	0	0	0	0	0	0	0	0	0	0	0	0	0	0	0	0	0	0	0	0	0	0	0	0	0	0	0	0	0	0	0	0	0	0	0	0	0	0	0	0	0	0	0	0	0	0	0	0	0	0	0	0	0	0	0	0	0	0	0	0	0	0	0	0	0	0	0	0	0	0	0	0	0	0	0	0	0	0	0	0	0	0	0	0	0	0	0	0	0	0	0	0	0	0	0	0	0	0	0	0	0	0	0	0	0	0	0	0	0	0	0	0	0	0	0	0	0	0	0	0	0	0	0	0	0	0	0	0	0	0	0	0	0	0	0	0	0	0	0	0	0	0	0	0	0	0	0	0	0	0	0	0	0	0	0	0	0	0	0	0	0	0	0	0	0	0	0	0	0	0	0	0	0	0	0	0	0	0	0	0	0	0	0	0	0	0	0	0	0	0	0	0	0	0	0	0	0	0	0	0	0	0	0	0	0	0	0	0	0	0	0	0	0	0	0	0	0	0	0	0	0	0	0	0	0	0	0	0	0	0	0	0	0	0	0	0	0	0	0	0	0	0	0	0	0	0	0	0	0	0	0	0	0	0	0	0	0	0	0	0	0	0	0	0	0	0	0	0	0	0	0	0	0	0	0	0	0	0	0	0	0	0	0	0	0	0	0	0	0	0	0	0	0	0	0	0	0	0	0	0	0	0	0	0	0	0	0	0	0	0	0	0	0	0	0	0	0	0	0	0	0	0	0	0	0	0	0	0	0	0	0	0	0	0	0	0	0	0	0	0	0	0	0	0	0	0	0	0	0	0	0	0	0	0	0	0	0	0	0	0	0	0	0	0	0	0	0	0	0	0	0	0	0	0	0	0	0	0	0	0	0	0	0	0	0	0	0	0	0	0	0	0	0	0	0	0	0	0	0	0	0	0	0	0	0	0	0	0	0	0	0	0	0	0	0	0	0	0	0	0	0	0	0	0	0	0	0	0	0	0	0	0	0	0	0	0	0	0	0	0	0	0	0	0	0	0	0	0	0	0	0	0	0	0	0	0	0	0	0	0	0	0	0	0	0	0	0	0	0	0	0	0	0	0	0	0	0	0	0	0	0	0	0	0	0	0	0	0	0	0	0	0	0	0	0	0	0	0	0	0	0	0	0	0	0	0	0	0	0	0	0	0	0	0	0	0	0	0	0	0	0	0	0	0	0	0	0	0	0	0	0	0	0	0	0	0	0	0	0	0	0	0	0	0	0	0	0	0	0	0	0	0	0	0	0	0	0	
0	0	0	0	0	0	0	0	0	0	0	0	0	0	0	0	0	0	0	0	0	0	0	0	0	0	0	0	0	0	0	0	0	0	0	0	0	0	0	0	0	0	0	0	0	0	0	0	0	0	0	0	0	0	0	0	0	0	0	0	0	0	0	0	0	0	0	0	0	0	0	0	0	0	0	0	0	0	0	0	0	0	0	0	0	0	0	0	0	0	0	0	0	0	0	0	0	0	0	0	0	0	0	0	0	0	0	0	0	0	0	0	0	0	0	0	0	0	0	0	0	0	0	0	0	0	0	0	0	0	0	0	0	0	0	0	0	0	0	0	0	0	0	0	0	0	0	0	0	0	0	0	0	0	0	0	0	0	0	0	0	0	0	0	0	0	0	0	0	0	0	0	0	0	0	0	0	0	0	0	0	0	0	0	0	0	0	0	0	0	0	0	0	0	0	0	0	0	0	0	0	0	0	0	0	0	0	0	0	0	0	0	0	0	0	0	0	0	0	0	0	0	0	0	0	0	0	0	0	0	0	0	0	0	0	0	0	0	0	0	0	0	0	0	0	0	0	0	0	0	0	0	0	0	0	0	0	0	0	0	0	0	0	0	0	0	0	0	0	0	0	0	0	0	0	0	0	0	0	0	0	0	0	0	0	0	0	0	0	0	0	0	0	0	0	0	0	0	0	0	0	0	0	0	0	0	0	0	0	0	0	0	0	0	0	0	0	0	0	0	0	0	0	0	0	0	0	0	0	0	0	0	0	0	0	0	0	0	0	0	0	0	0	0	0	0	0	0	0	0	0	0	0	0	0	0	0	0	0	0	0	0	0	0	0	0	0	0	0	0	0	0	0	0	0	0	0	0	0	0	0	0	0	0	0	0	0	0	0	0	0	0	0	0	0	0	0	0	0	0	0	0	0	0	0	0	0	0	0	0	0	0	0	0	0	0	0	0	0	0	0	0	0	0	0	0	0	0	0	0	0	0	0	0	0	0	0	0	0	0	0	0	0	0	0	0	0	0	0	0	0	0	0	0	0	0	0	0	0	0	0	0	0	0	0	0	0	0	0	0	0	0	0	0	0	0	0	0	0	0	0	0	0	0	0	0	0	0	0	0	0	0	0	0	0	0	0	0	0	0	0	0	0	0	0	0	0	0	0	0	0	0	0	0	0	0	0	0	0	0	0	0	0	0	0	0	0	0	0	0	0	0	0	0	0	0	0	0	0	0	0	0	0	0	0	0	0	0	0	0	0	0	0	0	0	0	0	0	0	0	0	0	0	0	0	0	0	0	0	0	0	0	0	0	0	0	0	0	0	0	0	0	0	0	0	0	0	0	0	0	0	0	0	0	0	0	0	0	0	0	0	0	0	0	0	0	0	0	0	0	0	0	0	0	0	0	0	0	0	0	0	0	0	0	0	0	0	0	0	0	0	0	0	0	0	0	0	0	0	0	
0	0	0	0	0	0	0	0	0	0	0	0	0	0	0	0	0	0	0	0	0	0	0	0	0	0	0	0	0	0	0	0	0	0	0	0	0	0	0	0	0	0	0	0	0	0	0	0	0	0	0	0	0	0	0	0	0	0	0	0	0	0	0	0	0	0	0	0	0	0	0	0	0	0	0	0	0	0	0	0	0	0	0	0	0	0	0	0	0	0	0	0	0	0	0	0	0	0	0	0	0	0	0	0	0	0	0	0	0	0	0	0	0	0	0	0	0	0	0	0	0	0	0	0	0	0	0	0	0	0	0	0	0	0	0	0	0	0	0	0	0	0	0	0	0	0	0	0	0	0	0	0	0	0	0	0	0	0	0	0	0	0	0	0	0	0	0	0	0	0	0	0	0	0	0	0	0	0	0	0	0	0	0	0	0	0	0	0	0	0	0	0	0	0	0	0	0	0	0	0	0	0	0	0	0	0	0	0	0	0	0	0	0	0	0	0	0	0	0	0	0	0	0	0	0	0	0	0	0	0	0	0	0	0	0	0	0	0	0	0	0	0	0	0	0	0	0	0	0	0	0	0	0	0	0	0	0	0	0	0	0	0	0	0	0	0	0	0	0	0	0	0	0	0	0	0	0	0	0	0	0	0	0	0	0	0	0	0	0	0	0	0	0	0	0	0	0	0	0	0	0	0	0	0	0	0	0	0	0	0	0	0	0	0	0	0	0	0	0	0	0	0	0	0	0	0	0	0	0	0	0	0	0	0	0	0	0	0	0	0	0	0	0	0	0	0	0	0	0	0	0	0	0	0	0	0	0	0	0	0	0	0	0	0	0	0	0	0	0	0	0	0	0	0	0	0	0	0	0	0	0	0	0	0	0	0	0	0	0	0	0	0	0	0	0	0	0	0	0	0	0	0	0	0	0	0	0	0	0	0	0	0	0	0	0	0	0	0	0	0	0	0	0	0	0	0	0	0	0	0	0	0	0	0	0	0	0	0	0	0	0	0	0	0	0	0	0	0	0	0	0	0	0	0	0	0	0	0	0	0	0	0	0	0	0	0	0	0	0	0	0	0	0	0	0	0	0	0	0	0	0	0	0	0	0	0	0	0	0	0	0	0	0	0	0	0	0	0	0	0	0	0	0	0	0	0	0	0	0	0	0	0	0	0	0	0	0	0	0	0	0	0	0	0	0	0	0	0	0	0	0	0	0	0	0	0	0	0	0	0	0	0	0	0	0	0	0	0	0	0	0	0	0	0	0	0	0	0	0	0	0	0	0	0	0	0	0	0	0	0	0	0	0	0	0	0	0	0	0	0	0	0	0	0	0	0	0	0	0	0	0	0	0	0	0	0	0	0	0	0	0	0	0	0	0	0	0	0	0	0	0	0	0	0	0	0	0	0	0	0	0	0	0	0	0	0	0	0	0	0	0	0	0	0	0	0	0	0	0	0	
0	0	0	0	0	0	0	0	0	0	0	0	0	0	0	0	0	0	0	0	0	0	0	0	0	0	0	0	0	0	0	0	0	0	0	0	0	0	0	0	0	0	0	0	0	0	0	0	0	0	0	0	0	0	0	0	0	0	0	0	0	0	0	0	0	0	0	0	0	0	0	0	0	0	0	0	0	0	0	0	0	0	0	0	0	0	0	0	0	0	0	0	0	0	0	0	0	0	0	0	0	0	0	0	0	0	0	0	0	0	0	0	0	0	0	0	0	0	0	0	0	0	0	0	0	0	0	0	0	0	0	0	0	0	0	0	0	0	0	0	0	0	0	0	0	0	0	0	0	0	0	0	0	0	0	0	0	0	0	0	0	0	0	0	0	0	0	0	0	0	0	0	0	0	0	0	0	0	0	0	0	0	0	0	0	0	0	0	0	0	0	0	0	0	0	0	0	0	0	0	0	0	0	0	0	0	0	0	0	0	0	0	0	0	0	0	0	0	0	0	0	0	0	0	0	0	0	0	0	0	0	0	0	0	0	0	0	0	0	0	0	0	0	0	0	0	0	0	0	0	0	0	0	0	0	0	0	0	0	0	0	0	0	0	0	0	0	0	0	0	0	0	0	0	0	0	0	0	0	0	0	0	0	0	0	0	0	0	0	0	0	0	0	0	0	0	0	0	0	0	0	0	0	0	0	0	0	0	0	0	0	0	0	0	0	0	0	0	0	0	0	0	0	0	0	0	0	0	0	0	0	0	0	0	0	0	0	0	0	0	0	0	0	0	0	0	0	0	0	0	0	0	0	0	0	0	0	0	0	0	0	0	0	0	0	0	0	0	0	0	0	0	0	0	0	0	0	0	0	0	0	0	0	0	0	0	0	0	0	0	0	0	0	0	0	0	0	0	0	0	0	0	0	0	0	0	0	0	0	0	0	0	0	0	0	0	0	0	0	0	0	0	0	0	0	0	0	0	0	0	0	0	0	0	0	0	0	0	0	0	0	0	0	0	0	0	0	0	0	0	0	0	0	0	0	0	0	0	0	0	0	0	0	0	0	0	0	0	0	0	0	0	0	0	0	0	0	0	0	0	0	0	0	0	0	0	0	0	0	0	0	0	0	0	0	0	0	0	0	0	0	0	0	0	0	0	0	0	0	0	0	0	0	0	0	0	0	0	0	0	0	0	0	0	0	0	0	0	0	0	0	0	0	0	0	0	0	0	0	0	0	0	0	0	0	0	0	0	0	0	0	0	0	0	2095	2095	2095	2082	2082	2082	2082	2082	2082	2082	2095	2095	2082	2082	2095	2082	2082	2082	2082	2095	2095	2107	2095	2107	2107	2107	2107	2107	2120	2107	2107	2107	2095	2095	2095	2107	2095	2107	2095	2107	2120	2120	2120	2120	2133	2147	2147	2133	2133	2147	0	0	0	0	0	0	0	0	0	0	0	0	0	0	0	0	0	0	0	0	0	0	0	0	0	0	0	0	0	0	0	0	0	0	0	0	
0	0	0	0	0	0	0	0	0	0	0	0	0	0	0	0	0	0	0	0	0	0	0	0	0	0	0	0	0	0	0	0	0	0	0	0	0	0	0	0	0	0	0	0	0	0	0	0	0	0	0	0	0	0	0	0	0	0	0	0	0	0	0	0	0	0	0	0	0	0	0	0	0	0	0	0	0	0	0	0	0	0	0	0	0	0	0	0	0	0	0	0	0	0	0	0	0	0	0	0	0	0	0	0	0	0	0	0	0	0	0	0	0	0	0	0	0	0	0	0	0	0	0	0	0	0	0	0	0	0	0	0	0	0	0	0	0	0	0	0	0	0	0	0	0	0	0	0	0	0	0	0	0	0	0	0	0	0	0	0	0	0	0	0	0	0	0	0	0	0	0	0	0	0	0	0	0	0	0	0	0	0	0	0	0	0	0	0	0	0	0	0	0	0	0	0	0	0	0	0	0	0	0	0	0	0	0	0	0	0	0	0	0	0	0	0	0	0	0	0	0	0	0	0	0	0	0	0	0	0	0	0	0	0	0	0	0	0	0	0	0	0	0	0	0	0	0	0	0	0	0	0	0	0	0	0	2244	2201	2201	2201	2187	2187	2174	2174	2187	2174	2174	2174	2160	2160	2174	2160	2174	2174	2187	2201	2201	2187	2187	2187	2187	2187	2201	2187	2201	2201	2201	2201	2201	2215	2215	2215	2215	2215	2215	2201	2201	2201	2201	2187	2187	2174	2174	2147	2133	2120	2120	2120	2120	2120	2107	2107	2107	2107	2107	2107	2107	2107	2107	2107	2107	2107	2107	2107	2107	2095	2095	2095	2095	2095	2095	2082	2082	2082	2082	2082	2082	2095	2095	2095	2095	2095	2095	2082	2082	2082	2082	2095	2095	2095	2107	2107	2107	2107	2107	2107	2107	2107	2107	2095	2107	2095	2095	2107	2107	2107	2107	2107	2107	2107	2107	2107	2107	2107	2107	2107	2107	2107	2107	2107	2107	2107	2107	2107	2107	2107	2107	2107	2095	2095	2095	2095	2107	2095	2107	2095	2095	2095	2095	2095	2095	2095	2107	2107	2107	2107	2107	2095	2107	2095	2095	2095	2095	2095	2095	2095	2095	2095	2095	2107	2107	2107	2107	2107	2107	2107	2107	2107	2107	2120	2107	2107	2107	2107	2107	2107	2095	2107	2107	2120	2107	2107	2107	2107	2107	2107	2107	2107	2107	2120	2133	2120	2120	2107	2095	2107	2107	2107	2107	2107	2120	2120	2120	2120	2120	2133	2133	2133	2120	2120	2120	2120	2107	2107	2107	2107	2107	2107	2107	2107	2107	2095	2107	2095	2095	2107	2107	2120	2120	2120	2107	2107	2107	2107	2107	2095	2107	2107	2120	2120	2120	2120	2120	2107	2107	2095	2107	2095	2095	2095	2095	2095	2095	2095	2107	2107	2107	2107	2107	2107	2095	2095	2095	2095	2095	2082	2095	2095	2095	2082	2095	2095	2095	2095	2095	2082	2095	2082	2095	2095	2095	2107	2107	2107	2107	2107	2095	2082	2082	2069	2082	2095	2082	2082	2095	2082	2082	2082	2082	2082	2082	2069	2082	2082	2095	2095	2095	2095	2095	2095	2095	2095	2095	2107	2107	2107	2107	2107	2107	2107	2107	2107	2107	2107	2107	2107	2095	2095	2095	2107	2107	2107	2107	2107	2120	2120	2133	2133	2133	2147	2147	2147	2133	2147	0	0	0	0	0	0	0	0	0	0	0	0	0	0	0	0	0	0	0	0	0	0	0	0	0	0	0	0	0	0	0	0	0	0	0	0	
0	0	0	0	0	0	0	0	0	0	0	0	0	0	0	0	0	0	0	0	0	0	0	0	0	0	0	0	0	0	0	0	0	0	0	1848	1858	1858	1858	1868	1868	1888	1888	1899	1931	1931	1941	1941	1952	2009	2021	2033	2045	2045	2057	2082	2082	2082	2107	2107	2120	2133	2160	2160	2160	2187	2230	2274	2274	2289	2289	2289	2289	0	0	0	0	0	0	0	0	0	0	0	0	0	0	0	0	0	0	0	0	0	0	0	0	0	0	0	0	0	0	0	0	0	0	0	0	0	0	0	0	0	0	0	0	0	0	0	0	0	0	0	0	0	0	0	0	0	0	0	0	0	0	0	0	0	0	0	0	0	0	0	0	0	0	0	0	0	0	0	0	0	0	0	0	0	0	0	0	0	0	0	0	0	0	0	0	0	0	0	0	0	0	0	0	0	0	0	0	0	0	0	0	0	0	0	0	0	0	0	0	0	0	0	0	0	0	0	0	0	0	0	0	0	0	0	0	0	0	0	0	0	0	0	0	0	0	0	0	0	0	0	0	0	0	0	0	0	0	0	0	0	0	0	0	0	0	0	0	0	0	0	0	0	0	0	0	0	0	0	0	0	0	2244	2244	2215	2201	2201	2187	2187	2174	2187	2174	2174	2174	2174	2160	2174	2174	2174	2174	2174	2187	2201	2201	2187	2201	2187	2187	2201	2201	2201	2201	2201	2201	2201	2201	2215	2215	2215	2215	2215	2215	2215	2201	2201	2201	2187	2187	2174	2174	2133	2133	2120	2120	2120	2120	2107	2107	2107	2107	2107	2107	2107	2107	2107	2107	2107	2107	2107	2107	2107	2095	2095	2095	2095	2095	2095	2095	2082	2095	2095	2082	2082	2095	2095	2095	2095	2095	2095	2095	2095	2095	2082	2095	2095	2095	2095	2107	2107	2107	2107	2107	2107	2107	2107	2107	2095	2095	2095	2095	2095	2107	2107	2107	2107	2107	2107	2107	2107	2107	2107	2107	2107	2107	2107	2107	2107	2107	2107	2107	2107	2107	2107	2107	2107	2095	2095	2095	2095	2095	2095	2095	2095	2095	2107	2095	2095	2095	2107	2107	2107	2107	2107	2107	2107	2107	2095	2095	2107	2095	2095	2095	2095	2107	2107	2095	2107	2107	2107	2107	2107	2107	2107	2107	2107	2107	2107	2107	2107	2107	2107	2107	2107	2095	2107	2107	2107	2107	2107	2107	2107	2107	2107	2107	2107	2107	2107	2120	2120	2120	2095	2095	2107	2107	2107	2107	2107	2120	2120	2120	2120	2120	2120	2120	2120	2120	2120	2120	2120	2107	2107	2107	2107	2107	2107	2107	2107	2107	2107	2107	2107	2095	2107	2120	2120	2120	2107	2107	2107	2107	2107	2107	2107	2120	2120	2120	2120	2120	2120	2120	2120	2107	2107	2107	2107	2107	2095	2095	2095	2095	2095	2107	2107	2107	2107	2107	2107	2095	2095	2095	2095	2095	2082	2095	2095	2095	2082	2095	2095	2095	2095	2095	2095	2095	2082	2095	2095	2095	2107	2107	2107	2107	2107	2095	2082	2082	2069	2082	2082	2082	2082	2082	2082	2082	2082	2082	2082	2082	2069	2082	2082	2082	2095	2082	2095	2107	2095	2095	2095	2095	2107	2107	2107	2107	2107	2107	2107	2107	2107	2120	2107	2107	2095	2095	2095	2095	2095	2107	2107	2107	2107	2120	2120	2133	2133	2133	2147	2147	2133	2133	2147	0	0	0	0	0	0	0	0	0	0	0	0	0	0	0	0	0	0	0	0	0	0	0	0	0	0	0	0	0	0	0	0	0	0	0	0	
0	0	0	0	0	0	0	0	0	0	0	0	0	0	0	0	0	0	0	0	0	0	0	0	0	0	0	0	0	0	0	0	0	0	0	1858	1858	1858	1868	1868	1868	1888	1888	1920	1931	1941	1952	1952	1964	1975	2009	2033	2033	2045	2069	2082	2082	2082	2107	2107	2120	2147	2160	2160	2160	2174	2187	2274	2289	2289	2289	2289	2289	0	0	0	0	0	0	0	0	0	0	0	0	0	0	0	0	0	0	0	0	0	0	0	0	0	0	0	0	0	0	0	0	0	0	0	0	0	0	0	0	0	0	0	0	0	0	0	0	0	0	0	0	0	0	0	0	0	0	0	0	0	0	0	0	0	0	0	0	0	0	0	0	0	0	0	0	0	0	0	0	0	0	0	0	0	0	0	0	0	0	0	0	0	0	0	0	0	0	0	0	0	0	0	0	0	0	0	0	0	0	0	0	0	0	0	0	0	0	0	0	0	0	0	0	0	0	0	0	0	0	0	0	0	0	0	0	0	0	0	0	0	0	0	0	0	0	0	0	0	0	0	0	0	0	0	0	0	0	0	0	0	0	0	0	0	0	0	0	0	0	0	0	0	0	0	0	0	0	0	0	0	0	2244	2244	2201	2201	2187	2187	2187	2174	2174	2187	2174	2174	2174	2160	2174	2174	2174	2174	2174	2187	2201	2187	2187	2187	2187	2187	2187	2201	2201	2201	2201	2201	2201	2201	2215	2215	2215	2215	2215	2215	2201	2201	2201	2201	2187	2187	2174	2174	2133	2133	2120	2120	2120	2107	2107	2107	2107	2107	2107	2107	2107	2107	2107	2120	2120	2107	2120	2107	2107	2095	2095	2095	2095	2095	2095	2095	2095	2095	2095	2082	2082	2095	2095	2095	2095	2095	2095	2095	2082	2095	2082	2095	2095	2095	2107	2107	2107	2107	2107	2107	2107	2107	2107	2095	2095	2095	2095	2082	2095	2095	2107	2107	2107	2107	2107	2107	2107	2107	2107	2107	2107	2107	2107	2107	2107	2107	2107	2107	2095	2107	2107	2107	2107	2095	2095	2095	2095	2095	2095	2095	2095	2095	2095	2095	2095	2095	2095	2095	2095	2107	2107	2107	2095	2107	2095	2095	2095	2095	2095	2095	2095	2107	2107	2095	2107	2107	2107	2107	2095	2107	2107	2107	2107	2107	2107	2107	2107	2107	2107	2107	2107	2095	2107	2107	2107	2107	2107	2107	2107	2107	2107	2107	2107	2107	2107	2120	2120	2120	2095	2095	2107	2107	2107	2107	2107	2120	2120	2120	2120	2120	2120	2120	2120	2120	2120	2107	2120	2107	2107	2107	2107	2120	2107	2107	2107	2107	2107	2107	2107	2095	2120	2120	2120	2120	2107	2107	2107	2107	2107	2107	2107	2120	2120	2120	2120	2120	2120	2120	2120	2120	2107	2107	2107	2107	2095	2095	2095	2095	2095	2107	2095	2095	2107	2082	2095	2095	2095	2095	2095	2095	2095	2095	2095	2095	2082	2095	2095	2095	2095	2095	2095	2095	2095	2095	2095	2107	2107	2107	2107	2107	2107	2082	2082	2082	2069	2082	2069	2082	2082	2082	2082	2082	2082	2082	2082	2082	2082	2082	2082	2082	2095	2095	2095	2107	2095	2107	2107	2107	2107	2107	2107	2107	2107	2107	2107	2107	2107	2107	2095	2095	2095	2082	2082	2095	2095	2095	2107	2107	2120	2133	2133	2133	2133	2133	2147	2174	2133	2133	2147	0	0	0	0	0	0	0	0	0	0	0	0	0	0	0	0	0	0	0	0	0	0	0	0	0	0	0	0	0	0	0	0	0	0	0	0	
0	0	0	0	0	0	0	0	0	0	0	0	0	0	0	0	0	0	0	0	0	0	0	0	0	0	0	0	0	0	0	0	0	0	0	1858	1858	1858	1868	1868	1868	1888	1899	1920	1931	1941	1952	1952	1964	1975	2009	2021	2033	2045	2057	2069	2069	2082	2095	2107	2120	2147	2174	2160	2160	2174	2187	2289	2289	2289	2289	2304	0	0	0	0	0	0	0	0	0	0	0	0	0	0	0	0	0	0	0	0	0	0	0	0	0	0	0	0	0	0	0	0	0	0	0	0	0	0	0	0	0	0	0	0	0	0	0	0	0	0	0	0	0	0	0	0	0	0	0	0	0	0	0	0	0	0	0	0	0	0	0	0	0	0	0	0	0	0	0	0	0	0	0	0	0	0	0	0	0	0	0	0	0	0	0	0	0	0	0	0	0	0	0	0	0	0	0	0	0	0	0	0	0	0	0	0	0	0	0	0	0	0	0	0	0	0	0	0	0	0	0	0	0	0	0	0	0	0	0	0	0	0	0	0	0	0	0	0	0	0	0	0	0	0	0	0	0	0	0	0	0	0	0	0	0	0	0	0	0	0	0	0	0	0	0	0	0	0	0	0	0	0	0	2244	2230	2201	2201	2187	2187	2187	2174	2174	2174	2174	2174	2174	2160	2174	2174	2174	2174	2174	2187	2187	2187	2187	2201	2187	2187	2187	2201	2201	2201	2201	2201	2201	2201	2215	2215	2215	2215	2215	2215	2215	2201	2201	2201	2187	2187	2174	2174	2133	2133	2120	2120	2107	2107	2107	2107	2095	2095	2095	2095	2095	2095	2107	2120	2120	2107	2120	2107	2107	2095	2095	2095	2095	2095	2095	2095	2082	2095	2095	2095	2082	2095	2095	2095	2095	2095	2095	2095	2095	2095	2082	2095	2095	2095	2095	2095	2107	2107	2107	2107	2107	2107	2095	2095	2095	2095	2095	2095	2095	2107	2107	2107	2120	2107	2107	2107	2107	2107	2107	2107	2107	2107	2107	2107	2107	2107	2107	2107	2095	2107	2107	2107	2107	2095	2095	2095	2095	2095	2095	2095	2095	2095	2107	2095	2095	2095	2095	2095	2095	2095	2107	2107	2107	2107	2107	2095	2107	2107	2095	2107	2095	2107	2107	2107	2107	2107	2107	2107	2095	2107	2107	2107	2107	2107	2107	2107	2107	2107	2107	2107	2107	2095	2107	2107	2107	2107	2107	2107	2107	2107	2107	2107	2107	2107	2107	2120	2120	2120	2107	2107	2107	2120	2120	2120	2107	2120	2120	2120	2120	2120	2120	2120	2120	2120	2120	2107	2107	2107	2107	2107	2107	2120	2107	2107	2107	2107	2107	2107	2107	2095	2120	2120	2120	2120	2107	2107	2107	2107	2107	2107	2107	2107	2107	2120	2120	2107	2120	2120	2120	2120	2107	2107	2107	2107	2107	2095	2095	2095	2095	2095	2095	2095	2107	2095	2095	2095	2095	2095	2095	2095	2095	2095	2095	2082	2082	2095	2095	2095	2095	2095	2095	2095	2095	2095	2095	2095	2107	2107	2107	2107	2107	2082	2095	2082	2069	2082	2069	2082	2082	2082	2082	2082	2082	2082	2082	2082	2069	2082	2082	2082	2095	2082	2095	2095	2095	2095	2107	2095	2095	2095	2107	2107	2107	2107	2107	2107	2107	2107	2095	2095	2082	2082	2082	2082	2095	2095	2107	2107	2120	2147	2133	2133	2133	2133	2147	2174	2147	2147	2147	0	0	0	0	0	0	0	0	0	0	0	0	0	0	0	0	0	0	0	0	0	0	0	0	0	0	0	0	0	0	0	0	0	0	0	0	
0	0	0	0	0	0	0	0	0	0	0	0	0	0	0	0	0	0	0	0	0	0	0	0	0	0	0	0	0	0	0	0	0	0	0	1858	1858	1858	1868	1868	1868	1920	1920	1920	1931	1941	1952	1952	1952	1975	2009	2021	2033	2033	2057	2069	2069	2069	2095	2107	2120	2133	2160	2147	2147	2160	2174	2289	2289	2289	2289	2289	2304	0	0	0	0	0	0	0	0	0	0	0	0	0	0	0	0	0	0	0	0	0	0	0	0	0	0	0	0	0	0	0	0	0	0	0	0	0	0	0	0	0	0	0	0	0	0	0	0	0	0	0	0	0	0	0	0	0	0	0	0	0	0	0	0	0	0	0	0	0	0	0	0	0	0	0	0	0	0	0	0	0	0	0	0	0	0	0	0	0	0	0	0	0	0	0	0	0	0	0	0	0	0	0	0	0	0	0	0	0	0	0	0	0	0	0	0	0	0	0	0	0	0	0	0	0	0	0	0	0	0	0	0	0	0	0	0	0	0	0	0	0	0	0	0	0	0	0	0	0	0	0	0	0	0	0	0	0	0	0	0	0	0	0	0	0	0	0	0	0	0	0	0	0	0	0	0	0	0	0	0	0	0	2244	2244	2201	2201	2187	2187	2187	2174	2174	2174	2174	2174	2174	2174	2174	2174	2174	2174	2187	2187	2201	2187	2187	2201	2187	2187	2187	2201	2187	2201	2201	2201	2201	2201	2201	2201	2215	2215	2201	2215	2201	2201	2201	2201	2187	2187	2174	2174	2133	2133	2120	2120	2107	2107	2107	2095	2095	2095	2095	2095	2095	2107	2107	2120	2120	2120	2120	2107	2107	2095	2095	2095	2095	2095	2095	2095	2095	2095	2095	2095	2095	2095	2095	2095	2095	2095	2082	2095	2095	2095	2095	2095	2095	2095	2095	2107	2107	2107	2107	2107	2107	2107	2095	2107	2095	2095	2095	2095	2095	2107	2107	2107	2120	2107	2120	2107	2107	2107	2107	2107	2107	2107	2107	2107	2107	2107	2107	2107	2107	2107	2107	2107	2107	2095	2095	2095	2095	2095	2095	2095	2095	2095	2107	2095	2095	2095	2095	2095	2095	2095	2095	2107	2107	2107	2107	2107	2107	2107	2095	2107	2095	2107	2107	2095	2107	2107	2107	2107	2107	2107	2107	2107	2107	2107	2107	2107	2107	2107	2107	2107	2107	2095	2107	2107	2107	2107	2107	2107	2107	2107	2107	2107	2107	2107	2107	2120	2120	2120	2107	2107	2107	2107	2120	2120	2107	2120	2120	2120	2120	2120	2120	2120	2120	2107	2107	2107	2107	2107	2107	2107	2107	2107	2107	2107	2107	2107	2107	2107	2107	2107	2120	2120	2120	2120	2107	2107	2107	2107	2107	2107	2107	2120	2120	2120	2120	2107	2107	2120	2120	2120	2120	2120	2120	2120	2107	2095	2095	2095	2095	2095	2095	2095	2107	2095	2095	2095	2095	2095	2095	2095	2095	2095	2095	2095	2082	2095	2095	2095	2095	2095	2095	2095	2095	2095	2095	2095	2107	2107	2107	2095	2095	2095	2082	2082	2069	2082	2069	2082	2082	2082	2082	2082	2082	2082	2082	2082	2069	2082	2082	2082	2095	2095	2095	2095	2095	2095	2095	2095	2095	2095	2095	2095	2107	2107	2107	2107	2107	2107	2082	2082	2082	2069	2082	2082	2082	2095	2107	2107	2120	2133	2133	2133	2120	2133	2133	2160	2133	2133	2133	0	0	0	0	0	0	0	0	0	0	0	0	0	0	0	0	0	0	0	0	0	0	0	0	0	0	0	0	0	0	0	0	0	0	0	0	
0	0	0	0	0	0	0	0	0	0	0	0	0	0	0	0	0	0	0	0	0	0	0	0	0	0	0	0	0	0	0	0	0	0	0	1848	1848	1858	1858	1868	1868	1920	1909	1920	1931	1941	1952	1952	1952	1975	2009	2021	2033	2045	2057	2069	2069	2069	2120	2120	2133	2147	2160	2160	2147	2160	2174	2274	2274	2289	2289	2289	0	0	0	0	0	0	0	0	0	0	0	0	0	0	0	0	0	0	0	0	0	0	0	0	0	0	0	0	0	0	0	0	0	0	0	0	0	0	0	0	0	0	0	0	0	0	0	0	0	0	0	0	0	0	0	0	0	0	0	0	0	0	0	0	0	0	0	0	0	0	0	0	0	0	0	0	0	0	0	0	0	0	0	0	0	0	0	0	0	0	0	0	0	0	0	0	0	0	0	0	0	0	0	0	0	0	0	0	0	0	0	0	0	0	0	0	0	0	0	0	0	0	0	0	0	0	0	0	0	0	0	0	0	0	0	0	0	0	0	0	0	0	0	0	0	0	0	0	0	0	0	0	0	0	0	0	0	0	0	0	0	0	0	0	0	0	0	0	0	0	0	0	0	0	0	0	0	0	0	0	0	0	0	2244	2244	2215	2201	2187	2187	2187	2174	2174	2174	2174	2174	2174	2174	2174	2174	2174	2174	2187	2187	2201	2201	2201	2201	2187	2187	2187	2201	2187	2201	2201	2201	2201	2215	2215	2215	2215	2215	2215	2215	2215	2201	2201	2201	2187	2187	2174	2174	2133	2120	2120	2107	2107	2095	2095	2095	2095	2095	2082	2095	2095	2095	2107	2120	2120	2120	2120	2107	2107	2095	2095	2095	2095	2095	2095	2095	2095	2095	2095	2095	2082	2095	2095	2095	2095	2095	2082	2082	2082	2095	2082	2095	2095	2095	2095	2095	2095	2095	2107	2107	2107	2107	2095	2095	2095	2095	2095	2095	2095	2107	2107	2107	2120	2107	2120	2107	2107	2107	2107	2107	2107	2107	2107	2107	2107	2107	2107	2107	2107	2107	2107	2107	2107	2095	2095	2095	2095	2095	2095	2095	2095	2095	2107	2095	2095	2095	2095	2095	2095	2095	2095	2095	2095	2107	2107	2107	2107	2107	2107	2107	2095	2095	2107	2095	2107	2107	2107	2107	2107	2107	2107	2107	2107	2107	2107	2107	2107	2107	2107	2107	2107	2095	2107	2107	2107	2107	2107	2107	2107	2107	2107	2107	2107	2107	2107	2107	2107	2120	2095	2095	2107	2107	2120	2120	2120	2120	2120	2120	2120	2120	2107	2107	2107	2107	2107	2107	2107	2107	2107	2107	2107	2107	2107	2107	2107	2107	2107	2107	2107	2107	2120	2120	2120	2107	2107	2107	2107	2107	2107	2107	2107	2107	2107	2107	2120	2107	2107	2120	2120	2120	2107	2120	2107	2107	2107	2095	2095	2095	2095	2107	2107	2095	2107	2082	2095	2082	2095	2095	2082	2095	2095	2095	2095	2095	2082	2095	2095	2095	2095	2095	2095	2095	2095	2095	2095	2095	2107	2107	2095	2095	2095	2095	2082	2082	2069	2069	2069	2082	2082	2082	2082	2082	2082	2082	2082	2082	2082	2082	2082	2082	2095	2095	2095	2095	2095	2095	2107	2095	2095	2095	2095	2095	2107	2095	2107	2107	2095	2107	2082	2082	2082	2069	2082	2082	2095	2107	2107	2107	2120	2133	2133	2133	2120	2120	2120	2133	2133	2133	2147	0	0	0	0	0	0	0	0	0	0	0	0	0	0	0	0	0	0	0	0	0	0	0	0	0	0	0	0	0	0	0	0	0	0	0	0	
0	0	0	0	0	0	0	0	0	0	0	0	0	0	0	0	0	0	0	0	0	0	0	0	0	0	0	0	0	0	0	0	0	0	0	1848	1858	1858	1858	1868	1868	1920	1909	1920	1931	1941	1964	1952	1964	1975	2009	2021	2033	2033	2045	2057	2069	2069	2120	2133	2147	2160	2174	2160	2160	2160	2174	2230	2259	2274	2289	2289	0	0	0	0	0	0	0	0	0	0	0	0	0	0	0	0	0	0	0	0	0	0	0	0	0	0	0	0	0	0	0	0	0	0	0	0	0	0	0	0	0	0	0	0	0	0	0	0	0	0	0	0	0	0	0	0	0	0	0	0	0	0	0	0	0	0	0	0	0	0	0	0	0	0	0	0	0	0	0	0	0	0	0	0	0	0	0	0	0	0	0	0	0	0	0	0	0	0	0	0	0	0	0	0	0	0	0	0	0	0	0	0	0	0	0	0	0	0	0	0	0	0	0	0	0	0	0	0	0	0	0	0	0	0	0	0	0	0	0	0	0	0	0	0	0	0	0	0	0	0	0	0	0	0	0	0	0	0	0	0	0	0	0	0	0	0	0	0	0	0	0	0	0	0	0	0	0	0	0	0	0	0	0	2244	2244	2215	2201	2201	2187	2187	2174	2174	2174	2174	2174	2174	2174	2174	2174	2174	2187	2187	2201	2201	2201	2201	2201	2201	2187	2201	2201	2201	2201	2201	2201	2215	2215	2215	2215	2215	2215	2215	2215	2215	2201	2201	2201	2187	2187	2174	2160	2133	2120	2120	2107	2095	2095	2095	2095	2095	2095	2082	2095	2095	2095	2107	2107	2120	2120	2120	2107	2107	2107	2095	2095	2107	2107	2095	2095	2095	2095	2095	2095	2082	2095	2095	2095	2095	2095	2082	2082	2095	2095	2095	2095	2095	2095	2095	2095	2095	2095	2107	2107	2107	2107	2107	2107	2107	2095	2095	2095	2095	2107	2107	2107	2107	2107	2107	2107	2107	2107	2107	2107	2107	2107	2107	2107	2107	2107	2107	2107	2107	2107	2107	2107	2107	2095	2095	2095	2095	2095	2095	2095	2095	2095	2107	2095	2095	2095	2095	2095	2095	2095	2095	2095	2095	2095	2095	2095	2107	2107	2107	2107	2107	2107	2107	2095	2107	2107	2107	2107	2107	2107	2107	2107	2107	2107	2107	2107	2107	2107	2107	2107	2107	2107	2107	2107	2107	2120	2120	2120	2120	2120	2120	2107	2107	2107	2107	2107	2107	2120	2107	2107	2107	2107	2120	2120	2120	2107	2120	2120	2120	2107	2107	2107	2107	2107	2120	2107	2107	2107	2107	2107	2107	2107	2107	2107	2107	2107	2120	2120	2120	2120	2120	2133	2120	2120	2120	2120	2120	2107	2107	2107	2107	2107	2107	2107	2120	2107	2107	2120	2120	2120	2107	2107	2107	2107	2107	2107	2095	2095	2107	2107	2107	2107	2107	2082	2095	2082	2095	2095	2095	2095	2095	2095	2095	2095	2082	2095	2095	2095	2095	2095	2095	2095	2095	2095	2095	2095	2095	2095	2095	2095	2095	2095	2082	2082	2069	2069	2069	2082	2069	2082	2082	2082	2082	2082	2082	2082	2082	2082	2082	2082	2082	2082	2095	2095	2095	2095	2095	2095	2095	2095	2095	2095	2095	2095	2095	2095	2095	2095	2082	2082	2082	2069	2082	2082	2095	2107	2107	2107	2120	2120	2120	2133	2120	2120	2120	2120	2133	2133	2133	0	0	0	0	0	0	0	0	0	0	0	0	0	0	0	0	0	0	0	0	0	0	0	0	0	0	0	0	0	0	0	0	0	0	0	0	
0	0	0	0	0	0	0	0	0	0	0	0	0	0	0	0	0	0	0	0	0	0	0	0	0	0	0	0	0	0	0	0	0	0	0	1848	1848	1848	1858	1868	1868	1920	1920	1931	1941	1952	1964	1952	1964	1975	2009	2021	2033	2045	2045	2057	2057	2069	2120	2133	2147	2160	2174	2160	2160	2160	2160	2230	2259	2289	2289	0	0	0	0	0	0	0	0	0	0	0	0	0	0	0	0	0	0	0	0	0	0	0	0	0	0	0	0	0	0	0	0	0	0	0	0	0	0	0	0	0	0	0	0	0	0	0	0	0	0	0	0	0	0	0	0	0	0	0	0	0	0	0	0	0	0	0	0	0	0	0	0	0	0	0	0	0	0	0	0	0	0	0	0	0	0	0	0	0	0	0	0	0	0	0	0	0	0	0	0	0	0	0	0	0	0	0	0	0	0	0	0	0	0	0	0	0	0	0	0	0	0	0	0	0	0	0	0	0	0	0	0	0	0	0	0	0	0	0	0	0	0	0	0	0	0	0	0	0	0	0	0	0	0	0	0	0	0	0	0	0	0	0	0	0	0	0	0	0	0	0	0	0	0	0	0	0	0	0	0	0	0	0	0	2244	2244	2215	2201	2201	2187	2187	2174	2174	2174	2174	2174	2174	2174	2174	2174	2174	2187	2187	2201	2201	2201	2201	2201	2201	2187	2201	2187	2187	2187	2201	2201	2201	2201	2215	2201	2215	2215	2215	2215	2215	2201	2201	2201	2187	2187	2174	2160	2133	2120	2107	2107	2095	2095	2095	2095	2082	2082	2082	2082	2095	2095	2107	2107	2120	2120	2120	2107	2107	2107	2095	2095	2095	2095	2095	2095	2082	2082	2082	2095	2082	2095	2095	2095	2095	2095	2082	2082	2095	2095	2095	2095	2095	2095	2095	2095	2095	2095	2107	2107	2107	2107	2107	2107	2107	2095	2095	2095	2095	2095	2107	2107	2107	2107	2107	2107	2107	2107	2107	2107	2107	2107	2107	2107	2107	2107	2107	2107	2107	2107	2107	2107	2107	2095	2095	2095	2095	2095	2095	2095	2095	2107	2107	2107	2107	2095	2095	2095	2095	2095	2095	2095	2095	2095	2107	2095	2107	2107	2107	2107	2107	2095	2107	2095	2107	2107	2107	2107	2107	2107	2107	2107	2107	2107	2107	2107	2107	2107	2107	2107	2107	2107	2107	2107	2120	2120	2120	2133	2120	2120	2120	2120	2107	2107	2107	2107	2107	2120	2107	2107	2107	2120	2120	2120	2120	2120	2120	2120	2120	2120	2120	2120	2107	2107	2120	2107	2107	2107	2107	2107	2107	2107	2107	2107	2107	2107	2107	2107	2120	2120	2133	2133	2133	2120	2120	2120	2120	2120	2107	2107	2107	2107	2107	2107	2120	2120	2120	2120	2120	2120	2120	2107	2107	2107	2107	2107	2107	2095	2107	2107	2107	2107	2107	2095	2095	2095	2095	2095	2095	2095	2095	2095	2095	2082	2082	2095	2095	2095	2095	2095	2095	2095	2107	2095	2095	2095	2095	2095	2095	2082	2082	2082	2082	2082	2069	2069	2069	2082	2082	2082	2082	2082	2082	2082	2082	2082	2082	2082	2082	2082	2095	2082	2095	2095	2095	2095	2107	2095	2082	2082	2095	2095	2107	2095	2107	2107	2095	2095	2082	2082	2082	2069	2082	2082	2095	2107	2107	2107	2120	2120	2120	2133	2120	2133	2120	2120	2133	2133	2160	0	0	0	0	0	0	0	0	0	0	0	0	0	0	0	0	0	0	0	0	0	0	0	0	0	0	0	0	0	0	0	0	0	0	0	0	
0	0	0	0	0	0	0	0	0	0	0	0	0	0	0	0	0	0	0	0	0	0	0	0	0	0	0	0	0	0	0	0	0	0	0	1838	1838	1838	1858	1868	1868	1920	1920	1920	1931	1952	1964	1964	1964	1975	2009	2021	2033	2033	2045	2045	2045	2057	2107	2133	2147	2160	2174	2160	2160	2160	2174	2230	2244	2274	2274	0	0	0	0	0	0	0	0	0	0	0	0	0	0	0	0	0	0	0	0	0	0	0	0	0	0	0	0	0	0	0	0	0	0	0	0	0	0	0	0	0	0	0	0	0	0	0	0	0	0	0	0	0	0	0	0	0	0	0	0	0	0	0	0	0	0	0	0	0	0	0	0	0	0	0	0	0	0	0	0	0	0	0	0	0	0	0	0	0	0	0	0	0	0	0	0	0	0	0	0	0	0	0	0	0	0	0	0	0	0	0	0	0	0	0	0	0	0	0	0	0	0	0	0	0	0	0	0	0	0	0	0	0	0	0	0	0	0	0	0	0	0	0	0	0	0	0	0	0	0	0	0	0	0	0	0	0	0	0	0	0	0	0	0	0	0	0	0	0	0	0	0	0	0	0	0	0	0	0	0	0	0	0	0	2244	2230	2201	2201	2187	2187	2187	2174	2174	2174	2174	2174	2174	2174	2187	2174	2187	2187	2187	2201	2201	2201	2201	2201	2201	2201	2201	2187	2201	2187	2201	2201	2201	2201	2201	2201	2201	2215	2215	2215	2201	2201	2201	2201	2187	2187	2174	2174	2133	2120	2107	2095	2095	2082	2095	2095	2095	2095	2082	2095	2095	2095	2107	2107	2120	2120	2120	2107	2107	2107	2107	2095	2107	2095	2095	2082	2082	2082	2082	2082	2082	2095	2095	2095	2095	2095	2082	2082	2095	2095	2095	2095	2095	2095	2095	2095	2095	2095	2095	2107	2107	2107	2107	2107	2107	2095	2095	2095	2095	2095	2107	2107	2107	2107	2107	2107	2107	2107	2107	2107	2107	2107	2107	2107	2107	2107	2107	2107	2107	2107	2107	2107	2107	2095	2095	2095	2095	2095	2095	2095	2095	2107	2107	2107	2107	2095	2095	2095	2095	2095	2095	2095	2095	2095	2107	2095	2107	2107	2107	2107	2095	2095	2107	2095	2107	2107	2107	2107	2107	2107	2107	2107	2107	2107	2107	2107	2107	2107	2107	2107	2107	2107	2107	2107	2120	2120	2120	2133	2133	2120	2120	2120	2107	2107	2107	2107	2107	2120	2107	2107	2107	2120	2120	2120	2120	2120	2120	2120	2107	2107	2120	2120	2107	2120	2120	2120	2107	2107	2107	2107	2107	2107	2107	2107	2107	2107	2107	2107	2107	2107	2120	2133	2133	2120	2120	2120	2120	2120	2107	2107	2107	2107	2107	2107	2120	2107	2107	2120	2120	2120	2120	2107	2107	2107	2107	2095	2107	2095	2107	2107	2107	2107	2107	2095	2095	2095	2095	2095	2095	2095	2095	2095	2095	2082	2082	2082	2095	2095	2095	2095	2107	2107	2107	2095	2095	2095	2095	2095	2095	2082	2082	2082	2082	2082	2082	2082	2082	2082	2082	2082	2082	2082	2082	2095	2095	2095	2082	2082	2082	2082	2082	2082	2082	2082	2082	2095	2095	2095	2082	2082	2082	2095	2095	2095	2095	2095	2095	2095	2082	2082	2082	2069	2082	2082	2082	2095	2107	2107	2107	2120	2120	2120	2120	2120	2120	2120	2133	2133	2147	0	0	0	0	0	0	0	0	0	0	0	0	0	0	0	0	0	0	0	0	0	0	0	0	0	0	0	0	0	0	0	0	0	0	0	0	
0	0	0	0	0	0	0	0	0	0	0	0	0	0	0	0	0	0	0	0	0	0	0	0	0	0	0	0	0	0	0	0	0	0	0	1828	1838	1838	1858	1899	1888	1909	1909	1920	1931	1941	1964	1964	1964	1975	2009	2021	2033	2033	2045	2045	2045	2057	2107	2120	2147	2160	2174	2160	2160	2160	2174	2259	2259	2274	2289	0	0	0	0	0	0	0	0	0	0	0	0	0	0	0	0	0	0	0	0	0	0	0	0	0	0	0	0	0	0	0	0	0	0	0	0	0	0	0	0	0	0	0	0	0	0	0	0	0	0	0	0	0	0	0	0	0	0	0	0	0	0	0	0	0	0	0	0	0	0	0	0	0	0	0	0	0	0	0	0	0	0	0	0	0	0	0	0	0	0	0	0	0	0	0	0	0	0	0	0	0	0	0	0	0	0	0	0	0	0	0	0	0	0	0	0	0	0	0	0	0	0	0	0	0	0	0	0	0	0	0	0	0	0	0	0	0	0	0	0	0	0	0	0	0	0	0	0	0	0	0	0	0	0	0	0	0	0	0	0	0	0	0	0	0	0	0	0	0	0	0	0	0	0	0	0	0	0	0	0	0	0	0	2244	2244	2230	2201	2201	2187	2187	2187	2174	2174	2174	2174	2174	2174	2174	2187	2187	2187	2187	2187	2201	2201	2201	2201	2201	2201	2201	2201	2187	2201	2201	2201	2201	2201	2201	2201	2201	2201	2201	2201	2201	2201	2201	2201	2201	2201	2187	2174	2160	2120	2107	2095	2095	2095	2082	2095	2095	2082	2095	2082	2082	2095	2095	2095	2107	2107	2107	2120	2107	2107	2107	2107	2107	2107	2095	2095	2082	2082	2082	2082	2082	2082	2095	2095	2095	2095	2095	2095	2095	2095	2095	2095	2095	2095	2095	2095	2095	2095	2095	2095	2095	2107	2107	2107	2107	2095	2107	2107	2107	2107	2107	2107	2107	2107	2107	2107	2107	2107	2107	2107	2107	2107	2107	2107	2107	2107	2107	2107	2107	2107	2107	2107	2107	2107	2095	2095	2095	2095	2095	2095	2095	2095	2095	2107	2107	2107	2095	2095	2095	2095	2095	2095	2095	2095	2095	2107	2107	2107	2095	2107	2095	2095	2095	2107	2095	2107	2107	2107	2107	2107	2107	2107	2107	2107	2107	2107	2107	2107	2107	2107	2107	2107	2107	2107	2107	2120	2120	2133	2133	2133	2120	2120	2120	2120	2107	2107	2107	2107	2120	2107	2107	2120	2120	2120	2120	2107	2107	2120	2107	2107	2107	2120	2120	2120	2120	2120	2120	2120	2120	2107	2120	2107	2107	2107	2107	2107	2107	2107	2107	2107	2107	2120	2133	2120	2120	2133	2120	2120	2120	2120	2107	2107	2107	2107	2107	2120	2107	2107	2107	2107	2107	2107	2107	2107	2107	2107	2107	2107	2107	2107	2107	2107	2107	2107	2095	2095	2095	2107	2095	2095	2095	2095	2095	2095	2082	2082	2082	2095	2095	2095	2095	2107	2107	2107	2095	2095	2095	2095	2082	2082	2082	2082	2082	2082	2082	2082	2082	2082	2082	2082	2082	2082	2082	2082	2095	2095	2082	2082	2082	2082	2082	2082	2082	2082	2082	2082	2082	2095	2095	2082	2082	2082	2095	2095	2095	2095	2095	2095	2095	2082	2082	2082	2069	2082	2082	2082	2095	2107	2107	2107	2107	2107	2107	2120	2120	2120	2120	2120	2133	2133	0	0	0	0	0	0	0	0	0	0	0	0	0	0	0	0	0	0	0	0	0	0	0	0	0	0	0	0	0	0	0	0	0	0	0	0	
0	0	0	0	0	0	0	0	0	0	0	0	0	0	0	0	0	0	0	0	0	0	0	0	0	0	0	0	0	0	0	0	0	0	0	1828	1838	1838	1858	1888	1888	1899	1909	1920	1931	1941	1964	1964	1964	1975	2009	2021	2033	2033	2045	2045	2057	2069	2107	2133	2147	2147	2174	2160	2160	2174	2187	2259	2259	2274	2274	0	0	0	0	0	0	0	0	0	0	0	0	0	0	0	0	0	0	0	0	0	0	0	0	0	0	0	0	0	0	0	0	0	0	0	0	0	0	0	0	0	0	0	0	0	0	0	0	0	0	0	0	0	0	0	0	0	0	0	0	0	0	0	0	0	0	0	0	0	0	0	0	0	0	0	0	0	0	0	0	0	0	0	0	0	0	0	0	0	0	0	0	0	0	0	0	0	0	0	0	0	0	0	0	0	0	0	0	0	0	0	0	0	0	0	0	0	0	0	0	0	0	0	0	0	0	0	0	0	0	0	0	0	0	0	0	0	0	0	0	0	0	0	0	0	0	0	0	0	0	0	0	0	0	0	0	0	0	0	0	0	0	0	0	0	0	0	0	0	0	0	0	0	0	0	0	0	0	0	0	0	0	0	2259	2244	2230	2201	2201	2201	2187	2187	2174	2174	2174	2174	2174	2174	2174	2187	2174	2187	2187	2187	2187	2201	2201	2201	2201	2201	2201	2201	2187	2187	2201	2201	2201	2201	2201	2201	2201	2187	2201	2201	2201	2201	2201	2201	2201	2201	2187	2174	2174	2120	2107	2095	2095	2095	2082	2095	2082	2082	2095	2082	2082	2095	2095	2095	2107	2107	2107	2107	2107	2095	2095	2095	2095	2095	2095	2095	2082	2082	2082	2069	2082	2082	2095	2095	2095	2095	2095	2095	2095	2095	2095	2095	2095	2095	2095	2095	2095	2095	2095	2095	2095	2095	2107	2107	2107	2107	2107	2107	2095	2095	2107	2107	2107	2107	2107	2107	2107	2107	2107	2107	2107	2107	2107	2107	2107	2107	2107	2107	2107	2107	2107	2107	2107	2107	2095	2095	2095	2095	2095	2095	2095	2095	2095	2095	2095	2095	2095	2095	2095	2095	2095	2095	2095	2095	2095	2107	2107	2107	2095	2107	2095	2095	2095	2095	2095	2107	2107	2107	2107	2107	2107	2107	2107	2107	2107	2107	2107	2107	2107	2107	2107	2107	2107	2107	2107	2107	2120	2133	2133	2133	2120	2120	2120	2120	2107	2107	2107	2107	2120	2107	2107	2107	2120	2120	2120	2107	2107	2107	2107	2107	2107	2120	2120	2107	2120	2120	2120	2120	2107	2107	2107	2107	2107	2107	2107	2107	2107	2107	2107	2107	2120	2120	2133	2133	2133	2133	2133	2133	2120	2120	2120	2107	2107	2107	2107	2120	2107	2107	2107	2107	2107	2107	2107	2107	2107	2107	2095	2107	2107	2107	2107	2107	2107	2107	2095	2095	2107	2107	2107	2095	2095	2095	2095	2095	2082	2082	2082	2095	2082	2082	2082	2095	2082	2095	2082	2095	2095	2082	2095	2095	2095	2095	2095	2095	2082	2095	2082	2082	2082	2082	2082	2082	2082	2082	2082	2095	2095	2082	2082	2082	2082	2082	2082	2082	2095	2082	2095	2095	2095	2082	2082	2082	2095	2095	2095	2095	2095	2095	2095	2082	2069	2069	2069	2082	2069	2082	2095	2107	2107	2107	2107	2107	2107	2120	2120	2120	2120	2120	2133	2133	0	0	0	0	0	0	0	0	0	0	0	0	0	0	0	0	0	0	0	0	0	0	0	0	0	0	0	0	0	0	0	0	0	0	0	0	
0	0	0	0	0	0	0	0	0	0	0	0	0	0	0	0	0	0	0	0	0	0	0	0	0	0	0	0	0	0	0	0	0	0	0	1828	1838	1848	1858	1878	1878	1899	1909	1920	1931	1941	1952	1964	1975	1975	2009	2021	2033	2033	2045	2045	2057	2069	2107	2133	2147	2160	2174	2160	2160	2174	2187	2244	2274	2274	2274	0	0	0	0	0	0	0	0	0	0	0	0	0	0	0	0	0	0	0	0	0	0	0	0	0	0	0	0	0	0	0	0	0	0	0	0	0	0	0	0	0	0	0	0	0	0	0	0	0	0	0	0	0	0	0	0	0	0	0	0	0	0	0	0	0	0	0	0	0	0	0	0	0	0	0	0	0	0	0	0	0	0	0	0	0	0	0	0	0	0	0	0	0	0	0	0	0	0	0	0	0	0	0	0	0	0	0	0	0	0	0	0	0	0	0	0	0	0	0	0	0	0	0	0	0	0	0	0	0	0	0	0	0	0	0	0	0	0	0	0	0	0	0	0	0	0	0	0	0	0	0	0	0	0	0	0	0	0	0	0	0	0	0	0	0	0	0	0	0	0	0	0	0	0	0	0	0	0	0	0	0	0	0	0	2244	2230	2201	2201	2187	2187	2187	2174	2174	2174	2174	2174	2174	2174	2174	2174	2187	2187	2187	2187	2201	2201	2201	2201	2201	2201	2201	2187	2201	2201	2215	2201	2201	2201	2201	2201	2187	2201	2201	2201	2201	2201	2201	2201	2201	2187	2174	2174	2120	2107	2095	2095	2095	2095	2095	2095	2095	2095	2082	2095	2095	2095	2095	2095	2107	2107	2107	2107	2107	2095	2095	2107	2107	2095	2095	2095	2082	2082	2069	2069	2082	2082	2082	2095	2095	2095	2095	2095	2095	2095	2095	2095	2095	2095	2095	2095	2095	2095	2095	2095	2095	2095	2095	2107	2107	2107	2107	2107	2107	2107	2107	2107	2107	2107	2107	2107	2107	2107	2107	2107	2107	2107	2107	2107	2107	2107	2107	2107	2107	2107	2107	2107	2107	2095	2095	2095	2095	2095	2095	2095	2095	2095	2095	2095	2095	2095	2095	2095	2095	2095	2095	2095	2095	2095	2095	2095	2107	2095	2107	2095	2095	2095	2107	2107	2107	2107	2107	2107	2107	2107	2107	2107	2107	2107	2107	2107	2107	2107	2107	2107	2107	2107	2107	2107	2120	2120	2133	2133	2133	2120	2120	2107	2120	2107	2107	2107	2107	2107	2095	2107	2107	2107	2107	2120	2120	2107	2107	2107	2107	2107	2120	2120	2107	2120	2120	2120	2120	2107	2107	2107	2107	2107	2107	2095	2095	2107	2107	2107	2107	2120	2120	2133	2133	2133	2133	2133	2133	2120	2120	2120	2107	2107	2120	2107	2120	2107	2107	2107	2107	2107	2095	2095	2095	2107	2095	2095	2107	2107	2107	2095	2107	2107	2107	2107	2107	2107	2120	2107	2107	2107	2107	2095	2095	2082	2082	2095	2095	2082	2082	2082	2082	2082	2082	2082	2082	2082	2082	2095	2095	2095	2095	2095	2095	2095	2095	2082	2082	2082	2082	2082	2082	2082	2082	2082	2095	2095	2082	2082	2082	2095	2082	2082	2095	2095	2095	2095	2095	2095	2082	2082	2082	2095	2095	2095	2095	2095	2095	2095	2095	2082	2082	2069	2082	2069	2082	2095	2107	2107	2107	2107	2107	2107	2107	2120	2107	2120	2120	2133	2133	0	0	0	0	0	0	0	0	0	0	0	0	0	0	0	0	0	0	0	0	0	0	0	0	0	0	0	0	0	0	0	0	0	0	0	0	
0	0	0	0	0	0	0	0	0	0	0	0	0	0	0	0	0	0	0	0	0	0	0	0	0	0	0	0	0	0	0	0	0	0	0	1838	1848	1848	1858	1878	1878	1899	1899	1920	1931	1941	1952	1964	1975	1975	2009	2021	2033	2033	2045	2045	2057	2069	2095	2120	2147	2160	2174	2160	2160	2174	2187	2244	2274	2274	2289	0	0	0	0	0	0	0	0	0	0	0	0	0	0	0	0	0	0	0	0	0	0	0	0	0	0	0	0	0	0	0	0	0	0	0	0	0	0	0	0	0	0	0	0	0	0	0	0	0	0	0	0	0	0	0	0	0	0	0	0	0	0	0	0	0	0	0	0	0	0	0	0	0	0	0	0	0	0	0	0	0	0	0	0	0	0	0	0	0	0	0	0	0	0	0	0	0	0	0	0	0	0	0	0	0	0	0	0	0	0	0	0	0	0	0	0	0	0	0	0	0	0	0	0	0	0	0	0	0	0	0	0	0	0	0	0	0	0	3885	3885	3885	3885	0	0	0	0	0	0	0	0	0	0	0	0	0	0	0	0	0	0	0	0	0	0	0	0	0	0	0	0	0	0	0	0	0	0	0	0	0	0	0	0	0	0	2244	2230	2201	2201	2187	2187	2187	2174	2174	2174	2174	2174	2174	2174	2174	2174	2187	2187	2187	2187	2201	2215	2201	2201	2201	2201	2201	2187	2201	2201	2201	2201	2201	2201	2201	2201	2187	2187	2187	2187	2201	2201	2201	2201	2201	2187	2174	2174	2120	2107	2107	2095	2095	2095	2095	2095	2095	2095	2095	2095	2095	2095	2095	2095	2107	2107	2107	2107	2107	2107	2107	2107	2107	2095	2095	2082	2082	2069	2069	2069	2082	2082	2082	2095	2095	2095	2095	2095	2095	2095	2095	2095	2095	2095	2095	2095	2095	2095	2095	2082	2095	2095	2095	2107	2107	2107	2107	2107	2107	2107	2107	2107	2107	2107	2107	2107	2107	2107	2107	2107	2107	2107	2107	2107	2107	2107	2107	2107	2107	2107	2107	2107	2107	2095	2095	2095	2095	2095	2095	2095	2095	2095	2095	2095	2095	2095	2095	2095	2095	2095	2095	2095	2095	2095	2095	2095	2107	2107	2107	2107	2107	2107	2107	2107	2107	2107	2107	2107	2107	2107	2107	2107	2107	2107	2107	2107	2107	2107	2107	2107	2107	2107	2107	2120	2120	2120	2120	2133	2133	2120	2120	2120	2120	2107	2107	2107	2107	2107	2095	2107	2107	2120	2120	2120	2120	2107	2107	2107	2107	2120	2120	2120	2107	2120	2120	2120	2120	2120	2120	2107	2107	2107	2107	2095	2107	2107	2107	2107	2120	2120	2133	2133	2120	2120	2133	2120	2120	2120	2120	2120	2120	2120	2120	2120	2120	2107	2107	2107	2107	2107	2095	2095	2107	2107	2095	2107	2107	2107	2107	2095	2107	2120	2120	2107	2107	2120	2120	2120	2107	2107	2107	2107	2095	2095	2095	2095	2095	2082	2082	2082	2082	2082	2082	2082	2082	2082	2082	2095	2095	2095	2095	2095	2095	2095	2095	2082	2082	2082	2082	2082	2082	2082	2082	2082	2095	2082	2082	2095	2082	2095	2095	2095	2095	2095	2095	2095	2095	2095	2082	2082	2082	2082	2095	2095	2095	2107	2107	2107	2095	2082	2082	2082	2082	2069	2082	2082	2095	2095	2107	2107	2107	2107	2107	2107	2120	2120	2120	2120	2120	0	0	0	0	0	0	0	0	0	0	0	0	0	0	0	0	0	0	0	0	0	0	0	0	0	0	0	0	0	0	0	0	0	0	0	0	
0	0	0	0	0	0	0	0	0	0	0	0	0	0	0	0	0	0	0	0	0	0	0	0	0	0	0	0	0	0	0	0	0	0	0	1838	1848	1848	1858	1868	1878	1888	1899	1920	1931	1931	1952	1964	1975	1975	2009	2021	2021	2033	2033	2045	2045	2069	2095	2107	2133	2147	2160	2147	2160	2174	2187	2230	2274	2274	2274	0	0	0	0	0	0	0	0	0	0	0	0	0	0	0	0	0	0	0	0	0	0	0	0	0	0	0	0	0	0	0	0	0	0	0	0	0	0	0	0	0	0	0	0	0	0	0	0	0	0	0	0	0	0	0	0	0	0	0	0	0	0	0	0	0	0	0	0	0	0	0	0	0	0	0	0	0	0	0	0	0	0	0	0	0	0	0	0	0	0	0	0	0	0	0	0	0	0	0	0	0	0	0	0	0	0	0	0	0	0	0	0	0	0	0	0	0	0	0	0	0	0	0	0	0	0	0	0	0	0	0	0	0	0	0	0	0	3885	3885	3885	3885	3842	0	0	0	0	0	0	0	0	0	0	0	0	0	0	0	0	0	0	0	0	0	0	0	0	0	0	0	0	0	0	0	0	0	0	0	0	0	0	0	0	0	0	2244	2230	2201	2201	2187	2187	2187	2174	2174	2174	2174	2174	2174	2174	2174	2174	2174	2187	2187	2187	2187	2201	2201	2201	2201	2201	2201	2187	2187	2187	2201	2201	2201	2201	2201	2201	2187	2187	2187	2187	2201	2187	2201	2201	2187	2187	2174	2160	2120	2120	2107	2107	2095	2095	2095	2095	2095	2095	2082	2082	2095	2095	2095	2107	2107	2107	2120	2107	2107	2107	2107	2107	2107	2095	2095	2082	2082	2082	2069	2069	2082	2082	2095	2095	2095	2095	2095	2095	2095	2095	2095	2095	2095	2095	2095	2095	2095	2095	2082	2082	2082	2082	2095	2095	2095	2095	2107	2107	2107	2095	2107	2107	2107	2107	2095	2107	2107	2107	2107	2107	2107	2107	2107	2107	2107	2107	2107	2107	2107	2107	2107	2107	2107	2095	2095	2095	2095	2095	2095	2095	2095	2095	2095	2095	2095	2095	2095	2107	2107	2095	2095	2095	2095	2095	2095	2107	2107	2107	2107	2107	2107	2107	2107	2107	2107	2107	2107	2107	2107	2107	2107	2107	2107	2107	2107	2107	2107	2107	2107	2107	2107	2107	2107	2120	2120	2120	2120	2120	2120	2120	2107	2120	2120	2120	2120	2107	2107	2107	2095	2095	2107	2107	2107	2107	2107	2107	2107	2107	2107	2107	2120	2107	2107	2120	2120	2120	2120	2107	2120	2120	2107	2107	2107	2107	2107	2107	2107	2107	2107	2120	2120	2133	2120	2120	2120	2120	2120	2107	2120	2107	2120	2120	2107	2107	2107	2107	2107	2107	2107	2107	2095	2107	2107	2107	2107	2107	2107	2107	2107	2107	2107	2120	2120	2107	2107	2120	2120	2120	2107	2107	2107	2107	2095	2095	2095	2095	2095	2082	2082	2095	2082	2082	2082	2082	2082	2082	2082	2095	2082	2095	2082	2095	2082	2082	2082	2082	2082	2082	2082	2082	2082	2082	2082	2082	2082	2082	2082	2095	2082	2095	2095	2095	2107	2095	2095	2095	2095	2095	2082	2082	2082	2095	2107	2095	2107	2107	2107	2107	2095	2082	2082	2082	2082	2069	2082	2082	2095	2095	2107	2107	2107	2120	2120	2120	2120	2120	2120	2120	2120	0	0	0	0	0	0	0	0	0	0	0	0	0	0	0	0	0	0	0	0	0	0	0	0	0	0	0	0	0	0	0	0	0	0	0	0	
0	0	0	0	0	0	0	0	0	0	0	0	0	0	0	0	0	0	0	0	0	0	0	0	0	0	0	0	0	0	0	0	0	0	0	1828	1838	1848	1858	1878	1888	1888	1909	1920	1931	1931	1952	1964	1975	1986	2009	2021	2021	2033	2045	2057	2057	2069	2095	2107	2133	2133	2147	2133	2147	2160	2174	2244	2289	2289	2289	0	0	0	0	0	0	0	0	0	0	0	0	0	0	0	0	0	0	0	0	0	0	0	0	0	0	0	0	0	0	0	0	0	0	0	0	0	0	0	0	0	0	0	0	0	0	0	0	0	0	0	0	0	0	0	0	0	0	0	0	0	0	0	0	0	0	0	0	0	0	0	0	0	0	0	0	0	0	0	0	0	0	0	0	0	0	0	0	0	0	0	0	0	0	0	0	0	0	0	0	0	0	0	0	0	0	0	0	0	0	0	0	0	0	0	0	0	0	0	0	0	0	0	0	0	0	0	0	0	0	0	0	0	0	0	0	0	3885	3842	3842	0	0	0	0	0	0	0	0	0	0	0	0	0	0	0	0	0	0	0	0	0	0	0	0	0	0	0	0	0	0	0	0	0	0	0	0	0	0	0	0	0	0	0	2259	2244	2244	2201	2201	2187	2187	2187	2174	2174	2174	2174	2174	2174	2174	2174	2174	2174	2187	2187	2187	2187	2201	2201	2201	2201	2201	2201	2201	2201	2201	2215	2201	2201	2201	2201	2201	2187	2187	2187	2187	2201	2187	2201	2201	2187	2187	2174	2160	2120	2120	2107	2107	2107	2107	2107	2107	2095	2095	2095	2095	2095	2095	2095	2107	2107	2107	2120	2107	2107	2107	2107	2107	2107	2095	2095	2095	2082	2082	2069	2082	2082	2082	2095	2095	2095	2095	2095	2095	2095	2095	2095	2095	2107	2095	2095	2095	2082	2082	2082	2082	2082	2082	2082	2095	2095	2107	2107	2107	2107	2107	2107	2107	2107	2107	2107	2107	2107	2107	2107	2107	2107	2107	2107	2107	2095	2107	2107	2107	2107	2107	2107	2107	2107	2095	2095	2095	2095	2095	2095	2095	2095	2095	2095	2095	2095	2095	2095	2095	2107	2095	2095	2095	2107	2095	2095	2095	2107	2107	2107	2107	2107	2107	2107	2107	2107	2107	2107	2107	2107	2107	2095	2107	2107	2107	2107	2107	2107	2107	2107	2107	2107	2107	2107	2107	2107	2107	2107	2107	2107	2107	2107	2107	2107	2107	2107	2107	2107	2107	2095	2107	2107	2107	2107	2107	2107	2107	2107	2107	2107	2107	2120	2107	2107	2107	2107	2107	2107	2107	2107	2107	2107	2107	2107	2095	2107	2107	2107	2107	2107	2120	2120	2120	2120	2120	2120	2120	2120	2107	2120	2120	2120	2120	2120	2107	2107	2107	2107	2107	2095	2095	2095	2095	2107	2107	2107	2107	2107	2107	2107	2107	2107	2120	2120	2107	2107	2120	2120	2120	2107	2107	2107	2107	2107	2095	2095	2095	2095	2082	2082	2082	2082	2082	2082	2082	2082	2082	2082	2095	2095	2095	2095	2095	2095	2095	2095	2095	2095	2082	2082	2082	2082	2082	2082	2082	2095	2082	2095	2095	2095	2095	2095	2095	2107	2095	2095	2095	2095	2095	2082	2082	2082	2095	2095	2095	2095	2095	2095	2095	2095	2082	2082	2082	2082	2069	2082	2082	2095	2107	2107	2120	2120	2120	2120	2120	2120	2120	2120	2120	2120	0	0	0	0	0	0	0	0	0	0	0	0	0	0	0	0	0	0	0	0	0	0	0	0	0	0	0	0	0	0	0	0	0	0	0	0	
0	0	0	0	0	0	0	0	0	0	0	0	0	0	0	0	0	0	0	0	0	0	0	0	0	0	0	0	0	0	0	0	0	0	0	1819	1828	1848	1858	1868	1888	1899	1909	1920	1931	1931	1952	1964	1986	1986	2009	2021	2033	2045	2057	2069	2069	2069	2095	2107	2120	2133	2133	2120	2133	2147	2174	2274	2289	2289	2304	2320	0	0	0	0	0	0	0	0	0	0	0	0	0	0	0	0	0	0	0	0	0	0	0	0	0	0	0	0	0	0	0	0	0	0	0	0	0	0	0	0	0	0	0	0	0	0	0	0	0	0	0	0	0	0	0	0	0	0	0	0	0	0	0	0	0	0	0	0	0	0	0	0	0	0	0	0	0	0	0	0	0	0	0	0	0	0	0	0	0	0	0	0	0	0	0	0	0	0	0	0	0	0	0	0	0	0	0	0	0	0	0	0	0	0	0	0	0	0	0	0	0	0	0	0	0	0	0	0	0	0	0	0	0	0	0	0	0	3759	0	0	0	0	0	0	0	0	0	0	0	0	0	0	0	0	0	0	0	0	0	0	0	0	0	0	0	0	0	0	0	0	0	0	0	0	0	0	0	0	0	0	0	0	2259	2244	2244	2230	2187	2187	2187	2187	2174	2174	2174	2174	2174	2174	2174	2174	2174	2174	2174	2174	2187	2187	2201	2201	2201	2201	2201	2201	2201	2201	2201	2215	2201	2201	2201	2201	2201	2187	2187	2187	2187	2201	2201	2187	2187	2187	2187	2160	2160	2120	2120	2120	2107	2107	2107	2107	2095	2095	2095	2082	2095	2095	2095	2095	2107	2107	2107	2107	2095	2107	2107	2095	2107	2107	2095	2095	2095	2082	2082	2069	2082	2082	2095	2095	2095	2095	2107	2095	2095	2095	2095	2107	2107	2107	2095	2095	2095	2082	2082	2082	2082	2082	2082	2082	2095	2095	2107	2107	2107	2107	2107	2107	2107	2107	2107	2107	2107	2107	2107	2107	2107	2107	2107	2107	2107	2095	2107	2107	2107	2107	2107	2107	2107	2107	2095	2095	2095	2095	2095	2095	2095	2095	2095	2095	2095	2095	2095	2095	2095	2095	2095	2095	2095	2095	2095	2095	2095	2095	2107	2107	2107	2107	2107	2107	2107	2107	2107	2107	2107	2107	2107	2095	2107	2107	2107	2107	2107	2107	2107	2107	2107	2107	2107	2107	2107	2107	2107	2107	2107	2107	2107	2107	2107	2107	2107	2107	2107	2107	2107	2095	2095	2107	2107	2107	2107	2107	2107	2107	2107	2107	2107	2107	2095	2107	2107	2095	2107	2107	2107	2107	2107	2107	2107	2107	2095	2107	2107	2107	2107	2107	2120	2120	2120	2120	2120	2120	2120	2120	2107	2120	2107	2120	2120	2120	2120	2107	2107	2107	2107	2095	2107	2107	2107	2107	2120	2120	2120	2120	2120	2120	2107	2107	2107	2120	2107	2107	2120	2120	2107	2107	2107	2107	2107	2107	2095	2095	2107	2095	2082	2082	2082	2082	2082	2082	2082	2082	2082	2082	2095	2095	2095	2095	2095	2095	2082	2082	2082	2082	2082	2082	2082	2082	2082	2082	2082	2082	2082	2095	2095	2095	2095	2095	2095	2095	2095	2082	2095	2095	2095	2095	2095	2095	2107	2107	2095	2107	2107	2095	2095	2095	2095	2082	2082	2082	2069	2082	2082	2095	2107	2107	2120	2120	2120	2120	2120	2120	2120	2120	2120	2120	0	0	0	0	0	0	0	0	0	0	0	0	0	0	0	0	0	0	0	0	0	0	0	0	0	0	0	0	0	0	0	0	0	0	0	0	
0	0	0	0	0	0	0	0	0	0	0	0	0	0	0	0	0	0	0	0	0	0	0	0	0	0	0	0	0	0	0	0	0	0	0	1828	1838	1848	1848	1858	1878	1899	1909	1920	1931	1941	1941	1952	1986	2009	2021	2021	2033	2057	2057	2069	2069	2069	2095	2107	2120	2133	2133	2120	2133	2133	2160	2274	2289	2289	2289	2304	0	0	0	0	0	0	0	0	0	0	0	0	0	0	0	0	0	0	0	0	0	0	0	0	0	0	0	0	0	0	0	0	0	0	0	0	0	0	0	0	0	0	0	0	0	0	0	0	0	0	0	0	0	0	0	0	0	0	0	0	0	0	0	0	0	0	0	0	0	0	0	0	0	0	0	0	0	0	0	0	0	0	0	0	0	0	0	0	0	0	0	0	0	0	0	0	0	0	0	0	0	0	0	0	0	0	0	0	0	0	0	0	0	0	0	0	0	0	0	0	0	0	0	0	0	0	0	0	0	0	0	0	0	0	0	0	0	0	0	0	0	0	0	0	0	0	0	0	0	0	0	0	0	0	0	0	0	0	0	0	0	0	0	0	0	0	0	0	0	0	0	0	0	0	0	0	0	0	0	0	0	0	0	2259	2244	2230	2187	2187	2187	2174	2174	2174	2174	2174	2174	2174	2174	2174	2174	2174	2174	2187	2187	2187	2201	2201	2201	2201	2201	2201	2201	2201	2201	2201	2201	2201	2201	2201	2201	2201	2201	2187	2187	2201	2201	2201	2201	2187	2187	2174	2160	2133	2120	2120	2107	2107	2107	2095	2095	2095	2095	2082	2082	2095	2095	2095	2107	2107	2107	2107	2095	2095	2095	2095	2095	2095	2095	2095	2095	2095	2082	2082	2082	2082	2095	2095	2095	2095	2095	2095	2095	2095	2095	2107	2095	2107	2095	2095	2095	2095	2082	2082	2082	2082	2082	2082	2095	2095	2107	2107	2107	2107	2107	2107	2107	2107	2107	2107	2107	2107	2107	2107	2107	2107	2107	2095	2095	2095	2107	2107	2107	2107	2107	2107	2107	2107	2095	2095	2095	2095	2095	2095	2095	2095	2095	2095	2095	2095	2095	2095	2095	2095	2095	2095	2095	2095	2095	2095	2095	2095	2107	2107	2107	2107	2107	2107	2107	2107	2107	2107	2107	2107	2107	2095	2107	2107	2107	2107	2107	2107	2107	2107	2107	2107	2107	2107	2107	2107	2107	2107	2107	2107	2107	2107	2107	2107	2107	2107	2107	2107	2107	2095	2095	2095	2095	2107	2107	2107	2107	2107	2107	2107	2107	2107	2095	2107	2107	2095	2107	2107	2107	2107	2107	2107	2107	2107	2095	2095	2107	2107	2107	2107	2120	2120	2120	2120	2120	2120	2120	2120	2107	2107	2107	2107	2120	2120	2120	2107	2107	2107	2107	2107	2107	2107	2107	2120	2120	2120	2120	2120	2107	2107	2107	2107	2107	2120	2095	2107	2120	2107	2107	2095	2095	2107	2107	2107	2095	2095	2095	2095	2082	2082	2082	2082	2082	2082	2082	2082	2082	2082	2095	2095	2095	2095	2095	2095	2082	2082	2082	2082	2082	2082	2082	2082	2082	2082	2082	2095	2095	2095	2095	2095	2095	2095	2095	2095	2095	2082	2082	2082	2095	2082	2082	2095	2095	2107	2095	2107	2107	2107	2107	2095	2095	2095	2082	2082	2069	2082	2082	2107	2107	2120	2120	2120	2120	2120	2120	2120	2120	2133	2133	2120	0	0	0	0	0	0	0	0	0	0	0	0	0	0	0	0	0	0	0	0	0	0	0	0	0	0	0	0	0	0	0	0	0	0	0	0	
0	0	0	0	0	0	0	0	0	0	0	0	0	0	0	0	0	0	0	0	0	0	0	0	0	0	0	0	0	0	0	0	0	0	0	1828	1838	1858	1858	1868	1888	1909	1920	1931	1941	1941	1952	1964	1986	2009	2021	2033	2045	2057	2057	2057	2069	2069	2082	2095	2120	2120	2133	2120	2120	2133	2174	2274	2289	2289	2289	0	0	0	0	0	0	0	0	0	0	0	0	0	0	0	0	0	0	0	0	0	0	0	0	0	0	0	0	0	0	0	0	0	0	0	0	0	0	0	0	0	0	0	0	0	0	0	0	0	0	0	0	0	0	0	0	0	0	0	0	0	0	0	0	0	0	0	0	0	0	0	0	0	0	0	0	0	0	0	0	0	0	0	0	0	0	0	0	0	0	0	0	0	0	0	0	0	0	0	0	0	0	0	0	0	0	0	0	0	0	0	0	0	0	0	0	0	0	0	0	0	0	0	0	0	0	0	0	0	0	0	0	0	0	0	0	0	0	0	0	0	0	0	0	0	0	0	0	0	0	0	0	0	0	0	0	0	0	0	0	0	0	0	0	0	0	0	0	0	0	0	0	0	0	0	0	0	0	0	0	0	0	0	0	0	2244	2201	2187	2187	2187	2174	2174	2174	2174	2174	2174	2174	2174	2174	2174	2174	2174	2187	2187	2187	2201	2201	2201	2201	2201	2201	2201	2201	2201	2201	2201	2201	2201	2201	2201	2201	2201	2187	2201	2201	2201	2201	2187	2187	2187	2174	2160	2147	2120	2120	2107	2107	2107	2095	2095	2095	2095	2082	2095	2095	2095	2095	2107	2107	2107	2120	2107	2107	2107	2095	2107	2095	2095	2095	2095	2095	2082	2082	2082	2082	2095	2095	2082	2095	2095	2095	2095	2095	2095	2107	2095	2095	2095	2095	2095	2082	2082	2082	2082	2082	2082	2082	2095	2095	2107	2107	2095	2107	2095	2107	2107	2107	2107	2107	2107	2107	2107	2107	2107	2107	2107	2107	2095	2095	2107	2107	2107	2107	2107	2107	2107	2107	2095	2095	2095	2095	2095	2095	2095	2095	2095	2095	2095	2095	2095	2095	2095	2095	2095	2095	2095	2095	2095	2095	2095	2095	2107	2095	2107	2107	2107	2107	2107	2107	2107	2107	2107	2107	2107	2095	2095	2107	2107	2107	2107	2107	2107	2107	2107	2107	2107	2107	2107	2107	2107	2107	2107	2107	2107	2107	2107	2107	2107	2107	2107	2107	2107	2095	2095	2107	2095	2107	2107	2107	2107	2107	2107	2107	2107	2107	2107	2107	2107	2107	2107	2107	2107	2107	2107	2107	2107	2107	2095	2107	2107	2107	2095	2107	2107	2120	2120	2120	2120	2120	2120	2120	2107	2107	2107	2107	2120	2120	2120	2107	2107	2107	2107	2107	2107	2120	2120	2120	2120	2120	2120	2120	2107	2107	2107	2107	2107	2120	2095	2107	2107	2107	2107	2095	2095	2107	2095	2107	2095	2095	2107	2107	2082	2082	2082	2082	2082	2082	2082	2082	2082	2082	2095	2082	2095	2095	2095	2082	2082	2082	2082	2082	2082	2082	2082	2082	2082	2082	2082	2095	2095	2095	2095	2095	2095	2095	2095	2095	2095	2082	2082	2095	2095	2082	2095	2095	2107	2107	2107	2107	2107	2095	2095	2095	2095	2095	2082	2082	2082	2082	2082	2095	2095	2107	2120	2120	2120	2120	2120	2120	2120	2120	2120	2120	0	0	0	0	0	0	0	0	0	0	0	0	0	0	0	0	0	0	0	0	0	0	0	0	0	0	0	0	0	0	0	0	0	0	0	0	
0	0	0	0	0	0	0	0	0	0	0	0	0	0	0	0	0	0	0	0	0	0	0	0	0	0	0	0	0	0	0	0	0	0	0	1828	1848	1858	1858	1878	1899	1909	1920	1931	1941	1941	1941	1952	1986	2009	2021	2033	2057	2057	2069	2069	2069	2069	2082	2095	2107	2120	2133	2107	2120	2133	2133	2289	2289	2289	2335	0	0	0	0	0	0	0	0	0	0	0	0	0	0	0	0	0	0	0	0	0	0	0	0	0	0	0	0	0	0	0	0	0	0	0	0	0	0	0	0	0	0	0	0	0	0	0	0	0	0	0	0	0	0	0	0	0	0	0	0	0	0	0	0	0	0	0	0	0	0	0	0	0	0	0	0	0	0	0	0	0	0	0	0	0	0	0	0	0	0	0	0	0	0	0	0	0	0	0	0	0	0	0	0	0	0	0	0	0	0	0	0	0	0	0	0	0	0	0	0	0	0	0	0	0	0	0	0	0	0	0	0	0	0	0	0	0	0	0	0	0	0	0	0	0	0	0	0	0	0	0	0	0	0	0	0	0	0	0	0	0	0	0	0	0	0	0	0	0	0	0	0	0	0	0	0	0	0	0	0	0	0	0	0	0	2215	2215	2187	2174	2174	2174	2174	2174	2174	2174	2174	2174	2174	2174	2174	2187	2187	2187	2187	2187	2201	2187	2201	2201	2201	2215	2201	2201	2201	2201	2201	2201	2201	2201	2201	2201	2201	2201	2201	2201	2201	2201	2201	2201	2187	2174	2160	2147	2120	2120	2107	2095	2107	2107	2095	2095	2095	2095	2095	2095	2095	2095	2107	2107	2107	2120	2107	2107	2107	2107	2107	2095	2095	2095	2095	2095	2082	2082	2082	2082	2095	2095	2082	2095	2095	2095	2095	2095	2095	2095	2095	2107	2095	2095	2095	2095	2095	2082	2082	2082	2082	2095	2095	2095	2095	2095	2095	2095	2095	2095	2095	2107	2107	2107	2107	2107	2107	2107	2107	2107	2107	2107	2095	2095	2107	2107	2107	2107	2107	2107	2107	2107	2095	2095	2095	2095	2095	2095	2095	2095	2095	2095	2095	2095	2095	2095	2095	2095	2095	2095	2095	2095	2095	2095	2095	2095	2095	2095	2107	2107	2107	2107	2107	2107	2107	2107	2107	2107	2107	2095	2107	2107	2107	2107	2107	2107	2107	2107	2107	2107	2107	2107	2107	2107	2107	2107	2107	2107	2107	2107	2107	2107	2107	2107	2107	2107	2107	2095	2107	2107	2107	2107	2107	2107	2107	2107	2107	2107	2107	2107	2107	2107	2107	2107	2107	2107	2107	2107	2107	2107	2107	2107	2107	2107	2107	2107	2107	2107	2107	2107	2120	2120	2107	2120	2107	2120	2120	2120	2107	2120	2133	2120	2120	2120	2120	2120	2120	2120	2120	2120	2120	2120	2120	2120	2120	2107	2107	2107	2107	2107	2107	2120	2095	2107	2107	2107	2107	2107	2107	2107	2095	2107	2095	2095	2095	2107	2095	2095	2095	2095	2095	2082	2082	2082	2082	2082	2095	2082	2095	2082	2095	2082	2082	2082	2082	2082	2082	2082	2082	2082	2082	2082	2082	2082	2082	2095	2095	2095	2082	2082	2082	2095	2082	2082	2082	2082	2095	2082	2095	2095	2107	2107	2107	2107	2107	2107	2107	2095	2095	2095	2082	2082	2082	2082	2082	2095	2095	2107	2107	2120	2120	2120	2120	2120	2120	2120	2120	2120	0	0	0	0	0	0	0	0	0	0	0	0	0	0	0	0	0	0	0	0	0	0	0	0	0	0	0	0	0	0	0	0	0	0	0	0	
0	0	0	0	0	0	0	0	0	0	0	0	0	0	0	0	0	0	0	0	0	0	0	0	0	0	0	0	0	0	0	0	0	0	0	1828	1848	1858	1868	1878	1899	1920	1920	1931	1941	1941	1941	1952	1975	2021	2033	2033	2045	2057	2057	2069	2069	2069	2082	2095	2107	2120	2133	2120	2120	2147	2174	2289	2289	2289	2289	0	0	0	0	0	0	0	0	0	0	0	0	0	0	0	0	0	0	0	0	0	0	0	0	0	0	0	0	0	0	0	0	0	0	0	0	0	0	0	0	0	0	0	0	0	0	0	0	0	0	0	0	0	0	0	0	0	0	0	0	0	0	0	0	0	0	0	0	0	0	0	0	0	0	0	0	0	0	0	0	0	0	0	0	0	0	0	0	0	0	0	0	0	0	0	0	0	0	0	0	0	0	0	0	0	0	0	0	0	0	0	0	0	0	0	0	0	0	0	0	0	0	0	0	0	0	0	0	0	0	0	0	0	0	0	0	0	0	0	0	0	0	0	0	0	0	0	0	0	0	0	0	0	0	0	0	0	0	0	0	0	0	0	0	0	0	0	0	0	0	0	0	0	0	0	0	0	0	0	0	0	0	0	0	0	2230	2215	2187	2187	2174	2174	2174	2174	2174	2174	2174	2174	2174	2174	2174	2187	2187	2187	2187	2187	2201	2187	2201	2201	2201	2201	2201	2201	2201	2201	2201	2201	2201	2201	2187	2201	2201	2201	2215	2215	2215	2201	2201	2201	2187	2174	2160	2147	2120	2107	2107	2095	2095	2095	2095	2095	2095	2095	2095	2095	2095	2107	2107	2107	2120	2120	2107	2107	2095	2095	2095	2095	2095	2095	2095	2095	2095	2095	2095	2095	2095	2095	2095	2095	2095	2095	2095	2095	2095	2095	2095	2095	2095	2095	2095	2082	2095	2082	2082	2082	2095	2095	2095	2095	2095	2095	2095	2095	2095	2095	2095	2107	2107	2107	2107	2107	2107	2107	2107	2107	2107	2107	2107	2107	2107	2107	2107	2107	2107	2107	2107	2107	2095	2095	2095	2095	2095	2095	2095	2095	2095	2095	2095	2095	2095	2095	2095	2095	2095	2095	2095	2095	2095	2095	2095	2095	2095	2095	2095	2107	2107	2107	2107	2107	2107	2107	2107	2107	2107	2107	2107	2107	2107	2107	2107	2107	2107	2107	2107	2107	2107	2107	2107	2107	2107	2107	2107	2107	2107	2107	2107	2107	2107	2107	2107	2107	2107	2095	2095	2107	2095	2107	2107	2107	2107	2107	2107	2107	2107	2107	2107	2107	2107	2107	2107	2107	2107	2120	2120	2107	2120	2120	2107	2107	2107	2107	2095	2107	2107	2107	2107	2120	2107	2107	2107	2120	2120	2120	2120	2120	2133	2133	2120	2120	2120	2120	2120	2120	2120	2120	2120	2120	2120	2120	2107	2107	2107	2107	2107	2120	2120	2120	2095	2107	2107	2107	2107	2095	2095	2095	2095	2095	2095	2095	2095	2095	2095	2095	2095	2095	2095	2095	2095	2082	2095	2095	2095	2082	2082	2095	2095	2082	2082	2082	2095	2095	2095	2082	2095	2095	2095	2095	2082	2082	2082	2095	2082	2082	2082	2082	2082	2095	2082	2082	2082	2082	2095	2082	2095	2095	2107	2107	2107	2107	2107	2095	2095	2082	2082	2082	2082	2082	2082	2082	2095	2095	2107	2107	2107	2107	2107	2107	2107	2120	2120	2120	2120	2120	0	0	0	0	0	0	0	0	0	0	0	0	0	0	0	0	0	0	0	0	0	0	0	0	0	0	0	0	0	0	0	0	0	0	0	0	
0	0	0	0	0	0	0	0	0	0	0	0	0	0	0	0	0	0	0	0	0	0	0	0	0	0	0	0	0	0	0	0	0	0	0	1838	1848	1858	1858	1878	1899	1909	1920	1931	1931	1941	1941	1952	1975	2021	2033	2033	2045	2057	2057	2069	2069	2069	2082	2107	2120	2133	2133	2120	2133	2147	2174	2289	2304	2289	2289	0	0	0	0	0	0	0	0	0	0	0	0	0	0	0	0	0	0	0	0	0	0	0	0	0	0	0	0	0	0	0	0	0	0	0	0	0	0	0	0	0	0	0	0	0	0	0	0	0	0	0	0	0	0	0	0	0	0	0	0	0	0	0	0	0	0	0	0	0	0	0	0	0	0	0	0	0	0	0	0	0	0	0	0	0	0	0	0	0	0	0	0	0	0	0	0	0	0	0	0	0	0	0	0	0	0	0	0	0	0	0	0	0	0	0	0	0	0	0	0	0	0	0	0	0	0	0	0	0	0	0	0	0	0	0	0	0	0	0	0	0	0	0	0	0	0	0	0	0	0	0	0	0	0	0	0	0	0	0	0	0	0	0	0	0	0	0	0	0	0	0	0	0	0	0	0	0	0	0	0	0	0	0	0	0	2215	2215	2187	2187	2187	2187	2174	2174	2174	2174	2174	2174	2174	2174	2187	2187	2187	2187	2187	2187	2201	2201	2201	2201	2215	2215	2215	2215	2201	2201	2201	2201	2187	2187	2187	2201	2201	2201	2215	2215	2215	2201	2201	2201	2187	2174	2174	2147	2120	2107	2107	2095	2095	2095	2095	2095	2095	2095	2095	2095	2095	2107	2107	2107	2107	2107	2095	2095	2095	2095	2095	2095	2095	2107	2107	2107	2095	2095	2095	2095	2095	2095	2095	2095	2095	2095	2095	2095	2095	2095	2082	2095	2095	2095	2095	2095	2095	2095	2095	2095	2095	2095	2095	2095	2095	2107	2095	2095	2095	2095	2095	2107	2095	2095	2107	2107	2107	2107	2107	2107	2107	2107	2107	2107	2107	2107	2107	2107	2107	2107	2107	2107	2095	2095	2095	2095	2095	2095	2095	2095	2095	2095	2095	2095	2095	2095	2095	2095	2095	2095	2095	2095	2095	2095	2095	2095	2095	2095	2095	2095	2095	2095	2107	2107	2107	2107	2107	2107	2107	2107	2095	2107	2095	2107	2107	2107	2107	2107	2107	2107	2107	2107	2107	2107	2107	2107	2107	2107	2107	2107	2107	2107	2107	2107	2107	2107	2107	2095	2095	2107	2107	2107	2107	2107	2120	2120	2107	2107	2107	2107	2107	2107	2107	2107	2120	2107	2120	2120	2107	2107	2120	2120	2107	2107	2107	2107	2095	2107	2095	2107	2107	2107	2107	2107	2107	2120	2120	2120	2107	2107	2120	2120	2120	2120	2120	2120	2120	2120	2120	2120	2120	2120	2107	2107	2107	2107	2107	2107	2107	2107	2107	2107	2095	2107	2107	2095	2095	2095	2095	2095	2095	2095	2095	2095	2095	2095	2095	2095	2095	2095	2095	2095	2095	2082	2095	2095	2095	2095	2095	2095	2107	2082	2095	2082	2095	2095	2095	2082	2082	2095	2095	2095	2082	2082	2082	2082	2082	2082	2082	2082	2082	2082	2082	2082	2082	2082	2082	2082	2095	2095	2095	2095	2095	2095	2095	2095	2095	2082	2082	2082	2082	2082	2082	2082	2095	2095	2095	2107	2107	2107	2107	2107	2107	2120	2120	2120	2120	2120	0	0	0	0	0	0	0	0	0	0	0	0	0	0	0	0	0	0	0	0	0	0	0	0	0	0	0	0	0	0	0	0	0	0	0	0	
0	0	0	0	0	0	0	0	0	0	0	0	0	0	0	0	0	0	0	0	0	0	0	0	0	0	0	0	0	0	0	0	0	0	0	1828	1848	1868	1868	1888	1899	1909	1920	1931	1931	1941	1941	1952	1964	2021	2033	2033	2045	2057	2057	2069	2069	2069	2082	2107	2107	2133	2133	2120	2133	2160	2174	2274	2289	2289	2289	2304	0	0	0	0	0	0	0	0	0	0	0	0	0	0	0	0	0	0	0	0	0	0	0	0	0	0	0	0	0	0	0	0	0	0	0	0	0	0	0	0	0	0	0	0	0	0	0	0	0	0	0	0	0	0	0	0	0	0	0	0	0	0	0	0	0	0	0	0	0	0	0	0	0	0	0	0	0	0	0	0	0	0	0	0	0	0	0	0	0	0	0	0	0	0	0	0	0	0	0	0	0	0	0	0	0	0	0	0	0	0	0	0	0	0	0	0	0	0	0	0	0	0	0	0	0	0	0	0	0	0	0	0	0	0	0	0	0	0	0	0	0	0	0	0	0	0	0	0	0	0	0	0	0	0	0	0	0	0	0	0	0	0	0	0	0	0	0	0	0	0	0	0	0	0	0	0	0	0	0	0	0	0	0	0	2201	2201	2187	2174	2174	2174	2174	2174	2187	2174	2174	2174	2174	2174	2187	2187	2187	2187	2187	2187	2201	2201	2201	2201	2215	2215	2215	2215	2201	2201	2201	2187	2187	2187	2201	2201	2201	2201	2201	2215	2215	2201	2201	2201	2187	2174	2174	2160	2107	2095	2095	2095	2095	2095	2095	2082	2095	2095	2095	2095	2095	2107	2107	2107	2107	2107	2095	2095	2095	2095	2095	2095	2107	2107	2107	2107	2095	2095	2095	2095	2095	2095	2095	2095	2095	2095	2095	2095	2095	2095	2095	2095	2095	2095	2095	2095	2095	2095	2095	2095	2095	2107	2095	2095	2095	2095	2095	2095	2095	2095	2095	2095	2095	2095	2095	2107	2107	2107	2107	2107	2107	2107	2107	2107	2107	2107	2107	2107	2107	2107	2107	2107	2095	2095	2095	2095	2095	2095	2095	2095	2095	2095	2095	2095	2095	2095	2095	2095	2095	2095	2095	2095	2095	2095	2095	2095	2095	2095	2095	2095	2095	2095	2095	2107	2107	2107	2107	2107	2107	2107	2095	2107	2107	2107	2107	2107	2107	2107	2107	2107	2107	2107	2107	2107	2107	2107	2107	2107	2107	2095	2107	2107	2107	2107	2107	2107	2107	2095	2095	2095	2095	2095	2107	2107	2107	2107	2107	2107	2107	2107	2107	2107	2095	2095	2107	2107	2107	2120	2107	2107	2120	2120	2107	2107	2107	2095	2095	2095	2095	2107	2107	2107	2107	2120	2107	2107	2120	2120	2120	2120	2133	2133	2120	2120	2120	2120	2133	2133	2120	2120	2120	2120	2107	2107	2107	2107	2095	2095	2107	2107	2107	2107	2095	2095	2095	2095	2095	2095	2095	2095	2095	2082	2082	2082	2095	2082	2095	2095	2082	2095	2095	2095	2095	2095	2095	2095	2095	2082	2095	2095	2095	2082	2095	2082	2095	2095	2095	2082	2095	2095	2095	2095	2082	2082	2082	2082	2082	2082	2082	2082	2082	2082	2082	2082	2082	2082	2082	2082	2082	2095	2095	2095	2095	2095	2095	2095	2095	2069	2082	2082	2082	2082	2082	2095	2095	2095	2107	2107	2107	2107	2107	2107	2107	2107	2107	2120	2120	2120	0	0	0	0	0	0	0	0	0	0	0	0	0	0	0	0	0	0	0	0	0	0	0	0	0	0	0	0	0	0	0	0	0	0	0	0	
0	0	0	0	0	0	0	0	0	0	0	0	0	0	0	0	0	0	0	0	0	0	0	0	0	0	0	0	0	0	0	0	0	0	0	1828	1858	1878	1878	1888	1899	1909	1909	1920	1931	1941	1941	1952	1952	2021	2033	2033	2045	2057	2057	2069	2069	2069	2095	2107	2120	2133	2133	2133	2147	2160	2174	2274	2289	2289	2274	2289	2274	2274	0	0	0	0	0	0	0	0	0	0	0	0	0	0	0	0	0	0	0	0	0	0	0	0	0	0	0	0	0	0	0	0	0	0	0	0	0	0	0	0	0	0	0	0	0	0	0	0	0	0	0	0	0	0	0	0	0	0	0	0	0	0	0	0	0	0	0	0	0	0	0	0	0	0	0	0	0	0	0	0	0	0	0	0	0	0	0	0	0	0	0	0	0	0	0	0	0	0	0	0	0	0	0	0	0	0	0	0	0	0	0	0	0	0	0	0	0	0	0	0	0	0	0	0	0	0	0	0	0	0	0	0	0	0	0	0	0	0	0	0	0	0	0	0	0	0	0	0	0	0	0	0	0	0	0	0	0	0	0	0	0	0	0	0	0	0	0	0	0	0	0	0	0	0	0	0	0	0	0	0	0	0	2201	2187	2187	2174	2174	2174	2174	2174	2187	2174	2174	2174	2174	2174	2187	2187	2187	2187	2187	2187	2201	2201	2201	2201	2201	2215	2215	2215	2201	2201	2201	2187	2187	2187	2201	2201	2201	2201	2201	2215	2215	2201	2201	2201	2187	2174	2174	2160	2107	2095	2095	2082	2095	2095	2095	2095	2095	2095	2107	2107	2107	2107	2107	2107	2107	2107	2095	2107	2107	2107	2095	2095	2107	2107	2095	2095	2095	2095	2095	2095	2095	2095	2095	2095	2095	2095	2095	2095	2095	2095	2095	2095	2095	2095	2095	2095	2095	2095	2095	2095	2107	2107	2107	2095	2107	2107	2095	2107	2095	2095	2095	2095	2095	2095	2095	2095	2107	2107	2107	2107	2107	2107	2107	2107	2107	2107	2107	2095	2107	2107	2107	2107	2095	2095	2095	2095	2095	2095	2095	2095	2095	2095	2095	2095	2095	2095	2095	2095	2095	2095	2095	2095	2095	2095	2095	2095	2095	2095	2095	2095	2095	2095	2095	2107	2107	2107	2107	2107	2095	2107	2095	2095	2095	2107	2107	2107	2107	2107	2107	2107	2107	2107	2107	2107	2107	2107	2107	2095	2107	2107	2107	2107	2107	2107	2107	2107	2107	2095	2095	2095	2095	2095	2095	2107	2107	2107	2107	2107	2107	2107	2107	2095	2095	2095	2107	2107	2107	2120	2107	2107	2107	2120	2107	2107	2095	2095	2095	2095	2095	2095	2107	2107	2107	2107	2107	2107	2107	2107	2107	2120	2120	2120	2120	2120	2120	2120	2133	2133	2133	2133	2120	2120	2107	2107	2107	2095	2095	2095	2107	2107	2107	2107	2095	2095	2095	2095	2095	2095	2095	2095	2095	2082	2082	2082	2095	2082	2095	2095	2095	2095	2095	2095	2095	2082	2082	2095	2095	2082	2095	2095	2107	2095	2095	2095	2095	2095	2095	2095	2095	2082	2095	2095	2082	2082	2082	2082	2082	2082	2082	2082	2082	2082	2082	2082	2082	2082	2082	2082	2082	2082	2095	2095	2095	2095	2095	2095	2095	2069	2082	2082	2082	2082	2082	2082	2095	2095	2095	2107	2107	2107	2107	2107	2095	2107	2107	2107	2107	2107	0	0	0	0	0	0	0	0	0	0	0	0	0	0	0	0	0	0	0	0	0	0	0	0	0	0	0	0	0	0	0	0	0	0	0	0	
0	0	0	0	0	0	0	0	0	0	0	0	0	0	0	0	0	0	0	0	0	0	0	0	0	0	0	0	0	0	0	0	0	0	0	1838	1848	1868	1868	1888	1899	1899	1909	1920	1931	1941	1952	1952	1964	2009	2021	2033	2045	2045	2057	2069	2069	2082	2095	2120	2120	2133	2133	2133	2147	2174	2187	2274	2274	2274	2274	2274	2274	2259	0	0	0	0	0	0	0	0	0	0	0	0	0	0	0	0	0	0	0	0	0	0	0	0	0	0	0	0	0	0	0	0	0	0	0	0	0	0	0	0	0	0	0	0	0	0	0	0	0	0	0	0	0	0	0	0	0	0	0	0	0	0	0	0	0	0	0	0	0	0	0	0	0	0	0	0	0	0	0	0	0	0	0	0	0	0	0	0	0	0	0	0	0	0	0	0	0	0	0	0	0	0	0	0	0	0	0	0	0	0	0	0	0	0	0	0	0	0	0	0	0	0	0	0	0	0	0	0	0	0	0	0	0	0	0	0	0	0	0	0	0	0	0	0	0	0	0	0	0	0	0	0	0	0	0	0	0	0	0	0	0	0	0	0	0	0	0	0	0	0	0	0	0	0	0	0	0	0	0	0	0	0	2201	2187	2187	2174	2174	2174	2174	2174	2187	2174	2174	2174	2174	2174	2187	2187	2187	2187	2187	2187	2201	2201	2201	2201	2201	2215	2215	2201	2201	2201	2201	2201	2187	2187	2201	2201	2201	2201	2201	2201	2201	2201	2201	2187	2187	2174	2174	2160	2120	2107	2095	2095	2095	2095	2095	2095	2095	2095	2107	2107	2107	2107	2107	2107	2107	2107	2095	2095	2095	2095	2095	2095	2095	2107	2095	2095	2095	2095	2095	2082	2082	2082	2095	2095	2095	2095	2095	2095	2095	2082	2095	2095	2095	2095	2095	2095	2095	2095	2095	2095	2095	2107	2095	2095	2095	2095	2095	2095	2095	2095	2095	2095	2095	2095	2095	2095	2107	2107	2107	2107	2107	2107	2107	2107	2107	2095	2095	2095	2095	2095	2107	2107	2095	2095	2095	2095	2095	2095	2095	2095	2095	2095	2095	2095	2095	2095	2095	2095	2095	2095	2095	2095	2095	2095	2095	2095	2095	2095	2095	2095	2095	2095	2107	2107	2107	2107	2107	2107	2107	2107	2095	2095	2095	2107	2107	2107	2107	2107	2107	2107	2107	2107	2107	2107	2107	2107	2107	2107	2107	2107	2107	2107	2107	2107	2107	2107	2107	2107	2107	2095	2107	2107	2107	2107	2107	2107	2107	2107	2107	2107	2107	2107	2095	2107	2107	2107	2107	2120	2107	2120	2120	2120	2107	2107	2107	2095	2095	2095	2095	2095	2095	2095	2107	2107	2107	2107	2107	2107	2107	2120	2120	2120	2120	2120	2120	2120	2120	2133	2133	2120	2120	2120	2107	2107	2107	2107	2107	2107	2107	2120	2107	2107	2095	2095	2095	2095	2095	2095	2095	2095	2095	2095	2082	2095	2095	2082	2095	2095	2095	2095	2095	2095	2095	2082	2095	2095	2095	2095	2095	2095	2107	2095	2107	2095	2095	2095	2095	2095	2095	2082	2095	2095	2082	2082	2082	2082	2082	2082	2082	2082	2082	2082	2082	2082	2082	2082	2082	2082	2082	2082	2095	2082	2095	2095	2095	2095	2095	2069	2082	2082	2082	2082	2082	2082	2095	2095	2095	2107	2107	2107	2095	2095	2095	2095	2095	2107	2107	2107	0	0	0	0	0	0	0	0	0	0	0	0	0	0	0	0	0	0	0	0	0	0	0	0	0	0	0	0	0	0	0	0	0	0	0	0	
0	0	0	0	0	0	0	0	0	0	0	0	0	0	0	0	0	0	0	0	0	0	0	0	0	0	0	0	0	0	0	0	0	0	0	1838	1848	1868	1878	1888	1899	1899	1909	1920	1931	1941	1952	1964	1975	2009	2021	2033	2045	2045	2057	2069	2082	2082	2107	2120	2120	2133	2133	2147	2160	2174	2259	2274	2289	2274	2274	2274	2274	2259	0	0	0	0	0	0	0	0	0	0	0	0	0	0	0	0	0	0	0	0	0	0	0	0	0	0	0	0	0	0	0	0	0	0	0	0	0	0	0	0	0	0	0	0	0	0	0	0	0	0	0	0	0	0	0	0	0	0	0	0	0	0	0	0	0	0	0	0	0	0	0	0	0	0	0	0	0	0	0	0	0	0	0	0	0	0	0	0	0	0	0	0	0	0	0	0	0	0	0	0	0	0	0	0	0	0	0	0	0	0	0	0	0	0	0	0	0	0	0	0	0	0	0	0	0	0	0	0	0	0	0	0	0	0	0	0	0	0	0	0	0	0	0	0	0	0	0	0	0	0	0	0	0	0	0	0	0	0	0	0	0	0	0	0	0	0	0	0	0	0	0	0	0	0	0	0	0	0	0	0	0	2201	2201	2201	2187	2174	2174	2174	2174	2174	2174	2174	2174	2174	2174	2174	2187	2187	2187	2187	2187	2187	2201	2201	2201	2201	2215	2215	2215	2201	2201	2201	2201	2201	2187	2201	2201	2201	2215	2201	2201	2201	2201	2201	2201	2187	2187	2174	2174	2160	2107	2107	2095	2095	2095	2095	2095	2095	2095	2107	2107	2107	2107	2107	2107	2107	2107	2095	2082	2095	2095	2095	2095	2095	2095	2107	2095	2095	2095	2095	2095	2095	2095	2095	2095	2095	2095	2095	2095	2095	2095	2082	2095	2095	2095	2082	2095	2095	2095	2082	2095	2095	2095	2107	2095	2095	2095	2095	2095	2095	2095	2095	2095	2095	2095	2095	2095	2095	2107	2107	2107	2107	2107	2107	2107	2107	2107	2095	2095	2095	2095	2095	2107	2107	2095	2095	2095	2095	2095	2095	2095	2095	2095	2095	2095	2095	2095	2095	2095	2095	2095	2095	2095	2095	2095	2095	2095	2095	2095	2095	2095	2095	2095	2107	2107	2107	2107	2107	2107	2107	2107	2107	2095	2107	2095	2095	2095	2095	2107	2107	2107	2107	2107	2107	2107	2107	2107	2107	2107	2107	2107	2107	2107	2107	2107	2107	2107	2120	2120	2107	2095	2095	2095	2107	2107	2107	2107	2107	2107	2107	2107	2107	2107	2107	2095	2107	2107	2107	2107	2120	2107	2107	2120	2107	2107	2107	2107	2095	2095	2095	2095	2095	2095	2095	2107	2107	2107	2107	2107	2107	2107	2120	2120	2120	2120	2120	2120	2120	2120	2120	2120	2120	2120	2107	2120	2107	2107	2107	2107	2107	2107	2107	2107	2107	2095	2095	2095	2095	2095	2095	2095	2095	2095	2095	2095	2095	2095	2095	2095	2095	2095	2095	2095	2095	2095	2082	2095	2095	2095	2095	2095	2095	2107	2095	2107	2095	2095	2095	2095	2095	2095	2082	2095	2095	2082	2082	2082	2082	2082	2082	2082	2082	2082	2082	2082	2082	2082	2082	2095	2095	2082	2082	2095	2082	2082	2082	2095	2095	2095	2069	2082	2082	2082	2082	2082	2095	2095	2095	2095	2107	2107	2107	2095	2095	2095	2095	2095	2107	2107	2107	0	0	0	0	0	0	0	0	0	0	0	0	0	0	0	0	0	0	0	0	0	0	0	0	0	0	0	0	0	0	0	0	0	0	0	0	
0	0	0	0	0	0	0	0	0	0	0	0	0	0	0	0	0	0	0	0	0	0	0	0	0	0	0	0	0	0	0	0	0	0	0	1838	1848	1868	1878	1888	1888	1899	1909	1920	1931	1941	1952	1964	1975	2009	2021	2021	2033	2045	2045	2069	2082	2082	2107	2120	2120	2133	2133	2133	2147	2174	2174	2274	2274	2274	2274	2274	2274	2259	0	0	0	0	0	0	0	0	0	0	0	0	0	0	0	0	0	0	0	0	0	0	0	0	0	0	0	0	0	0	0	0	0	0	0	0	0	0	0	0	0	0	0	0	0	0	0	0	0	0	0	0	0	0	0	0	0	0	0	0	0	0	0	0	0	0	0	0	0	0	0	0	0	0	0	0	0	0	0	0	0	0	0	0	0	0	0	0	0	0	0	0	0	0	0	0	0	0	0	0	0	0	0	0	0	0	0	0	0	0	0	0	0	0	0	0	0	0	0	0	0	0	0	0	0	0	0	0	0	0	0	0	0	0	0	0	0	0	0	0	0	0	0	3975	3975	0	0	0	0	0	0	0	0	0	0	0	0	0	0	0	0	0	0	0	0	0	0	0	0	0	0	0	0	0	0	0	0	0	0	0	0	2215	2215	2201	2187	2187	2174	2174	2174	2174	2174	2174	2174	2174	2174	2174	2187	2187	2187	2187	2187	2187	2201	2201	2201	2201	2201	2201	2201	2201	2201	2187	2201	2201	2187	2201	2201	2201	2215	2201	2201	2201	2201	2201	2187	2187	2174	2174	2174	2160	2107	2107	2095	2095	2095	2095	2107	2107	2107	2107	2107	2107	2107	2107	2107	2107	2107	2095	2082	2082	2082	2082	2082	2095	2095	2095	2095	2095	2095	2095	2095	2095	2095	2095	2095	2095	2095	2082	2095	2082	2095	2082	2082	2082	2082	2082	2082	2082	2082	2082	2082	2082	2095	2095	2095	2095	2095	2095	2095	2095	2095	2095	2095	2095	2095	2095	2095	2095	2107	2107	2107	2107	2107	2107	2107	2107	2107	2107	2095	2095	2095	2107	2107	2095	2095	2095	2095	2095	2095	2095	2095	2095	2095	2095	2095	2095	2095	2095	2095	2095	2095	2095	2095	2095	2095	2095	2095	2095	2095	2095	2095	2095	2095	2107	2095	2107	2107	2107	2107	2107	2107	2107	2095	2095	2095	2095	2095	2095	2107	2107	2107	2107	2107	2107	2107	2107	2107	2107	2107	2107	2107	2107	2107	2107	2107	2107	2107	2107	2107	2095	2095	2095	2095	2107	2107	2107	2107	2107	2107	2107	2107	2107	2107	2107	2095	2107	2107	2120	2120	2120	2107	2120	2120	2120	2107	2107	2107	2107	2107	2107	2107	2107	2107	2107	2107	2107	2107	2107	2107	2107	2107	2107	2107	2107	2107	2120	2120	2120	2107	2120	2120	2120	2107	2120	2120	2120	2120	2120	2107	2107	2107	2107	2107	2107	2095	2095	2095	2095	2095	2095	2095	2095	2095	2095	2095	2095	2095	2095	2095	2095	2095	2095	2095	2095	2095	2082	2082	2082	2095	2082	2095	2095	2095	2095	2095	2095	2095	2095	2095	2082	2095	2082	2095	2095	2082	2082	2082	2082	2082	2082	2082	2082	2082	2082	2082	2082	2082	2082	2095	2095	2095	2095	2095	2082	2082	2095	2095	2082	2095	2069	2082	2082	2082	2082	2095	2095	2095	2095	2095	2107	2107	2107	2095	2095	2095	2095	2095	2095	2107	2107	0	0	0	0	0	0	0	0	0	0	0	0	0	0	0	0	0	0	0	0	0	0	0	0	0	0	0	0	0	0	0	0	0	0	0	0	
0	0	0	0	0	0	0	0	0	0	0	0	0	0	0	0	0	0	0	0	0	0	0	0	0	0	0	0	0	0	0	0	0	0	0	1828	1848	1878	1878	1888	1899	1899	1909	1920	1931	1941	1952	1964	1975	1986	2009	2021	2033	2033	2057	2082	2095	2095	2107	2120	2120	2133	2133	2133	2147	2187	2201	2274	2274	2274	2274	2259	2274	2259	0	0	0	0	0	0	0	0	0	0	0	0	0	0	0	0	0	0	0	0	0	0	0	0	0	0	0	0	0	0	0	0	0	0	0	0	0	0	0	0	0	0	0	0	0	0	0	0	0	0	0	0	0	0	0	0	0	0	0	0	0	0	0	0	0	0	0	0	0	0	0	0	0	0	0	0	0	0	0	0	0	0	0	0	0	0	0	0	0	0	0	0	0	0	0	0	0	0	0	0	0	0	0	0	0	0	0	0	0	0	0	0	0	0	0	0	0	0	0	0	0	0	0	0	0	0	0	0	0	0	0	0	0	0	0	0	0	0	0	0	0	0	0	3975	3975	0	3975	0	0	0	0	0	0	0	0	0	0	0	0	0	0	0	0	0	0	0	0	0	0	0	0	0	0	0	0	0	0	0	0	0	0	2215	2215	2201	2187	2187	2174	2174	2174	2174	2174	2174	2174	2174	2174	2174	2187	2187	2187	2187	2187	2187	2201	2201	2201	2201	2201	2201	2201	2201	2201	2201	2201	2201	2187	2201	2215	2215	2215	2201	2201	2201	2201	2201	2187	2187	2187	2174	2174	2160	2107	2107	2095	2095	2107	2107	2107	2107	2107	2107	2107	2107	2107	2095	2107	2107	2095	2095	2082	2082	2095	2082	2095	2095	2095	2095	2095	2082	2082	2095	2095	2095	2095	2095	2095	2095	2095	2082	2082	2082	2082	2082	2082	2082	2082	2082	2082	2082	2082	2082	2082	2082	2095	2095	2095	2095	2095	2095	2107	2095	2095	2095	2095	2095	2095	2095	2095	2095	2107	2107	2107	2107	2107	2107	2107	2107	2107	2095	2095	2095	2095	2095	2107	2095	2095	2095	2095	2095	2095	2082	2082	2095	2095	2095	2095	2095	2095	2095	2095	2095	2095	2095	2095	2095	2095	2095	2095	2095	2095	2095	2095	2095	2095	2107	2107	2107	2107	2107	2107	2107	2107	2107	2095	2095	2095	2095	2095	2095	2107	2107	2107	2107	2107	2107	2107	2107	2107	2107	2107	2107	2107	2107	2107	2107	2107	2107	2107	2120	2120	2095	2095	2095	2095	2107	2107	2107	2107	2107	2107	2107	2107	2107	2107	2107	2107	2107	2107	2107	2107	2107	2107	2107	2107	2107	2107	2095	2107	2107	2107	2107	2107	2107	2107	2107	2107	2107	2107	2107	2107	2107	2107	2107	2107	2107	2107	2120	2120	2120	2107	2107	2120	2120	2120	2120	2120	2120	2120	2120	2120	2120	2107	2107	2107	2107	2095	2095	2095	2095	2095	2095	2095	2095	2095	2095	2095	2095	2107	2095	2095	2095	2095	2095	2095	2095	2095	2082	2082	2082	2095	2095	2095	2095	2095	2095	2095	2095	2082	2082	2082	2082	2082	2082	2082	2095	2082	2082	2082	2082	2082	2082	2082	2082	2082	2082	2082	2082	2082	2095	2095	2107	2095	2095	2095	2095	2095	2082	2082	2082	2082	2069	2069	2082	2095	2095	2095	2095	2107	2107	2095	2107	2107	2107	2107	2095	2095	2095	2095	2095	2107	2107	0	0	0	0	0	0	0	0	0	0	0	0	0	0	0	0	0	0	0	0	0	0	0	0	0	0	0	0	0	0	0	0	0	0	0	0	
0	0	0	0	0	0	0	0	0	0	0	0	0	0	0	0	0	0	0	0	0	0	0	0	0	0	0	0	0	0	0	0	0	0	0	1838	1848	1878	1888	1888	1899	1899	1909	1920	1941	1952	1964	1964	1975	1986	2021	2021	2021	2033	2057	2069	2095	2095	2107	2120	2120	2133	2133	2133	2133	2174	2259	2274	2274	2274	2274	2259	0	0	0	0	0	0	0	0	0	0	0	0	0	0	0	0	0	0	0	0	0	0	0	0	0	0	0	0	0	0	0	0	0	0	0	0	0	0	0	0	0	0	0	0	0	0	0	0	0	0	0	0	0	0	0	0	0	0	0	0	0	0	0	0	0	0	0	0	0	0	0	0	0	0	0	0	0	0	0	0	0	0	0	0	0	0	0	0	0	0	0	0	0	0	0	0	0	0	0	0	0	0	0	0	0	0	0	0	0	0	0	0	0	0	0	0	0	0	0	0	0	0	0	0	0	0	0	0	0	0	0	0	0	0	0	0	0	0	0	0	0	0	0	0	0	0	0	0	0	0	0	0	0	0	0	0	0	0	0	0	0	0	0	0	0	0	0	0	0	0	0	0	0	0	0	0	0	0	0	0	0	0	0	2215	2215	2201	2187	2187	2174	2174	2174	2174	2174	2174	2174	2187	2174	2187	2187	2187	2187	2187	2187	2187	2201	2201	2201	2201	2201	2201	2201	2201	2201	2201	2201	2201	2201	2201	2201	2201	2201	2201	2201	2201	2201	2187	2187	2187	2187	2174	2174	2160	2107	2095	2095	2095	2095	2107	2107	2107	2107	2107	2095	2095	2095	2095	2095	2095	2095	2095	2082	2095	2095	2095	2095	2095	2095	2095	2095	2082	2082	2082	2095	2082	2082	2082	2095	2082	2095	2082	2082	2082	2082	2082	2082	2082	2082	2082	2082	2082	2082	2082	2082	2082	2095	2095	2095	2095	2095	2095	2095	2095	2095	2082	2095	2095	2095	2095	2107	2107	2107	2095	2107	2107	2107	2107	2107	2107	2107	2107	2107	2107	2107	2107	2107	2107	2095	2095	2095	2095	2095	2082	2082	2095	2095	2095	2095	2095	2095	2095	2095	2095	2095	2095	2095	2095	2095	2095	2095	2095	2095	2095	2095	2095	2095	2095	2107	2107	2107	2107	2107	2107	2107	2107	2107	2107	2095	2107	2095	2095	2107	2107	2107	2107	2107	2107	2107	2107	2107	2107	2107	2107	2107	2107	2107	2107	2107	2120	2120	2120	2120	2107	2107	2095	2095	2095	2107	2107	2107	2107	2107	2107	2107	2107	2107	2107	2095	2107	2107	2107	2107	2107	2107	2107	2107	2107	2095	2095	2107	2107	2107	2107	2107	2107	2107	2107	2107	2107	2107	2107	2107	2107	2107	2120	2120	2107	2107	2120	2120	2120	2107	2107	2120	2120	2120	2120	2120	2120	2120	2120	2120	2120	2107	2107	2107	2107	2095	2095	2095	2095	2095	2095	2095	2095	2095	2095	2095	2095	2107	2095	2095	2095	2095	2095	2095	2082	2095	2082	2082	2082	2095	2095	2095	2095	2095	2095	2095	2095	2082	2082	2095	2082	2095	2082	2095	2095	2082	2082	2082	2082	2082	2082	2082	2082	2069	2082	2082	2082	2082	2095	2107	2107	2107	2107	2107	2095	2095	2095	2095	2082	2082	2069	2069	2082	2082	2082	2095	2095	2095	2095	2095	2095	2095	2107	2095	2095	2095	2095	2095	2095	2107	2095	0	0	0	0	0	0	0	0	0	0	0	0	0	0	0	0	0	0	0	0	0	0	0	0	0	0	0	0	0	0	0	0	0	0	0	0	
0	0	0	0	0	0	0	0	0	0	0	0	0	0	0	0	0	0	0	0	0	0	0	0	0	0	0	0	0	0	0	0	0	0	0	1848	1858	1878	1888	1888	1899	1899	1909	1920	1941	1952	1964	1964	1975	1986	2021	2021	2033	2045	2069	2082	2095	2095	2107	2120	2120	2133	2147	2147	2147	2187	2259	2274	2274	2274	2274	0	0	0	0	0	0	0	0	0	0	0	0	0	0	0	0	0	0	0	0	0	0	0	0	0	0	0	0	0	0	0	0	0	0	0	0	0	0	0	0	0	0	0	0	0	0	0	0	0	0	0	0	0	0	0	0	0	0	0	0	0	0	0	0	0	0	0	0	0	0	0	0	0	0	0	0	0	0	0	0	0	0	0	0	0	0	0	0	0	0	0	0	0	0	0	0	0	0	0	0	0	0	0	0	0	0	0	0	0	0	0	0	0	0	0	0	0	0	0	0	0	0	0	0	0	0	0	0	0	0	0	0	0	0	0	0	0	0	0	0	0	0	0	0	0	0	0	0	0	3975	0	0	0	0	0	0	0	0	0	0	0	0	0	0	0	0	0	0	0	0	0	0	0	0	0	0	0	0	0	0	0	0	0	0	2215	2215	2201	2187	2187	2174	2174	2174	2174	2174	2174	2174	2174	2174	2174	2187	2187	2187	2187	2187	2187	2201	2201	2201	2201	2201	2201	2201	2201	2201	2201	2201	2201	2201	2201	2201	2201	2201	2201	2201	2187	2187	2187	2187	2187	2174	2174	2174	2160	2107	2107	2095	2107	2107	2107	2107	2107	2107	2107	2095	2095	2095	2095	2095	2095	2095	2095	2095	2095	2095	2095	2095	2095	2095	2095	2082	2082	2082	2069	2082	2082	2082	2082	2082	2082	2082	2082	2082	2069	2069	2069	2082	2082	2095	2082	2095	2082	2082	2082	2082	2082	2095	2095	2095	2095	2095	2095	2095	2095	2095	2095	2095	2095	2095	2095	2107	2107	2107	2107	2107	2107	2107	2107	2107	2107	2107	2107	2107	2107	2107	2107	2107	2107	2095	2095	2095	2095	2082	2082	2082	2095	2095	2095	2095	2095	2095	2095	2095	2095	2095	2095	2095	2095	2095	2095	2095	2095	2095	2095	2095	2095	2095	2095	2107	2107	2107	2107	2107	2107	2107	2107	2107	2107	2095	2107	2095	2095	2107	2095	2107	2107	2107	2107	2107	2107	2107	2107	2107	2107	2107	2107	2107	2107	2107	2120	2120	2120	2120	2107	2107	2107	2107	2107	2107	2107	2107	2107	2107	2107	2107	2107	2107	2107	2107	2107	2107	2107	2107	2107	2107	2107	2120	2107	2107	2107	2107	2107	2107	2120	2120	2107	2107	2107	2107	2107	2107	2120	2107	2107	2107	2120	2120	2107	2107	2107	2107	2107	2107	2107	2107	2120	2107	2120	2120	2120	2120	2120	2120	2120	2107	2107	2107	2107	2095	2095	2095	2095	2095	2095	2095	2095	2095	2095	2095	2095	2107	2095	2107	2107	2095	2095	2095	2082	2095	2082	2082	2082	2095	2095	2095	2095	2095	2095	2095	2095	2082	2082	2082	2082	2082	2082	2095	2095	2095	2082	2082	2082	2082	2082	2082	2082	2069	2082	2082	2082	2082	2095	2107	2107	2107	2107	2107	2095	2095	2095	2095	2095	2095	2069	2082	2082	2082	2082	2095	2082	2095	2095	2095	2095	2095	2107	2107	2107	2107	2095	2107	2095	2107	2107	0	0	0	0	0	0	0	0	0	0	0	0	0	0	0	0	0	0	0	0	0	0	0	0	0	0	0	0	0	0	0	0	0	0	0	0	
0	0	0	0	0	0	0	0	0	0	0	0	0	0	0	0	0	0	0	0	0	0	0	0	0	0	0	0	0	0	0	0	0	0	0	1848	1858	1868	1878	1888	1899	1899	1920	1931	1941	1941	1952	1964	1975	1986	2021	2033	2033	2045	2057	2069	2082	2082	2107	2120	2120	2133	2147	2147	2147	2187	2187	2274	2274	2274	2274	0	0	0	0	0	0	0	0	0	0	0	0	0	0	0	0	0	0	0	0	0	0	0	0	0	0	0	0	0	0	0	0	0	0	0	0	0	0	0	0	0	0	0	0	0	0	0	0	0	0	0	0	0	0	0	0	0	0	0	0	0	0	0	0	0	0	0	0	0	0	0	0	0	0	0	0	0	0	0	0	0	0	0	0	0	0	0	0	0	0	0	0	0	0	0	0	0	0	0	0	0	0	0	0	0	0	0	0	0	0	0	0	0	0	0	0	0	0	0	0	0	0	0	0	0	0	0	0	0	0	0	0	0	0	0	0	0	0	0	0	0	0	0	0	0	0	0	0	0	0	0	0	0	0	0	0	0	0	0	0	0	0	0	0	0	0	0	0	0	0	0	0	0	0	0	0	0	0	0	0	0	0	0	2230	2215	2215	2201	2187	2187	2174	2174	2174	2174	2174	2174	2174	2174	2174	2187	2187	2187	2187	2187	2187	2201	2201	2201	2201	2201	2201	2201	2201	2187	2201	2187	2201	2201	2187	2201	2201	2201	2201	2201	2187	2187	2187	2187	2187	2187	2174	2174	2174	2147	2107	2107	2095	2095	2095	2095	2107	2107	2107	2095	2095	2095	2095	2095	2095	2095	2095	2095	2095	2095	2095	2095	2095	2082	2082	2082	2082	2069	2082	2069	2082	2082	2082	2095	2082	2082	2082	2082	2082	2082	2069	2069	2082	2082	2082	2082	2082	2082	2082	2082	2082	2082	2095	2095	2095	2095	2095	2095	2095	2095	2095	2095	2107	2095	2107	2107	2107	2107	2107	2107	2107	2107	2107	2107	2107	2107	2107	2107	2107	2107	2107	2107	2107	2107	2095	2095	2095	2095	2095	2082	2095	2095	2095	2095	2095	2095	2095	2095	2095	2095	2107	2095	2107	2095	2095	2095	2095	2095	2095	2095	2095	2095	2095	2095	2095	2107	2107	2107	2095	2107	2107	2107	2107	2107	2095	2107	2095	2095	2095	2095	2107	2107	2095	2095	2107	2095	2107	2107	2107	2107	2107	2107	2107	2107	2120	2120	2120	2120	2120	2107	2095	2107	2095	2095	2107	2107	2107	2107	2107	2107	2107	2107	2107	2107	2107	2107	2107	2107	2107	2107	2107	2120	2120	2107	2107	2107	2120	2107	2120	2120	2120	2107	2120	2107	2107	2107	2107	2120	2107	2107	2107	2107	2120	2107	2107	2107	2107	2107	2107	2107	2107	2107	2107	2120	2120	2133	2120	2120	2120	2120	2107	2107	2107	2107	2095	2095	2095	2107	2107	2095	2107	2095	2095	2095	2095	2095	2095	2095	2095	2095	2095	2095	2095	2095	2095	2082	2082	2082	2095	2095	2095	2095	2095	2095	2095	2082	2082	2082	2082	2082	2082	2082	2095	2095	2095	2095	2082	2082	2082	2082	2082	2082	2082	2082	2095	2095	2095	2107	2107	2107	2107	2107	2107	2095	2095	2095	2095	2082	2095	2069	2082	2082	2082	2082	2082	2082	2095	2082	2082	2082	2095	2095	2095	2095	2107	2107	2107	2095	2107	2107	0	0	0	0	0	0	0	0	0	0	0	0	0	0	0	0	0	0	0	0	0	0	0	0	0	0	0	0	0	0	0	0	0	0	0	0	
0	0	0	0	0	0	0	0	0	0	0	0	0	0	0	0	0	0	0	0	0	0	0	0	0	0	0	0	0	0	0	0	0	0	0	1858	1868	1878	1878	1888	1888	1899	1909	1931	1941	1952	1964	1975	1975	1986	1986	2021	2033	2045	2057	2069	2082	2082	2095	2107	2120	2133	2147	2147	2147	2174	2187	2274	2274	2274	2274	0	0	0	0	0	0	0	0	0	0	0	0	0	0	0	0	0	0	0	0	0	0	0	0	0	0	0	0	0	0	0	0	0	0	0	0	0	0	0	0	0	0	0	0	0	0	0	0	0	0	0	0	0	0	0	0	0	0	0	0	0	0	0	0	0	0	0	0	0	0	0	0	0	0	0	0	0	0	0	0	0	0	0	0	0	0	0	0	0	0	0	0	0	0	0	0	0	0	0	0	0	0	0	0	0	0	0	0	0	0	0	0	0	0	0	0	0	0	0	0	0	0	0	0	0	0	0	0	0	0	0	0	0	0	0	0	0	0	0	0	0	0	0	0	0	0	0	0	0	0	0	0	0	0	0	0	0	0	0	0	0	0	0	0	0	0	0	0	0	0	0	0	0	0	0	0	0	0	0	0	0	0	0	2244	2230	2230	2215	2187	2187	2187	2174	2174	2174	2174	2174	2174	2174	2174	2174	2187	2187	2187	2187	2187	2201	2201	2187	2201	2201	2201	2201	2201	2201	2201	2201	2201	2201	2187	2187	2187	2187	2201	2187	2187	2187	2187	2187	2187	2187	2174	2174	2160	2147	2107	2107	2095	2095	2095	2095	2107	2107	2095	2095	2095	2095	2095	2095	2095	2095	2107	2107	2095	2095	2095	2095	2095	2082	2082	2082	2069	2069	2069	2069	2082	2082	2082	2095	2095	2082	2082	2082	2082	2082	2069	2069	2069	2082	2082	2069	2082	2082	2082	2082	2082	2082	2095	2095	2095	2095	2095	2095	2095	2095	2095	2095	2095	2095	2095	2107	2107	2107	2107	2107	2107	2095	2095	2107	2107	2107	2107	2107	2107	2107	2107	2107	2107	2107	2095	2095	2095	2095	2095	2082	2095	2095	2095	2095	2095	2095	2095	2095	2095	2095	2107	2107	2107	2107	2107	2095	2095	2095	2095	2095	2095	2095	2095	2095	2095	2095	2095	2095	2095	2107	2095	2107	2095	2095	2107	2107	2107	2107	2107	2095	2107	2107	2107	2107	2107	2095	2107	2107	2107	2107	2107	2107	2107	2107	2120	2120	2120	2120	2120	2107	2095	2095	2095	2095	2095	2107	2107	2120	2107	2107	2107	2107	2107	2107	2107	2107	2107	2107	2107	2107	2107	2120	2120	2107	2107	2107	2120	2120	2120	2120	2120	2120	2120	2107	2107	2107	2107	2120	2107	2107	2107	2120	2120	2107	2107	2107	2107	2107	2095	2095	2107	2107	2107	2120	2120	2120	2120	2120	2120	2107	2107	2107	2107	2107	2095	2107	2107	2107	2107	2095	2095	2095	2095	2095	2095	2095	2095	2095	2095	2095	2107	2095	2095	2095	2095	2095	2095	2095	2095	2107	2095	2095	2095	2095	2082	2082	2082	2082	2082	2082	2082	2095	2082	2095	2095	2095	2095	2082	2082	2082	2082	2082	2082	2082	2095	2095	2095	2107	2107	2107	2107	2107	2107	2107	2095	2095	2095	2095	2095	2082	2082	2082	2082	2095	2095	2095	2095	2082	2082	2082	2082	2095	2095	2095	2107	2107	2107	2095	2095	2095	0	0	0	0	0	0	0	0	0	0	0	0	0	0	0	0	0	0	0	0	0	0	0	0	0	0	0	0	0	0	0	0	0	0	0	0	
0	0	0	0	0	0	0	0	0	0	0	0	0	0	0	0	0	0	0	0	0	0	0	0	0	0	0	0	0	0	0	0	0	0	0	1858	1868	1878	1878	1888	1888	1899	1920	1931	1941	1952	1964	1975	1975	1986	1986	2033	2033	2045	2057	2069	2082	2082	2095	2107	2120	2147	2160	2147	2160	2174	2187	2201	2274	2274	2274	0	0	0	0	0	0	0	0	0	0	0	0	0	0	0	0	0	0	0	0	0	0	0	0	0	0	0	0	0	0	0	0	0	0	0	0	0	0	0	0	0	0	0	0	0	0	0	0	0	0	0	0	0	0	0	0	0	0	0	0	0	0	0	0	0	0	0	0	0	0	0	0	0	0	0	0	0	0	0	0	0	0	0	0	0	0	0	0	0	0	0	0	0	0	0	0	0	0	0	0	0	0	0	0	0	0	0	0	0	0	0	0	0	0	0	0	0	0	0	0	0	0	0	0	0	0	0	0	0	0	0	0	0	0	0	0	0	0	0	0	0	0	0	0	0	0	0	0	0	0	0	0	0	0	0	0	0	0	0	0	0	0	0	0	0	0	0	0	0	0	0	0	0	0	0	0	0	0	0	0	0	0	2244	2244	2230	2230	2215	2201	2187	2187	2174	2174	2174	2174	2174	2174	2174	2174	2187	2187	2187	2187	2187	2201	2201	2201	2187	2201	2201	2201	2201	2201	2201	2201	2201	2201	2201	2187	2187	2187	2187	2187	2187	2187	2187	2187	2187	2187	2187	2174	2174	2160	2133	2120	2107	2095	2095	2095	2095	2107	2095	2095	2095	2095	2095	2095	2095	2095	2107	2107	2107	2107	2107	2095	2107	2095	2095	2095	2082	2069	2069	2069	2069	2069	2082	2082	2095	2095	2082	2082	2082	2082	2082	2082	2069	2082	2082	2082	2069	2082	2082	2082	2082	2095	2082	2095	2095	2095	2095	2095	2095	2095	2095	2095	2095	2095	2095	2107	2107	2107	2107	2107	2107	2095	2095	2095	2107	2107	2107	2107	2107	2107	2107	2107	2107	2107	2107	2095	2095	2095	2095	2095	2095	2095	2095	2095	2095	2095	2095	2095	2095	2095	2095	2107	2095	2107	2107	2107	2095	2095	2095	2095	2095	2095	2095	2095	2095	2095	2095	2095	2095	2095	2095	2095	2107	2095	2095	2107	2107	2107	2107	2107	2095	2107	2107	2095	2107	2095	2095	2107	2107	2107	2107	2107	2107	2107	2107	2120	2120	2120	2120	2120	2095	2095	2095	2095	2095	2095	2095	2107	2107	2107	2107	2107	2107	2107	2107	2107	2107	2107	2107	2107	2107	2107	2107	2120	2107	2107	2120	2120	2120	2120	2120	2120	2120	2120	2107	2107	2107	2107	2120	2120	2107	2107	2120	2120	2107	2107	2107	2107	2107	2095	2095	2107	2107	2107	2120	2120	2120	2120	2120	2107	2107	2107	2107	2107	2107	2095	2107	2095	2107	2107	2107	2107	2107	2095	2095	2095	2095	2095	2095	2095	2095	2107	2095	2095	2095	2095	2095	2095	2107	2107	2107	2107	2095	2095	2095	2082	2082	2082	2082	2082	2082	2082	2082	2082	2095	2095	2107	2095	2082	2082	2082	2082	2082	2082	2082	2082	2095	2095	2095	2095	2107	2107	2095	2107	2095	2095	2095	2095	2082	2095	2069	2069	2069	2069	2082	2082	2082	2082	2082	2082	2082	2082	2095	2095	2095	2107	2095	2095	2095	2095	2095	0	0	0	0	0	0	0	0	0	0	0	0	0	0	0	0	0	0	0	0	0	0	0	0	0	0	0	0	0	0	0	0	0	0	0	0	
0	0	0	0	0	0	0	0	0	0	0	0	0	0	0	0	0	0	0	0	0	0	0	0	0	0	0	0	0	0	0	0	0	0	0	1868	1868	1878	1878	1888	1899	1899	1920	1931	1941	1952	1964	1975	1975	1975	1986	2033	2033	2045	2057	2069	2069	2082	2082	2107	2120	2147	2160	2160	2160	2174	2187	2215	2274	2274	2274	0	0	0	0	0	0	0	0	0	0	0	0	0	0	0	0	0	0	0	0	0	0	0	0	0	0	0	0	0	0	0	0	0	0	0	0	0	0	0	0	0	0	0	0	0	0	0	0	0	0	0	0	0	0	0	0	0	0	0	0	0	0	0	0	0	0	0	0	0	0	0	0	0	0	0	0	0	0	0	0	0	0	0	0	0	0	0	0	0	0	0	0	0	0	0	0	0	0	0	0	0	0	0	0	0	0	0	0	0	0	0	0	0	0	0	0	0	0	0	0	0	0	0	0	0	0	0	0	0	0	0	0	0	0	0	0	0	0	0	0	0	0	0	0	0	0	0	0	0	0	0	0	0	0	0	0	0	0	0	0	0	0	0	0	0	0	0	0	0	0	0	0	0	0	0	0	0	0	0	0	0	0	0	2244	2230	2215	2215	2201	2187	2187	2187	2174	2174	2174	2174	2174	2174	2174	2187	2187	2187	2187	2187	2201	2201	2201	2187	2201	2187	2201	2201	2201	2201	2201	2201	2201	2201	2201	2201	2201	2187	2201	2201	2187	2187	2187	2187	2187	2187	2174	2174	2147	2133	2107	2107	2095	2095	2082	2095	2095	2095	2095	2095	2095	2095	2095	2095	2095	2095	2107	2107	2107	2107	2095	2107	2095	2095	2082	2082	2069	2069	2069	2069	2069	2069	2082	2082	2082	2082	2082	2082	2082	2082	2082	2082	2082	2082	2082	2069	2082	2082	2082	2082	2082	2082	2095	2095	2095	2095	2095	2095	2095	2095	2095	2095	2095	2095	2095	2107	2107	2107	2107	2107	2095	2095	2095	2107	2095	2095	2107	2107	2107	2107	2107	2107	2107	2107	2095	2095	2095	2095	2095	2095	2095	2095	2095	2095	2095	2095	2095	2095	2095	2095	2107	2107	2107	2107	2095	2095	2095	2095	2095	2095	2095	2095	2095	2095	2095	2095	2095	2095	2095	2095	2095	2107	2095	2095	2095	2107	2107	2107	2107	2095	2107	2107	2095	2107	2095	2095	2107	2107	2107	2107	2107	2107	2107	2107	2120	2120	2120	2120	2120	2095	2095	2095	2095	2095	2095	2095	2107	2107	2107	2107	2107	2107	2107	2107	2107	2107	2107	2107	2107	2107	2107	2107	2120	2107	2107	2107	2107	2107	2120	2107	2120	2120	2120	2107	2107	2107	2107	2107	2107	2107	2107	2120	2120	2120	2107	2107	2107	2107	2107	2107	2107	2107	2120	2120	2107	2120	2120	2107	2107	2107	2107	2107	2107	2107	2095	2095	2095	2107	2107	2095	2095	2095	2095	2095	2095	2095	2095	2095	2095	2095	2107	2095	2095	2095	2107	2107	2107	2107	2107	2107	2107	2107	2095	2095	2082	2082	2082	2082	2082	2082	2082	2095	2095	2095	2095	2107	2095	2095	2082	2082	2082	2082	2082	2082	2082	2095	2107	2095	2095	2095	2107	2095	2095	2095	2095	2095	2095	2082	2095	2069	2082	2082	2069	2082	2082	2082	2082	2069	2069	2082	2082	2095	2095	2095	2107	2095	2095	2095	2095	2082	0	0	0	0	0	0	0	0	0	0	0	0	0	0	0	0	0	0	0	0	0	0	0	0	0	0	0	0	0	0	0	0	0	0	0	0	
0	0	0	0	0	0	0	0	0	0	0	0	0	0	0	0	0	0	0	0	0	0	0	0	0	0	0	0	0	0	0	0	0	0	0	1868	1868	1868	1878	1888	1899	1899	1920	1931	1941	1952	1964	1975	1975	1986	2009	2021	2033	2045	2057	2069	2069	2069	2082	2095	2120	2160	2174	2160	2160	2174	2187	2215	2274	2274	2274	0	0	0	0	0	0	0	0	0	0	0	0	0	0	0	0	0	0	0	0	0	0	0	0	0	0	0	0	0	0	0	0	0	0	0	0	0	0	0	0	0	0	0	0	0	0	0	0	0	0	0	0	0	0	0	0	0	0	0	0	0	0	0	0	0	0	0	0	0	0	0	0	0	0	0	0	0	0	0	0	0	0	0	0	0	0	0	0	0	0	0	0	0	0	0	0	0	0	0	0	0	0	0	0	0	0	0	0	0	0	0	0	0	0	0	0	0	0	0	0	0	0	0	0	0	0	0	0	0	0	0	0	0	0	0	0	0	0	0	0	0	0	0	0	0	0	0	0	0	0	0	0	0	0	0	0	0	0	0	0	0	0	0	0	0	0	0	0	0	0	0	0	0	0	0	0	0	0	0	0	0	0	0	2244	2244	2230	2230	2201	2201	2187	2187	2174	2174	2174	2174	2174	2174	2174	2187	2187	2187	2187	2187	2201	2201	2201	2187	2201	2187	2187	2201	2201	2187	2201	2201	2201	2201	2201	2201	2201	2201	2201	2201	2187	2187	2187	2187	2187	2174	2174	2160	2147	2133	2107	2107	2095	2095	2082	2095	2095	2095	2095	2095	2095	2095	2095	2095	2095	2095	2095	2107	2107	2095	2095	2095	2095	2095	2082	2082	2069	2069	2069	2069	2069	2069	2082	2082	2082	2082	2082	2082	2082	2082	2082	2069	2069	2082	2082	2069	2069	2082	2082	2082	2095	2095	2095	2095	2095	2095	2095	2095	2095	2095	2095	2095	2095	2095	2095	2107	2107	2107	2107	2107	2095	2095	2095	2107	2095	2095	2095	2107	2107	2107	2095	2107	2107	2107	2095	2095	2095	2095	2095	2095	2095	2095	2095	2095	2095	2095	2095	2095	2095	2095	2107	2107	2107	2107	2095	2095	2095	2095	2095	2095	2095	2095	2095	2095	2095	2095	2095	2095	2095	2095	2107	2107	2095	2095	2095	2107	2095	2107	2107	2095	2107	2107	2095	2107	2095	2095	2107	2107	2107	2107	2107	2107	2107	2107	2120	2120	2120	2120	2120	2095	2095	2095	2095	2095	2095	2095	2095	2107	2095	2107	2107	2107	2107	2107	2107	2107	2107	2107	2107	2107	2107	2107	2107	2107	2107	2107	2107	2107	2107	2107	2107	2120	2120	2107	2107	2107	2107	2107	2107	2107	2107	2107	2120	2107	2107	2107	2107	2107	2107	2107	2107	2107	2120	2120	2107	2120	2120	2107	2107	2107	2107	2107	2107	2107	2095	2095	2095	2107	2107	2095	2095	2095	2095	2095	2095	2095	2095	2095	2095	2095	2107	2095	2107	2107	2107	2107	2107	2107	2107	2107	2107	2095	2095	2095	2095	2095	2082	2082	2082	2082	2082	2095	2095	2095	2107	2107	2095	2095	2082	2082	2082	2082	2082	2082	2082	2095	2095	2095	2095	2095	2095	2082	2095	2082	2082	2095	2095	2095	2095	2082	2082	2082	2069	2069	2069	2069	2069	2069	2069	2069	2082	2095	2095	2095	2107	2095	2095	2095	0	0	0	0	0	0	0	0	0	0	0	0	0	0	0	0	0	0	0	0	0	0	0	0	0	0	0	0	0	0	0	0	0	0	0	0	0	0	
0	0	0	0	0	0	0	0	0	0	0	0	0	0	0	0	0	0	0	0	0	0	0	0	0	0	0	0	0	0	0	0	0	0	0	1868	1868	1868	1878	1888	1899	1909	1920	1931	1931	1952	1964	1975	1975	1975	2009	2021	2033	2045	2045	2057	2069	2069	2082	2095	2120	2160	2174	2160	2160	2174	2187	2201	2274	2274	2274	2274	0	0	0	0	0	0	0	0	0	0	0	0	0	0	0	0	0	0	0	0	0	0	0	0	0	0	0	0	0	0	0	0	0	0	0	0	0	0	0	0	0	0	0	0	0	0	0	0	0	0	0	0	0	0	0	0	0	0	0	0	0	0	0	0	0	0	0	0	0	0	0	0	0	0	0	0	0	0	0	0	0	0	0	0	0	0	0	0	0	0	0	0	0	0	0	0	0	0	0	0	0	0	0	0	0	0	0	0	0	0	0	0	0	0	0	0	0	0	0	0	0	0	0	0	0	0	0	0	0	0	0	0	0	0	0	0	0	0	0	0	0	0	0	0	0	0	0	0	0	0	0	0	0	0	0	0	0	0	0	0	0	0	0	0	0	0	0	0	0	0	0	0	0	0	0	0	0	0	0	0	0	2259	2259	2244	2244	2244	2215	2201	2187	2187	2174	2174	2174	2174	2174	2174	2174	2174	2187	2187	2187	2187	2201	2201	2201	2187	2201	2187	2187	2187	2187	2187	2187	2201	2201	2201	2201	2201	2201	2201	2201	2201	2187	2187	2187	2187	2174	2174	2174	2147	2133	2120	2107	2095	2095	2082	2082	2082	2095	2095	2095	2095	2095	2107	2095	2095	2095	2095	2095	2095	2095	2095	2082	2095	2082	2082	2082	2082	2082	2069	2069	2069	2069	2069	2069	2082	2082	2082	2082	2082	2082	2082	2069	2069	2069	2082	2082	2082	2069	2069	2082	2082	2082	2082	2082	2082	2095	2095	2095	2095	2095	2095	2095	2095	2095	2107	2095	2107	2107	2107	2107	2107	2107	2095	2095	2107	2095	2095	2095	2095	2095	2095	2095	2107	2107	2107	2095	2095	2095	2095	2095	2095	2095	2095	2095	2095	2095	2095	2095	2095	2095	2095	2095	2107	2107	2095	2095	2095	2095	2095	2095	2095	2095	2095	2095	2095	2095	2095	2095	2095	2095	2095	2095	2107	2095	2095	2095	2107	2095	2107	2095	2095	2107	2107	2095	2107	2095	2095	2095	2107	2107	2107	2107	2107	2107	2107	2107	2107	2107	2107	2107	2095	2095	2095	2095	2095	2095	2095	2095	2107	2095	2095	2107	2095	2107	2107	2107	2107	2107	2107	2107	2107	2107	2107	2120	2120	2107	2107	2107	2107	2107	2107	2120	2120	2120	2107	2107	2107	2107	2107	2107	2107	2107	2107	2107	2107	2107	2107	2107	2120	2120	2120	2120	2107	2120	2120	2120	2120	2107	2107	2120	2107	2107	2120	2120	2120	2107	2107	2107	2107	2107	2095	2095	2095	2095	2095	2082	2095	2095	2095	2095	2095	2107	2095	2107	2107	2107	2107	2107	2107	2107	2095	2095	2107	2095	2095	2095	2095	2095	2082	2082	2082	2082	2095	2095	2095	2107	2107	2107	2095	2095	2095	2082	2082	2082	2082	2082	2095	2095	2095	2082	2082	2082	2082	2082	2082	2082	2095	2095	2082	2082	2069	2069	2069	2069	2069	2069	2069	2069	2069	2069	2069	2082	2095	2095	2095	2107	2095	2095	0	0	0	0	0	0	0	0	0	0	0	0	0	0	0	0	0	0	0	0	0	0	0	0	0	0	0	0	0	0	0	0	0	0	0	0	0	0	0	
0	0	0	0	0	0	0	0	0	0	0	0	0	0	0	0	0	0	0	0	0	0	0	0	0	0	0	0	0	0	0	0	0	0	0	1858	1868	1868	1878	1888	1899	1909	1931	1931	1941	1941	1964	1975	1975	1975	2009	2021	2033	2045	2045	2057	2069	2069	2069	2095	2120	2160	2174	2160	2160	2174	2174	2187	2259	2259	2274	2274	0	0	0	0	0	0	0	0	0	0	0	0	0	0	0	0	0	0	0	0	0	0	0	0	0	0	0	0	0	0	0	0	0	0	0	0	0	0	0	0	0	0	0	0	0	0	0	0	0	0	0	0	0	0	0	0	0	0	0	0	0	0	0	0	0	0	0	0	0	0	0	0	0	0	0	0	0	0	0	0	0	0	0	0	0	0	0	0	0	0	0	0	0	0	0	0	0	0	0	0	0	0	0	0	0	0	0	0	0	0	0	0	0	0	0	0	0	0	0	0	0	0	0	0	0	0	0	0	0	0	0	0	0	0	0	0	0	0	0	0	0	0	0	0	0	0	0	0	0	0	0	0	0	0	0	0	0	0	0	0	0	0	0	0	0	0	0	0	0	0	0	0	0	0	0	0	0	0	0	0	0	0	2259	2259	2244	2244	2215	2201	2187	2174	2174	2174	2174	2174	2174	2174	2174	2174	2187	2187	2187	2187	2201	2201	2201	2187	2201	2201	2187	2187	2187	2187	2201	2201	2201	2201	2201	2215	2215	2201	2201	2201	2201	2187	2187	2187	2174	2174	2160	2147	2133	2120	2095	2095	2082	2082	2082	2082	2095	2082	2095	2095	2095	2107	2095	2095	2095	2095	2095	2095	2095	2095	2082	2095	2082	2095	2082	2082	2082	2069	2069	2069	2069	2069	2082	2095	2095	2082	2082	2082	2082	2082	2069	2069	2069	2069	2082	2069	2069	2069	2069	2082	2082	2082	2082	2082	2095	2095	2095	2095	2095	2095	2095	2095	2095	2107	2095	2107	2107	2107	2107	2107	2107	2107	2107	2107	2095	2095	2095	2095	2095	2095	2095	2095	2095	2107	2095	2095	2095	2095	2095	2095	2095	2095	2095	2095	2082	2082	2095	2095	2095	2095	2095	2107	2107	2095	2095	2095	2095	2095	2095	2095	2095	2095	2095	2095	2095	2095	2095	2095	2095	2095	2107	2107	2107	2095	2095	2107	2107	2107	2107	2107	2107	2095	2095	2095	2095	2095	2095	2107	2107	2095	2107	2107	2107	2107	2107	2107	2107	2107	2107	2095	2095	2095	2095	2095	2095	2095	2095	2095	2095	2095	2107	2095	2107	2107	2107	2107	2107	2107	2107	2107	2107	2107	2107	2107	2107	2107	2107	2107	2107	2107	2120	2120	2120	2107	2107	2107	2107	2107	2107	2095	2107	2107	2107	2107	2107	2107	2107	2120	2120	2120	2120	2120	2120	2120	2120	2120	2107	2107	2107	2107	2107	2120	2120	2107	2107	2107	2095	2107	2095	2095	2095	2095	2095	2095	2095	2095	2107	2095	2095	2095	2107	2095	2107	2107	2107	2120	2120	2120	2107	2095	2095	2095	2095	2095	2095	2095	2095	2095	2095	2082	2082	2095	2095	2095	2095	2107	2107	2095	2082	2082	2095	2082	2082	2082	2082	2107	2107	2095	2082	2082	2095	2082	2095	2082	2082	2082	2082	2082	2082	2069	2069	2069	2069	2069	2069	2069	2069	2069	2069	2069	2069	2082	2082	2095	2095	2095	0	0	0	0	0	0	0	0	0	0	0	0	0	0	0	0	0	0	0	0	0	0	0	0	0	0	0	0	0	0	0	0	0	0	0	0	0	0	0	0	
0	0	0	0	0	0	0	0	0	0	0	0	0	0	0	0	0	0	0	0	0	0	0	0	0	0	0	0	0	0	0	0	0	0	0	1858	1858	1868	1878	1888	1899	1909	1920	1931	1941	1952	1952	1964	1975	1975	2009	2021	2033	2045	2045	2057	2069	2069	2069	2095	2120	2147	2160	2160	2160	2174	2174	2187	2244	2259	2259	2259	0	0	0	0	0	0	0	0	0	0	0	0	0	0	0	0	0	0	0	0	0	0	0	0	0	0	0	0	0	0	0	0	0	0	0	0	0	0	0	0	0	0	0	0	0	0	0	0	0	0	0	0	0	0	0	0	0	0	0	0	0	0	0	0	0	0	0	0	0	0	0	0	0	0	0	0	0	0	0	0	0	0	0	0	0	0	0	0	0	0	0	0	0	0	0	0	0	0	0	0	0	0	0	0	0	0	0	0	0	0	0	0	0	0	0	0	0	0	0	0	0	0	0	0	0	0	0	0	0	0	0	0	0	0	0	0	0	0	0	0	0	0	0	0	0	0	0	0	0	0	0	0	0	0	0	0	0	0	0	0	0	0	0	0	0	0	0	0	0	0	0	0	0	0	0	0	0	0	0	0	0	0	2259	2259	2244	2244	2215	2201	2187	2174	2174	2174	2160	2174	2174	2174	2174	2174	2174	2187	2174	2187	2187	2187	2187	2187	2201	2187	2187	2187	2187	2201	2201	2201	2201	2215	2201	2215	2215	2201	2201	2201	2201	2201	2187	2187	2187	2174	2160	2147	2133	2120	2095	2095	2082	2082	2082	2082	2095	2095	2095	2095	2095	2095	2082	2095	2095	2095	2095	2095	2107	2095	2095	2095	2095	2095	2095	2082	2082	2082	2069	2069	2069	2069	2082	2095	2095	2082	2082	2082	2082	2082	2069	2069	2069	2069	2082	2069	2069	2069	2069	2069	2082	2069	2082	2082	2082	2095	2095	2095	2095	2095	2095	2095	2095	2095	2095	2107	2107	2107	2107	2107	2107	2107	2107	2107	2107	2095	2095	2095	2095	2095	2095	2095	2095	2107	2095	2095	2095	2095	2095	2095	2095	2095	2095	2095	2095	2095	2095	2095	2095	2095	2095	2095	2095	2095	2095	2095	2095	2095	2095	2095	2095	2095	2095	2095	2095	2095	2095	2095	2095	2095	2107	2107	2107	2095	2095	2107	2095	2107	2095	2107	2107	2107	2107	2107	2095	2107	2107	2107	2107	2095	2095	2095	2107	2107	2107	2107	2107	2107	2107	2095	2082	2095	2095	2095	2095	2095	2095	2095	2095	2095	2095	2095	2107	2107	2107	2107	2107	2107	2107	2107	2107	2107	2107	2107	2107	2107	2107	2107	2107	2107	2107	2107	2120	2107	2107	2107	2107	2095	2095	2095	2107	2107	2107	2107	2120	2107	2120	2120	2120	2120	2120	2120	2120	2120	2120	2107	2107	2107	2120	2120	2120	2120	2120	2120	2107	2107	2095	2095	2095	2082	2095	2095	2082	2082	2082	2095	2107	2095	2107	2095	2107	2095	2107	2107	2107	2107	2120	2120	2095	2095	2095	2095	2095	2095	2095	2095	2095	2095	2095	2095	2082	2095	2095	2082	2095	2095	2095	2095	2082	2082	2082	2082	2082	2082	2082	2095	2095	2082	2082	2082	2082	2082	2082	2082	2082	2082	2082	2082	2082	2069	2069	2069	2069	2069	2069	2069	2069	2069	2069	2069	2069	2082	2082	2082	2095	0	0	0	0	0	0	0	0	0	0	0	0	0	0	0	0	0	0	0	0	0	0	0	0	0	0	0	0	0	0	0	0	0	0	0	0	0	0	0	0	0	
0	0	0	0	0	0	0	0	0	0	0	0	0	0	0	0	0	0	0	0	0	0	0	0	0	0	0	0	0	0	0	0	0	0	0	1868	1868	1868	1878	1888	1899	1909	1931	1931	1941	1941	1952	1964	1964	1986	2009	2021	2033	2045	2045	2057	2069	2069	2069	2095	2120	2147	2174	2160	2174	2174	2174	2187	2244	2259	2259	0	0	0	0	0	0	0	0	0	0	0	0	0	0	0	0	0	0	0	0	0	0	0	0	0	0	0	0	0	0	0	0	0	0	0	0	0	0	0	0	0	0	0	0	0	0	0	0	0	0	0	0	0	0	0	0	0	0	0	0	0	0	0	0	0	0	0	0	0	0	0	0	0	0	0	0	0	0	0	0	0	0	0	0	0	0	0	0	0	0	0	0	0	0	0	0	0	0	0	0	0	0	0	0	0	0	0	0	0	0	0	0	0	0	0	0	0	0	0	0	0	0	0	0	0	0	0	0	0	0	0	0	0	0	0	0	0	0	0	0	0	0	0	0	0	0	0	0	0	0	0	0	0	0	0	0	0	0	0	0	0	0	0	0	0	0	0	0	0	0	0	0	0	0	0	0	0	0	0	0	0	0	0	2259	2259	2244	2244	2215	2201	2187	2174	2174	2174	2174	2174	2174	2174	2174	2174	2174	2187	2174	2187	2187	2187	2187	2187	2201	2201	2187	2187	2187	2201	2201	2201	2201	2201	2201	2201	2201	2201	2201	2201	2187	2187	2187	2187	2174	2174	2160	2133	2133	2120	2095	2082	2082	2082	2082	2082	2082	2082	2082	2095	2082	2095	2082	2082	2082	2095	2095	2095	2095	2095	2082	2095	2082	2082	2082	2082	2082	2082	2069	2069	2069	2069	2069	2082	2082	2082	2082	2082	2082	2082	2069	2069	2069	2069	2069	2069	2069	2069	2069	2069	2082	2069	2069	2082	2082	2082	2095	2095	2107	2107	2107	2107	2107	2107	2107	2107	2107	2107	2107	2107	2107	2107	2095	2107	2107	2095	2095	2095	2095	2095	2095	2095	2095	2107	2082	2082	2082	2095	2095	2082	2082	2082	2095	2095	2095	2095	2095	2095	2095	2095	2095	2095	2095	2095	2095	2095	2095	2095	2095	2095	2095	2095	2095	2095	2095	2095	2095	2095	2095	2095	2095	2095	2107	2095	2095	2107	2095	2095	2095	2107	2107	2095	2095	2107	2095	2107	2107	2107	2107	2095	2095	2095	2095	2107	2095	2107	2107	2107	2107	2095	2082	2095	2095	2095	2095	2095	2095	2095	2095	2095	2095	2095	2107	2107	2107	2107	2107	2107	2107	2107	2107	2107	2107	2107	2107	2107	2107	2107	2107	2107	2107	2107	2107	2107	2095	2107	2107	2107	2107	2095	2107	2107	2107	2107	2120	2120	2120	2120	2120	2120	2120	2120	2120	2120	2120	2107	2107	2107	2120	2120	2120	2120	2120	2120	2107	2107	2095	2095	2095	2082	2095	2095	2095	2095	2095	2095	2107	2095	2107	2095	2107	2107	2107	2107	2107	2107	2107	2107	2095	2095	2095	2095	2095	2095	2095	2095	2107	2095	2095	2095	2082	2095	2095	2095	2095	2095	2095	2095	2082	2082	2082	2082	2082	2082	2082	2095	2095	2082	2082	2082	2082	2082	2082	2082	2082	2082	2082	2082	2082	2069	2069	2069	2069	2069	2069	2069	2069	2069	2069	2069	2069	2082	2082	0	0	0	0	0	0	0	0	0	0	0	0	0	0	0	0	0	0	0	0	0	0	0	0	0	0	0	0	0	0	0	0	0	0	0	0	0	0	0	0	0	0	0	
0	0	0	0	0	0	0	0	0	0	0	0	0	0	0	0	0	0	0	0	0	0	0	0	0	0	0	0	0	0	0	0	0	0	0	1858	1868	1868	1868	1888	1899	1909	1920	1931	1931	1941	1941	1952	1964	1986	2009	2021	2033	2045	2045	2057	2069	2069	2069	2095	2133	2147	2160	2160	2160	2174	2174	2187	2244	2259	2259	0	0	0	0	0	0	0	0	0	0	0	0	0	0	0	0	0	0	0	0	0	0	0	0	0	0	0	0	0	0	0	0	0	0	0	0	0	0	0	0	0	0	0	0	0	0	0	0	0	0	0	0	0	0	0	0	0	0	0	0	0	0	0	0	0	0	0	0	0	0	0	0	0	0	0	0	0	0	0	0	0	0	0	0	0	0	0	0	0	0	0	0	0	0	0	0	0	0	0	0	0	0	0	0	0	0	0	0	0	0	0	0	0	0	0	0	0	0	0	0	0	0	0	0	0	0	0	0	0	0	0	0	0	0	0	0	0	0	0	0	0	0	0	0	0	0	0	0	0	0	0	0	0	0	0	0	0	0	0	0	0	0	0	0	0	0	0	0	0	0	0	0	0	0	0	0	0	0	0	0	0	0	0	0	2259	2259	2244	2215	2201	2187	2174	2174	2174	2174	2174	2174	2174	2174	2174	2174	2174	2174	2187	2187	2187	2187	2187	2187	2187	2187	2187	2187	2187	2187	2201	2201	2201	2201	2201	2201	2201	2201	2201	2201	2201	2201	2187	2187	2174	2160	2147	2133	2107	2095	2082	2082	2082	2082	2082	2082	2095	2095	2095	2082	2095	2082	2082	2082	2082	2095	2095	2107	2095	2095	2095	2095	2095	2095	2082	2082	2082	2069	2082	2069	2069	2082	2082	2082	2082	2082	2069	2082	2082	2069	2069	2069	2069	2082	2082	2082	2082	2082	2082	2082	2082	2082	2082	2082	2082	2095	2095	2095	2095	2095	2095	2095	2107	2107	2107	2107	2107	2107	2107	2095	2095	2095	2095	2095	2095	2095	2095	2095	2095	2095	2095	2095	2095	2082	2082	2082	2095	2095	2082	2082	2082	2082	2082	2082	2095	2095	2095	2095	2095	2095	2095	2095	2095	2095	2095	2095	2095	2095	2095	2095	2095	2095	2095	2095	2095	2095	2095	2095	2095	2095	2095	2107	2095	2095	2095	2095	2095	2095	2107	2107	2095	2095	2095	2095	2095	2095	2095	2095	2095	2095	2095	2107	2107	2107	2107	2107	2107	2107	2095	2095	2095	2095	2095	2095	2095	2095	2095	2095	2095	2095	2095	2107	2107	2107	2120	2107	2107	2107	2107	2107	2120	2120	2107	2107	2120	2107	2107	2107	2107	2107	2107	2107	2107	2095	2107	2107	2107	2107	2095	2107	2107	2107	2107	2107	2107	2120	2120	2120	2120	2120	2120	2120	2120	2120	2107	2107	2107	2120	2120	2120	2120	2120	2120	2107	2107	2095	2107	2095	2082	2095	2095	2095	2095	2095	2095	2107	2095	2095	2095	2107	2095	2107	2095	2095	2107	2107	2107	2095	2082	2095	2095	2095	2095	2095	2107	2107	2095	2095	2095	2082	2095	2095	2082	2095	2095	2095	2095	2082	2082	2095	2082	2095	2095	2082	2082	2082	2082	2082	2082	2082	2082	2082	2082	2082	2082	2082	2082	2082	2069	2069	2069	2069	2069	2069	2069	2069	2069	2069	2069	2069	2069	2069	0	0	0	0	0	0	0	0	0	0	0	0	0	0	0	0	0	0	0	0	0	0	0	0	0	0	0	0	0	0	0	0	0	0	0	0	0	0	0	0	0	0	0	
0	0	0	0	0	0	0	0	0	0	0	0	0	0	0	0	0	0	0	0	0	0	0	0	0	0	0	0	0	0	0	0	0	0	0	1858	1858	1858	1868	1878	1899	1909	1920	1931	1931	1941	1941	1952	1964	1975	2009	2021	2033	2045	2045	2057	2069	2069	2069	2107	2133	2133	2160	2147	2160	2160	2174	2174	2230	2244	2259	0	0	0	0	0	0	0	0	0	0	0	0	0	0	0	0	0	0	0	0	0	0	0	0	0	0	0	0	0	0	0	0	0	0	0	0	0	0	0	0	0	0	0	0	0	0	0	0	0	0	0	0	0	0	0	0	0	0	0	0	0	0	0	0	0	0	0	0	0	0	0	0	0	0	0	0	0	0	0	0	0	0	0	0	0	0	0	0	0	0	0	0	0	0	0	0	0	0	0	0	0	0	0	0	0	0	0	0	0	0	0	0	0	0	0	0	0	0	0	0	0	0	0	0	0	0	0	0	0	0	0	0	0	0	0	0	0	0	0	0	0	0	0	0	0	0	0	0	0	0	0	0	0	0	0	0	0	0	0	0	0	0	0	0	0	0	0	0	0	0	0	0	0	0	0	0	0	0	0	0	0	0	0	0	2259	2244	2244	2201	2201	2187	2174	2174	2174	2174	2174	2174	2174	2174	2174	2174	2174	2174	2187	2187	2187	2187	2187	2187	2201	2187	2187	2187	2187	2187	2201	2201	2201	2201	2201	2201	2201	2201	2201	2201	2201	2201	2187	2187	2174	2160	2147	2133	2107	2095	2082	2082	2082	2082	2082	2082	2082	2095	2095	2082	2082	2082	2082	2082	2082	2082	2095	2107	2095	2095	2095	2095	2095	2082	2082	2082	2082	2082	2082	2082	2082	2082	2082	2082	2082	2082	2082	2082	2082	2069	2069	2069	2069	2082	2082	2082	2082	2082	2082	2082	2082	2069	2082	2082	2082	2082	2082	2095	2095	2095	2095	2095	2095	2107	2107	2107	2107	2107	2107	2107	2095	2095	2095	2095	2095	2095	2095	2107	2095	2095	2095	2095	2095	2082	2082	2095	2095	2095	2082	2082	2082	2082	2082	2082	2082	2095	2095	2095	2095	2095	2095	2095	2095	2095	2095	2095	2095	2095	2095	2095	2095	2095	2095	2095	2095	2095	2095	2095	2095	2095	2095	2095	2095	2095	2095	2095	2095	2095	2095	2095	2095	2095	2095	2095	2095	2095	2095	2107	2095	2107	2107	2107	2107	2107	2107	2095	2107	2107	2095	2095	2095	2095	2095	2095	2095	2095	2095	2095	2095	2095	2095	2095	2107	2107	2107	2107	2107	2107	2107	2107	2107	2107	2107	2107	2120	2120	2120	2120	2120	2120	2107	2107	2107	2095	2107	2107	2107	2107	2107	2107	2107	2107	2107	2107	2107	2120	2120	2120	2120	2120	2120	2120	2120	2107	2107	2107	2107	2120	2120	2120	2120	2120	2120	2107	2107	2095	2095	2095	2095	2095	2095	2095	2095	2095	2095	2107	2095	2095	2082	2095	2095	2107	2095	2107	2107	2107	2107	2095	2082	2082	2095	2095	2095	2095	2107	2107	2107	2107	2095	2095	2095	2095	2082	2095	2095	2095	2095	2082	2082	2095	2082	2082	2095	2082	2082	2082	2082	2082	2082	2082	2082	2082	2082	2082	2082	2082	2082	2082	2069	2069	2069	2069	2069	2069	2069	2069	2069	2069	2069	2069	2069	0	0	0	0	0	0	0	0	0	0	0	0	0	0	0	0	0	0	0	0	0	0	0	0	0	0	0	0	0	0	0	0	0	0	0	0	0	0	0	0	0	0	0	0	
0	0	0	0	0	0	0	0	0	0	0	0	0	0	0	0	0	0	0	0	0	0	0	0	0	0	0	0	0	0	0	0	0	0	0	1858	1858	1858	1868	1888	1899	1899	1920	1920	1931	1941	1941	1952	1964	1975	2009	2021	2033	2045	2057	2057	2069	2069	2082	2107	2133	2133	2147	2147	2147	2160	2160	2174	2230	2230	2244	0	0	0	0	0	0	0	0	0	0	0	0	0	0	0	0	0	0	0	0	0	0	0	0	0	0	0	0	0	0	0	0	0	0	0	0	0	0	0	0	0	0	0	0	0	0	0	0	0	0	0	0	0	0	0	0	0	0	0	0	0	0	0	0	0	0	0	0	0	0	0	0	0	0	0	0	0	0	0	0	0	0	0	0	0	0	0	0	0	0	0	0	0	0	0	0	0	0	0	0	0	0	0	0	0	0	0	0	0	0	0	0	0	0	0	0	0	0	0	0	0	0	0	0	0	0	0	0	0	0	0	0	0	0	0	0	0	0	0	0	0	0	0	0	0	0	0	0	0	0	0	0	0	0	0	0	0	0	0	0	0	0	0	0	0	0	0	0	0	0	0	0	0	0	0	0	0	0	0	0	0	0	0	2274	2259	2259	2244	2230	2187	2174	2174	2174	2174	2174	2174	2174	2174	2174	2174	2174	2174	2174	2174	2187	2187	2187	2187	2187	2187	2187	2187	2187	2187	2187	2201	2187	2187	2187	2187	2201	2187	2187	2187	2187	2187	2187	2187	2187	2174	2160	2147	2120	2107	2095	2082	2082	2082	2082	2082	2082	2082	2082	2082	2082	2082	2082	2082	2082	2095	2095	2095	2107	2095	2082	2082	2082	2082	2082	2082	2082	2082	2082	2069	2069	2069	2082	2082	2082	2082	2082	2082	2082	2082	2082	2082	2069	2069	2082	2082	2082	2082	2082	2082	2082	2082	2082	2082	2082	2082	2082	2082	2082	2095	2095	2095	2095	2095	2095	2107	2107	2095	2107	2107	2095	2095	2095	2095	2095	2095	2095	2095	2107	2095	2095	2107	2095	2107	2082	2082	2095	2095	2095	2082	2082	2082	2082	2082	2082	2082	2095	2095	2095	2095	2095	2095	2095	2082	2095	2095	2095	2095	2095	2095	2095	2095	2095	2095	2095	2095	2095	2095	2095	2095	2095	2095	2095	2095	2095	2095	2095	2095	2095	2095	2095	2095	2095	2095	2095	2095	2095	2095	2107	2095	2107	2095	2107	2095	2107	2107	2107	2107	2107	2095	2095	2095	2095	2095	2095	2095	2095	2095	2095	2095	2095	2095	2095	2095	2095	2095	2107	2107	2107	2095	2095	2107	2107	2107	2107	2120	2120	2120	2120	2120	2120	2107	2107	2095	2095	2107	2107	2107	2120	2107	2107	2107	2107	2095	2107	2107	2107	2120	2120	2120	2120	2120	2120	2120	2107	2107	2107	2120	2120	2120	2120	2120	2120	2120	2107	2107	2107	2107	2095	2095	2095	2095	2095	2095	2095	2095	2107	2095	2095	2095	2095	2095	2107	2095	2095	2095	2095	2107	2095	2082	2095	2095	2095	2095	2095	2095	2107	2095	2095	2095	2095	2095	2095	2082	2095	2095	2095	2095	2082	2082	2095	2082	2095	2095	2082	2095	2082	2082	2082	2082	2082	2082	2082	2082	2069	2082	2082	2082	2082	2069	2069	2069	2069	2069	2069	2069	2069	2069	2069	2069	0	0	0	0	0	0	0	0	0	0	0	0	0	0	0	0	0	0	0	0	0	0	0	0	0	0	0	0	0	0	0	0	0	0	0	0	0	0	0	0	0	0	0	0	0	0	
0	0	0	0	0	0	0	0	0	0	0	0	0	0	0	0	0	0	0	0	0	0	0	0	0	0	0	0	0	0	0	0	0	0	0	1858	1858	1858	1868	1888	1888	1899	1920	1920	1941	1941	1941	1964	1964	1986	2009	2021	2033	2045	2057	2057	2069	2069	2082	2120	2133	2133	2147	2147	2147	2160	2160	2174	2230	2230	0	0	0	0	0	0	0	0	0	0	0	0	0	0	0	0	0	0	0	0	0	0	0	0	0	0	0	0	0	0	0	0	0	0	0	0	0	0	0	0	0	0	0	0	0	0	0	0	0	0	0	0	0	0	0	0	0	0	0	0	0	0	0	0	0	0	0	0	0	0	0	0	0	0	0	0	0	0	0	0	0	0	0	0	0	0	0	0	0	0	0	0	0	0	0	0	0	0	0	0	0	0	0	0	0	0	0	0	0	0	0	0	0	0	0	0	0	0	0	0	0	0	0	0	0	0	0	0	0	0	0	0	0	0	0	0	0	0	0	0	0	0	0	0	0	0	0	0	0	0	0	0	0	0	0	0	0	0	0	0	0	0	0	0	0	0	0	0	0	0	0	0	0	0	0	0	0	0	0	0	0	0	0	0	0	2259	2244	2230	2215	2187	2187	2174	2174	2174	2174	2174	2174	2174	2174	2160	2174	2174	2174	2174	2174	2174	2187	2187	2187	2187	2187	2187	2187	2187	2187	2201	2201	2187	2187	2187	2187	2187	2187	2187	2187	2187	2187	2187	2187	2187	2160	2147	2120	2107	2095	2095	2095	2082	2082	2095	2095	2082	2095	2082	2082	2082	2082	2082	2095	2095	2107	2107	2107	2095	2082	2095	2082	2082	2082	2082	2082	2082	2082	2069	2069	2082	2082	2082	2082	2082	2082	2082	2082	2082	2082	2082	2082	2082	2082	2082	2082	2082	2082	2082	2082	2082	2082	2082	2082	2082	2082	2095	2095	2095	2095	2095	2095	2095	2095	2095	2107	2095	2095	2095	2095	2095	2095	2082	2095	2095	2082	2095	2095	2095	2095	2095	2095	2107	2082	2082	2095	2095	2095	2082	2082	2082	2082	2082	2082	2082	2095	2095	2095	2095	2095	2095	2095	2082	2095	2095	2095	2082	2095	2095	2095	2095	2095	2095	2095	2095	2095	2095	2095	2095	2095	2095	2095	2095	2095	2107	2095	2095	2095	2095	2095	2095	2095	2095	2095	2095	2095	2095	2095	2095	2095	2095	2095	2095	2107	2107	2107	2107	2107	2095	2095	2095	2095	2095	2095	2095	2095	2095	2095	2095	2095	2095	2095	2107	2095	2107	2107	2107	2095	2095	2095	2107	2107	2095	2107	2120	2120	2120	2120	2120	2120	2107	2107	2107	2107	2107	2107	2107	2107	2107	2107	2107	2095	2095	2107	2095	2107	2120	2120	2120	2107	2107	2107	2107	2107	2107	2107	2107	2120	2120	2120	2120	2120	2120	2120	2107	2107	2107	2095	2095	2095	2095	2095	2095	2095	2095	2107	2095	2095	2095	2095	2095	2107	2095	2095	2095	2095	2095	2082	2082	2082	2082	2082	2082	2082	2095	2095	2095	2095	2095	2082	2095	2082	2082	2082	2082	2082	2082	2082	2082	2095	2082	2082	2095	2082	2082	2082	2082	2082	2082	2082	2082	2082	2082	2069	2082	2082	2082	2082	2069	2069	2069	2069	2069	2069	2069	2082	2082	2082	0	0	0	0	0	0	0	0	0	0	0	0	0	0	0	0	0	0	0	0	0	0	0	0	0	0	0	0	0	0	0	0	0	0	0	0	0	0	0	0	0	0	0	0	0	0	0	
0	0	0	0	0	0	0	0	0	0	0	0	0	0	0	0	0	0	0	0	0	0	0	0	0	0	0	0	0	0	0	0	0	0	0	1858	1858	1858	1868	1878	1888	1899	1909	1909	1931	1941	1952	1964	1975	1986	2021	2021	2033	2045	2057	2057	2069	2069	2082	2107	2133	2133	2147	2133	2147	2147	2160	2187	2259	2259	0	0	0	0	0	0	0	0	0	0	0	0	0	0	0	0	0	0	0	0	0	0	0	0	0	0	0	0	0	0	0	0	0	0	0	0	0	0	0	0	0	0	0	0	0	0	0	0	0	0	0	0	0	0	0	0	0	0	0	0	0	0	0	0	0	0	0	0	0	0	0	0	0	0	0	0	0	0	0	0	0	0	0	0	0	0	0	0	0	0	0	0	0	0	0	0	0	0	0	0	0	0	0	0	0	0	0	0	0	0	0	0	0	0	0	0	0	0	0	0	0	0	0	0	0	0	0	0	0	0	0	0	0	0	0	0	0	0	0	0	0	0	0	0	0	0	0	0	0	0	0	0	0	0	0	0	0	0	0	0	0	0	0	0	0	0	0	0	0	0	0	0	0	0	0	0	0	0	0	0	0	0	0	0	0	2230	2230	2215	2201	2187	2187	2174	2174	2174	2174	2174	2174	2174	2174	2160	2174	2174	2174	2187	2187	2187	2187	2187	2187	2187	2187	2187	2187	2187	2187	2201	2187	2187	2187	2187	2187	2187	2187	2187	2187	2187	2187	2187	2187	2187	2174	2160	2133	2120	2107	2095	2095	2095	2082	2095	2095	2095	2095	2082	2082	2082	2082	2095	2095	2107	2107	2107	2107	2095	2082	2082	2082	2082	2082	2082	2082	2082	2082	2069	2082	2069	2069	2082	2082	2082	2082	2082	2082	2082	2082	2082	2082	2082	2082	2082	2082	2082	2082	2082	2095	2095	2082	2082	2082	2095	2095	2095	2095	2095	2095	2095	2095	2082	2095	2095	2095	2095	2095	2095	2095	2095	2095	2082	2095	2095	2095	2095	2107	2095	2095	2095	2107	2107	2095	2095	2095	2095	2095	2095	2082	2082	2082	2082	2082	2095	2095	2095	2095	2095	2095	2095	2095	2082	2082	2095	2095	2082	2095	2095	2095	2095	2095	2095	2095	2095	2095	2095	2095	2095	2095	2095	2095	2095	2095	2095	2095	2095	2095	2095	2095	2095	2095	2095	2095	2095	2095	2095	2095	2095	2095	2095	2095	2095	2095	2107	2107	2107	2107	2095	2095	2095	2095	2095	2095	2095	2095	2095	2095	2095	2095	2095	2095	2095	2095	2095	2095	2095	2095	2095	2095	2095	2095	2095	2095	2120	2120	2107	2107	2107	2107	2107	2107	2107	2107	2107	2107	2120	2120	2107	2107	2107	2095	2095	2095	2095	2107	2107	2107	2107	2107	2107	2107	2107	2107	2107	2120	2120	2120	2120	2120	2120	2120	2120	2107	2107	2107	2107	2107	2107	2107	2095	2095	2107	2095	2095	2107	2095	2095	2095	2095	2095	2095	2095	2095	2095	2082	2095	2082	2082	2082	2082	2082	2095	2082	2095	2095	2082	2095	2095	2095	2095	2095	2095	2095	2095	2095	2082	2095	2082	2095	2082	2082	2082	2082	2082	2082	2082	2082	2069	2082	2082	2082	2082	2069	2069	2082	2082	2082	2069	2069	2069	2069	2069	2069	2069	2069	2082	0	0	0	0	0	0	0	0	0	0	0	0	0	0	0	0	0	0	0	0	0	0	0	0	0	0	0	0	0	0	0	0	0	0	0	0	0	0	0	0	0	0	0	0	0	0	0	0	
0	0	0	0	0	0	0	0	0	0	0	0	0	0	0	0	0	0	0	0	0	0	0	0	0	0	0	0	0	0	0	0	0	0	0	1858	1858	1858	1868	1878	1888	1899	1909	1920	1931	1941	1941	1964	1975	1975	2021	2033	2045	2045	2045	2057	2069	2069	2082	2107	2120	2133	2133	2133	2133	2147	2174	2230	2259	2259	2259	0	0	0	0	0	0	0	0	0	0	0	0	0	0	0	0	0	0	0	0	0	0	0	0	0	0	0	0	0	0	0	0	0	0	0	0	0	0	0	0	0	0	0	0	0	0	0	0	0	0	0	0	0	0	0	0	0	0	0	0	0	0	0	0	0	0	0	0	0	0	0	0	0	0	0	0	0	0	0	0	0	0	0	0	0	0	0	0	0	0	0	0	0	0	0	0	0	0	0	0	0	0	0	0	0	0	0	0	0	0	0	0	0	0	0	0	0	0	0	0	0	0	0	0	0	0	0	0	0	0	0	0	0	0	0	0	0	0	0	0	0	0	0	0	0	0	0	0	0	0	0	0	0	0	0	0	0	0	0	0	0	0	0	0	0	0	0	0	0	0	0	0	0	0	0	0	0	0	0	0	0	0	0	0	2244	2230	2230	2201	2187	2187	2174	2174	2174	2160	2160	2174	2160	2174	2160	2174	2174	2174	2187	2187	2187	2187	2187	2187	2187	2187	2187	2187	2187	2187	2187	2187	2187	2187	2187	2187	2187	2187	2187	2187	2187	2187	2187	2187	2187	2174	2160	2133	2120	2107	2095	2095	2082	2082	2095	2095	2095	2095	2095	2095	2082	2095	2095	2095	2107	2107	2107	2107	2095	2082	2082	2082	2082	2082	2082	2082	2082	2082	2082	2082	2069	2069	2082	2069	2082	2069	2082	2082	2082	2082	2082	2082	2082	2069	2082	2082	2082	2095	2095	2095	2095	2082	2095	2095	2095	2095	2095	2095	2095	2095	2082	2082	2082	2082	2095	2095	2095	2082	2082	2082	2082	2082	2082	2082	2095	2082	2095	2095	2095	2095	2095	2095	2107	2095	2095	2095	2095	2095	2095	2095	2082	2082	2082	2082	2082	2095	2095	2095	2095	2095	2095	2095	2082	2095	2095	2095	2095	2095	2095	2095	2095	2095	2095	2095	2095	2095	2095	2095	2095	2095	2095	2095	2095	2095	2095	2095	2095	2095	2095	2095	2095	2095	2095	2095	2095	2095	2095	2095	2095	2095	2095	2095	2095	2095	2107	2107	2107	2107	2095	2095	2095	2095	2095	2095	2095	2095	2095	2095	2095	2095	2095	2095	2095	2095	2095	2095	2095	2095	2095	2095	2095	2095	2095	2095	2107	2107	2107	2107	2107	2107	2107	2107	2107	2120	2120	2120	2120	2120	2120	2107	2095	2095	2095	2095	2095	2107	2107	2107	2107	2107	2107	2107	2107	2107	2107	2120	2120	2120	2120	2120	2120	2120	2120	2107	2107	2095	2107	2107	2107	2107	2107	2107	2107	2095	2095	2107	2095	2095	2095	2095	2095	2095	2095	2095	2082	2082	2082	2082	2082	2082	2082	2082	2082	2082	2082	2082	2082	2095	2095	2095	2095	2095	2095	2095	2095	2095	2082	2095	2082	2082	2082	2082	2082	2082	2082	2082	2082	2082	2082	2082	2082	2082	2082	2069	2069	2082	2082	2082	2069	2069	2069	2069	2082	2069	2069	2069	2082	0	0	0	0	0	0	0	0	0	0	0	0	0	0	0	0	0	0	0	0	0	0	0	0	0	0	0	0	0	0	0	0	0	0	0	0	0	0	0	0	0	0	0	0	0	0	0	0	
0	0	0	0	0	0	0	0	0	0	0	0	0	0	0	0	0	0	0	0	0	0	0	0	0	0	0	0	0	0	0	0	0	0	0	1858	1858	1858	1868	1888	1899	1899	1909	1909	1941	1941	1952	1964	1975	1975	2021	2033	2045	2045	2057	2057	2069	2069	2082	2107	2120	2120	2133	2133	2133	2133	2174	2187	2274	2259	2259	0	0	0	0	0	0	0	0	0	0	0	0	0	0	0	0	0	0	0	0	0	0	0	0	0	0	0	0	0	0	0	0	0	0	0	0	0	0	0	0	0	0	0	0	0	0	0	0	0	0	0	0	0	0	0	0	0	0	0	0	0	0	0	0	0	0	0	0	0	0	0	0	0	0	0	0	0	0	0	0	0	0	0	0	0	0	0	0	0	0	0	0	0	0	0	0	0	0	0	0	0	0	0	0	0	0	0	0	0	0	0	0	0	0	0	0	0	0	0	0	0	0	0	0	0	0	0	0	0	0	0	0	0	0	0	0	0	0	0	0	0	0	0	0	0	0	0	0	0	0	0	0	0	0	0	0	0	0	0	0	0	0	0	0	0	0	0	0	0	0	0	0	0	0	0	0	0	0	0	0	0	0	0	2244	2230	2230	2230	2201	2187	2187	2174	2174	2174	2160	2160	2160	2160	2174	2160	2174	2174	2187	2187	2187	2187	2187	2187	2187	2187	2187	2187	2187	2187	2187	2187	2187	2187	2187	2187	2187	2201	2187	2187	2187	2187	2187	2187	2187	2187	2174	2160	2133	2120	2107	2095	2095	2095	2095	2095	2095	2095	2095	2095	2095	2095	2095	2095	2095	2107	2107	2107	2107	2095	2082	2082	2082	2082	2082	2082	2082	2082	2082	2082	2082	2069	2069	2082	2069	2082	2082	2082	2082	2082	2082	2082	2082	2082	2069	2082	2082	2082	2095	2095	2095	2095	2095	2095	2095	2095	2082	2095	2082	2095	2082	2082	2082	2082	2082	2095	2095	2095	2095	2095	2095	2095	2082	2082	2082	2082	2082	2082	2095	2095	2095	2095	2107	2107	2095	2095	2095	2095	2095	2095	2082	2082	2082	2082	2082	2082	2082	2082	2095	2095	2095	2095	2082	2082	2095	2095	2095	2082	2095	2095	2095	2095	2095	2095	2095	2095	2095	2095	2095	2095	2095	2095	2095	2095	2095	2095	2095	2095	2095	2095	2095	2095	2095	2095	2095	2095	2095	2095	2095	2095	2095	2095	2095	2095	2095	2107	2107	2107	2107	2095	2095	2095	2095	2095	2095	2095	2095	2095	2095	2095	2095	2095	2095	2095	2082	2095	2095	2095	2095	2095	2095	2095	2095	2095	2095	2095	2107	2107	2107	2107	2107	2095	2107	2107	2120	2120	2120	2120	2120	2120	2107	2107	2095	2095	2095	2095	2095	2107	2107	2095	2095	2095	2107	2107	2107	2107	2120	2120	2120	2120	2120	2120	2120	2120	2107	2107	2095	2107	2107	2107	2107	2107	2107	2107	2095	2107	2107	2107	2095	2095	2095	2095	2095	2095	2095	2095	2082	2082	2082	2082	2082	2082	2082	2082	2082	2082	2082	2082	2095	2095	2095	2095	2095	2095	2095	2095	2095	2082	2095	2082	2082	2082	2082	2082	2082	2082	2082	2082	2082	2082	2082	2082	2082	2082	2069	2069	2082	2082	2082	2069	2069	2069	2069	2082	2069	2069	2069	0	0	0	0	0	0	0	0	0	0	0	0	0	0	0	0	0	0	0	0	0	0	0	0	0	0	0	0	0	0	0	0	0	0	0	0	0	0	0	0	0	0	0	0	0	0	0	0	0	
0	0	0	0	0	0	0	0	0	0	0	0	0	0	0	0	0	0	0	0	0	0	0	0	0	0	0	0	0	0	0	0	0	0	0	1848	1858	1858	1868	1878	1899	1899	1909	1920	1941	1941	1952	1964	1975	1975	2021	2033	2033	2045	2045	2057	2069	2082	2082	2107	2120	2120	2133	2120	2133	2133	2160	2259	2274	2259	2259	0	0	0	0	0	0	0	0	0	0	0	0	0	0	0	0	0	0	0	0	0	0	0	0	0	0	0	0	0	0	0	0	0	0	0	0	0	0	0	0	0	0	0	0	0	0	0	0	0	0	0	0	0	0	0	0	0	0	0	0	0	0	0	0	0	0	0	0	0	0	0	0	0	0	0	0	0	0	0	0	0	0	0	0	0	0	0	0	0	0	0	0	0	0	0	0	0	0	0	0	0	0	0	0	0	0	0	0	0	0	0	0	0	0	0	0	0	0	0	0	0	0	0	0	0	0	0	0	0	0	0	0	0	0	0	0	0	0	0	0	0	0	0	0	0	0	0	0	0	0	0	0	0	0	0	0	0	0	0	0	0	0	0	0	0	0	0	0	0	0	0	0	0	0	0	0	0	0	0	0	0	0	0	2244	2230	2230	2230	2201	2187	2187	2174	2174	2160	2160	2160	2160	2160	2174	2160	2174	2174	2187	2187	2187	2187	2201	2187	2187	2187	2187	2187	2187	2187	2187	2187	2187	2187	2187	2201	2187	2187	2187	2187	2187	2187	2187	2187	2187	2187	2174	2147	2133	2120	2107	2095	2095	2082	2082	2095	2095	2095	2095	2095	2095	2095	2082	2095	2095	2107	2095	2107	2107	2082	2082	2069	2082	2082	2082	2082	2069	2069	2082	2069	2069	2069	2069	2069	2069	2082	2082	2095	2082	2082	2082	2082	2082	2082	2069	2082	2082	2082	2082	2082	2082	2082	2082	2082	2095	2095	2082	2082	2082	2082	2082	2082	2082	2082	2082	2082	2082	2082	2082	2082	2082	2082	2082	2082	2082	2082	2082	2082	2082	2095	2095	2095	2095	2095	2082	2095	2095	2095	2095	2095	2095	2082	2082	2082	2082	2082	2082	2082	2082	2095	2095	2095	2082	2082	2082	2082	2095	2082	2095	2095	2095	2095	2095	2095	2095	2095	2095	2095	2095	2095	2095	2095	2095	2095	2095	2095	2095	2095	2095	2095	2095	2095	2095	2095	2095	2095	2095	2095	2095	2095	2095	2095	2095	2095	2095	2107	2095	2107	2107	2095	2095	2095	2095	2095	2095	2095	2095	2095	2095	2095	2095	2095	2095	2095	2082	2095	2095	2095	2095	2095	2095	2095	2095	2095	2095	2095	2095	2095	2095	2095	2107	2095	2107	2107	2120	2120	2120	2120	2120	2120	2120	2107	2107	2107	2107	2107	2107	2107	2107	2095	2095	2095	2107	2107	2107	2107	2120	2120	2120	2133	2120	2120	2120	2120	2107	2107	2095	2095	2107	2107	2107	2107	2107	2107	2107	2107	2107	2095	2107	2095	2095	2107	2107	2095	2095	2095	2095	2082	2082	2082	2082	2082	2082	2082	2082	2082	2082	2095	2095	2095	2095	2095	2095	2095	2095	2095	2095	2082	2082	2082	2082	2082	2082	2082	2082	2082	2082	2082	2082	2082	2082	2082	2082	2082	2069	2069	2069	2069	2069	2069	2057	2069	2057	2069	2069	2057	0	0	0	0	0	0	0	0	0	0	0	0	0	0	0	0	0	0	0	0	0	0	0	0	0	0	0	0	0	0	0	0	0	0	0	0	0	0	0	0	0	0	0	0	0	0	0	0	0	0	
0	0	0	0	0	0	0	0	0	0	0	0	0	0	0	0	0	0	0	0	0	0	0	0	0	0	0	0	0	0	0	0	0	0	0	1858	1858	1858	1868	1888	1899	1899	1909	1920	1941	1941	1952	1964	1975	1986	2021	2033	2033	2033	2045	2057	2082	2082	2095	2107	2120	2120	2133	2120	2120	2120	2174	2259	2274	2274	2274	0	0	0	0	0	0	0	0	0	0	0	0	0	0	0	0	0	0	0	0	0	0	0	0	0	0	0	0	0	0	0	0	0	0	0	0	0	0	0	0	0	0	0	0	0	0	0	0	0	0	0	0	0	0	0	0	0	0	0	0	0	0	0	0	0	0	0	0	0	0	0	0	0	0	0	0	0	0	0	0	0	0	0	0	0	0	0	0	0	0	0	0	0	0	0	0	0	0	0	0	0	0	0	0	0	0	0	0	0	0	0	0	0	0	0	0	0	0	0	0	0	0	0	0	0	0	0	0	0	0	0	0	0	0	0	0	0	0	0	0	0	0	0	0	0	0	0	0	0	0	0	0	0	0	0	0	0	0	0	0	0	0	0	0	0	0	0	0	0	0	0	0	0	0	0	0	0	0	0	0	0	0	0	2230	2230	2215	2215	2201	2187	2174	2174	2174	2160	2160	2160	2160	2160	2174	2174	2174	2174	2187	2187	2187	2187	2201	2187	2187	2187	2187	2187	2187	2187	2187	2187	2187	2187	2201	2201	2201	2187	2187	2187	2187	2187	2187	2187	2187	2187	2160	2147	2133	2120	2107	2095	2095	2082	2082	2095	2095	2095	2095	2095	2095	2082	2082	2095	2095	2095	2095	2095	2095	2082	2082	2069	2082	2082	2082	2082	2082	2069	2082	2069	2069	2069	2069	2069	2069	2082	2082	2095	2095	2095	2095	2082	2082	2082	2069	2069	2082	2082	2082	2082	2082	2082	2082	2082	2082	2095	2082	2095	2095	2082	2082	2082	2082	2082	2082	2082	2095	2082	2082	2095	2095	2095	2095	2082	2082	2082	2082	2082	2082	2082	2095	2095	2095	2095	2082	2082	2082	2095	2095	2082	2095	2082	2082	2082	2082	2082	2095	2082	2095	2095	2095	2082	2082	2082	2082	2082	2082	2082	2095	2095	2095	2095	2095	2095	2095	2095	2095	2095	2095	2095	2095	2095	2095	2095	2095	2107	2095	2095	2095	2095	2095	2095	2095	2095	2095	2095	2095	2095	2095	2095	2095	2095	2095	2095	2107	2107	2095	2107	2107	2095	2095	2095	2095	2095	2095	2095	2095	2095	2095	2095	2095	2095	2095	2095	2095	2095	2095	2095	2095	2095	2095	2095	2095	2095	2095	2095	2095	2095	2095	2095	2095	2095	2107	2107	2120	2120	2107	2120	2120	2120	2120	2107	2107	2107	2107	2107	2107	2107	2107	2095	2107	2107	2107	2107	2107	2107	2120	2120	2120	2120	2120	2120	2120	2120	2095	2095	2095	2095	2107	2107	2107	2107	2107	2107	2107	2095	2095	2095	2095	2095	2095	2107	2107	2095	2095	2095	2082	2082	2082	2082	2082	2082	2082	2082	2082	2095	2082	2095	2095	2095	2095	2095	2095	2095	2095	2095	2082	2082	2082	2082	2082	2082	2082	2095	2095	2095	2095	2095	2082	2082	2082	2082	2082	2082	2069	2069	2069	2069	2082	2069	2069	2069	2069	2069	2069	2057	0	0	0	0	0	0	0	0	0	0	0	0	0	0	0	0	0	0	0	0	0	0	0	0	0	0	0	0	0	0	0	0	0	0	0	0	0	0	0	0	0	0	0	0	0	0	0	0	0	0	
0	0	0	0	0	0	0	0	0	0	0	0	0	0	0	0	0	0	0	0	0	0	0	0	0	0	0	0	0	0	0	0	0	0	0	1848	1858	1858	1868	1888	1899	1899	1909	1920	1941	1941	1964	1975	1986	1986	2021	2021	2033	2033	2045	2057	2082	2082	2095	2120	2120	2133	2133	2120	2133	2147	2174	2215	2259	2289	2289	0	0	0	0	0	0	0	0	0	0	0	0	0	0	0	0	0	0	0	0	0	0	0	0	0	0	0	0	0	0	0	0	0	0	0	0	0	0	0	0	0	0	0	0	0	0	0	0	0	0	0	0	0	0	0	0	0	0	0	0	0	0	0	0	0	0	0	0	0	0	0	0	0	0	0	0	0	0	0	0	0	0	0	0	0	0	0	0	0	0	0	0	0	0	0	0	0	0	0	0	0	0	0	0	0	0	0	0	0	0	0	0	0	0	0	0	0	0	0	0	0	0	0	0	0	0	0	0	0	0	0	0	0	0	0	0	0	0	0	0	0	0	0	0	0	0	0	0	0	0	0	0	0	0	0	0	0	0	0	0	0	0	0	0	0	0	0	0	0	0	0	0	0	0	0	0	0	0	0	0	0	0	0	0	2215	2215	2201	2187	2174	2174	2174	2160	2160	2160	2160	2160	2160	2174	2174	2174	2174	2187	2187	2187	2187	2187	2187	2187	2187	2187	2187	2187	2187	2187	2187	2187	2187	2201	2201	2201	2201	2187	2187	2187	2187	2187	2187	2187	2187	2160	2133	2120	2120	2107	2095	2095	2095	2082	2095	2095	2095	2095	2095	2095	2095	2095	2095	2095	2095	2095	2095	2095	2082	2069	2069	2069	2082	2082	2082	2082	2069	2082	2069	2069	2069	2069	2069	2069	2082	2082	2095	2082	2095	2095	2095	2082	2082	2069	2082	2082	2082	2082	2082	2082	2082	2082	2082	2095	2095	2095	2095	2095	2095	2095	2095	2095	2095	2095	2095	2095	2082	2082	2095	2082	2095	2095	2082	2082	2082	2082	2082	2082	2082	2095	2095	2095	2095	2082	2095	2082	2095	2082	2082	2082	2082	2082	2082	2082	2082	2082	2082	2095	2095	2095	2095	2082	2082	2095	2082	2082	2082	2082	2095	2095	2095	2095	2095	2095	2095	2095	2095	2095	2095	2095	2095	2095	2095	2107	2107	2095	2095	2095	2095	2095	2095	2095	2095	2095	2095	2095	2095	2095	2095	2095	2095	2095	2095	2095	2107	2107	2107	2107	2095	2095	2095	2095	2095	2095	2095	2095	2095	2095	2095	2095	2095	2095	2095	2095	2095	2095	2095	2095	2095	2095	2107	2095	2095	2095	2095	2095	2095	2095	2095	2095	2095	2107	2107	2120	2120	2120	2120	2120	2107	2107	2107	2107	2107	2107	2107	2107	2107	2107	2107	2107	2095	2107	2107	2107	2107	2107	2107	2120	2120	2120	2107	2107	2107	2095	2095	2095	2095	2095	2107	2107	2107	2107	2107	2107	2095	2107	2095	2095	2095	2095	2107	2107	2095	2095	2082	2082	2082	2082	2082	2082	2082	2082	2082	2082	2082	2082	2082	2082	2095	2095	2095	2095	2107	2095	2095	2082	2082	2082	2082	2082	2082	2082	2082	2095	2095	2095	2095	2095	2095	2095	2082	2082	2082	2082	2082	2069	2082	2082	2069	2057	2069	2057	2069	2057	0	0	0	0	0	0	0	0	0	0	0	0	0	0	0	0	0	0	0	0	0	0	0	0	0	0	0	0	0	0	0	0	0	0	0	0	0	0	0	0	0	0	0	0	0	0	0	0	0	0	0	
0	0	0	0	0	0	0	0	0	0	0	0	0	0	0	0	0	0	0	0	0	0	0	0	0	0	0	0	0	0	0	0	0	0	0	1848	1858	1858	1878	1888	1899	1899	1920	1920	1941	1941	1952	1964	1975	1986	2021	2021	2033	2033	2045	2069	2082	2095	2095	2120	2120	2133	2133	2120	2133	2133	2174	2215	2274	2274	2289	2289	0	0	0	0	0	0	0	0	0	0	0	0	0	0	0	0	0	0	0	0	0	0	0	0	0	0	0	0	0	0	0	0	0	0	0	0	0	0	0	0	0	0	0	0	0	0	0	0	0	0	0	0	0	0	0	0	0	0	0	0	0	0	0	0	0	0	0	0	0	0	0	0	0	0	0	0	0	0	0	0	0	0	0	0	0	0	0	0	0	0	0	0	0	0	0	0	0	0	0	0	0	0	0	0	0	0	0	0	0	0	0	0	0	0	0	0	0	0	0	0	0	0	0	0	0	0	0	0	0	0	0	0	0	0	0	0	0	0	0	0	0	0	0	0	0	0	0	0	0	0	0	0	0	0	0	0	0	0	0	0	0	0	0	0	0	0	0	0	0	0	0	0	0	0	0	0	0	0	0	0	0	0	0	2215	2215	2201	2187	2174	2174	2160	2160	2160	2160	2160	2160	2160	2174	2174	2174	2174	2187	2187	2187	2187	2187	2187	2187	2187	2187	2187	2187	2187	2187	2187	2187	2187	2201	2201	2201	2201	2187	2187	2187	2187	2187	2187	2187	2187	2174	2147	2133	2120	2107	2095	2095	2095	2082	2095	2095	2095	2095	2082	2082	2082	2082	2095	2095	2095	2095	2095	2095	2082	2082	2069	2069	2082	2082	2082	2082	2069	2082	2082	2069	2069	2069	2057	2069	2069	2069	2082	2082	2095	2095	2095	2082	2082	2082	2082	2082	2082	2082	2082	2095	2082	2082	2082	2095	2095	2095	2095	2095	2095	2095	2095	2095	2095	2082	2095	2082	2082	2082	2082	2082	2082	2082	2082	2082	2082	2082	2082	2082	2095	2095	2095	2095	2095	2082	2095	2082	2095	2082	2082	2082	2082	2082	2082	2082	2082	2082	2082	2095	2095	2095	2095	2095	2095	2095	2095	2095	2095	2095	2095	2095	2095	2095	2095	2095	2095	2095	2095	2095	2095	2095	2095	2095	2095	2107	2107	2095	2095	2095	2095	2095	2095	2095	2095	2095	2095	2095	2095	2095	2095	2095	2095	2095	2095	2095	2107	2095	2107	2107	2095	2095	2095	2095	2095	2095	2095	2095	2095	2095	2095	2095	2095	2095	2095	2095	2095	2095	2095	2095	2107	2107	2107	2107	2107	2095	2095	2095	2095	2095	2095	2095	2095	2107	2107	2120	2120	2120	2120	2120	2120	2120	2120	2107	2107	2107	2107	2120	2107	2107	2107	2107	2107	2107	2107	2107	2107	2107	2107	2107	2120	2120	2107	2107	2107	2095	2095	2095	2095	2107	2107	2107	2107	2107	2107	2107	2107	2107	2095	2095	2095	2095	2107	2095	2095	2095	2082	2082	2082	2082	2082	2082	2082	2082	2082	2082	2082	2082	2082	2095	2095	2095	2095	2095	2107	2095	2095	2095	2095	2082	2082	2082	2082	2082	2082	2082	2095	2095	2095	2095	2095	2095	2082	2082	2082	2082	2082	2082	2082	2082	2069	2069	2057	2057	2069	0	0	0	0	0	0	0	0	0	0	0	0	0	0	0	0	0	0	0	0	0	0	0	0	0	0	0	0	0	0	0	0	0	0	0	0	0	0	0	0	0	0	0	0	0	0	0	0	0	0	0	0	
0	0	0	0	0	0	0	0	0	0	0	0	0	0	0	0	0	0	0	0	0	0	0	0	0	0	0	0	0	0	0	0	0	0	0	1848	1858	1858	1868	1888	1899	1899	1920	1931	1941	1941	1941	1964	1975	1975	2009	2021	2021	2033	2045	2057	2082	2095	2095	2120	2133	2133	2133	2133	2133	2147	2174	2215	2274	2274	2289	2289	0	0	0	0	0	0	0	0	0	0	0	0	0	0	0	0	0	0	0	0	0	0	0	0	0	0	0	0	0	0	0	0	0	0	0	0	0	0	0	0	0	0	0	0	0	0	0	0	0	0	0	0	0	0	0	0	0	0	0	0	0	0	0	0	0	0	0	0	0	0	0	0	0	0	0	0	0	0	0	0	0	0	0	0	0	0	0	0	0	0	0	0	0	0	0	0	0	0	0	0	0	0	0	0	0	0	0	0	0	0	0	0	0	0	0	0	0	0	0	0	0	0	0	0	0	0	0	0	0	0	0	0	0	0	0	0	0	0	0	0	0	0	0	0	0	0	0	0	0	0	0	0	0	0	0	0	0	0	0	0	0	0	0	0	0	0	0	0	0	0	0	0	0	0	0	0	0	0	0	0	0	0	0	2215	2215	2201	2187	2174	2160	2160	2147	2147	2160	2160	2160	2160	2174	2174	2174	2174	2174	2187	2187	2187	2187	2187	2187	2187	2187	2187	2187	2187	2187	2187	2187	2187	2201	2201	2201	2187	2187	2187	2187	2187	2187	2187	2187	2174	2160	2133	2133	2120	2107	2095	2095	2095	2095	2095	2082	2082	2082	2082	2082	2082	2082	2082	2082	2069	2082	2082	2082	2082	2082	2069	2082	2082	2082	2082	2082	2082	2082	2082	2069	2069	2069	2057	2069	2069	2069	2069	2082	2095	2095	2095	2082	2082	2082	2082	2082	2082	2082	2082	2082	2082	2082	2082	2082	2095	2095	2095	2095	2095	2095	2095	2095	2095	2095	2095	2095	2082	2082	2082	2082	2082	2082	2082	2082	2082	2095	2082	2082	2095	2095	2095	2095	2107	2082	2095	2082	2082	2082	2082	2082	2082	2082	2082	2082	2095	2095	2095	2095	2095	2095	2095	2095	2095	2095	2095	2095	2082	2095	2095	2095	2095	2095	2095	2095	2095	2095	2095	2095	2095	2095	2095	2107	2107	2107	2107	2107	2107	2095	2095	2095	2095	2095	2095	2095	2095	2095	2095	2095	2095	2095	2095	2095	2095	2107	2095	2095	2095	2107	2095	2095	2095	2095	2095	2095	2095	2095	2095	2095	2095	2095	2095	2095	2095	2095	2095	2107	2095	2107	2107	2107	2107	2107	2107	2095	2095	2095	2095	2107	2107	2107	2107	2107	2107	2120	2120	2107	2120	2120	2107	2120	2120	2107	2120	2107	2107	2120	2107	2107	2107	2107	2107	2107	2107	2107	2107	2107	2107	2107	2107	2107	2107	2107	2107	2095	2095	2095	2095	2107	2107	2107	2107	2107	2107	2095	2095	2107	2095	2095	2095	2095	2095	2095	2082	2082	2082	2082	2082	2082	2095	2095	2082	2095	2095	2095	2095	2095	2095	2095	2095	2095	2095	2107	2107	2107	2095	2095	2095	2082	2082	2082	2082	2082	2082	2082	2095	2095	2095	2095	2095	2095	2082	2082	2082	2082	2082	2082	2082	2082	2069	2069	2057	2057	2057	0	0	0	0	0	0	0	0	0	0	0	0	0	0	0	0	0	0	0	0	0	0	0	0	0	0	0	0	0	0	0	0	0	0	0	0	0	0	0	0	0	0	0	0	0	0	0	0	0	0	0	0	
0	0	0	0	0	0	0	0	0	0	0	0	0	0	0	0	0	0	0	0	0	0	0	0	0	0	0	0	0	0	0	0	0	0	0	1858	1858	1858	1868	1878	1888	1899	1920	1931	1931	1941	1941	1952	1964	1986	2009	2021	2021	2033	2045	2057	2082	2095	2107	2120	2133	2133	2133	2133	2147	2174	2174	2201	2244	2244	2289	2289	0	0	0	0	0	0	0	0	0	0	0	0	0	0	0	0	0	0	0	0	0	0	0	0	0	0	0	0	0	0	0	0	0	0	0	0	0	0	0	0	0	0	0	0	0	0	0	0	0	0	0	0	0	0	0	0	0	0	0	0	0	0	0	0	0	0	0	0	0	0	0	0	0	0	0	0	0	0	0	0	0	0	0	0	0	0	0	0	0	0	0	0	0	0	0	0	0	0	0	0	0	0	0	0	0	0	0	0	0	0	0	0	0	0	0	0	0	0	0	0	0	0	0	0	0	0	0	0	0	0	0	0	0	0	0	0	0	0	0	0	0	0	0	0	0	0	0	0	0	0	0	0	0	0	0	0	0	0	0	0	0	0	0	0	0	0	0	0	0	0	0	0	0	0	0	0	0	0	0	0	0	0	0	2215	2201	2201	2187	2174	2160	2160	2160	2160	2160	2160	2160	2160	2174	2174	2174	2174	2174	2174	2187	2187	2187	2187	2187	2187	2187	2187	2187	2187	2187	2187	2187	2187	2187	2201	2187	2187	2187	2187	2187	2187	2187	2187	2187	2187	2174	2147	2133	2120	2120	2107	2107	2095	2095	2095	2095	2095	2082	2082	2082	2082	2082	2069	2069	2069	2069	2069	2082	2069	2082	2069	2069	2082	2082	2082	2082	2082	2082	2082	2069	2069	2069	2057	2069	2069	2069	2069	2082	2095	2095	2095	2082	2082	2082	2082	2082	2082	2082	2082	2082	2082	2082	2082	2082	2095	2095	2095	2095	2095	2095	2095	2082	2095	2095	2095	2082	2082	2082	2082	2082	2095	2095	2082	2095	2082	2095	2095	2082	2095	2107	2095	2095	2107	2082	2095	2082	2082	2082	2082	2082	2082	2082	2082	2082	2095	2095	2095	2095	2095	2095	2095	2095	2095	2095	2095	2095	2095	2095	2082	2095	2095	2095	2095	2095	2095	2095	2095	2095	2095	2095	2095	2095	2107	2107	2107	2107	2107	2095	2095	2095	2095	2095	2095	2095	2095	2095	2095	2095	2095	2095	2095	2095	2107	2107	2107	2095	2095	2107	2095	2095	2095	2095	2095	2095	2095	2095	2095	2095	2095	2095	2095	2095	2095	2095	2095	2107	2107	2107	2107	2107	2107	2107	2107	2095	2095	2095	2095	2107	2107	2107	2107	2107	2107	2120	2120	2107	2120	2107	2107	2120	2120	2107	2107	2107	2120	2120	2107	2107	2107	2107	2107	2107	2107	2107	2107	2107	2107	2107	2107	2107	2107	2107	2107	2082	2095	2095	2095	2107	2107	2107	2107	2107	2095	2095	2095	2095	2095	2095	2082	2095	2095	2095	2082	2082	2095	2095	2095	2095	2095	2095	2095	2095	2095	2095	2095	2095	2095	2095	2095	2095	2095	2095	2107	2107	2095	2095	2095	2082	2082	2082	2082	2082	2095	2095	2095	2095	2095	2095	2095	2082	2082	2082	2082	2082	2082	2082	2082	2082	2069	2069	2069	2057	0	0	0	0	0	0	0	0	0	0	0	0	0	0	0	0	0	0	0	0	0	0	0	0	0	0	0	0	0	0	0	0	0	0	0	0	0	0	0	0	0	0	0	0	0	0	0	0	0	0	0	0	0	
0	0	0	0	0	0	0	0	0	0	0	0	0	0	0	0	0	0	0	0	0	0	0	0	0	0	0	0	0	0	0	0	0	0	0	1858	1858	1858	1868	1878	1899	1899	1931	1931	1931	1941	1941	1952	1964	1975	1975	2009	2009	2021	2069	2057	2082	2095	2095	2120	2120	2133	2133	2147	2147	2201	2187	2201	2230	2230	2244	2244	0	0	0	0	0	0	0	0	0	0	0	0	0	0	0	0	0	0	0	0	0	0	0	0	0	0	0	0	0	0	0	0	0	0	0	0	0	0	0	0	0	0	0	0	0	0	0	0	0	0	0	0	0	0	0	0	0	0	0	0	0	0	0	0	0	0	0	0	0	0	0	0	0	0	0	0	0	0	0	0	0	0	0	0	0	0	0	0	0	0	0	0	0	0	0	0	0	0	0	0	0	0	0	0	0	0	0	0	0	0	0	0	0	0	0	0	0	0	0	0	0	0	0	0	0	0	0	0	0	0	0	0	0	0	0	0	0	0	0	0	0	0	0	0	0	0	0	0	0	0	0	0	0	0	0	0	0	0	0	0	0	0	0	0	0	0	0	0	0	0	0	0	0	0	0	0	0	0	0	0	0	0	0	2201	2201	2201	2174	2174	2174	2160	2160	2160	2160	2160	2174	2174	2174	2174	2174	2174	2174	2174	2187	2187	2187	2187	2187	2187	2187	2187	2187	2187	2187	2187	2187	2187	2187	2187	2187	2187	2187	2187	2187	2187	2187	2201	2187	2187	2174	2160	2133	2120	2120	2107	2107	2107	2095	2095	2095	2095	2095	2082	2082	2082	2082	2069	2069	2069	2069	2069	2082	2069	2082	2082	2082	2082	2082	2082	2082	2082	2082	2082	2069	2069	2069	2057	2069	2069	2069	2069	2082	2082	2095	2095	2082	2082	2082	2082	2082	2082	2082	2082	2082	2082	2082	2082	2082	2095	2095	2095	2095	2095	2095	2095	2095	2095	2095	2082	2082	2082	2082	2082	2082	2095	2095	2095	2095	2095	2107	2107	2095	2095	2107	2107	2107	2107	2082	2082	2082	2082	2082	2082	2082	2082	2082	2082	2082	2095	2095	2095	2095	2095	2095	2095	2095	2095	2095	2095	2095	2095	2095	2082	2095	2095	2095	2095	2095	2095	2095	2095	2095	2095	2095	2095	2095	2107	2107	2107	2107	2107	2107	2107	2095	2095	2095	2095	2095	2095	2095	2095	2095	2095	2095	2095	2095	2107	2107	2107	2095	2095	2095	2082	2095	2095	2095	2095	2095	2095	2095	2095	2095	2095	2095	2095	2095	2095	2095	2095	2107	2107	2107	2107	2107	2107	2107	2095	2095	2095	2095	2095	2095	2095	2095	2107	2107	2107	2107	2107	2107	2107	2107	2107	2120	2120	2120	2120	2120	2120	2120	2107	2095	2107	2107	2107	2120	2120	2120	2120	2107	2107	2107	2095	2107	2107	2107	2107	2095	2095	2107	2107	2107	2107	2107	2107	2107	2095	2095	2095	2095	2095	2082	2082	2095	2095	2095	2095	2095	2095	2107	2107	2095	2095	2095	2095	2095	2095	2095	2095	2095	2095	2095	2095	2095	2095	2095	2107	2107	2095	2095	2095	2082	2082	2082	2082	2082	2095	2082	2095	2095	2095	2095	2095	2082	2082	2082	2082	2082	2082	2082	2082	2082	2057	2057	2057	0	0	0	0	0	0	0	0	0	0	0	0	0	0	0	0	0	0	0	0	0	0	0	0	0	0	0	0	0	0	0	0	0	0	0	0	0	0	0	0	0	0	0	0	0	0	0	0	0	0	0	0	0	0	
0	0	0	0	0	0	0	0	0	0	0	0	0	0	0	0	0	0	0	0	0	0	0	0	0	0	0	0	0	0	0	0	0	0	0	1858	1858	1858	1868	1878	1888	1899	1909	1931	1941	1941	1952	1964	1964	1975	1975	2009	2021	2033	2069	2057	2069	2082	2107	2107	2120	2133	2133	2147	2160	2187	2187	2187	2230	2230	2230	2230	0	0	0	0	0	0	0	0	0	0	0	0	0	0	0	0	0	0	0	0	0	0	0	0	0	0	0	0	0	0	0	0	0	0	0	0	0	0	0	0	0	0	0	0	0	0	0	0	0	0	0	0	0	0	0	0	0	0	0	0	0	0	0	0	0	0	0	0	0	0	0	0	0	0	0	0	0	0	0	0	0	0	0	0	0	0	0	0	0	0	0	0	0	0	0	0	0	0	0	0	0	0	0	0	0	0	0	0	0	0	0	0	0	0	0	0	0	0	0	0	0	0	0	0	0	0	0	0	0	0	0	0	0	0	0	0	0	0	0	0	0	0	0	0	0	0	0	0	0	0	0	0	0	0	0	0	0	0	0	0	0	0	0	0	0	0	0	0	0	0	0	0	0	0	0	0	0	0	0	0	0	0	0	2201	2201	2201	2174	2174	2160	2160	2160	2160	2160	2160	2174	2174	2174	2174	2174	2174	2174	2174	2174	2174	2187	2187	2187	2187	2187	2174	2187	2187	2187	2187	2187	2187	2187	2187	2187	2187	2187	2187	2187	2201	2201	2201	2187	2187	2174	2160	2133	2120	2120	2107	2107	2107	2095	2095	2095	2095	2095	2095	2082	2082	2082	2082	2069	2069	2069	2069	2082	2069	2082	2082	2082	2082	2082	2082	2082	2082	2082	2082	2069	2069	2069	2069	2069	2069	2069	2069	2082	2082	2095	2095	2082	2082	2082	2082	2082	2082	2082	2082	2095	2095	2095	2082	2082	2095	2095	2095	2095	2095	2095	2095	2095	2095	2095	2095	2095	2082	2082	2082	2082	2095	2095	2095	2095	2095	2107	2107	2095	2095	2107	2107	2107	2107	2082	2095	2082	2082	2082	2082	2082	2082	2082	2082	2082	2082	2095	2095	2095	2095	2095	2095	2095	2095	2095	2095	2095	2095	2095	2082	2095	2095	2095	2095	2095	2095	2095	2095	2095	2095	2095	2095	2095	2095	2107	2107	2107	2107	2095	2107	2095	2095	2095	2095	2095	2095	2095	2095	2095	2107	2095	2095	2095	2107	2107	2107	2095	2095	2107	2095	2095	2095	2095	2095	2095	2095	2095	2095	2095	2095	2095	2095	2095	2095	2095	2095	2107	2107	2107	2107	2107	2107	2107	2095	2095	2095	2095	2095	2095	2095	2095	2107	2107	2107	2107	2107	2107	2107	2107	2095	2107	2107	2107	2107	2107	2120	2120	2107	2107	2120	2120	2120	2120	2120	2120	2120	2120	2107	2107	2095	2107	2107	2107	2107	2095	2095	2095	2095	2107	2107	2107	2107	2107	2095	2095	2095	2095	2095	2082	2082	2095	2095	2095	2095	2095	2095	2107	2107	2107	2107	2095	2107	2095	2095	2095	2095	2095	2082	2095	2095	2095	2095	2095	2107	2107	2107	2107	2107	2095	2082	2082	2082	2082	2082	2082	2095	2095	2095	2095	2095	2082	2082	2082	2082	2082	2082	2082	2082	2082	2057	2057	2057	0	0	0	0	0	0	0	0	0	0	0	0	0	0	0	0	0	0	0	0	0	0	0	0	0	0	0	0	0	0	0	0	0	0	0	0	0	0	0	0	0	0	0	0	0	0	0	0	0	0	0	0	0	0	
0	0	0	0	0	0	0	0	0	0	0	0	0	0	0	0	0	0	0	0	0	0	0	0	0	0	0	0	0	0	0	0	0	0	0	1858	1858	1868	1878	1878	1888	1899	1899	1931	1941	1952	1952	1964	1975	1975	1975	2009	2021	2033	2057	2057	2069	2082	2095	2107	2120	2133	2133	2147	2160	2187	2187	2187	2230	2230	2230	2230	2230	0	0	0	0	0	0	0	0	0	0	0	0	0	0	0	0	0	0	0	0	0	0	0	0	0	0	0	0	0	0	0	0	0	0	0	0	0	0	0	0	0	0	0	0	0	0	0	0	0	0	0	0	0	0	0	0	0	0	0	0	0	0	0	0	0	0	0	0	0	0	0	0	0	0	0	0	0	0	0	0	0	0	0	0	0	0	0	0	0	0	0	0	0	0	0	0	0	0	0	0	0	0	0	0	0	0	0	0	0	0	0	0	0	0	0	0	0	0	0	0	0	0	0	0	0	0	0	0	0	0	0	0	0	0	0	0	0	0	0	0	0	0	0	0	0	0	0	0	0	0	0	0	0	0	0	0	0	0	0	0	0	0	0	0	0	0	0	0	0	0	0	0	0	0	0	0	0	0	0	0	0	0	2201	2201	2187	2174	2174	2160	2160	2160	2160	2160	2160	2174	2174	2174	2174	2174	2174	2174	2174	2174	2174	2174	2187	2187	2187	2187	2174	2187	2187	2187	2187	2187	2187	2187	2187	2187	2187	2187	2187	2187	2187	2201	2201	2187	2187	2174	2147	2133	2120	2120	2107	2107	2095	2095	2095	2095	2095	2095	2095	2082	2082	2082	2082	2082	2069	2082	2082	2095	2082	2082	2082	2082	2082	2082	2082	2082	2082	2082	2082	2069	2069	2069	2069	2069	2069	2069	2069	2082	2082	2082	2082	2082	2082	2082	2082	2082	2082	2082	2095	2095	2095	2095	2082	2082	2095	2095	2095	2095	2095	2095	2095	2095	2095	2095	2082	2082	2095	2095	2082	2095	2095	2095	2095	2095	2095	2107	2107	2095	2107	2107	2107	2107	2107	2095	2095	2095	2082	2082	2082	2082	2082	2082	2082	2082	2095	2095	2095	2095	2095	2095	2095	2095	2095	2095	2095	2095	2095	2095	2095	2095	2095	2095	2095	2095	2095	2095	2082	2095	2095	2095	2095	2095	2095	2107	2107	2107	2107	2095	2107	2095	2095	2095	2095	2095	2095	2095	2095	2107	2107	2095	2095	2095	2107	2107	2107	2095	2095	2107	2095	2095	2095	2095	2095	2095	2095	2095	2095	2095	2095	2095	2095	2095	2095	2095	2095	2095	2095	2095	2095	2095	2095	2095	2095	2095	2095	2095	2095	2095	2107	2107	2107	2107	2107	2107	2107	2107	2107	2107	2095	2107	2107	2107	2107	2120	2120	2120	2107	2107	2107	2120	2120	2120	2120	2120	2120	2120	2107	2107	2095	2095	2095	2107	2095	2095	2095	2095	2095	2095	2095	2095	2095	2095	2095	2095	2095	2095	2095	2095	2082	2095	2095	2095	2095	2095	2107	2107	2107	2107	2107	2107	2107	2107	2095	2095	2082	2095	2082	2082	2082	2082	2095	2095	2107	2107	2107	2107	2107	2095	2082	2082	2082	2082	2082	2082	2082	2095	2095	2095	2095	2082	2082	2082	2082	2082	2082	2082	2082	2069	2057	2057	2057	0	0	0	0	0	0	0	0	0	0	0	0	0	0	0	0	0	0	0	0	0	0	0	0	0	0	0	0	0	0	0	0	0	0	0	0	0	0	0	0	0	0	0	0	0	0	0	0	0	0	0	0	0	0	
0	0	0	0	0	0	0	0	0	0	0	0	0	0	0	0	0	0	0	0	0	0	0	0	0	0	0	0	0	0	0	0	0	0	0	1858	1858	1868	1878	1878	1888	1899	1899	1931	1941	1952	1952	1964	1964	1975	1975	2009	2021	2033	2057	2057	2069	2082	2095	2107	2120	2120	2133	2133	2147	2174	2187	2187	2230	2230	2230	2230	2230	0	0	0	0	0	0	0	0	0	0	0	0	0	0	0	0	0	0	0	0	0	0	0	0	0	0	0	0	0	0	0	0	0	0	0	0	0	0	0	0	0	0	0	0	0	0	0	0	0	0	0	0	0	0	0	0	0	0	0	0	0	0	0	0	0	0	0	0	0	0	0	0	0	0	0	0	0	0	0	0	0	0	0	0	0	0	0	0	0	0	0	0	0	0	0	0	0	0	0	0	0	0	0	0	0	0	0	0	0	0	0	0	0	0	0	0	0	0	0	0	0	0	0	0	0	0	0	0	0	0	0	0	0	0	0	0	0	0	0	0	0	0	0	0	0	0	0	0	0	0	0	0	0	0	0	0	0	0	0	0	0	0	0	0	0	0	0	0	0	0	0	0	0	0	0	0	0	0	0	0	0	0	2201	2201	2187	2174	2174	2160	2160	2160	2160	2160	2160	2160	2160	2174	2174	2174	2174	2174	2174	2174	2174	2187	2187	2187	2187	2187	2187	2187	2187	2187	2187	2187	2187	2187	2187	2187	2187	2187	2187	2187	2187	2201	2201	2187	2187	2174	2160	2133	2120	2120	2107	2107	2095	2095	2095	2095	2095	2095	2095	2082	2082	2082	2082	2082	2069	2095	2095	2095	2082	2082	2082	2082	2082	2082	2082	2082	2082	2082	2069	2069	2069	2069	2069	2069	2069	2069	2082	2082	2082	2082	2082	2082	2082	2069	2069	2082	2082	2082	2095	2095	2095	2095	2095	2082	2095	2095	2082	2082	2082	2082	2082	2082	2082	2082	2082	2082	2082	2082	2082	2095	2095	2095	2095	2095	2095	2107	2107	2095	2107	2107	2107	2107	2107	2095	2095	2095	2095	2095	2095	2082	2095	2082	2095	2095	2095	2095	2095	2095	2095	2095	2095	2095	2095	2095	2095	2095	2095	2095	2095	2095	2095	2095	2095	2095	2095	2095	2095	2095	2095	2095	2095	2095	2095	2095	2095	2095	2107	2095	2107	2095	2095	2095	2095	2095	2107	2095	2095	2107	2107	2095	2095	2095	2095	2095	2095	2095	2095	2107	2095	2095	2095	2095	2095	2095	2095	2095	2095	2095	2095	2095	2095	2095	2095	2095	2095	2095	2095	2095	2095	2095	2095	2095	2095	2095	2095	2095	2095	2107	2107	2107	2107	2120	2107	2107	2095	2107	2107	2095	2095	2095	2107	2107	2107	2120	2120	2120	2107	2107	2120	2120	2120	2120	2120	2120	2120	2120	2107	2107	2107	2107	2107	2107	2107	2107	2095	2107	2107	2107	2095	2095	2095	2095	2095	2095	2095	2095	2095	2095	2095	2095	2095	2095	2095	2095	2107	2107	2107	2107	2107	2107	2107	2107	2095	2095	2082	2095	2082	2082	2082	2082	2095	2095	2107	2107	2107	2107	2107	2082	2082	2082	2082	2082	2082	2082	2082	2082	2095	2095	2095	2082	2107	2082	2082	2082	2082	2069	2082	2069	2057	2057	2057	0	0	0	0	0	0	0	0	0	0	0	0	0	0	0	0	0	0	0	0	0	0	0	0	0	0	0	0	0	0	0	0	0	0	0	0	0	0	0	0	0	0	0	0	0	0	0	0	0	0	0	0	0	0	
0	0	0	0	0	0	0	0	0	0	0	0	0	0	0	0	0	0	0	0	0	0	0	0	0	0	0	0	0	0	0	0	0	0	0	1858	1868	1878	1878	1888	1888	1899	1909	1931	1941	1952	1952	1964	1964	1975	1975	2009	2021	2033	2057	2057	2069	2082	2095	2095	2107	2120	2133	2147	2147	2160	2174	2187	2215	2230	2230	2230	2230	0	0	0	0	0	0	0	0	0	0	0	0	0	0	0	0	0	0	0	0	0	0	0	0	0	0	0	0	0	0	0	0	0	0	0	0	0	0	0	0	0	0	0	0	0	0	0	0	0	0	0	0	0	0	0	0	0	0	0	0	0	0	0	0	0	0	0	0	0	0	0	0	0	0	0	0	0	0	0	0	0	0	0	0	0	0	0	0	0	0	0	0	0	0	0	0	0	0	0	0	0	0	0	0	0	0	0	0	0	0	0	0	0	0	0	0	0	0	0	0	0	0	0	0	0	0	0	0	0	0	0	0	0	0	0	0	0	0	0	0	0	0	0	0	0	0	0	0	0	0	0	0	0	0	0	0	0	0	0	0	0	0	0	0	0	0	0	0	0	0	0	0	0	0	0	0	0	0	0	0	0	0	2215	2201	2201	2174	2174	2174	2160	2160	2160	2160	2160	2160	2160	2174	2174	2160	2174	2174	2174	2174	2174	2174	2187	2187	2187	2187	2187	2187	2187	2187	2187	2187	2187	2187	2187	2187	2187	2187	2187	2187	2201	2201	2201	2201	2187	2174	2160	2147	2133	2120	2107	2095	2095	2095	2095	2095	2095	2095	2095	2082	2082	2095	2082	2082	2082	2095	2082	2095	2069	2082	2082	2082	2082	2082	2082	2082	2082	2082	2069	2082	2069	2069	2069	2069	2069	2069	2082	2082	2082	2082	2082	2069	2082	2069	2069	2069	2082	2082	2082	2095	2095	2095	2095	2095	2095	2095	2082	2082	2082	2082	2082	2082	2082	2082	2082	2082	2082	2082	2082	2095	2095	2095	2095	2095	2095	2107	2107	2095	2107	2107	2107	2107	2107	2095	2095	2095	2095	2095	2095	2095	2095	2095	2095	2095	2095	2095	2095	2095	2095	2095	2095	2095	2095	2095	2095	2095	2095	2095	2095	2095	2095	2095	2095	2095	2095	2095	2095	2095	2095	2095	2095	2095	2095	2095	2095	2095	2095	2095	2107	2095	2095	2095	2107	2095	2107	2095	2095	2107	2107	2095	2095	2095	2095	2095	2095	2095	2095	2107	2095	2095	2095	2095	2095	2095	2095	2095	2095	2095	2095	2095	2095	2095	2095	2095	2095	2095	2095	2095	2095	2095	2095	2095	2095	2095	2095	2095	2095	2107	2107	2107	2107	2107	2107	2107	2095	2095	2095	2095	2095	2095	2095	2107	2107	2107	2107	2107	2107	2107	2107	2120	2120	2120	2120	2120	2120	2120	2107	2107	2107	2107	2107	2107	2107	2107	2095	2107	2095	2095	2095	2095	2095	2095	2095	2095	2095	2095	2095	2095	2095	2107	2095	2095	2107	2095	2107	2107	2107	2107	2107	2107	2107	2107	2095	2095	2082	2095	2082	2082	2095	2095	2095	2095	2107	2107	2107	2107	2095	2082	2082	2082	2082	2082	2082	2082	2082	2095	2095	2095	2107	2082	2107	2095	2082	2082	2069	2069	2069	2069	2057	2057	0	0	0	0	0	0	0	0	0	0	0	0	0	0	0	0	0	0	0	0	0	0	0	0	0	0	0	0	0	0	0	0	0	0	0	0	0	0	0	0	0	0	0	0	0	0	0	0	0	0	0	0	0	0	0	
0	0	0	0	0	0	0	0	0	0	0	0	0	0	0	0	0	0	0	0	0	0	0	0	0	0	0	0	0	0	0	0	0	0	0	1868	1878	1878	1888	1888	1899	1899	1909	1941	1941	1952	1964	1975	1975	1975	1975	1986	2021	2045	2057	2057	2069	2082	2082	2095	2107	2120	2133	2147	2147	2160	2174	2187	2215	2230	2230	2230	0	0	0	0	0	0	0	0	0	0	0	0	0	0	0	0	0	0	0	0	0	0	0	0	0	0	0	0	0	0	0	0	0	0	0	0	0	0	0	0	0	0	0	0	0	0	0	0	0	0	0	0	0	0	0	0	0	0	0	0	0	0	0	0	0	0	0	0	0	0	0	0	0	0	0	0	0	0	0	0	0	0	0	0	0	0	0	0	0	0	0	0	0	0	0	0	0	0	0	0	0	0	0	0	0	0	0	0	0	0	0	0	0	0	0	0	0	0	0	0	0	0	0	0	0	0	0	0	0	0	0	0	0	0	0	0	0	0	0	0	0	0	0	0	0	0	0	0	0	0	0	0	0	0	0	0	0	0	0	0	0	0	0	0	0	0	0	0	0	0	0	0	0	0	0	0	0	0	0	0	0	0	0	2215	2201	2201	2174	2174	2174	2160	2160	2160	2160	2160	2160	2160	2160	2174	2160	2174	2174	2174	2174	2174	2174	2174	2187	2187	2187	2187	2187	2187	2187	2187	2187	2187	2187	2187	2187	2187	2187	2187	2187	2201	2201	2201	2201	2187	2174	2160	2147	2133	2120	2107	2095	2095	2095	2082	2082	2095	2095	2095	2095	2095	2095	2095	2095	2082	2095	2082	2095	2069	2069	2069	2082	2069	2069	2069	2082	2069	2069	2069	2069	2069	2069	2069	2069	2069	2069	2082	2082	2082	2082	2069	2069	2069	2069	2069	2069	2082	2082	2082	2082	2095	2095	2082	2082	2082	2082	2082	2082	2082	2082	2082	2082	2082	2082	2082	2082	2082	2082	2082	2082	2095	2095	2095	2095	2095	2107	2107	2095	2095	2095	2107	2107	2107	2082	2095	2095	2095	2095	2095	2095	2095	2095	2095	2095	2095	2095	2095	2082	2095	2095	2095	2095	2095	2095	2095	2095	2095	2095	2095	2095	2095	2095	2095	2095	2095	2095	2095	2095	2095	2095	2095	2095	2095	2095	2095	2095	2095	2095	2095	2095	2095	2095	2107	2107	2107	2107	2095	2107	2107	2095	2095	2095	2095	2095	2095	2095	2095	2095	2095	2095	2095	2095	2095	2095	2095	2095	2095	2095	2095	2095	2095	2095	2095	2095	2095	2095	2095	2095	2095	2095	2095	2095	2095	2095	2095	2095	2095	2095	2095	2107	2107	2107	2107	2095	2095	2107	2107	2095	2095	2095	2095	2095	2095	2107	2107	2107	2107	2107	2107	2107	2120	2120	2120	2107	2120	2120	2107	2107	2107	2107	2107	2120	2107	2107	2107	2107	2107	2107	2095	2095	2095	2095	2095	2107	2095	2107	2107	2107	2095	2107	2107	2107	2107	2107	2107	2107	2107	2107	2107	2095	2107	2107	2095	2082	2082	2082	2069	2082	2082	2082	2095	2107	2107	2107	2107	2107	2095	2082	2082	2069	2069	2082	2082	2082	2082	2095	2107	2107	2120	2107	2107	2095	2095	2082	2069	2069	2069	2069	2057	0	0	0	0	0	0	0	0	0	0	0	0	0	0	0	0	0	0	0	0	0	0	0	0	0	0	0	0	0	0	0	0	0	0	0	0	0	0	0	0	0	0	0	0	0	0	0	0	0	0	0	0	0	0	0	0	
0	0	0	0	0	0	0	0	0	0	0	0	0	0	0	0	0	0	0	0	0	0	0	0	0	0	0	0	0	0	0	0	0	0	0	1868	1878	1888	1888	1888	1899	1899	1909	1941	1952	1964	1964	1975	1975	1975	1975	1986	2021	2045	2057	2057	2069	2082	2082	2095	2107	2107	2120	2120	2133	2160	2174	2187	2201	2230	2230	2230	0	0	0	0	0	0	0	0	0	0	0	0	0	0	0	0	0	0	0	0	0	0	0	0	0	0	0	0	0	0	0	0	0	0	0	0	0	0	0	0	0	0	0	0	0	0	0	0	0	0	0	0	0	0	0	0	0	0	0	0	0	0	0	0	0	0	0	0	0	0	0	0	0	0	0	0	0	0	0	0	0	0	0	0	0	0	0	0	0	0	0	0	0	0	0	0	0	0	0	0	0	0	0	0	0	0	0	0	0	0	0	0	0	0	0	0	0	0	0	0	0	0	0	0	0	0	0	0	0	0	0	0	0	0	0	0	0	0	0	0	0	0	0	0	0	0	0	0	0	0	0	0	0	0	0	0	0	0	0	0	0	0	0	0	0	0	0	0	0	0	0	0	0	0	0	0	0	0	0	0	0	0	0	0	2201	2187	2174	2174	2174	2160	2160	2160	2160	2160	2160	2160	2160	2174	2160	2160	2174	2174	2174	2174	2174	2174	2187	2187	2187	2187	2187	2187	2187	2187	2187	2187	2187	2187	2187	2187	2187	2187	2187	2201	2201	2201	2201	2187	2187	2174	2160	2133	2120	2107	2095	2095	2082	2082	2082	2095	2095	2095	2095	2107	2107	2095	2095	2095	2095	2095	2095	2069	2069	2069	2069	2069	2069	2069	2069	2069	2069	2069	2069	2069	2069	2069	2069	2069	2069	2082	2069	2082	2069	2069	2069	2069	2069	2069	2082	2082	2082	2082	2095	2095	2095	2082	2082	2082	2082	2082	2082	2082	2069	2069	2082	2082	2082	2082	2082	2082	2082	2082	2095	2095	2095	2095	2095	2095	2095	2095	2095	2095	2095	2095	2095	2095	2082	2082	2095	2095	2082	2095	2095	2095	2082	2082	2082	2082	2082	2082	2082	2095	2095	2095	2095	2095	2095	2095	2095	2095	2095	2095	2095	2095	2095	2095	2095	2095	2095	2095	2095	2095	2095	2095	2095	2095	2095	2095	2095	2095	2095	2095	2095	2095	2095	2107	2107	2107	2095	2095	2107	2095	2095	2095	2095	2095	2095	2095	2095	2095	2095	2095	2095	2095	2095	2095	2095	2095	2095	2095	2095	2095	2095	2095	2095	2095	2095	2095	2095	2095	2095	2095	2095	2095	2095	2095	2095	2095	2095	2095	2107	2107	2107	2107	2107	2107	2095	2095	2095	2095	2107	2095	2095	2095	2095	2095	2107	2107	2107	2107	2107	2107	2107	2120	2120	2120	2107	2107	2120	2107	2107	2107	2107	2107	2120	2120	2107	2107	2107	2107	2107	2095	2095	2095	2095	2095	2107	2107	2107	2107	2107	2107	2120	2107	2107	2120	2107	2107	2107	2107	2095	2107	2095	2095	2095	2095	2082	2082	2082	2069	2082	2069	2069	2095	2107	2107	2107	2107	2107	2095	2082	2069	2069	2069	2069	2069	2082	2082	2082	2120	2120	2133	2120	2120	0	2107	2082	2082	2082	0	0	0	0	0	0	0	0	0	0	0	0	0	0	0	0	0	0	0	0	0	0	0	0	0	0	0	0	0	0	0	0	0	0	0	0	0	0	0	0	0	0	0	0	0	0	0	0	0	0	0	0	0	0	0	0	0	0	0	
0	0	0	0	0	0	0	0	0	0	0	0	0	0	0	0	0	0	0	0	0	0	0	0	0	0	0	0	0	0	0	0	0	0	0	1868	1878	1888	1888	1888	1899	1899	1909	1941	1964	1964	1964	1975	1975	1975	1975	2009	2033	2045	2045	2045	2069	2069	2082	2095	2107	2120	2120	2120	2133	2160	2174	2187	2230	2244	2244	2244	0	0	0	0	0	0	0	0	0	0	0	0	0	0	0	0	0	0	0	0	0	0	0	0	0	0	0	0	0	0	0	0	0	0	0	0	0	0	0	0	0	0	0	0	0	0	0	0	0	0	0	0	0	0	0	0	0	0	0	0	0	0	0	0	0	0	0	0	0	0	0	0	0	0	0	0	0	0	0	0	0	0	0	0	0	0	0	0	0	0	0	0	0	0	0	0	0	0	0	0	0	0	0	0	0	0	0	0	0	0	0	0	0	0	0	0	0	0	0	0	0	0	0	0	0	0	0	0	0	0	0	0	0	0	0	0	0	0	0	0	0	0	0	0	0	0	0	0	0	0	0	0	0	0	0	0	0	0	0	0	0	0	0	0	0	0	0	0	0	0	0	0	0	0	0	0	0	0	0	0	0	0	0	0	2201	2187	2174	2174	2174	2160	2160	2160	2160	2160	2160	2160	2160	2160	2160	2160	2160	2174	2174	2174	2174	2174	2187	2187	2187	2187	2187	2187	2187	2187	2187	2187	2187	2187	2187	2187	2187	2187	2187	2187	2187	2187	2201	2187	2174	2160	2147	2120	2107	2095	2095	2095	2082	2082	2082	2082	2095	2095	2095	2095	2107	2095	2107	2095	2095	2095	2095	2069	2069	2069	2069	2069	2069	2069	2069	2069	2069	2069	2069	2069	2069	2069	2082	2069	2069	2069	2069	2069	2069	2069	2069	2069	2082	2082	2082	2095	2095	2095	2095	2095	2082	2082	2082	2082	2069	2069	2069	2069	2069	2069	2082	2082	2082	2082	2082	2082	2082	2082	2095	2095	2095	2095	2095	2095	2095	2095	2095	2095	2095	2095	2095	2095	2082	2082	2095	2095	2095	2095	2095	2095	2095	2082	2082	2082	2095	2082	2082	2095	2095	2082	2095	2095	2095	2095	2095	2095	2095	2095	2095	2095	2095	2095	2095	2095	2095	2095	2095	2095	2095	2095	2095	2095	2107	2095	2095	2095	2095	2095	2095	2095	2095	2107	2095	2107	2095	2095	2107	2095	2095	2095	2095	2095	2095	2095	2095	2095	2107	2095	2082	2095	2082	2095	2082	2095	2095	2095	2095	2095	2095	2095	2095	2095	2095	2095	2095	2095	2095	2095	2095	2095	2095	2095	2095	2107	2095	2107	2107	2107	2107	2107	2107	2107	2107	2095	2095	2095	2107	2095	2095	2095	2095	2095	2095	2107	2107	2107	2107	2107	2107	2107	2107	2107	2107	2107	2120	2107	2107	2107	2107	2107	2120	2120	2107	2107	2107	2107	2107	2095	2095	2095	2095	2095	2107	2107	2107	2120	2120	2120	2120	2120	2120	2120	2120	2120	2107	2107	2107	2095	2082	0	0	0	0	0	0	2082	2082	2069	2057	2082	2095	2082	2082	2095	2082	0	0	0	0	0	0	0	0	0	0	0	0	0	0	2120	0	0	0	0	0	0	0	0	0	0	0	0	0	0	0	0	0	0	0	0	0	0	0	0	0	0	0	0	0	0	0	0	0	0	0	0	0	0	0	0	0	0	0	0	0	0	0	0	0	0	0	0	0	0	0	0	0	0	0	0	0	0	0	0	
0	0	0	0	0	0	0	0	0	0	0	0	0	0	0	0	0	0	0	0	0	0	0	0	0	0	0	0	0	0	0	0	0	0	0	1858	1868	1878	1888	1888	1899	1899	1920	1941	1952	1952	1964	1975	1964	1975	1975	2009	2033	2045	2045	2045	2057	2069	2082	2082	2107	2120	2120	2120	2133	2147	2174	2215	2244	2259	2259	0	0	0	0	0	0	0	0	0	0	0	0	0	0	0	0	0	0	0	0	0	0	0	0	0	0	0	0	0	0	0	0	0	0	0	0	0	0	0	0	0	0	0	0	0	0	0	0	0	0	0	0	0	0	0	0	0	0	0	0	0	0	0	0	0	0	0	0	0	0	0	0	0	0	0	0	0	0	0	0	0	0	0	0	0	0	0	0	0	0	0	0	0	0	0	0	0	0	0	0	0	0	0	0	0	0	0	0	0	0	0	0	0	0	0	0	0	0	0	0	0	0	0	0	0	0	0	0	0	0	0	0	0	0	0	0	0	0	0	0	0	0	0	0	0	0	0	0	0	0	0	0	0	0	0	0	0	0	0	0	0	0	0	0	0	0	0	0	0	0	0	0	0	0	0	0	0	0	0	0	0	0	0	0	0	2187	2174	2160	2174	2174	2160	2160	2160	2160	2160	2160	2147	2160	2174	2160	2160	2174	2174	2174	2174	2174	2174	2187	2187	2187	2187	2187	2187	2187	2187	2187	2187	2187	2187	2187	2187	2187	2187	2187	2187	2187	2187	2201	2187	2174	2160	2147	2120	2107	2095	2095	2082	2082	2082	2082	2082	2082	2082	2095	2095	2095	2095	2095	2095	2095	2095	2082	2069	2069	2069	2069	2069	2069	2069	2069	2069	2069	2069	2069	2069	2069	2069	2069	2069	2069	2069	2069	2069	2069	2069	2069	2069	2082	2082	2082	2095	2095	2095	2095	2095	2095	2082	2082	2082	2069	2069	2069	2069	2069	2069	2082	2082	2082	2082	2082	2082	2082	2082	2095	2095	2095	2095	2107	2095	2095	2095	2095	2095	2095	2095	2095	2095	2082	2082	2095	2095	2095	2095	2095	2095	2095	2082	2082	2082	2095	2082	2082	2082	2082	2082	2095	2095	2095	2095	2095	2095	2095	2095	2095	2095	2095	2095	2095	2095	2095	2095	2095	2095	2095	2095	2095	2095	2107	2095	2095	2095	2095	2095	2095	2095	2095	2095	2095	2107	2095	2095	2107	2095	2095	2095	2095	2095	2095	2095	2095	2095	2095	2082	2082	2082	2082	2095	2082	2095	2095	2095	2095	2095	2095	2095	2095	2095	2095	2095	2095	2095	2095	2095	2095	2095	2095	2095	2095	2107	2107	2107	2107	2107	2107	2095	2095	2095	2095	2095	2095	2107	2107	2107	2095	2095	2095	2095	2107	2107	2107	2107	2107	2107	2107	2107	2107	2120	2107	2120	2120	2107	2107	2107	2107	2107	2120	2120	2107	2107	2107	2120	2107	2095	2095	2107	2095	2095	2107	2107	2107	2107	0	0	0	0	0	2133	2120	2120	2107	2082	0	2069	0	0	0	0	0	0	0	0	0	0	0	0	2069	2082	2082	0	0	0	0	0	0	0	0	0	0	0	0	0	0	0	0	0	0	0	0	0	0	0	0	0	0	0	0	0	0	0	0	0	0	0	0	0	0	0	0	0	0	0	0	0	0	0	0	0	0	0	0	0	0	0	0	0	0	0	0	0	0	0	0	0	0	0	0	0	0	0	0	0	0	0	0	0	0	0	0	0	
0	0	0	0	0	0	0	0	0	0	0	0	0	0	0	0	0	0	0	0	0	0	0	0	0	0	0	0	0	0	0	0	0	0	0	1858	1878	1878	1878	1888	1899	1909	1920	1941	1952	1952	1952	1964	1964	1975	1986	2021	2033	2045	2045	2045	2057	2069	2069	2082	2107	2120	2120	2120	2133	2147	2174	2215	2230	2259	2259	0	0	0	0	0	0	0	0	0	0	0	0	0	0	0	0	0	0	0	0	0	0	0	0	0	0	0	0	0	0	0	0	0	0	0	0	0	0	0	0	0	0	0	0	0	0	0	0	0	0	0	0	0	0	0	0	0	0	0	0	0	0	0	0	0	0	0	0	0	0	0	0	0	0	0	0	0	0	0	0	0	0	0	0	0	0	0	0	0	0	0	0	0	0	0	0	0	0	0	0	0	0	0	0	0	0	0	0	0	0	0	0	0	0	0	0	0	0	0	0	0	0	0	0	0	0	0	0	0	0	0	0	0	0	0	0	0	0	0	0	0	0	0	0	0	0	0	0	0	0	0	0	0	0	0	0	0	0	0	0	0	0	0	0	0	0	0	0	0	0	0	0	0	0	0	0	0	0	0	0	0	0	0	0	0	2187	2187	2174	2174	2174	2160	2160	2160	2160	2160	2160	2147	2160	2174	2174	2174	2174	2174	2187	2187	2187	2187	2187	2187	2187	2187	2187	2187	2187	2187	2187	2187	2187	2187	2187	2187	2187	2187	2201	2201	2187	2201	2201	2201	2187	2174	2147	2120	2107	2107	2095	2095	2082	2082	2082	2082	2082	2082	2082	2082	2095	2095	2095	2082	2095	2082	2082	2069	2069	2069	2069	2069	2069	2069	2069	2069	2082	2082	2082	2069	2069	2069	2069	2057	2069	2057	2057	2057	2069	2069	2069	2069	2082	2082	2082	2095	2095	2095	2095	2095	2082	2082	2082	2082	2069	2069	2069	2069	2069	2069	2069	2082	2082	2082	2082	2082	2082	2082	2082	2082	2095	2095	2095	2095	2095	2095	2095	2082	2095	2095	2095	2095	2082	2082	2082	2082	2082	2082	2082	2082	2082	2082	2082	2082	2082	2082	2082	2095	2082	2082	2095	2095	2095	2095	2095	2095	2095	2095	2095	2095	2095	2095	2095	2095	2095	2095	2095	2095	2095	2095	2095	2095	2107	2095	2095	2095	2095	2095	2095	2095	2095	2095	2095	2107	2095	2095	2095	2095	2095	2095	2095	2095	2095	2095	2095	2095	2095	2082	2082	2082	2082	2095	2082	2095	2095	2095	2095	2095	2095	2095	2095	2095	2095	2095	2095	2095	2095	2095	2095	2095	2095	2107	2095	2107	2107	2107	2107	2107	2095	2095	2095	2095	2095	2095	2107	2107	2107	2107	2095	2095	2095	2095	2107	2095	2107	2107	2107	2107	2107	2107	2107	2107	2107	2120	2120	2120	2107	2107	2107	2107	2120	2120	2107	2120	2120	2120	2107	2107	2095	2095	2095	2095	2095	2107	2107	0	0	0	0	0	0	0	0	0	0	0	0	0	0	0	0	0	0	0	0	0	0	0	0	0	0	0	0	0	0	0	0	0	0	0	0	0	0	0	0	0	0	0	0	0	0	0	0	0	0	0	0	0	0	0	0	0	0	0	0	0	0	0	0	0	0	0	0	0	0	0	0	0	0	0	0	0	0	0	0	0	0	0	0	0	0	0	0	0	0	0	0	0	0	0	0	0	0	0	0	0	0	0	0	0	0	0	0	0	
0	0	0	0	0	0	0	0	0	0	0	0	0	0	0	0	0	0	0	0	0	0	0	0	0	0	0	0	0	0	0	0	0	0	0	1858	1878	1868	1878	1888	1899	1909	1920	1941	1952	1952	1952	1964	1975	1986	1986	2021	2033	2033	2045	2045	2057	2069	2069	2082	2107	2120	2133	2133	2147	2160	2187	2230	2244	2244	0	0	0	0	0	0	0	0	0	0	0	0	0	0	0	0	0	0	0	0	0	0	0	0	0	0	0	0	0	0	0	0	0	0	0	0	0	0	0	0	0	0	0	0	0	0	0	0	0	0	0	0	0	0	0	0	0	0	0	0	0	0	0	0	0	0	0	0	0	0	0	0	0	0	0	0	0	0	0	0	0	0	0	0	0	0	0	0	0	0	0	0	0	0	0	0	0	0	0	0	0	0	0	0	0	0	0	0	0	0	0	0	0	0	0	0	0	0	0	0	0	0	0	0	0	0	0	0	0	0	0	0	0	0	0	0	0	0	0	0	0	0	0	0	0	0	0	0	0	0	0	0	0	0	0	0	0	0	0	0	0	0	0	0	0	0	0	0	0	0	0	0	0	0	0	0	0	0	0	0	0	0	0	0	0	0	2187	2187	2174	2174	2174	2160	2160	2160	2160	2160	2160	2147	2160	2174	2174	2174	2174	2174	2187	2187	2187	2187	2187	2187	2187	2187	2187	2187	2187	2187	2187	2187	2187	2187	2187	2187	2187	2187	2187	2187	2187	2187	2201	2187	2187	2174	2147	2120	2107	2095	2095	2095	2095	2082	2082	2082	2082	2082	2082	2095	2095	2095	2095	2095	2095	2082	2082	2069	2069	2069	2069	2069	2069	2069	2082	2082	2082	2082	2082	2082	2069	2069	2069	2069	2069	2057	2057	2057	2069	2069	2069	2069	2082	2082	2082	2095	2107	2095	2095	2095	2095	2082	2082	2082	2069	2069	2069	2069	2069	2069	2082	2082	2082	2082	2082	2069	2082	2082	2082	2082	2082	2095	2095	2095	2095	2095	2082	2082	2082	2095	2095	2095	2082	2082	2082	2082	2082	2082	2082	2082	2082	2082	2082	2082	2082	2082	2082	2095	2095	2082	2095	2095	2095	2095	2095	2095	2095	2095	2082	2095	2095	2095	2095	2095	2095	2095	2095	2095	2095	2095	2095	2095	2107	2095	2095	2095	2095	2095	2095	2095	2095	2095	2095	2095	2095	2095	2095	2095	2095	2095	2095	2095	2095	2095	2095	2095	2095	2082	2082	2082	2082	2082	2082	2082	2095	2095	2095	2095	2095	2095	2082	2095	2095	2095	2095	2095	2095	2095	2095	2095	2107	2107	2107	2107	2107	2107	2107	2107	2095	2095	2095	2095	2095	2095	2095	2107	2120	2107	2095	2095	2095	2095	2107	2095	2107	2120	2107	2107	2107	2107	2107	2107	2095	2107	2120	2120	2120	2107	2107	2107	2120	2120	2107	2120	2120	2133	2133	2120	2120	2120	2082	2082	2082	2095	2095	0	0	0	0	0	0	0	0	0	0	0	0	0	0	0	0	0	0	0	0	0	0	0	0	0	0	0	0	0	0	0	0	0	0	0	0	0	0	0	0	0	0	0	0	0	0	0	0	0	0	0	0	0	0	0	0	0	0	0	0	0	0	0	0	0	0	0	0	0	0	0	0	0	0	0	0	0	0	0	0	0	0	0	0	0	0	0	0	0	0	0	0	0	0	0	0	0	0	0	0	0	0	0	0	0	0	0	0	0	
0	0	0	0	0	0	0	0	0	0	0	0	0	0	0	0	0	0	0	0	0	0	0	0	0	0	0	0	0	0	0	0	0	0	0	1858	1868	1868	1878	1878	1888	1909	1931	1941	1952	1952	1952	1952	1964	1986	2009	2021	2033	2033	2045	2045	2057	2069	2069	2082	2107	2120	2133	2133	2133	2147	2174	2215	2230	2244	0	0	0	0	0	0	0	0	0	0	0	0	0	0	0	0	0	0	0	0	0	0	0	0	0	0	0	0	0	0	0	0	0	0	0	0	0	0	0	0	0	0	0	0	0	0	0	0	0	0	0	0	0	0	0	0	0	0	0	0	0	0	0	0	0	0	0	0	0	0	0	0	0	0	0	0	0	0	0	0	0	0	0	0	0	0	0	0	0	0	0	0	0	0	0	0	0	0	0	0	0	0	0	0	0	0	0	0	0	0	0	0	0	0	0	0	0	0	0	0	0	0	0	0	0	0	0	0	0	0	0	0	0	0	0	0	0	0	0	0	0	0	0	0	0	0	0	0	0	0	0	0	0	0	0	0	0	0	0	0	0	0	0	0	0	0	0	0	0	0	0	0	0	0	0	0	0	0	0	0	0	0	0	0	0	0	2174	2174	2174	2174	2174	2160	2174	2174	2174	2160	2160	2160	2160	2160	2174	2174	2174	2187	2187	2187	2187	2187	2187	2187	2187	2187	2187	2187	2187	2187	2187	2187	2187	2187	2187	2187	2187	2187	2187	2187	2187	2187	2201	2187	2174	2160	2133	2120	2107	2095	2095	2095	2095	2095	2095	2082	2095	2095	2082	2082	2095	2095	2095	2095	2095	2095	2095	2082	2069	2069	2069	2069	2069	2069	2082	2082	2082	2095	2095	2082	2082	2069	2069	2069	2069	2057	2069	2057	2069	2069	2069	2069	2082	2082	2095	2107	2107	2107	2095	2095	2082	2082	2082	2069	2069	2069	2069	2069	2069	2069	2082	2082	2082	2082	2082	2082	2082	2082	2082	2082	2082	2095	2095	2082	2082	2082	2082	2082	2082	2082	2095	2095	2082	2082	2082	2082	2082	2069	2082	2082	2082	2069	2069	2069	2082	2082	2082	2095	2095	2095	2095	2095	2095	2095	2082	2095	2095	2082	2082	2082	2082	2095	2082	2095	2095	2095	2095	2095	2095	2107	2095	2095	2107	2095	2095	2095	2095	2095	2095	2095	2095	2095	2095	2095	2095	2095	2095	2095	2095	2095	2095	2095	2095	2095	2095	2095	2095	2082	2082	2082	2082	2082	2082	2082	2095	2095	2095	2095	2095	2095	2095	2095	2095	2095	2095	2095	2095	2095	2095	2095	2107	2107	2107	2107	2107	2107	2107	2107	2095	2095	2095	2095	2095	2095	2095	2107	2120	2120	2107	2107	2107	2107	2107	2095	2107	2107	2107	2095	2095	2095	0	0	2095	2133	2133	2120	2107	2107	2107	2107	2095	2095	0	0	0	0	0	0	0	0	0	0	0	0	0	0	0	0	0	0	0	0	0	0	0	0	0	0	0	0	0	0	0	0	0	0	0	0	0	0	0	0	0	0	0	0	0	0	0	0	0	0	0	0	0	0	0	0	0	0	0	0	0	0	0	0	0	0	0	0	0	0	0	0	0	0	0	0	0	0	0	0	0	0	0	0	0	0	0	0	0	0	0	0	0	0	0	0	0	0	0	0	0	0	0	0	0	0	0	0	0	0	0	0	0	0	0	0	0	0	0	0	0	0	
0	0	0	0	0	0	0	0	0	0	0	0	0	0	0	0	0	0	0	0	0	0	0	0	0	0	0	0	0	0	0	0	0	0	0	1858	1868	1868	1868	1868	1888	1899	1920	1941	1952	1952	1941	1952	1964	1986	2009	2033	2033	2033	2045	2045	2057	2069	2069	2082	2107	2120	2133	2147	2147	2160	2187	2215	2230	2259	2259	0	0	0	0	0	0	0	0	0	0	0	0	0	0	0	0	0	0	0	0	0	0	0	0	0	0	0	0	0	0	0	0	0	0	0	0	0	0	0	0	0	0	0	0	0	0	0	0	0	0	0	0	0	0	0	0	0	0	0	0	0	0	0	0	0	0	0	0	0	0	0	0	0	0	0	0	0	0	0	0	0	0	0	0	0	0	0	0	0	0	0	0	0	0	0	0	0	0	0	0	0	0	0	0	0	0	0	0	0	0	0	0	0	0	0	0	0	0	0	0	0	0	0	0	0	0	0	0	0	0	0	0	0	0	0	0	0	0	0	0	0	0	0	0	0	0	0	0	0	0	0	0	0	0	0	0	0	0	0	0	0	0	0	0	0	0	0	0	0	0	0	0	0	0	0	0	0	0	0	0	0	0	0	0	0	2187	2187	2174	2174	2174	2160	2160	2160	2160	2160	2160	2160	2160	2174	2174	2174	2174	2187	2187	2187	2187	2201	2187	2187	2187	2187	2187	2187	2187	2187	2187	2187	2187	2187	2187	2187	2187	2187	2187	2187	2187	2187	2187	2187	2174	2160	2133	2120	2107	2095	2095	2095	2107	2095	2095	2095	2095	2095	2082	2082	2095	2095	2095	2095	2095	2095	2095	2069	2069	2069	2069	2069	2069	2069	2082	2082	2082	2095	2095	2082	2082	2082	2069	2069	2069	2069	2069	2069	2069	2069	2069	2069	2082	2082	2095	2107	2107	2107	2095	2095	2095	2082	2082	2069	2069	2069	2069	2069	2069	2082	2082	2082	2082	2082	2082	2082	2082	2082	2082	2082	2095	2095	2095	2082	2082	2082	2082	2082	2095	2095	2095	2095	2069	2069	2082	2069	2069	2069	2082	2082	2082	2069	2069	2069	2082	2082	2082	2095	2095	2095	2095	2095	2095	2095	2095	2095	2095	2082	2082	2082	2082	2082	2082	2095	2082	2082	2095	2095	2095	2095	2095	2095	2107	2095	2095	2095	2095	2095	2095	2095	2095	2095	2095	2095	2095	2095	2095	2095	2095	2095	2095	2095	2095	2095	2095	2095	2095	2082	2082	2082	2082	2082	2082	2082	2082	2095	2095	2095	2095	2095	2095	2095	2095	2095	2095	2095	2095	2107	2095	2095	2107	2107	2107	2107	2095	2107	2107	2095	2095	2095	2095	2095	2095	2095	2095	2107	2107	2107	2107	2107	2107	2107	2120	0	0	0	0	0	0	0	0	0	0	0	0	0	0	0	0	0	0	0	0	0	0	0	0	0	0	0	0	0	0	0	0	0	0	0	0	0	0	0	0	0	0	0	0	0	0	0	0	0	0	0	0	0	0	0	0	0	0	0	0	0	0	0	0	0	0	0	0	0	0	0	0	0	0	0	0	0	0	0	0	0	0	0	0	0	0	0	0	0	0	0	0	0	0	0	0	0	0	0	0	0	0	0	0	0	0	0	0	0	0	0	0	0	0	0	0	0	0	0	0	0	0	0	0	0	0	0	0	0	0	0	0	0	0	0	0	0	0	0	0	0	
0	0	0	0	0	0	0	0	0	0	0	0	0	0	0	0	0	0	0	0	0	0	0	0	0	0	0	0	0	0	0	0	0	0	0	1858	1868	1858	1868	1868	1888	1899	1920	1941	1941	1941	1941	1941	1952	1986	2009	2033	2033	2033	2045	2045	2057	2069	2069	2082	2107	2120	2133	2147	2147	2160	2187	2215	2230	2259	2259	0	0	0	0	0	0	0	0	0	0	0	0	0	0	0	0	0	0	0	0	0	0	0	0	0	0	0	0	0	0	0	0	0	0	0	0	0	0	0	0	0	0	0	0	0	0	0	0	0	0	0	0	0	0	0	0	0	0	0	0	0	0	0	0	0	0	0	0	0	0	0	0	0	0	0	0	0	0	0	0	0	0	0	0	0	0	0	0	0	0	0	0	0	0	0	0	0	0	0	0	0	0	0	0	0	0	0	0	0	0	0	0	0	0	0	0	0	0	0	0	0	0	0	0	0	0	0	0	0	0	0	0	0	0	0	0	0	0	0	0	0	0	0	0	0	0	0	0	0	0	0	0	0	0	0	0	0	0	0	0	0	0	0	0	0	0	0	0	0	0	0	0	0	0	0	0	0	0	0	0	0	0	0	0	2201	2187	2187	2174	2174	2174	2174	2174	2160	2160	2160	2160	2160	2160	2174	2174	2174	2187	2187	2187	2187	2187	2201	2187	2187	2187	2187	2187	2187	2187	2187	2187	2187	2187	2187	2187	2187	2187	2187	2187	2187	2187	2187	2187	2187	2174	2160	2133	2120	2107	2095	2095	2095	2107	2095	2095	2095	2082	2082	2082	2082	2095	2095	2095	2095	2095	2095	2082	2069	2069	2069	2069	2069	2069	2082	2082	2082	2082	2095	2095	2095	2082	2082	2082	2082	2069	2069	2069	2069	2069	2069	2069	2069	2069	2082	2082	2095	2095	2095	2095	2095	2082	2082	2082	2069	2069	2069	2069	2069	2069	2082	2082	2082	2082	2095	2082	2082	2082	2082	2082	2082	2082	2082	2095	2082	2082	2082	2082	2082	2082	2082	2082	2082	2069	2069	2069	2069	2069	2069	2069	2069	2069	2069	2069	2069	2069	2082	2082	2095	2095	2095	2095	2095	2095	2095	2095	2095	2095	2082	2082	2082	2082	2082	2082	2082	2082	2082	2082	2082	2095	2095	2095	2095	2095	2095	2095	2095	2095	2095	2095	2095	2095	2095	2095	2095	2095	2095	2095	2095	2095	2095	2095	2095	2095	2095	2095	2095	2095	2082	2082	2082	2082	2082	2082	2082	2082	2095	2095	2095	2095	2095	2095	2095	2095	2095	2095	2095	2107	2107	2095	2107	2107	2107	2107	2107	2107	2107	2095	2095	2095	2095	2095	2095	2095	2095	2095	2107	2107	2107	2107	0	0	0	0	0	0	0	0	0	0	0	0	0	0	0	0	0	0	0	0	0	0	0	0	0	0	0	0	0	0	0	0	0	0	0	0	0	0	0	0	0	0	0	0	0	0	0	0	0	0	0	0	0	0	0	0	0	0	0	0	0	0	0	0	0	0	0	0	0	0	0	0	0	0	0	0	0	0	0	0	0	0	0	0	0	0	0	0	0	0	0	0	0	0	0	0	0	0	0	0	0	0	0	0	0	0	0	0	0	0	0	0	0	0	0	0	0	0	0	0	0	0	0	0	0	0	0	0	0	0	0	0	0	0	0	0	0	0	0	0	0	0	0	0	0	
0	0	0	0	0	0	0	0	0	0	0	0	0	0	0	0	0	0	0	0	0	0	0	0	0	0	0	0	0	0	0	0	0	0	0	1858	1868	1858	1868	1878	1888	1899	1909	1931	1941	1941	1941	1941	1952	1986	2009	2033	2033	2033	2045	2057	2057	2057	2069	2082	2107	2120	2133	2133	2147	2160	2187	2201	2230	2259	2274	0	0	0	0	0	0	0	0	0	0	0	0	0	0	0	0	0	0	0	0	0	0	0	0	0	0	0	0	0	0	0	0	0	0	0	0	0	0	0	0	0	0	0	0	0	0	0	0	0	0	0	0	0	0	0	0	0	0	0	0	0	0	0	0	0	0	0	0	0	0	0	0	0	0	0	0	0	0	0	0	0	0	0	0	0	0	0	0	0	0	0	0	0	0	0	0	0	0	0	0	0	0	0	0	0	0	0	0	0	0	0	0	0	0	0	0	0	0	0	0	0	0	0	0	0	0	0	0	0	0	0	0	0	0	0	0	0	0	0	0	0	0	0	0	0	0	0	0	0	0	0	0	0	0	0	0	0	0	0	0	0	0	0	0	0	0	0	0	0	0	0	0	0	0	0	0	0	0	0	0	0	0	0	0	2201	2187	2187	2174	2174	2174	2160	2160	2160	2160	2160	2160	2160	2160	2174	2174	2174	2187	2187	2187	2201	2201	2201	2187	2187	2187	2187	2187	2187	2187	2187	2187	2187	2187	2187	2187	2187	2187	2187	2187	2187	2187	2187	2187	2187	2174	2160	2133	2120	2107	2095	2095	2095	2095	2095	2095	2095	2082	2082	2082	2082	2095	2095	2095	2082	2082	2095	2082	2069	2069	2069	2069	2069	2069	2069	2082	2082	2082	2095	2095	2095	2082	2082	2082	2082	2069	2069	2069	2069	2069	2069	2069	2069	2069	2082	2082	2082	2095	2095	2082	2082	2082	2082	2082	2069	2069	2069	2069	2069	2069	2082	2082	2082	2082	2082	2082	2082	2082	2082	2082	2082	2082	2082	2095	2082	2082	2082	2082	2095	2095	2095	2095	2095	2069	2069	2069	2069	2069	2069	2069	2069	2069	2069	2069	2069	2069	2069	2082	2082	2082	2082	2095	2095	2095	2095	2082	2082	2082	2082	2082	2082	2082	2082	2082	2082	2082	2082	2082	2082	2082	2095	2095	2095	2095	2095	2095	2095	2095	2095	2095	2095	2095	2095	2095	2095	2095	2095	2095	2095	2095	2095	2095	2095	2095	2095	2095	2095	2095	2082	2082	2082	2082	2082	2082	2082	2082	2082	2082	2095	2095	2082	2095	2095	2095	2095	2095	2095	2095	2095	2095	2095	2107	2095	2107	2107	2095	2107	2107	2095	2095	2095	2095	2095	2095	2095	2095	2107	2107	0	0	0	0	0	0	0	0	0	0	0	0	0	0	0	0	0	0	0	0	0	0	0	0	0	0	0	0	0	0	0	0	0	0	0	0	0	0	0	0	0	0	0	0	0	0	0	0	0	0	0	0	0	0	0	0	0	0	0	0	0	0	0	0	0	0	0	0	0	0	0	0	0	0	0	0	0	0	0	0	0	0	0	0	0	0	0	0	0	0	0	0	0	0	0	0	0	0	0	0	0	0	0	0	0	0	0	0	0	0	0	0	0	0	0	0	0	0	0	0	0	0	0	0	0	0	0	0	0	0	0	0	0	0	0	0	0	0	0	0	0	0	0	0	0	0	0	
0	0	0	0	0	0	0	0	0	0	0	0	0	0	0	0	0	0	0	0	0	0	0	0	0	0	0	0	0	0	0	0	0	0	0	1858	1858	1858	1868	1878	1888	1899	1909	1941	1941	1952	1941	1941	1952	2009	2009	2033	2033	2033	2045	2057	2069	2069	2069	2082	2107	2120	2133	2133	2133	2147	2174	2201	2230	2259	2274	0	0	0	0	0	0	0	0	0	0	0	0	0	0	0	0	0	0	0	0	0	0	0	0	0	0	0	0	0	0	0	0	0	0	0	0	0	0	0	0	0	0	0	0	0	0	0	0	0	0	0	0	0	0	0	0	0	0	0	0	0	0	0	0	0	0	0	0	0	0	0	0	0	0	0	0	0	0	0	0	0	0	0	0	0	0	0	0	0	0	0	0	0	0	0	0	0	0	0	0	0	0	0	0	0	0	0	0	0	0	0	0	0	0	0	0	0	0	0	0	0	0	0	0	0	0	0	0	0	0	0	0	0	0	0	0	0	0	0	0	0	0	0	0	0	0	0	0	0	0	0	0	0	0	0	0	0	0	0	0	0	0	0	0	0	0	0	0	0	0	0	0	0	0	0	0	0	0	0	0	0	0	0	0	2201	2187	2187	2187	2174	2174	2160	2160	2160	2160	2160	2160	2160	2160	2174	2174	2174	2187	2187	2187	2201	2201	2201	2187	2187	2187	2187	2187	2187	2187	2187	2187	2187	2187	2187	2174	2174	2174	2187	2174	2174	2187	2187	2187	2187	2174	2160	2147	2133	2107	2107	2095	2095	2095	2095	2095	2095	2095	2082	2082	2082	2095	2095	2095	2082	2082	2095	2095	2069	2069	2069	2069	2069	2069	2069	2082	2082	2082	2082	2095	2082	2069	2069	2069	2069	2069	2069	2069	2082	2069	2069	2069	2069	2069	2069	2082	2082	2082	2082	2082	2082	2082	2082	2082	2082	2082	2069	2082	2082	2069	2082	2082	2082	2082	2082	2082	2082	2082	2082	2082	2082	2082	2082	2082	2082	2082	2082	2082	2095	2095	2082	2082	2082	2069	2069	2069	2069	2069	2069	2069	2069	2069	2069	2069	2069	2069	2069	2069	2082	2095	2095	2095	2095	2095	2095	2095	2082	2082	2082	2082	2082	2082	2082	2082	2082	2082	2082	2082	2082	2082	2095	2082	2082	2095	2095	2095	2095	2095	2095	2095	2095	2095	2095	2095	2095	2095	2095	2095	2095	2095	2095	2095	2095	2095	2095	2095	2095	2095	2082	2082	2082	2082	2082	2082	2082	2082	2082	2082	2082	2082	2095	2095	2095	2095	2095	2095	2095	2095	2095	2095	2095	2095	2095	2095	2095	2095	2095	2095	2095	2095	2095	2095	2095	2107	2095	2095	0	0	0	0	0	0	0	0	0	0	0	0	0	0	0	0	0	0	0	0	0	0	0	0	0	0	0	0	0	0	0	0	0	0	0	0	0	0	0	0	0	0	0	0	0	0	0	0	0	0	0	0	0	0	0	0	0	0	0	0	0	0	0	0	0	0	0	0	0	0	0	0	0	0	0	0	0	0	0	0	0	0	0	0	0	0	0	0	0	0	0	0	0	0	0	0	0	0	0	0	0	0	0	0	0	0	0	0	0	0	0	0	0	0	0	0	0	0	0	0	0	0	0	0	0	0	0	0	0	0	0	0	0	0	0	0	0	0	0	0	0	0	0	0	0	0	0	0	0	
0	0	0	0	0	0	0	0	0	0	0	0	0	0	0	0	0	0	0	0	0	0	0	0	0	0	0	0	0	0	0	0	0	0	0	1858	1868	1868	1878	1888	1899	1899	1909	1931	1941	1952	1952	1952	1964	1986	1998	2033	2033	2033	2045	2057	2069	2057	2069	2082	2107	2120	2133	2133	2133	2147	2174	2201	2230	2259	2259	0	0	0	0	0	0	0	0	0	0	0	0	0	0	0	0	0	0	0	0	0	0	0	0	0	0	0	0	0	0	0	0	0	0	0	0	0	0	0	0	0	0	0	0	0	0	0	0	0	0	0	0	0	0	0	0	0	0	0	0	0	0	0	0	0	0	0	0	0	0	0	0	0	0	0	0	0	0	0	0	0	0	0	0	0	0	0	0	0	0	0	0	0	0	0	0	0	0	0	0	0	0	0	0	0	0	0	0	0	0	0	0	0	0	0	0	0	0	0	0	0	0	0	0	0	0	0	0	0	0	0	0	0	0	0	0	0	0	0	0	0	0	0	0	0	0	0	0	0	0	0	0	0	0	0	0	0	0	0	0	0	0	0	0	0	0	0	0	0	0	0	0	0	0	0	0	0	0	0	0	0	0	0	0	2201	2187	2187	2187	2174	2174	2160	2160	2160	2160	2160	2160	2160	2160	2174	2174	2174	2174	2187	2187	2187	2187	2187	2187	2187	2187	2187	2187	2187	2187	2187	2187	2187	2187	2187	2174	2174	2174	2174	2174	2174	2187	2187	2187	2187	2174	2160	2160	2133	2120	2107	2095	2095	2095	2095	2095	2095	2082	2082	2082	2082	2082	2082	2082	2082	2082	2082	2095	2069	2069	2069	2069	2069	2082	2082	2082	2082	2082	2082	2082	2082	2069	2069	2069	2069	2069	2082	2082	2082	2082	2082	2069	2069	2069	2069	2069	2069	2082	2082	2082	2069	2069	2082	2069	2069	2069	2082	2082	2082	2082	2082	2082	2082	2082	2082	2082	2082	2082	2082	2082	2082	2082	2082	2082	2082	2082	2082	2082	2095	2095	2082	2095	2082	2069	2082	2069	2069	2069	2069	2082	2082	2082	2069	2069	2069	2069	2069	2069	2082	2082	2082	2095	2095	2095	2095	2082	2082	2082	2082	2082	2082	2082	2082	2082	2082	2082	2082	2082	2082	2082	2095	2082	2095	2082	2095	2095	2095	2095	2095	2095	2095	2095	2095	2095	2095	2095	2095	2095	2095	2095	2095	2095	2095	2095	2095	2095	2095	2095	2082	2082	2082	2082	2082	2082	2082	2082	2082	2082	2082	2082	2095	2095	2095	2095	2095	2095	2095	2095	2095	2095	2095	2095	2095	2095	2095	2095	0	0	0	2107	2095	2095	2107	2107	2107	0	0	0	0	0	0	0	0	0	0	0	0	0	0	0	0	0	0	0	0	0	0	0	0	0	0	0	0	0	0	0	0	0	0	0	0	0	0	0	0	0	0	0	0	0	0	0	0	0	0	0	0	0	0	0	0	0	0	0	0	0	0	0	0	0	0	0	0	0	0	0	0	0	0	0	0	0	0	0	0	0	0	0	0	0	0	0	0	0	0	0	0	0	0	0	0	0	0	0	0	0	0	0	0	0	0	0	0	0	0	0	0	0	0	0	0	0	0	0	0	0	0	0	0	0	0	0	0	0	0	0	0	0	0	0	0	0	0	0	0	0	0	0	0	0	0	0	0	0	0	
0	0	0	0	0	0	0	0	0	0	0	0	0	0	0	0	0	0	0	0	0	0	0	0	0	0	0	0	0	0	0	0	0	0	0	1858	1858	1868	1878	1888	1899	1899	1909	1931	1941	1952	1952	1952	1964	1975	1986	2033	2033	2033	2045	2057	2069	2057	2069	2082	2107	2120	2120	2120	2120	2133	2160	2201	2244	2259	2259	0	0	0	0	0	0	0	0	0	0	0	0	0	0	0	0	0	0	0	0	0	0	0	0	0	0	0	0	0	0	0	0	0	0	0	0	0	0	0	0	0	0	0	0	0	0	0	0	0	0	0	0	0	0	0	0	0	0	0	0	0	0	0	0	0	0	0	0	0	0	0	0	0	0	0	0	0	0	0	0	0	0	0	0	0	0	0	0	0	0	0	0	0	0	0	0	0	0	0	0	0	0	0	0	0	0	0	0	0	0	0	0	0	0	0	0	0	0	0	0	0	0	0	0	0	0	0	0	0	0	0	0	0	0	0	0	0	0	0	0	0	0	0	0	0	0	0	0	0	0	0	0	0	0	0	0	0	0	0	0	0	0	0	0	0	0	0	0	0	0	0	0	0	0	0	0	0	0	0	0	0	0	0	0	2215	2201	2187	2187	2174	2174	2160	2160	2147	2160	2160	2160	2160	2160	2174	2174	2174	2174	2187	2187	2187	2187	2187	2187	2187	2187	2187	2187	2187	2187	2187	2187	2187	2187	2187	2187	2174	2174	2174	2174	2174	2187	2187	2187	2174	2174	2174	2160	2147	2120	2107	2095	2082	2095	2095	2082	2082	2082	2082	2082	2082	2082	2082	2082	2082	2082	2082	2082	2069	2069	2069	2069	2069	2082	2082	2082	2082	2082	2082	2082	2069	2069	2069	2069	2082	2082	2082	2082	2095	2082	2082	2082	2082	2082	2069	2069	2069	2069	2069	2069	2069	2069	2069	2082	2082	2082	2082	2082	2082	2082	2082	2082	2082	2082	2082	2082	2082	2082	2082	2082	2082	2082	2082	2095	2095	2095	2095	2095	2095	2095	2095	2095	2082	2082	2082	2069	2069	2069	2082	2082	2082	2082	2082	2082	2082	2069	2069	2069	2082	2082	2082	2082	2095	2095	2082	2082	2082	2082	2082	2082	2082	2082	2082	2082	2082	2082	2082	2082	2082	2082	2095	2082	2095	2082	2082	2095	2095	2082	2095	2095	2095	2095	2095	2095	2095	2095	2095	2095	2095	2095	2095	2095	2095	2095	2095	2095	2095	2095	2082	2082	2082	2082	2082	2082	2082	2082	2082	2082	2082	2095	2095	2095	2095	2095	2095	2095	2095	2082	2082	2082	2082	2095	2082	0	0	0	0	0	0	0	0	0	0	0	0	0	0	0	0	0	0	0	0	0	0	0	0	0	0	0	0	0	0	0	0	0	807	0	0	0	0	0	0	0	0	0	0	0	0	0	0	0	0	0	0	0	0	0	0	0	0	0	0	0	0	0	0	0	0	0	0	0	0	0	0	0	0	0	0	0	0	0	0	0	0	0	0	0	0	0	0	0	0	0	0	0	0	0	0	0	0	0	0	0	0	0	0	0	0	0	0	0	0	0	0	0	0	0	0	0	0	0	0	0	0	0	0	0	0	0	0	0	0	0	0	0	0	0	0	0	0	0	0	0	0	0	0	0	0	0	0	0	0	0	0	0	0	0	0	0	0	0	0	0	0	
0	0	0	0	0	0	0	0	0	0	0	0	0	0	0	0	0	0	0	0	0	0	0	0	0	0	0	0	0	0	0	0	0	0	0	1858	1858	1868	1878	1888	1899	1899	1909	1931	1941	1952	1952	1952	1964	1975	1986	2033	2033	2033	2045	2057	2069	2057	2069	2082	2107	2120	2120	2120	2133	2147	2174	2215	2244	2259	2259	0	0	0	0	0	0	0	0	0	0	0	0	0	0	0	0	0	0	0	0	0	0	0	0	0	0	0	0	0	0	0	0	0	0	0	0	0	0	0	0	0	0	0	0	0	0	0	0	0	0	0	0	0	0	0	0	0	0	0	0	0	0	0	0	0	0	0	0	0	0	0	0	0	0	0	0	0	0	0	0	0	0	0	0	0	0	0	0	0	0	0	0	0	0	0	0	0	0	0	0	0	0	0	0	0	0	0	0	0	0	0	0	0	0	0	0	0	0	0	0	0	0	0	0	0	0	0	0	0	0	0	0	0	0	0	0	0	0	0	0	0	0	0	0	0	0	0	0	0	0	0	0	0	0	0	0	0	0	0	0	0	0	0	0	0	0	0	0	0	0	0	0	0	0	0	0	0	0	0	0	0	0	0	0	0	2201	2187	2174	2174	2174	2160	2160	2147	2160	2160	2160	2160	2160	2160	2174	2174	2174	2174	2187	2187	2187	2187	2187	2187	2187	2187	2187	2187	2187	2187	2187	2187	2187	2174	2174	2174	2174	2174	2174	2174	2187	2187	2187	2187	2174	2174	2160	2147	2120	2107	2082	2082	2082	2082	2082	2082	2082	2082	2082	2082	2082	2082	2082	2082	2082	2082	2082	2069	2069	2069	2082	2082	2082	2082	2082	2082	2069	2069	2069	2069	2069	2069	2069	2082	2082	2082	2082	2095	2082	2082	2082	2082	2082	2082	2082	2069	2069	2069	2069	2069	2069	2069	2082	2082	2082	2082	2082	2082	2082	2095	2082	2095	2082	2082	2082	2082	2082	2082	2082	2082	2082	2095	2095	2095	2095	2095	2095	2095	2095	2095	2095	2082	2069	2082	2069	2069	2069	2082	2082	2082	2082	2082	2082	2082	2082	2082	2082	2082	2082	2082	2082	2082	2082	2082	2082	2082	2082	2082	2082	2082	2082	2082	2082	2082	2082	2082	2082	2082	2082	2082	2082	2082	2082	2082	2095	2095	2082	2095	2095	2095	2095	2095	2095	2095	2095	2095	2095	2095	2095	2095	2095	2095	2095	2095	2095	2095	2095	2082	2082	2082	2082	2082	2082	2082	2082	2082	2082	2082	2082	2095	2095	2095	2095	2095	2095	2095	2082	2082	2082	0	0	0	0	0	0	0	0	0	0	0	0	0	0	0	0	0	0	0	0	0	0	0	0	0	0	0	0	0	0	0	0	0	811	0	809	807	0	0	0	0	0	0	0	0	0	0	0	0	0	0	0	0	0	0	0	0	0	0	0	0	0	0	0	0	0	0	0	0	0	0	0	0	0	0	0	0	0	0	0	0	0	0	0	0	0	0	0	0	0	0	0	0	0	0	0	0	0	0	0	0	0	0	0	0	0	0	0	0	0	0	0	0	0	0	0	0	0	0	0	0	0	0	0	0	0	0	0	0	0	0	0	0	0	0	0	0	0	0	0	0	0	0	0	0	0	0	0	0	0	0	0	0	0	0	0	0	0	0	0	0	0	0	0	0	
0	0	0	0	0	0	0	0	0	0	0	0	0	0	0	0	0	0	0	0	0	0	0	0	0	0	0	0	0	0	0	0	0	0	0	1858	1868	1878	1888	1888	1899	1899	1909	1931	1941	1952	1952	1964	1964	1975	1986	2021	2033	2033	2045	2057	2057	2057	2069	2082	2107	2120	2120	2120	2120	2147	2174	2215	2244	2259	0	0	0	0	0	0	0	0	0	0	0	0	0	0	0	0	0	0	0	0	0	0	0	0	0	0	0	0	0	0	0	0	0	0	0	0	0	0	0	0	0	0	0	0	0	0	0	0	0	0	0	0	0	0	0	0	0	0	0	0	0	0	0	0	0	0	0	0	0	0	0	0	0	0	0	0	0	0	0	0	0	0	0	0	0	0	0	0	0	0	0	0	0	0	0	0	0	0	0	0	0	0	0	0	0	0	0	0	0	0	0	0	0	0	0	0	0	0	0	0	0	0	0	0	0	0	0	0	0	0	0	0	0	0	0	0	0	0	0	0	0	0	0	0	0	0	0	0	0	0	0	0	0	0	0	0	0	0	0	0	0	0	0	0	0	0	0	0	0	0	0	0	0	0	0	0	0	0	0	0	0	0	0	0	0	0	2201	2187	2174	2174	2174	2160	2160	2147	2160	2160	2160	2160	2160	2160	2174	2174	2174	2174	2187	2187	2187	2187	2187	2187	2187	2187	2187	2174	2187	2187	2187	2187	2187	2174	2174	2174	2174	2174	2174	2174	2187	2187	2187	2187	2174	2174	2160	2147	2120	2095	2082	2082	2082	2082	2082	2082	2082	2082	2082	2082	2082	2082	2082	2082	2082	2082	2082	2069	2069	2069	2082	2082	2082	2082	2082	2082	2069	2069	2069	2069	2069	2069	2069	2069	2082	2082	2082	2095	2082	2082	2082	2082	2082	2082	2069	2069	2069	2069	2069	2069	2069	2069	2082	2082	2082	2082	2082	2082	2082	2095	2082	2095	2095	2082	2082	2082	2082	2082	2082	2082	2095	2095	2095	2095	2095	2095	2095	2095	2095	2095	2095	2082	2082	2082	2082	2082	2069	2082	2082	2082	2082	2082	2082	2082	2082	2082	2082	2082	2082	2082	2082	2082	2082	2082	2082	2082	2082	2082	2082	2082	2082	2082	2082	2082	2082	2082	2082	2082	2082	2082	2082	2082	2082	2082	2082	2095	2082	2095	2095	2095	2095	2095	2095	2095	2095	2095	2095	2095	2095	2095	2095	2095	2095	2095	2095	2095	2095	2082	2082	2082	2082	2082	2082	2082	2082	2082	2082	2082	2095	2095	2095	2107	2107	2107	0	0	0	0	0	0	0	0	0	0	0	0	0	0	0	0	0	0	0	0	0	0	0	0	0	0	0	0	0	0	820	820	818	818	0	815	813	811	811	807	807	805	0	0	0	0	0	0	0	0	0	0	0	0	0	0	0	0	0	0	0	0	0	0	0	0	0	0	0	0	0	0	0	0	0	0	0	0	0	0	0	0	0	0	0	0	0	0	0	0	0	0	0	0	0	0	0	0	0	0	0	0	0	0	0	0	0	0	0	0	0	0	0	0	0	0	0	0	0	0	0	0	0	0	0	0	0	0	0	0	0	0	0	0	0	0	0	0	0	0	0	0	0	0	0	0	0	0	0	0	0	0	0	0	0	0	0	0	0	0	0	0	0	0	0	0	0	0	0	0	
0	0	0	0	0	0	0	0	0	0	0	0	0	0	0	0	0	0	0	0	0	0	0	0	0	0	0	0	0	0	0	0	0	0	0	1858	1868	1878	1878	1888	1899	1899	1909	1931	1941	1952	1952	1964	1964	1975	1986	2033	2033	2033	2045	2057	2069	2057	2069	2082	2107	2120	2120	2120	2120	2147	2174	2201	2230	2259	0	0	0	0	0	0	0	0	0	0	0	0	0	0	0	0	0	0	0	0	0	0	0	0	0	0	0	0	0	0	0	0	0	0	0	0	0	0	0	0	0	0	0	0	0	0	0	0	0	0	0	0	0	0	0	0	0	0	0	0	0	0	0	0	0	0	0	0	0	0	0	0	0	0	0	0	0	0	0	0	0	0	0	0	0	0	0	0	0	0	0	0	0	0	0	0	0	0	0	0	0	0	0	0	0	0	0	0	0	0	0	0	0	0	0	0	0	0	0	0	0	0	0	0	0	0	0	0	0	0	0	0	0	0	0	0	0	0	0	0	0	0	0	0	0	0	0	0	0	0	0	0	0	0	0	0	0	0	0	0	0	0	0	0	0	0	0	0	0	0	0	0	0	0	0	0	0	0	0	0	0	0	0	0	0	0	2215	2187	2187	2174	2174	2160	2160	2160	2160	2160	2160	2160	2160	2160	2160	2174	2174	2174	2174	2187	2187	2187	2174	2174	2174	2174	2174	2174	2174	2174	2174	2174	2187	2174	2174	2174	2174	2174	2174	2174	2174	2187	2187	2187	2174	2174	2174	2160	2120	2095	2082	2082	2082	2082	2082	2082	2082	2082	2082	2082	2082	2082	2082	2082	2082	2082	2082	2069	2069	2069	2082	2082	2082	2082	2082	2082	2069	2069	2069	2069	2069	2069	2069	2069	2069	2082	2082	2095	2082	2082	2082	2082	2082	2082	2069	2069	2069	2069	2069	2069	2069	2069	2082	2082	2082	2082	2082	2082	2095	2095	2095	2095	2095	2095	2095	2082	2082	2082	2082	2082	2095	2095	2095	2095	2095	2095	2095	2095	2095	2095	2095	2082	2082	2082	2082	2082	2069	2082	2095	2095	2095	2082	2082	2082	2082	2082	2082	2082	2082	2082	2082	2082	2082	2082	2082	2082	2082	2082	2082	2082	2082	2082	2082	2082	2082	2082	2082	2082	2082	2082	2082	2082	2069	2069	2082	2082	2082	2082	2095	2095	2095	2095	2095	2095	2095	2095	2095	2095	2095	2095	2095	2095	2095	2095	2095	2095	2095	2082	2082	2082	2082	2082	2082	2082	2082	2082	2082	2082	2082	2095	0	0	0	0	0	0	0	0	0	0	0	0	0	0	0	0	0	0	0	0	0	0	0	0	0	0	0	0	0	0	0	0	0	820	820	820	818	816	0	815	813	811	811	807	807	0	0	0	0	0	0	0	0	0	0	0	0	0	0	0	0	0	0	0	0	0	0	0	0	0	0	0	0	0	0	0	0	0	0	0	0	0	0	0	0	0	0	0	0	0	0	0	0	0	0	0	0	0	0	0	0	0	0	0	0	0	0	0	0	0	0	0	0	0	0	0	0	0	0	0	0	0	0	0	0	0	0	0	0	0	0	0	0	0	0	0	0	0	0	0	0	0	0	0	0	0	0	0	0	0	0	0	0	0	0	0	0	0	0	0	0	0	0	0	0	0	0	0	0	0	0	0	0	0	
0	0	0	0	0	0	0	0	0	0	0	0	0	0	0	0	0	0	0	0	0	0	0	0	0	0	0	0	0	0	0	0	0	0	0	1868	1868	1878	1888	1899	1899	1899	1909	1931	1941	1952	1952	1964	1975	1986	1986	2009	2021	2033	2045	2057	2069	2057	2069	2082	2107	2120	2133	2120	2133	2147	2174	2201	2244	2259	0	0	0	0	0	0	0	0	0	0	0	0	0	0	0	0	0	0	0	0	0	0	0	0	0	0	0	0	0	0	0	0	0	0	0	0	0	0	0	0	0	0	0	0	0	0	0	0	0	0	0	0	0	0	0	0	0	0	0	0	0	0	0	0	0	0	0	0	0	0	0	0	0	0	0	0	0	0	0	0	0	0	0	0	0	0	0	0	0	0	0	0	0	0	0	0	0	0	0	0	0	0	0	0	0	0	0	0	0	0	0	0	0	0	0	0	0	0	0	0	0	0	0	0	0	0	0	0	0	0	0	0	0	0	0	0	0	0	0	0	0	0	0	0	0	0	0	0	0	0	0	0	0	0	0	0	0	0	0	0	0	0	0	0	0	0	0	0	0	0	0	0	0	0	0	0	0	0	0	0	0	0	0	0	0	0	2201	2201	2187	2174	2174	2174	2160	2160	2174	2160	2160	2160	2160	2160	2160	2160	2174	2160	2174	2174	2174	2174	2174	2174	2174	2174	2174	2174	2174	2174	2174	2174	2174	2174	2174	2174	2174	2174	2174	2174	2174	2187	2187	2187	2174	2174	2174	2160	2120	2107	2082	2082	2082	2082	2082	2082	2082	2082	2082	2082	2082	2082	2082	2082	2082	2082	2082	2069	2082	2069	2082	2082	2082	2082	2082	2082	2069	2069	2069	2069	2069	2069	2069	2069	2069	2069	2082	2082	2082	2082	2082	2082	2082	2082	2069	2069	2069	2069	2069	2069	2069	2069	2082	2082	2082	2082	2082	2082	2082	2082	2095	2095	2095	2082	2082	2082	2082	2082	2082	2082	2095	2095	2095	2095	2095	2095	2095	2095	2095	2095	2095	2082	2095	2082	2082	2082	2069	2082	2095	2095	2095	2095	2095	2095	2095	2082	2082	2082	2082	2082	2082	2082	2082	2082	2082	2082	2082	2082	2082	2082	2082	2082	2082	2082	2082	2082	2082	2082	2082	2082	2082	2082	2082	2082	2082	2082	2082	2082	2095	2095	2082	2095	2095	2095	2095	2095	2095	2095	2095	2095	2095	2095	2095	2095	2095	2095	2095	2082	2082	2082	2082	2082	2082	2069	2069	2069	2069	2069	0	0	0	0	0	0	0	0	0	0	0	0	0	0	0	0	0	0	0	0	0	0	0	0	0	0	0	0	0	0	0	822	820	820	820	820	820	818	818	816	0	815	813	811	809	807	807	0	0	0	0	0	0	0	0	0	0	0	0	0	0	0	0	0	0	0	0	0	0	0	0	0	0	0	0	0	0	0	0	0	0	0	0	0	0	0	0	0	0	0	0	0	0	0	0	0	0	0	0	0	0	0	0	0	0	0	0	0	0	0	0	0	0	0	0	0	0	0	0	0	0	0	0	0	0	0	0	0	0	0	0	0	0	0	0	0	0	0	0	0	0	0	0	0	0	0	0	0	0	0	0	0	0	0	0	0	0	0	0	0	0	0	0	0	0	0	0	0	0	0	0	0	0	0	0	0	
0	0	0	0	0	0	0	0	0	0	0	0	0	0	0	0	0	0	0	0	0	0	0	0	0	0	0	0	0	0	0	0	0	0	0	1868	1878	1878	1888	1899	1899	1899	1909	1931	1931	1941	1952	1964	1975	1986	1986	1986	2021	2021	2033	2045	2057	2057	2069	2082	2095	2120	2133	2133	2133	2160	2174	2201	2230	2259	0	0	0	0	0	0	0	0	0	0	0	0	0	0	0	0	0	0	0	0	0	0	0	0	0	0	0	0	0	0	0	0	0	0	0	0	0	0	0	0	0	0	0	0	0	0	0	0	0	0	0	0	0	0	0	0	0	0	0	0	0	0	0	0	0	0	0	0	0	0	0	0	0	0	0	0	0	0	0	0	0	0	0	0	0	0	0	0	0	0	0	0	0	0	0	0	0	0	0	0	0	0	0	0	0	0	0	0	0	0	0	0	0	0	0	0	0	0	0	0	0	0	0	0	0	0	0	0	0	0	0	0	0	0	0	0	0	0	0	0	0	0	0	0	0	0	0	0	0	0	0	0	0	0	0	0	0	0	0	0	0	0	0	0	0	0	0	0	0	0	0	0	0	0	0	0	0	0	0	0	0	0	0	0	0	2215	2215	2201	2187	2174	2174	2174	2160	2160	2160	2160	2160	2147	2160	2160	2160	2160	2160	2160	2174	2174	2174	2174	2174	2174	2174	2174	2174	2174	2174	2174	2174	2174	2174	2174	2174	2174	2174	2174	2174	2174	2174	2187	2187	2187	2174	2174	2160	2160	2120	2107	2082	2082	2082	2082	2082	2082	2082	2082	2082	2082	2082	2082	2082	2082	2082	2082	2082	2069	2082	2082	2082	2082	2082	2082	2069	2069	2069	2069	2069	2069	2069	2069	2069	2069	2069	2069	2069	2082	2082	2082	2082	2082	2082	2082	2069	2069	2082	2082	2082	2082	2082	2082	2082	2082	2082	2069	2082	2082	2095	2095	2095	2095	2095	2095	2082	2082	2082	2082	2082	2082	2095	2095	2095	2095	2095	2082	2082	2095	2082	2095	2082	2082	2095	2082	2082	2082	2069	2082	2095	2095	2095	2095	2095	2095	2095	2095	2095	2095	2095	2082	2082	2082	2082	2082	2082	2082	2082	2082	2082	2082	2082	2082	2082	2082	2082	2082	2082	2082	2082	2082	2095	2095	2082	2082	2095	2095	2082	2082	2095	2095	2082	2082	2095	2095	2095	2095	2095	2095	2095	2095	2095	2095	2095	2095	2095	2095	2095	2082	2082	2082	2082	2069	2069	2069	2069	0	2045	0	0	0	0	0	0	0	0	0	0	0	0	0	0	0	0	0	0	0	0	0	0	0	0	0	0	0	0	0	0	824	822	822	820	820	820	820	818	818	818	816	0	813	811	809	809	805	0	0	0	0	0	0	0	0	0	0	0	0	0	0	0	0	0	0	0	0	0	0	0	0	0	0	0	0	0	0	0	0	0	0	0	0	0	0	0	0	0	0	0	0	0	0	0	0	0	0	0	0	0	0	0	0	0	0	0	0	0	0	0	0	0	0	0	0	0	0	0	0	0	0	0	0	0	0	0	0	0	0	0	0	0	0	0	0	0	0	0	0	0	0	0	0	0	0	0	0	0	0	0	0	0	0	0	0	0	0	0	0	0	0	0	0	0	0	0	0	0	0	0	0	0	0	0	0	0	0	
0	0	0	0	0	0	0	0	0	0	0	0	0	0	0	0	0	0	0	0	0	0	0	0	0	0	0	0	0	0	0	0	0	0	0	1868	1878	1878	1888	1888	1899	1899	1909	1931	1931	1941	1952	1975	1975	1986	1986	1986	2009	2021	2033	2057	2057	2069	2082	2095	2107	2120	2133	2120	2120	2160	2187	2215	2230	2259	2274	0	0	0	0	0	0	0	0	0	0	0	0	0	0	0	0	0	0	0	0	0	0	0	0	0	0	0	0	0	0	0	0	0	0	0	0	0	0	0	0	0	0	0	0	0	0	0	0	0	0	0	0	0	0	0	0	0	0	0	0	0	0	0	0	0	0	0	0	0	0	0	0	0	0	0	0	0	0	0	0	0	0	0	0	0	0	0	0	0	0	0	0	0	0	0	0	0	0	0	0	0	0	0	0	0	0	0	0	0	0	0	0	0	0	0	0	0	0	0	0	0	0	0	0	0	0	0	0	0	0	0	0	0	0	0	0	0	0	0	0	0	0	0	0	0	0	0	0	0	0	0	0	0	0	0	0	0	0	0	0	0	0	0	0	0	0	0	0	0	0	0	0	0	0	0	0	0	0	0	0	0	0	0	0	2215	2201	2201	2187	2187	2174	2174	2160	2160	2160	2160	2160	2160	2160	2160	2160	2160	2160	2160	2160	2174	2174	2174	2174	2174	2174	2174	2174	2174	2174	2174	2174	2174	2174	2174	2174	2174	2174	2174	2174	2174	2174	2187	2187	2187	2174	2174	2160	2147	2120	2107	2082	2082	2082	2082	2082	2082	2082	2082	2082	2082	2082	2082	2082	2082	2082	2082	2082	2069	2069	2069	2082	2082	2069	2069	2069	2069	2069	2069	2069	2069	2069	2069	2069	2069	2069	2069	2069	2069	2069	2069	2069	2082	2082	2082	2069	2082	2095	2095	2082	2082	2082	2082	2082	2082	2082	2069	2069	2082	2082	2082	2095	2095	2095	2095	2082	2082	2082	2082	2082	2082	2095	2095	2095	2095	2095	2082	2082	2095	2082	2095	2082	2082	2095	2082	2082	2082	2069	2082	2082	2095	2095	2095	2095	2095	2095	2095	2095	2082	2095	2082	2082	2082	2082	2082	2082	2082	2082	2082	2082	2082	2082	2082	2082	2069	2082	2082	2082	2082	2082	2082	2095	2082	2082	2082	2095	2095	2082	2082	2082	2095	2082	2082	2095	2095	2095	2095	2095	2095	2095	2095	2095	2095	2095	2095	2095	2095	2095	2082	2082	0	0	0	0	0	0	0	0	0	0	0	0	0	0	0	0	0	0	0	0	0	0	0	0	0	0	0	0	0	0	0	834	834	832	830	828	826	826	824	822	820	820	820	820	818	818	818	816	816	0	813	811	809	807	805	0	0	0	0	0	0	0	0	0	0	0	0	0	0	0	0	0	0	0	0	0	0	0	0	0	0	0	0	0	0	0	0	0	0	0	0	0	0	0	0	0	0	0	0	0	0	0	0	0	0	0	0	0	0	0	0	0	0	0	0	0	0	0	0	0	0	0	0	0	0	0	0	0	0	0	0	0	0	0	0	0	0	0	0	0	0	0	0	0	0	0	0	0	0	0	0	0	0	0	0	0	0	0	0	0	0	0	0	0	0	0	0	0	0	0	0	0	0	0	0	0	0	0	0	0	0	0	0	0	0	
0	0	0	0	0	0	0	0	0	0	0	0	0	0	0	0	0	0	0	0	0	0	0	0	0	0	0	0	0	0	0	0	0	0	0	1868	1878	1878	1888	1888	1899	1899	1909	1920	1931	1941	1952	1975	1975	1986	1986	1986	2009	2021	2033	2057	2057	2069	2069	2095	2107	2120	2133	2120	2120	2147	2201	2215	2244	2259	2274	2274	0	0	0	0	0	0	0	0	0	0	0	0	0	0	0	0	0	0	0	0	0	0	0	0	0	0	0	0	0	0	0	0	0	0	0	0	0	0	0	0	0	0	0	0	0	0	0	0	0	0	0	0	0	0	0	0	0	0	0	0	0	0	0	0	0	0	0	0	0	0	0	0	0	0	0	0	0	0	0	0	0	0	0	0	0	0	0	0	0	0	0	0	0	0	0	0	0	0	0	0	0	0	0	0	0	0	0	0	0	0	0	0	0	0	0	0	0	0	0	0	0	0	0	0	0	0	0	0	0	0	0	0	0	0	0	0	0	0	0	0	0	0	0	0	0	0	0	0	0	0	0	0	0	0	0	0	0	0	0	0	0	0	0	0	0	0	0	0	0	0	0	0	0	0	0	0	0	0	0	0	0	0	0	2215	2215	2201	2187	2187	2174	2174	2160	2160	2160	2160	2160	2160	2160	2160	2160	2160	2160	2160	2160	2174	2174	2174	2174	2174	2174	2174	2174	2160	2174	2174	2174	2174	2174	2174	2174	2174	2174	2174	2174	2174	2174	2174	2187	2187	2174	2174	2160	2160	2107	2095	2082	2082	2082	2082	2082	2082	2082	2082	2082	2082	2082	2082	2082	2082	2082	2095	2082	2082	2069	2069	2082	2069	2069	2069	2069	2069	2069	2069	2069	2069	2069	2069	2069	2069	2069	2069	2069	2069	2069	2069	2069	2069	2069	2069	2069	2082	2095	2095	2095	2082	2082	2082	2069	2069	2069	2069	2082	2082	2082	2095	2095	2095	2095	2095	2082	2095	2082	2082	2082	2082	2095	2095	2095	2095	2095	2082	2082	2082	2082	2095	2082	2082	2082	2082	2082	2082	2069	2082	2082	2082	2082	2082	2082	2095	2095	2082	2082	2082	2082	2082	2082	2082	2082	2082	2082	2082	2095	2095	2095	2095	2082	2082	2082	2082	2082	2082	2082	2082	2082	2082	2082	2082	2082	2082	2095	2095	2082	2082	2095	2095	2082	2082	2095	2095	2095	2095	2095	2095	2095	2095	2095	2095	2095	2095	2095	2095	2095	2082	0	0	0	0	0	0	0	0	0	0	0	0	0	0	0	0	0	0	0	0	0	0	0	0	0	0	0	0	0	0	0	834	834	832	832	830	828	826	826	824	822	820	820	820	820	818	818	816	816	0	815	813	811	809	807	0	0	0	0	0	0	0	0	0	0	0	0	0	0	0	0	0	0	0	0	0	0	0	0	0	0	0	0	0	0	0	0	0	0	0	0	0	0	0	0	0	0	0	0	0	0	0	0	0	0	0	0	0	0	0	0	0	0	0	0	0	0	0	0	0	0	0	0	0	0	0	0	0	0	0	0	0	0	0	0	0	0	0	0	0	0	0	0	0	0	0	0	0	0	0	0	0	0	0	0	0	0	0	0	0	0	0	0	0	0	0	0	0	0	0	0	0	0	0	0	0	0	0	0	0	0	0	0	0	0	0	
0	0	0	0	0	0	0	0	0	0	0	0	0	0	0	0	0	0	0	0	0	0	0	0	0	0	0	0	0	0	0	0	0	0	0	1878	1878	1878	1888	1888	1899	1899	1899	1920	1931	1941	1952	1975	1986	1986	1986	1986	2009	2021	2045	2057	2057	2069	2069	2095	2107	2120	2133	2120	2120	2147	2187	2215	2244	2274	2274	2274	2274	0	0	0	0	0	0	0	0	0	0	0	0	0	0	0	0	0	0	0	0	0	0	0	0	0	0	0	0	0	0	0	0	0	0	0	0	0	0	0	0	0	0	0	0	0	0	0	0	0	0	0	0	0	0	0	0	0	0	0	0	0	0	0	0	0	0	0	0	0	0	0	0	0	0	0	0	0	0	0	0	0	0	0	0	0	0	0	0	0	0	0	0	0	0	0	0	0	0	0	0	0	0	0	0	0	0	0	0	0	0	0	0	0	0	0	0	0	0	0	0	0	0	0	0	0	0	0	0	0	0	0	0	0	0	0	0	0	0	0	0	0	0	0	0	0	0	0	0	0	0	0	0	0	0	0	0	0	0	0	0	0	0	0	0	0	0	0	0	0	0	0	0	0	0	0	0	0	0	0	0	0	2230	2215	2215	2201	2187	2187	2174	2174	2174	2160	2160	2160	2160	2160	2160	2147	2147	2160	2160	2160	2160	2174	2174	2174	2174	2174	2174	2174	2174	2160	2174	2174	2174	2174	2174	2174	2174	2174	2174	2174	2174	2174	2174	2174	2187	2187	2174	2174	2160	2160	2107	2095	2082	2082	2082	2082	2082	2082	2082	2082	2082	2082	2082	2082	2095	2082	2082	2095	2095	2082	2069	2069	2082	2069	2069	2069	2069	2069	2069	2069	2069	2069	2082	2082	2069	2069	2069	2069	2069	2069	2069	2069	2069	2069	2069	2069	2069	2069	2082	2095	2095	2082	2082	2082	2069	2069	2069	2069	2082	2082	2082	2082	2082	2095	2095	2082	2082	2082	2082	2082	2082	2082	2095	2095	2095	2095	2082	2082	2082	2082	2082	2082	2082	2082	2082	2082	2082	2082	2069	2082	2069	2069	2069	2069	2082	2082	2082	2082	2082	2082	2082	2082	2082	2082	2095	2082	2095	2095	2095	2095	2095	2095	2082	2082	2082	2082	2082	2082	2082	2082	2069	2082	2082	2082	2082	2082	2082	2095	2082	2082	2082	2095	2082	2082	2082	2095	2095	2095	2095	2095	2095	2095	2095	2095	2095	2095	2095	2095	2095	2095	0	0	0	0	0	0	0	0	0	0	0	0	0	0	0	0	0	0	0	0	0	0	0	0	0	0	0	0	0	836	834	834	834	832	830	828	828	826	826	824	822	822	820	820	820	818	818	816	0	815	813	811	809	807	807	0	0	0	0	0	0	0	0	0	0	0	0	0	0	0	0	0	0	0	0	0	0	0	0	0	0	0	0	0	0	0	0	0	0	0	0	0	0	0	0	0	0	0	0	0	0	0	0	0	0	0	0	0	0	0	0	0	0	0	0	0	0	0	0	0	0	0	0	0	0	0	0	0	0	0	0	0	0	0	0	0	0	0	0	0	0	0	0	0	0	0	0	0	0	0	0	0	0	0	0	0	0	0	0	0	0	0	0	0	0	0	0	0	0	0	0	0	0	0	0	0	0	0	0	0	0	0	0	0	0	0	
0	0	0	0	0	0	0	0	0	0	0	0	0	0	0	0	0	0	0	0	0	0	0	0	0	0	0	0	0	0	0	0	0	0	0	1878	1878	1878	1888	1899	1899	1909	1909	1931	1931	1941	1941	1964	1975	1986	1986	1986	2009	2021	2033	2045	2057	2069	2082	2095	2107	2120	2133	2120	2120	2120	2201	2230	2259	2259	2274	2274	2274	2274	0	0	0	0	0	0	0	0	0	0	0	0	0	0	0	0	0	0	0	0	0	0	0	0	0	0	0	0	0	0	0	0	0	0	0	0	0	0	0	0	0	0	0	0	0	0	0	0	0	0	0	0	0	0	0	0	0	0	0	0	0	0	0	0	0	0	0	0	0	0	0	0	0	0	0	0	0	0	0	0	0	0	0	0	0	0	0	0	0	0	0	0	0	0	0	0	0	0	0	0	0	0	0	0	0	0	0	0	0	0	0	0	0	0	0	0	0	0	0	0	0	0	0	0	0	0	0	0	0	0	0	0	0	0	0	0	0	0	0	0	0	0	0	0	0	0	0	0	0	0	0	0	0	0	0	0	0	0	0	0	0	0	0	0	0	0	0	0	0	0	0	0	0	0	0	0	0	0	0	0	2230	2215	2215	2201	2187	2187	2174	2174	2174	2160	2160	2160	2160	2160	2160	2160	2160	2160	2160	2160	2160	2174	2174	2174	2174	2174	2174	2174	2174	2174	2174	2174	2174	2174	2174	2160	2174	2160	2160	2174	2174	2174	2174	2174	2174	2174	2174	2174	2160	2160	2095	2082	2082	2082	2082	2082	2082	2082	2082	2082	2082	2082	2082	2095	2095	2082	2082	2095	2095	2082	2069	2069	2082	2069	2069	2069	2069	2069	2069	2082	2069	2082	2082	2082	2069	2069	2069	2069	2069	2069	2069	2069	2069	2069	2069	2069	2069	2069	2082	2095	2095	2082	2082	2082	2069	2069	2069	2069	2069	2069	2069	2082	2082	2082	2082	2082	2082	2082	2082	2082	2082	2082	2082	2082	2082	2082	2082	2069	2069	2082	2082	2082	2082	2082	2082	2082	2069	2082	2069	2082	2069	2069	2069	2069	2082	2082	2082	2082	2082	2082	2082	2082	2069	2082	2082	2082	2095	2095	2095	2095	2095	2095	2095	2095	2082	2082	2082	2082	2082	2082	2069	2082	2082	2082	2082	2082	2095	2095	2082	2082	2082	2082	2082	2082	2082	2095	2095	2095	2095	2095	2095	2095	2082	2095	2082	2095	2095	2095	0	0	0	0	0	0	0	0	0	0	0	0	0	0	0	0	0	0	0	0	0	0	0	0	0	0	0	0	0	0	836	836	834	834	834	832	830	828	828	826	826	824	822	820	820	818	818	818	816	816	0	813	811	809	807	807	0	0	0	0	0	0	0	0	0	0	0	0	0	0	0	0	0	0	0	0	0	0	0	0	0	0	0	0	0	0	0	0	0	0	0	0	0	0	0	0	0	0	0	0	0	0	0	0	0	0	0	0	0	0	0	0	0	0	0	0	0	0	0	0	0	0	0	0	0	0	0	0	0	0	0	0	0	0	0	0	0	0	0	0	0	0	0	0	0	0	0	0	0	0	0	0	0	0	0	0	0	0	0	0	0	0	0	0	0	0	0	0	0	0	0	0	0	0	0	0	0	0	0	0	0	0	0	0	0	0	0	0	
0	0	0	0	0	0	0	0	0	0	0	0	0	0	0	0	0	0	0	0	0	0	0	0	0	0	0	0	0	0	0	0	0	0	0	1868	1868	1878	1888	1899	1899	1909	1909	1920	1931	1941	1941	1964	1975	1986	1986	2009	2009	2009	2033	2045	2057	2069	2082	2095	2107	2120	2133	2120	2120	2120	2215	2230	2259	2259	2259	2274	2259	2274	0	0	0	0	0	0	0	0	0	0	0	0	0	0	0	0	0	0	0	0	0	0	0	0	0	0	0	0	0	0	0	0	0	0	0	0	0	0	0	0	0	0	0	0	0	0	0	0	0	0	0	0	0	0	0	0	0	0	0	0	0	0	0	0	0	0	0	0	0	0	0	0	0	0	0	0	0	0	0	0	0	0	0	0	0	0	0	0	0	0	0	0	0	0	0	0	0	0	0	0	0	0	0	0	0	0	0	0	0	0	0	0	0	0	0	0	0	0	0	0	0	0	0	0	0	0	0	0	0	0	0	0	0	0	0	0	0	0	0	0	0	0	0	0	0	0	0	0	0	0	0	0	0	0	0	0	0	0	0	0	0	0	0	0	0	0	0	0	0	0	0	0	0	0	0	0	0	0	0	0	2230	2215	2215	2201	2187	2187	2174	2174	2160	2160	2160	2160	2160	2160	2160	2160	2160	2160	2160	2174	2174	2174	2174	2174	2174	2174	2174	2174	2174	2174	2174	2174	2174	2174	2174	2160	2160	2160	2160	2160	2160	2160	2174	2174	2174	2174	2174	2174	2160	2160	2095	2082	2082	2069	2082	2082	2082	2082	2082	2082	2082	2082	2082	2082	2082	2082	2082	2095	2095	2082	2069	2069	2082	2082	2069	2069	2069	2069	2069	2082	2069	2082	2082	2082	2069	2069	2069	2069	2069	2069	2069	2069	2069	2069	2069	2069	2069	2069	2095	2107	2095	2082	2082	2082	2069	2069	2069	2069	2069	2069	2069	2069	2082	2082	2082	2082	2069	2082	2082	2082	2082	2082	2082	2082	2082	2082	2082	2069	2069	2082	2082	2082	2069	2082	2082	2069	2069	2069	2069	2069	2069	2069	2069	2069	2082	2082	2082	2082	2082	2082	2082	2082	2069	2082	2082	2082	2082	2095	2095	2095	2095	2095	2095	2095	2082	2082	2082	2082	2082	2082	2082	2082	2082	2082	2082	2095	2095	2095	2095	2082	2082	2082	2082	2082	2082	2095	2095	2095	2095	2095	2095	2082	2082	2082	2082	0	0	0	0	0	0	0	0	0	0	0	0	0	0	0	0	0	0	0	0	0	0	0	0	0	0	0	842	842	0	0	0	838	836	836	834	834	834	832	830	828	826	826	826	824	822	820	818	818	818	816	0	815	815	811	811	807	807	0	0	0	0	0	0	0	0	0	0	0	0	0	0	0	0	0	0	0	0	0	0	0	0	0	0	0	0	0	0	0	0	0	0	0	0	0	0	0	0	0	0	0	0	0	0	0	0	0	0	0	0	0	0	0	0	0	0	0	0	0	0	0	0	0	0	0	0	0	0	0	0	0	0	0	0	0	0	0	0	0	0	0	0	0	0	0	0	0	0	0	0	0	0	0	0	0	0	0	0	0	0	0	0	0	0	0	0	0	0	0	0	0	0	0	0	0	0	0	0	0	0	0	0	0	0	0	0	0	0	0	0	0	
0	0	0	0	0	0	0	0	0	0	0	0	0	0	0	0	0	0	0	0	0	0	0	0	0	0	0	0	0	0	0	0	0	0	0	1868	1868	1878	1888	1888	1899	1909	1920	1920	1931	1941	1952	1964	1975	1986	1986	2009	2009	2009	2033	2045	2057	2057	2082	2095	2107	2120	2120	2120	2120	2133	2215	2230	2244	2259	2259	2274	2274	2274	0	0	0	0	0	0	0	0	0	0	0	0	0	0	0	0	0	0	0	0	0	0	0	0	0	0	0	0	0	0	0	0	0	0	0	0	0	0	0	0	0	0	0	0	0	0	0	0	0	0	0	0	0	0	0	0	0	0	0	0	0	0	0	0	0	0	0	0	0	0	0	0	0	0	0	0	0	0	0	0	0	0	0	0	0	0	0	0	0	0	0	0	0	0	0	0	0	0	0	0	0	0	0	0	0	0	0	0	0	0	0	0	0	0	0	0	0	0	0	0	0	0	0	0	0	0	0	0	0	0	0	0	0	0	0	0	0	0	0	0	0	0	0	0	0	0	0	0	0	0	0	0	0	0	0	0	0	0	0	0	0	0	0	0	0	0	0	0	0	0	0	0	0	0	0	0	0	0	0	0	0	2215	2215	2201	2187	2174	2174	2174	2160	2160	2160	2160	2160	2160	2160	2160	2160	2160	2160	2160	2174	2174	2174	2174	2174	2174	2174	2174	2174	2174	2174	2174	2174	2174	2174	2160	2160	2160	2160	2160	2160	2160	2160	2174	2174	2174	2174	2174	2174	2174	2095	2082	2082	2069	2082	2069	2082	2082	2082	2082	2082	2082	2082	2082	2082	2082	2082	2082	2082	2069	2069	2069	2069	2069	2069	2069	2069	2069	2069	2082	2069	2082	2082	2082	2069	2069	2069	2069	2069	2069	2069	2069	2069	2069	2069	2069	2069	2082	2095	2107	2095	2082	2082	2069	2069	2069	2069	2069	2069	2069	2069	2082	2082	2082	2082	2082	2082	2082	2082	2082	2082	2082	2082	2082	2082	2082	2082	2069	2069	2069	2069	2069	2069	2082	2069	2069	2069	2069	2069	2069	2069	2069	2069	2069	2082	2082	2082	2082	2082	2069	2069	2069	2069	2069	2082	2082	2082	2095	2095	2095	2095	2095	2095	2095	2082	2082	2095	2082	2082	2082	2082	2082	2082	2082	2082	2082	2095	2095	2095	2082	2082	2095	2082	2082	2082	2095	2095	2095	2095	2095	0	0	0	0	0	0	0	0	0	0	0	0	0	0	0	0	0	0	0	0	0	0	0	0	0	0	0	0	849	849	849	844	844	844	844	842	840	838	836	836	834	834	834	832	830	828	826	826	824	822	820	820	818	818	818	816	0	813	813	811	809	807	0	0	0	0	0	0	0	0	0	0	0	0	0	0	0	0	0	0	0	0	0	0	0	0	0	0	0	0	0	0	0	0	0	0	0	0	0	0	0	0	0	0	0	0	0	0	0	0	0	0	0	0	0	0	0	0	0	0	0	0	0	0	0	0	0	0	0	0	0	0	0	0	0	0	0	0	0	0	0	0	0	0	0	0	0	0	0	0	0	0	0	0	0	0	0	0	0	0	0	0	0	0	0	0	0	0	0	0	0	0	0	0	0	0	0	0	0	0	0	0	0	0	0	0	0	0	0	0	0	0	0	0	0	0	
0	0	0	0	0	0	0	0	0	0	0	0	0	0	0	0	0	0	0	0	0	0	0	0	0	0	0	0	0	0	0	0	0	0	0	1868	1868	1868	1878	1888	1899	1909	1909	1931	1931	1941	1952	1964	1975	1975	1986	1986	2009	2009	2033	2045	2057	2069	2082	2095	2107	2107	2120	2120	2120	2120	2215	2215	2230	2244	2259	2274	2274	2289	0	0	0	0	0	0	0	0	0	0	0	0	0	0	0	0	0	0	0	0	0	0	0	0	0	0	0	0	0	0	0	0	0	0	0	0	0	0	0	0	0	0	0	0	0	0	0	0	0	0	0	0	0	0	0	0	0	0	0	0	0	0	0	0	0	0	0	0	0	0	0	0	0	0	0	0	0	0	0	0	0	0	0	0	0	0	0	0	0	0	0	0	0	0	0	0	0	0	0	0	0	0	0	0	0	0	0	0	0	0	0	0	0	0	0	0	0	0	0	0	0	0	0	0	0	0	0	0	0	0	0	0	0	0	0	0	0	0	0	0	0	0	0	0	0	0	0	0	0	0	0	0	0	0	0	0	0	0	0	0	0	0	0	0	0	0	0	0	0	0	0	0	0	0	0	0	0	0	0	0	0	2230	2215	2215	2187	2174	2160	2160	2160	2160	2160	2160	2160	2160	2160	2160	2160	2160	2160	2160	2174	2174	2174	2174	2174	2174	2174	2174	2174	2174	2174	2174	2174	2174	2174	2160	2160	2160	2160	2160	2174	2174	2174	2174	2174	2174	2174	2174	2160	2160	2095	2082	2082	2069	2082	2069	2069	2082	2069	2082	2082	2082	2082	2082	2082	2082	2082	2082	2082	2069	2069	2069	2069	2069	2069	2069	2069	2069	2082	2082	2069	2082	2082	2082	2069	2069	2069	2069	2069	2069	2069	2069	2069	2069	2069	2069	2069	2069	2082	2095	2095	2082	2082	2069	2069	2069	2069	2069	2069	2069	2069	2069	2082	2082	2082	2082	2082	2082	2082	2095	2082	2082	2082	2082	2082	2082	2082	2069	2069	2082	2082	2069	2069	2069	2069	2069	2069	2069	2057	2069	2069	2069	2069	2069	2069	2082	2082	2082	2082	2069	2069	2069	2069	2069	2082	2082	2082	2082	2095	2095	2095	2095	2095	2095	2095	2095	2095	2082	2082	2082	2082	2082	2082	2082	2082	2082	2082	2095	2095	2082	2082	2082	2082	2082	2082	2095	2095	2095	2095	0	0	0	0	0	0	0	0	0	0	0	0	0	0	0	0	0	0	0	0	0	0	0	0	0	0	0	0	855	851	849	849	846	846	844	844	842	840	838	836	836	834	834	834	832	830	828	826	826	824	822	820	818	818	818	816	816	815	813	811	811	809	0	0	0	0	0	0	0	0	0	0	0	0	0	0	0	0	0	0	0	0	0	0	0	0	0	0	0	0	0	0	0	0	0	0	0	0	0	0	0	0	0	0	0	0	0	0	0	0	0	0	0	0	0	0	0	0	0	0	0	0	0	0	0	0	0	0	0	0	0	0	0	0	0	0	0	0	0	0	0	0	0	0	0	0	0	0	0	0	0	0	0	0	0	0	0	0	0	0	0	0	0	0	0	0	0	0	0	0	0	0	0	0	0	0	0	0	0	0	0	0	0	0	0	0	0	0	0	0	0	0	0	0	0	0	0	
0	0	0	0	0	0	0	0	0	0	0	0	0	0	0	0	0	0	0	0	0	0	0	0	0	0	0	0	0	0	0	0	0	0	0	1858	1858	1868	1878	1888	1899	1899	1909	1931	1931	1941	1952	1964	1975	1975	1986	1986	2009	2009	2033	2045	2069	2069	2082	2107	2107	2120	2133	2120	2133	2147	2201	2215	2230	2244	2259	2274	2274	0	0	0	0	0	0	0	0	0	0	0	0	0	0	0	0	0	0	0	0	0	0	0	0	0	0	0	0	0	0	0	0	0	0	0	0	0	0	0	0	0	0	0	0	0	0	0	0	0	0	0	0	0	0	0	0	0	0	0	0	0	0	0	0	0	0	0	0	0	0	0	0	0	0	0	0	0	0	0	0	0	0	0	0	0	0	0	0	0	0	0	0	0	0	0	0	0	0	0	0	0	0	0	0	0	0	0	0	0	0	0	0	0	0	0	0	0	0	0	0	0	0	0	0	0	0	0	0	0	0	0	0	0	0	0	0	0	0	0	0	0	0	0	0	0	0	0	0	0	0	0	0	0	0	0	0	0	0	0	0	0	0	0	0	0	0	0	0	0	0	0	0	0	0	0	0	0	0	0	0	0	0	2230	2215	2215	2187	2174	2160	2160	2160	2160	2160	2160	2160	2160	2160	2160	2160	2160	2160	2174	2174	2174	2174	2174	2174	2174	2174	2174	2174	2174	2174	2174	2174	2160	2160	2160	2160	2160	2174	2174	2174	2174	2174	2174	2174	2174	2174	2174	2160	2133	2095	2095	2082	2069	2082	2069	2082	2082	2082	2082	2082	2082	2082	2082	2082	2082	2082	2082	2082	2069	2069	2069	2069	2069	2069	2069	2069	2069	2082	2082	2069	2069	2069	2069	2069	2069	2069	2069	2069	2069	2082	2069	2069	2069	2069	2069	2069	2069	2082	2082	2082	2069	2069	2069	2069	2069	2069	2069	2069	2069	2069	2082	2082	2082	2082	2082	2082	2082	2082	2082	2082	2082	2082	2069	2082	2082	2082	2069	2069	2082	2082	2069	2069	2069	2069	2069	2069	2069	2057	2069	2057	2069	2069	2069	2069	2082	2069	2082	2082	2069	2069	2069	2069	2069	2069	2069	2082	2082	2082	2095	2095	2095	2095	2095	2082	2095	2095	2095	2095	2095	2082	2082	2082	2082	2082	2082	2082	2095	2095	2082	2082	2082	2082	2082	0	0	0	0	0	0	0	0	0	0	0	0	0	0	0	0	0	0	0	0	0	0	0	0	0	0	0	0	0	859	859	857	857	855	851	851	849	846	846	844	844	842	840	836	836	834	834	834	832	832	830	828	826	824	824	822	820	818	818	818	816	0	813	811	811	809	0	0	0	0	0	0	0	0	0	0	0	0	0	0	0	0	0	0	0	0	0	0	0	0	0	0	0	0	0	0	0	0	0	0	0	0	0	0	0	0	0	0	0	0	0	0	0	0	0	0	0	0	0	0	0	0	0	0	0	0	0	0	0	0	0	0	0	0	0	0	0	0	0	0	0	0	0	0	0	0	0	0	0	0	0	0	0	0	0	0	0	0	0	0	0	0	0	0	0	0	0	0	0	0	0	0	0	0	0	0	0	0	0	0	0	0	0	0	0	0	0	0	0	0	0	0	0	0	0	0	0	0	0	0	0	0	
0	0	0	0	0	0	0	0	0	0	0	0	0	0	0	0	0	0	0	0	0	0	0	0	0	0	0	0	0	0	0	0	0	0	0	1858	1858	1868	1868	1878	1888	1899	1909	1920	1931	1941	1952	1964	1975	1975	1986	1986	2009	2009	2033	2057	2069	2069	2082	2107	2107	2120	2133	2120	2133	2147	2187	2201	2215	2244	2259	2274	2274	0	0	0	0	0	0	0	0	0	0	0	0	0	0	0	0	0	0	0	0	0	0	0	0	0	0	0	0	0	0	0	0	0	0	0	0	0	0	0	0	0	0	0	0	0	0	0	0	0	0	0	0	0	0	0	0	0	0	0	0	0	0	0	0	0	0	0	0	0	0	0	0	0	0	0	0	0	0	0	0	0	0	0	0	0	0	0	0	0	0	0	0	0	0	0	0	0	0	0	0	0	0	0	0	0	0	0	0	0	0	0	0	0	0	0	0	0	0	0	0	0	0	0	0	0	0	0	0	0	0	0	0	0	0	0	0	0	0	0	0	0	0	0	0	0	0	0	0	0	0	0	0	0	0	0	0	0	0	0	0	0	0	0	0	0	0	0	0	0	0	0	0	0	0	0	0	0	0	0	0	0	2230	2230	2215	2201	2187	2174	2160	2160	2160	2160	2160	2160	2160	2160	2160	2147	2147	2160	2160	2174	2174	2174	2174	2187	2174	2174	2174	2174	2174	2174	2174	2174	2174	2160	2174	2174	2160	2160	2160	2160	2174	2174	2174	2174	2174	2174	2174	2174	2160	2133	2095	2095	2082	2069	2082	2069	2082	2082	2069	2082	2082	2082	2082	2082	2082	2082	2082	2082	2082	2069	2069	2069	2069	2069	2069	2069	2069	2069	2069	2069	2069	2069	2069	2069	2069	2069	2069	2069	2069	2069	2069	2069	2069	2069	2082	2082	2082	2082	2069	2095	2082	2069	2069	2069	2069	2069	2069	2069	2069	2069	2069	2069	2069	2082	2082	2082	2082	2082	2082	2082	2082	2082	2069	2069	2082	2082	2082	2069	2069	2082	2082	2069	2069	2082	2082	2069	2069	2069	2069	2069	2069	2069	2069	2069	2082	2082	2082	2082	2082	2069	2069	2069	2069	2069	2069	2069	2082	2082	2082	2095	2095	2095	2095	2082	2082	2095	2095	2095	2095	2095	2082	2082	2082	2082	2082	2082	2082	2082	2095	2082	2082	2082	0	0	0	0	0	0	0	0	0	0	0	0	0	0	0	0	0	0	0	0	0	0	0	0	0	0	0	0	0	861	861	859	859	857	857	855	851	851	849	846	846	844	844	842	840	836	834	834	834	832	832	830	828	826	826	822	820	820	816	816	816	815	815	813	813	811	809	807	0	0	0	0	0	0	0	0	0	0	0	0	0	0	0	0	0	0	0	0	0	0	0	0	0	0	0	0	0	0	0	0	0	0	0	0	0	0	0	0	0	0	0	0	0	0	0	0	0	0	0	0	0	0	0	0	0	0	0	0	0	0	0	0	0	0	0	0	0	0	0	0	0	0	0	0	0	0	0	0	0	0	0	0	0	0	0	0	0	0	0	0	0	0	0	0	0	0	0	0	0	0	0	0	0	0	0	0	0	0	0	0	0	0	0	0	0	0	0	0	0	0	0	0	0	0	0	0	0	0	0	0	0	0	0	0	
0	0	0	0	0	0	0	0	0	0	0	0	0	0	0	0	0	0	0	0	0	0	0	0	0	0	0	0	0	0	0	0	0	0	0	1858	1858	1858	1868	1878	1888	1888	1909	1920	1931	1952	1952	1964	1975	1975	1986	1986	2021	2021	2033	2045	2069	2069	2082	2095	2107	2120	2133	2120	2147	2160	2187	2187	2215	2244	2244	2259	2259	0	0	0	0	0	0	0	0	0	0	0	0	0	0	0	0	0	0	0	0	0	0	0	0	0	0	0	0	0	0	0	0	0	0	0	0	0	0	0	0	0	0	0	0	0	0	0	0	0	0	0	0	0	0	0	0	0	0	0	0	0	0	0	0	0	0	0	0	0	0	0	0	0	0	0	0	0	0	0	0	0	0	0	0	0	0	0	0	0	0	0	0	0	0	0	0	0	0	0	0	0	0	0	0	0	0	0	0	0	0	0	0	0	0	0	0	0	0	0	0	0	0	0	0	0	0	0	0	0	0	0	0	0	0	0	0	0	0	0	0	0	0	0	0	0	0	0	0	0	0	0	0	0	0	0	0	0	0	0	0	0	0	0	0	0	0	0	0	0	0	0	0	0	0	0	0	0	0	0	0	0	2230	2230	2215	2201	2187	2174	2160	2147	2147	2147	2160	2160	2160	2160	2160	2160	2147	2160	2160	2174	2174	2174	2174	2187	2187	2174	2174	2174	2174	2174	2174	2174	2174	2160	2174	2174	2174	2174	2174	2174	2174	2174	2174	2174	2174	2174	2174	2174	2160	2133	2095	2095	2082	2082	2082	2069	2082	2082	2069	2082	2082	2082	2082	2082	2082	2082	2082	2082	2082	2069	2069	2069	2069	2069	2069	2069	2069	2069	2069	2069	2069	2069	2069	2069	2069	2069	2069	2069	2069	2069	2069	2069	2069	2069	2069	2069	2082	2069	2069	2082	2082	2069	2069	2069	2069	2069	2069	2069	2069	2069	2069	2082	2082	2082	2082	2082	2082	2082	2082	2082	2082	2082	2069	2069	2082	2082	2069	2069	2069	2082	2082	2069	2069	2082	2082	2069	2069	2069	2069	2069	2069	2069	2069	2069	2069	2082	2082	2082	2082	2069	2069	2069	2069	2082	2082	2069	2082	2082	2082	2082	2082	2082	2082	2082	2082	2082	2095	2082	2095	2095	2082	2082	2082	2082	2082	2082	2082	2082	2095	2082	0	0	0	0	0	0	0	0	0	0	0	0	0	0	0	0	0	0	0	0	0	0	0	0	0	0	0	0	0	0	861	861	859	859	857	855	855	853	851	851	849	846	846	844	844	842	840	836	834	834	834	832	832	830	828	826	824	820	818	818	816	0	815	813	813	813	811	809	807	805	0	0	0	0	0	0	0	0	0	0	0	0	0	0	0	0	0	0	0	0	0	0	0	0	0	0	0	0	0	0	0	0	0	0	0	0	0	0	0	0	0	0	0	0	0	0	0	0	0	0	0	0	0	0	0	0	0	0	0	0	0	0	0	0	0	0	0	0	0	0	0	0	0	0	0	0	0	0	0	0	0	0	0	0	0	0	0	0	0	0	0	0	0	0	0	0	0	0	0	0	0	0	0	0	0	0	0	0	0	0	0	0	0	0	0	0	0	0	0	0	0	0	0	0	0	0	0	0	0	0	0	0	0	0	0	0	
0	0	0	0	0	0	0	0	0	0	0	0	0	0	0	0	0	0	0	0	0	0	0	0	0	0	0	0	0	0	0	0	0	0	0	1858	1858	1858	1868	1878	1888	1888	1909	1931	1941	1952	1964	1975	1975	1975	1986	1986	2021	2021	2045	2045	2069	2069	2082	2095	2107	2120	2133	2133	2147	2174	2187	2201	2215	2244	2244	2259	0	0	0	0	0	0	0	0	0	0	0	0	0	0	0	0	0	0	0	0	0	0	0	0	0	0	0	0	0	0	0	0	0	0	0	0	0	0	0	0	0	0	0	0	0	0	0	0	0	0	0	0	0	0	0	0	0	0	0	0	0	0	0	0	0	0	0	0	0	0	0	0	0	0	0	0	0	0	0	0	0	0	0	0	0	0	0	0	0	0	0	0	0	0	0	0	0	0	0	0	0	0	0	0	0	0	0	0	0	0	0	0	0	0	0	0	0	0	0	0	0	0	0	0	0	0	0	0	0	0	0	0	0	0	0	0	0	0	0	0	0	0	0	0	0	0	0	0	0	0	0	0	0	0	0	0	0	0	0	0	0	0	0	0	0	0	0	0	0	0	0	0	0	0	0	0	0	0	0	0	0	0	2230	2230	2215	2201	2187	2174	2160	2147	2147	2147	2147	2147	2160	2160	2160	2147	2147	2147	2147	2160	2174	2174	2174	2174	2187	2174	2174	2174	2174	2174	2174	2174	2174	2160	2174	2174	2174	2174	2174	2174	2174	2174	2174	2174	2174	2174	2174	2174	2160	2147	2107	2095	2082	2082	2082	2082	2082	2082	2069	2082	2082	2082	2082	2082	2082	2082	2082	2082	2082	2069	2069	2069	2069	2069	2069	2069	2069	2069	2069	2069	2069	2069	2069	2069	2069	2069	2069	2069	2069	2069	2069	2069	2069	2069	2069	2082	2082	2082	2069	2082	2082	2069	2069	2069	2069	2069	2069	2069	2069	2069	2082	2082	2082	2082	2082	2082	2082	2082	2082	2082	2082	2082	2069	2069	2082	2082	2082	2069	2082	2082	2082	2082	2082	2082	2082	2069	2069	2069	2069	2069	2069	2069	2069	2069	2069	2082	2082	2082	2082	2069	2069	2069	2082	2082	2082	2069	2082	2082	2082	2082	2082	2082	2069	2082	2069	2082	2082	2082	2095	2095	2095	2095	2095	2082	2095	2082	2082	2082	0	0	0	0	0	0	0	0	0	0	0	0	0	0	0	0	0	0	0	0	0	0	0	0	0	0	0	0	0	0	0	861	861	861	859	859	857	855	853	853	851	849	849	846	844	844	842	842	840	836	834	834	834	832	830	828	828	826	822	820	818	816	0	815	813	813	813	813	811	809	807	805	0	0	0	0	0	0	0	0	0	0	0	0	0	0	0	0	0	0	0	0	0	0	0	0	0	0	0	0	0	0	0	0	0	0	0	0	0	0	0	0	0	0	0	0	0	0	0	0	0	0	0	0	0	0	0	0	0	0	0	0	0	0	0	0	0	0	0	0	0	0	0	0	0	0	0	0	0	0	0	0	0	0	0	0	0	0	0	0	0	0	0	0	0	0	0	0	0	0	0	0	0	0	0	0	0	0	0	0	0	0	0	0	0	0	0	0	0	0	0	0	0	0	0	0	0	0	0	0	0	0	0	0	0	0	0	0	
0	0	0	0	0	0	0	0	0	0	0	0	0	0	0	0	0	0	0	0	0	0	0	0	0	0	0	0	0	0	0	0	0	0	0	1858	1858	1858	1868	1878	1878	1888	1899	1931	1941	1964	1964	1975	1975	1975	1986	1986	2021	2033	2045	2057	2069	2069	2082	2095	2095	2120	2133	2133	2160	2174	2201	2201	2215	2244	2244	2274	2274	0	0	0	0	0	0	0	0	0	0	0	0	0	0	0	0	0	0	0	0	0	0	0	0	0	0	0	0	0	0	0	0	0	0	0	0	0	0	0	0	0	0	0	0	0	0	0	0	0	0	0	0	0	0	0	0	0	0	0	0	0	0	0	0	0	0	0	0	0	0	0	0	0	0	0	0	0	0	0	0	0	0	0	0	0	0	0	0	0	0	0	0	0	0	0	0	0	0	0	0	0	0	0	0	0	0	0	0	0	0	0	0	0	0	0	0	0	0	0	0	0	0	0	0	0	0	0	0	0	0	0	0	0	0	0	0	0	0	0	0	0	0	0	0	0	0	0	0	0	0	0	0	0	0	0	0	0	0	0	0	0	0	0	0	0	0	0	0	0	0	0	0	0	0	0	0	0	0	0	0	0	0	2230	2215	2201	2187	2174	2160	2147	2147	2147	2147	2147	2147	2147	2147	2147	2147	2147	2147	2160	2160	2174	2174	2174	2174	2174	2174	2174	2174	2174	2174	2174	2174	2160	2174	2174	2174	2174	2174	2174	2174	2174	2174	2174	2174	2174	2174	2174	2160	2147	2107	2095	2082	2082	2082	2082	2082	2082	2082	2082	2082	2082	2082	2082	2082	2082	2082	2082	2082	2069	2069	2069	2069	2069	2069	2069	2069	2069	2069	2069	2069	2069	2069	2069	2069	2069	2069	2069	2069	2069	2069	2069	2069	2069	2082	2082	2082	2082	2069	2082	2069	2069	2069	2069	2069	2069	2069	2069	2069	2069	2082	2082	2082	2069	2082	2082	2082	2082	2082	2082	2082	2082	2082	2069	2082	2082	2082	2069	2082	2082	2082	2082	2082	2082	2082	2069	2069	2069	2069	2069	2069	2069	2082	2069	2069	2082	2082	2082	2082	2082	2082	2069	2082	2082	2082	2082	2082	2082	2082	2069	2069	2069	2069	2069	2069	2082	2082	2082	2095	2095	2095	2095	2095	0	0	0	0	0	0	0	0	0	0	0	0	0	0	0	0	0	0	0	0	0	0	0	0	0	0	0	0	0	0	0	0	0	870	868	0	861	861	861	859	859	855	855	853	853	851	849	846	846	844	844	842	840	838	836	834	834	834	832	830	828	828	826	824	820	818	816	0	815	813	813	813	811	811	809	807	0	0	0	0	0	0	0	0	0	0	0	0	0	0	0	0	0	0	0	0	0	0	0	0	0	0	0	0	0	0	0	0	0	0	0	0	0	0	0	0	0	0	0	0	0	0	0	0	0	0	0	0	0	0	0	0	0	0	0	0	0	0	0	0	0	0	0	0	0	0	0	0	0	0	0	0	0	0	0	0	0	0	0	0	0	0	0	0	0	0	0	0	0	0	0	0	0	0	0	0	0	0	0	0	0	0	0	0	0	0	0	0	0	0	0	0	0	0	0	0	0	0	0	0	0	0	0	0	0	0	0	0	0	0	0	0	0	
0	0	0	0	0	0	0	0	0	0	0	0	0	0	0	0	0	0	0	0	0	0	0	0	0	0	0	0	0	0	0	0	0	0	0	1858	1858	1868	1868	1878	1878	1878	1899	1920	1941	1964	1964	1975	1975	1975	1975	1986	2021	2033	2045	2057	2057	2069	2082	2095	2107	2120	2133	2133	2160	2187	2201	2201	2215	2244	2259	2274	2289	0	0	0	0	0	0	0	0	0	0	0	0	0	0	0	0	0	0	0	0	0	0	0	0	0	0	0	0	0	0	0	0	0	0	0	0	0	0	0	0	0	0	0	0	0	0	0	0	0	0	0	0	0	0	0	0	0	0	0	0	0	0	0	0	0	0	0	0	0	0	0	0	0	0	0	0	0	0	0	0	0	0	0	0	0	0	0	0	0	0	0	0	0	0	0	0	0	0	0	0	0	0	0	0	0	0	0	0	0	0	0	0	0	0	0	0	0	0	0	0	0	0	0	0	0	0	0	0	0	0	0	0	0	0	0	0	0	0	0	0	0	0	0	0	0	0	0	0	0	0	0	0	0	0	0	0	0	0	0	0	0	0	0	0	0	0	0	0	0	0	0	0	0	0	0	0	0	0	0	0	0	0	2215	2201	2201	2187	2174	2160	2147	2147	2147	2147	2147	2147	2147	2147	2147	2147	2147	2147	2160	2160	2174	2174	2174	2174	2174	2174	2174	2174	2174	2174	2174	2174	2160	2174	2174	2174	2174	2160	2174	2174	2174	2174	2174	2174	2174	2174	2174	2160	2133	2107	2095	2082	2082	2082	2082	2082	2082	2082	2082	2082	2082	2082	2082	2082	2082	2082	2082	2082	2069	2069	2069	2069	2069	2069	2069	2069	2069	2069	2069	2069	2069	2069	2069	2069	2069	2069	2069	2069	2069	2069	2069	2069	2069	2082	2082	2082	2082	2069	2082	2082	2069	2069	2069	2069	2069	2069	2069	2069	2069	2082	2082	2069	2069	2069	2082	2069	2082	2069	2082	2082	2082	2082	2082	2082	2082	2082	2069	2082	2082	2082	2082	2082	2082	2082	2069	2069	2069	2069	2069	2082	2069	2069	2069	2069	2082	2082	2082	2082	2082	2069	2069	2082	2082	2082	2082	2082	2082	2082	2069	2069	2069	2069	2069	2069	2069	2082	2082	2082	2095	2095	0	0	0	0	0	0	0	0	0	0	0	0	0	0	0	0	0	0	0	0	0	0	0	0	0	0	0	0	0	0	0	0	0	0	870	870	868	0	861	859	859	859	857	855	853	853	853	851	849	846	846	844	844	842	840	838	836	834	834	834	832	830	828	828	826	824	820	818	816	0	815	813	813	813	811	811	809	0	0	0	0	0	0	0	0	0	0	0	0	0	0	0	0	0	0	0	0	0	0	0	0	0	0	0	0	0	0	0	0	0	0	0	0	0	0	0	0	0	0	0	0	0	0	0	0	0	0	0	0	0	0	0	0	0	0	0	0	0	0	0	0	0	0	0	0	0	0	0	0	0	0	0	0	0	0	0	0	0	0	0	0	0	0	0	0	0	0	0	0	0	0	0	0	0	0	0	0	0	0	0	0	0	0	0	0	0	0	0	0	0	0	0	0	0	0	0	0	0	0	0	0	0	0	0	0	0	0	0	0	0	0	0	0	0	0	
0	0	0	0	0	0	0	0	0	0	0	0	0	0	0	0	0	0	0	0	0	0	0	0	0	0	0	0	0	0	0	0	0	0	0	1858	1858	1868	1868	1878	1888	1888	1888	1909	1941	1952	1964	1975	1975	1975	1986	1986	2033	2033	2045	2045	2057	2069	2082	2095	2107	2120	2133	2133	2147	2174	2187	2201	2215	2244	2244	2274	2259	2274	0	0	0	0	0	0	0	0	0	0	0	0	0	0	0	0	0	0	0	0	0	0	0	0	0	0	0	0	0	0	0	0	0	0	0	0	0	0	0	0	0	0	0	0	0	0	0	0	0	0	0	0	0	0	0	0	0	0	0	0	0	0	0	0	0	0	0	0	0	0	0	0	0	0	0	0	0	0	0	0	0	0	0	0	0	0	0	0	0	0	0	0	0	0	0	0	0	0	0	0	0	0	0	0	0	0	0	0	0	0	0	0	0	0	0	0	0	0	0	0	0	0	0	0	0	0	0	0	0	0	0	0	0	0	0	0	0	0	0	0	0	0	0	0	0	0	0	0	0	0	0	0	0	0	0	0	0	0	0	0	0	0	0	0	0	0	0	0	0	0	0	0	0	0	0	0	0	0	0	0	0	2215	2215	2201	2187	2174	2174	2160	2147	2147	2147	2147	2147	2147	2147	2147	2147	2147	2147	2160	2160	2174	2174	2174	2174	2174	2174	2174	2174	2174	2174	2174	2174	2160	2160	2174	2174	2174	2174	2174	2174	2174	2174	2174	2174	2174	2174	2174	2160	2147	2120	2095	2082	2082	2082	2082	2082	2082	2082	2082	2082	2082	2082	2082	2082	2082	2082	2082	2082	2069	2069	2069	2069	2069	2069	2069	2069	2069	2069	2069	2069	2069	2069	2069	2069	2069	2069	2069	2069	2069	2069	2069	2069	2069	2069	2069	2069	2069	2069	2069	2069	2069	2069	2069	2069	2069	2069	2069	2082	2069	2082	2082	2082	2069	2069	2069	2069	2069	2069	2069	2069	2082	2069	2082	2082	2082	2082	2082	2082	2095	2082	2082	2082	2082	2082	2069	2069	2069	2069	2069	2082	2069	2069	2069	2069	2069	2069	2082	2069	2069	2069	2069	2082	2082	2082	2082	2082	2082	2082	2082	2069	2069	2069	2069	2069	2069	2082	2082	2082	2095	0	0	0	0	0	0	0	0	0	0	0	0	0	0	0	0	0	0	0	0	0	0	0	0	0	0	0	0	0	877	874	874	872	872	872	870	870	868	0	861	859	859	857	855	855	853	853	851	851	849	846	844	844	842	842	840	838	836	834	834	834	832	830	828	826	824	822	818	816	0	815	813	813	811	811	811	811	0	0	0	0	0	0	0	0	0	0	0	0	0	0	0	0	0	0	0	0	0	0	0	0	0	0	0	0	0	0	0	0	0	0	0	0	0	0	0	0	0	0	0	0	0	0	0	0	0	0	0	0	0	0	0	0	0	0	0	0	0	0	0	0	0	0	0	0	0	0	0	0	0	0	0	0	0	0	0	0	0	0	0	0	0	0	0	0	0	0	0	0	0	0	0	0	0	0	0	0	0	0	0	0	0	0	0	0	0	0	0	0	0	0	0	0	0	0	0	0	0	0	0	0	0	0	0	0	0	0	0	0	0	0	0	0	0	0	0	
0	0	0	0	0	0	0	0	0	0	0	0	0	0	0	0	0	0	0	0	0	0	0	0	0	0	0	0	0	0	0	0	0	0	0	1848	1858	1868	1868	1888	1888	1888	1888	1909	1931	1941	1964	1975	1975	1975	1986	2009	2033	2033	2045	2045	2057	2069	2082	2095	2095	2120	2133	2133	2133	2160	2187	2201	2215	2244	2244	2259	2259	2274	0	0	0	0	0	0	0	0	0	0	0	0	0	0	0	0	0	0	0	0	0	0	0	0	0	0	0	0	0	0	0	0	0	0	0	0	0	0	0	0	0	0	0	0	0	0	0	0	0	0	0	0	0	0	0	0	0	0	0	0	0	0	0	0	0	0	0	0	0	0	0	0	0	0	0	0	0	0	0	0	0	0	0	0	0	0	0	0	0	0	0	0	0	0	0	0	0	0	0	0	0	0	0	0	0	0	0	0	0	0	0	0	0	0	0	0	0	0	0	0	0	0	0	0	0	0	0	0	0	0	0	0	0	0	0	0	0	0	0	0	0	0	0	0	0	0	0	0	0	0	0	0	0	0	0	0	0	0	0	0	0	0	0	0	0	0	0	0	0	0	0	0	0	0	0	0	0	0	0	0	0	2215	2201	2201	2187	2174	2174	2160	2147	2147	2147	2147	2147	2147	2133	2147	2147	2147	2147	2160	2160	2174	2174	2174	2174	2174	2174	2174	2174	2174	2174	2174	2174	2160	2160	2174	2174	2174	2174	2174	2174	2174	2174	2174	2174	2174	2174	2174	2160	2147	2120	2095	2082	2082	2082	2082	2082	2082	2082	2082	2082	2082	2082	2082	2082	2082	2082	2082	2082	2069	2069	2069	2069	2069	2069	2069	2069	2069	2069	2069	2069	2069	2069	2069	2069	2069	2069	2069	2069	2069	2069	2069	2069	2069	2069	2069	2069	2069	2069	2082	2069	2069	2082	2069	2069	2069	2069	2069	2082	2069	2082	2082	2082	2069	2069	2069	2069	2069	2069	2082	2082	2082	2082	2082	2082	2095	2095	2082	2095	2095	2082	2082	2082	2082	2082	2069	2069	2069	2069	2069	2082	2069	2069	2082	2082	2082	2069	2069	2069	2069	2069	2069	2069	2082	2082	2082	2095	2082	2082	2082	2069	2069	2069	2069	2069	2069	2069	0	0	0	0	0	0	0	0	0	0	0	0	0	0	0	0	0	0	0	0	0	0	0	0	0	0	0	0	888	886	883	881	879	877	874	874	872	872	870	870	868	0	861	859	859	857	855	855	853	853	851	851	849	846	844	844	842	842	840	838	836	836	834	832	832	830	828	826	824	822	818	816	0	815	813	813	811	811	811	811	0	0	0	0	0	0	0	0	0	0	0	0	0	0	0	0	0	0	0	0	0	0	0	0	0	0	0	0	0	0	0	0	0	0	0	0	0	0	0	0	0	0	0	0	0	0	0	0	0	0	0	0	0	0	0	0	0	0	0	0	0	0	0	0	0	0	0	0	0	0	0	0	0	0	0	0	0	0	0	0	0	0	0	0	0	0	0	0	0	0	0	0	0	0	0	0	0	0	0	0	0	0	0	0	0	0	0	0	0	0	0	0	0	0	0	0	0	0	0	0	0	0	0	0	0	0	0	0	0	0	0	0	0	0	0	0	0	0	0	
0	0	0	0	0	0	0	0	0	0	0	0	0	0	0	0	0	0	0	0	0	0	0	0	0	0	0	0	0	0	0	0	0	0	0	1848	1858	1868	1878	1888	1899	1899	1899	1909	1931	1941	1952	1975	1975	1975	2009	2021	2033	2033	2045	2045	2057	2069	2082	2095	2095	2120	2133	2120	2133	2160	2187	2215	2230	2244	2244	2274	2274	0	0	0	0	0	0	0	0	0	0	0	0	0	0	0	0	0	0	0	0	0	0	0	0	0	0	0	0	0	0	0	0	0	0	0	0	0	0	0	0	0	0	0	0	0	0	0	0	0	0	0	0	0	0	0	0	0	0	0	0	0	0	0	0	0	0	0	0	0	0	0	0	0	0	0	0	0	0	0	0	0	0	0	0	0	0	0	0	0	0	0	0	0	0	0	0	0	0	0	0	0	0	0	0	0	0	0	0	0	0	0	0	0	0	0	0	0	0	0	0	0	0	0	0	0	0	0	0	0	0	0	0	0	0	0	0	0	0	0	0	0	0	0	0	0	0	0	0	0	0	0	0	0	0	0	0	0	0	0	0	0	0	0	0	0	0	0	0	0	0	0	0	0	0	0	0	0	0	0	0	0	0	2215	2215	2201	2187	2174	2174	2160	2160	2147	2147	2147	2147	2133	2133	2133	2147	2147	2160	2160	2174	2174	2174	2174	2187	2174	2174	2174	2174	2174	2174	2174	2174	2174	2160	2174	2174	2174	2174	2174	2174	2174	2174	2174	2174	2174	2174	2174	2174	2160	2120	2095	2082	2082	2082	2082	2082	2082	2082	2082	2082	2082	2082	2082	2082	2082	2082	2082	2082	2069	2069	2069	2069	2069	2069	2069	2069	2069	2069	2069	2069	2069	2069	2069	2069	2069	2069	2069	2069	2069	2069	2069	2069	2069	2069	2069	2069	2069	2069	2069	2069	2069	2069	2069	2069	2069	2069	2069	2069	2069	2082	2082	2069	2069	2069	2069	2069	2069	2069	2069	2082	2082	2082	2082	2082	2095	2082	2082	2082	2095	2082	2082	2082	2082	2082	2069	2069	2069	2057	2069	2069	2069	2069	2069	2069	2082	2069	2069	2069	2069	2069	2069	2069	2069	2082	2082	2095	2082	2082	2082	2082	2069	2069	2057	2069	0	0	0	0	0	0	0	0	0	0	0	0	0	0	0	0	0	0	0	0	0	0	0	0	0	0	0	0	0	888	888	886	886	883	879	877	874	874	872	872	870	870	868	0	861	859	859	857	855	853	853	851	851	851	849	846	844	844	842	842	840	838	836	834	834	832	832	830	828	826	824	822	818	0	815	813	813	811	811	811	809	0	0	0	0	0	0	0	0	0	0	0	0	0	0	0	0	0	0	0	0	0	0	0	0	0	0	0	0	0	0	0	0	0	0	0	0	0	0	0	0	0	0	0	0	0	0	0	0	0	0	0	0	0	0	0	0	0	0	0	0	0	0	0	0	0	0	0	0	0	0	0	0	0	0	0	0	0	0	0	0	0	0	0	0	0	0	0	0	0	0	0	0	0	0	0	0	0	0	0	0	0	0	0	0	0	0	0	0	0	0	0	0	0	0	0	0	0	0	0	0	0	0	0	0	0	0	0	0	0	0	0	0	0	0	0	0	0	0	0	0	
0	0	0	0	0	0	0	0	0	0	0	0	0	0	0	0	0	0	0	0	0	0	0	0	0	0	0	0	0	0	0	0	0	0	0	1848	1858	1868	1878	1888	1899	1899	1899	1909	1931	1941	1952	1964	1964	1975	2009	2009	2033	2033	2045	2057	2057	2069	2069	2082	2095	2107	2133	2133	2133	2160	2187	2215	2230	2259	2259	2274	2274	0	0	0	0	0	0	0	0	0	0	0	0	0	0	0	0	0	0	0	0	0	0	0	0	0	0	0	0	0	0	0	0	0	0	0	0	0	0	0	0	0	0	0	0	0	0	0	0	0	0	0	0	0	0	0	0	0	0	0	0	0	0	0	0	0	0	0	0	0	0	0	0	0	0	0	0	0	0	0	0	0	0	0	0	0	0	0	0	0	0	0	0	0	0	0	0	0	0	0	0	0	0	0	0	0	0	0	0	0	0	0	0	0	0	0	0	0	0	0	0	0	0	0	0	0	0	0	0	0	0	0	0	0	0	0	0	0	0	0	0	0	0	0	0	0	0	0	0	0	0	0	0	0	0	0	0	0	0	0	0	0	0	0	0	0	0	0	0	0	0	0	0	0	0	0	0	0	0	0	0	0	0	2215	2215	2201	2187	2174	2174	2160	2160	2147	2147	2147	2147	2147	2147	2147	2147	2147	2160	2174	2174	2174	2174	2174	2187	2174	2174	2174	2174	2174	2174	2174	2174	2174	2174	2174	2174	2174	2174	2160	2174	2160	2174	2174	2174	2174	2174	2174	2160	2147	2120	2095	2082	2082	2082	2082	2082	2082	2082	2082	2082	2082	2082	2082	2082	2082	2082	2082	2082	2069	2069	2069	2069	2069	2057	2069	2069	2069	2069	2069	2069	2069	2069	2069	2069	2069	2069	2069	2069	2069	2069	2069	2069	2069	2082	2069	2069	2069	2069	2082	2069	2069	2082	2069	2069	2069	2069	2069	2082	2082	2082	2082	2082	2082	2082	2069	2069	2069	2069	2069	2069	2082	2082	2082	2082	2095	2082	2082	2082	2095	2082	2082	2082	2082	2082	2069	2069	2069	2069	2069	2069	2069	2069	2069	2069	2082	2069	2069	2069	2069	2069	2069	2069	2069	2069	2082	2082	2082	2082	2082	2082	2069	2069	2057	0	0	0	0	0	0	0	0	0	0	0	0	0	0	0	0	0	0	0	0	0	0	0	0	0	0	0	0	888	888	888	888	886	886	883	879	877	874	872	872	870	870	868	0	866	859	859	857	855	855	853	851	851	851	849	849	846	844	844	842	840	840	838	836	834	834	832	832	830	828	826	824	822	816	0	815	813	813	811	811	811	809	0	0	0	0	0	0	0	0	0	0	0	0	0	0	0	0	0	0	0	0	0	0	0	0	0	0	0	0	0	0	0	0	0	0	0	0	0	0	0	0	0	0	0	0	0	0	0	0	0	0	0	0	0	0	0	0	0	0	0	0	0	0	0	0	0	0	0	0	0	0	0	0	0	0	0	0	0	0	0	0	0	0	0	0	0	0	0	0	0	0	0	0	0	0	0	0	0	0	0	0	0	0	0	0	0	0	0	0	0	0	0	0	0	0	0	0	0	0	0	0	0	0	0	0	0	0	0	0	0	0	0	0	0	0	0	0	0	0	0	0	
0	0	0	0	0	0	0	0	0	0	0	0	0	0	0	0	0	0	0	0	0	0	0	0	0	0	0	0	0	0	0	0	0	0	0	1848	1858	1868	1888	1899	1899	1899	1899	1909	1931	1931	1941	1952	1964	1975	2009	2009	2021	2033	2045	2057	2057	2069	2069	2082	2095	2107	2133	2120	2120	2133	2160	2215	2230	2244	2259	2259	2274	0	0	0	0	0	0	0	0	0	0	0	0	0	0	0	0	0	0	0	0	0	0	0	0	0	0	0	0	0	0	0	0	0	0	0	0	0	0	0	0	0	0	0	0	0	0	0	0	0	0	0	0	0	0	0	0	0	0	0	0	0	0	0	0	0	0	0	0	0	0	0	0	0	0	0	0	0	0	0	0	0	0	0	0	0	0	0	0	0	0	0	0	0	0	0	0	0	0	0	0	0	0	0	0	0	0	0	0	0	0	0	0	0	0	0	0	0	0	0	0	0	0	0	0	0	0	0	0	0	0	0	0	0	0	0	0	0	0	0	0	0	0	0	0	0	0	0	0	0	0	0	0	0	0	0	0	0	0	0	0	0	0	0	0	0	0	0	0	0	0	0	0	0	0	0	0	0	0	0	0	0	2215	2215	2201	2201	2187	2174	2174	2160	2160	2147	2147	2147	2147	2147	2147	2147	2160	2160	2174	2174	2174	2174	2174	2174	2174	2174	2174	2174	2174	2174	2174	2174	2174	2174	2174	2174	2174	2174	2174	2160	2160	2160	2160	2160	2174	2174	2174	2174	2160	2147	2095	2095	2082	2082	2082	2082	2082	2082	2082	2082	2082	2082	2082	2082	2082	2082	2082	2082	2082	2069	2057	2057	2057	2057	2057	2057	2069	2069	2069	2069	2069	2069	2069	2069	2069	2069	2069	2069	2069	2082	2069	2069	2069	2069	2069	2069	2069	2069	2069	2082	2069	2069	2082	2069	2082	2082	2069	2069	2082	2082	2082	2082	2082	2082	2069	2069	2069	2069	2069	2069	2069	2082	2069	2082	2082	2082	2082	2069	2082	2082	2082	2082	2082	2069	2082	2069	2069	2069	2057	2057	2069	2069	2069	2069	2082	2082	2069	2082	2069	2069	2069	2069	2057	2057	2069	2069	2082	2082	2082	2082	2082	2082	2069	0	0	0	0	0	0	0	0	0	0	0	0	0	0	0	0	0	0	0	0	0	0	0	0	0	0	0	0	892	890	890	890	888	886	886	883	879	877	874	872	872	870	870	868	0	866	859	859	857	855	855	853	853	851	851	851	846	844	844	842	842	840	838	838	836	834	834	832	832	830	828	826	824	822	816	0	815	813	811	811	809	809	0	0	0	0	0	0	0	0	0	0	0	0	0	0	0	0	0	0	0	0	0	0	0	0	0	0	0	0	0	0	0	0	0	0	0	0	0	0	0	0	0	0	0	0	0	0	0	0	0	0	0	0	0	0	0	0	0	0	0	0	0	0	0	0	0	0	0	0	0	0	0	0	0	0	0	0	0	0	0	0	0	0	0	0	0	0	0	0	0	0	0	0	0	0	0	0	0	0	0	0	0	0	0	0	0	0	0	0	0	0	0	0	0	0	0	0	0	0	0	0	0	0	0	0	0	0	0	0	0	0	0	0	0	0	0	0	0	0	0	0	0	
0	0	0	0	0	0	0	0	0	0	0	0	0	0	0	0	0	0	0	0	0	0	0	0	0	0	0	0	0	0	0	0	0	0	0	1848	1858	1868	1888	1899	1899	1909	1909	1920	1931	1941	1941	1952	1964	1975	2009	2009	2021	2033	2045	2057	2057	2069	2069	2082	2095	2120	2133	2120	2120	2133	2133	2215	2230	2244	2244	2244	0	0	0	0	0	0	0	0	0	0	0	0	0	0	0	0	0	0	0	0	0	0	0	0	0	0	0	0	0	0	0	0	0	0	0	0	0	0	0	0	0	0	0	0	0	0	0	0	0	0	0	0	0	0	0	0	0	0	0	0	0	0	0	0	0	0	0	0	0	0	0	0	0	0	0	0	0	0	0	0	0	0	0	0	0	0	0	0	0	0	0	0	0	0	0	0	0	0	0	0	0	0	0	0	0	0	0	0	0	0	0	0	0	0	0	0	0	0	0	0	0	0	0	0	0	0	0	0	0	0	0	0	0	0	0	0	0	0	0	0	0	0	0	0	0	0	0	0	0	0	0	0	0	0	0	0	0	0	0	0	0	0	0	0	0	0	0	0	0	0	0	0	0	0	0	0	0	0	0	0	0	2230	2230	2215	2215	2201	2187	2174	2174	2160	2160	2160	2147	2147	2147	2147	2147	2147	2160	2174	2174	2174	2174	2174	2174	2174	2187	2174	2174	2174	2174	2174	2174	2174	2174	2174	2174	2174	2174	2174	2160	2160	2160	2160	2160	2160	2160	2174	2174	2160	2147	2133	2095	2095	2082	2082	2069	2069	2082	2082	2082	2082	2082	2082	2082	2082	2082	2082	2082	2082	2082	2057	2057	2057	2057	2057	2057	2057	2069	2069	2069	2069	2069	2069	2069	2069	2069	2069	2069	2069	2069	2069	2069	2069	2069	2069	2069	2069	2069	2069	2069	2069	2069	2069	2069	2069	2069	2082	2069	2069	2069	2082	2082	2082	2082	2082	2082	2082	2082	2069	2069	2069	2069	2069	2069	2069	2069	2082	2082	2082	2082	2082	2082	2082	2082	2082	2082	2069	2069	2069	2057	2057	2069	2069	2069	2069	2082	2082	2069	2082	2069	2069	2057	2057	2057	2057	2057	2057	2082	2069	0	2082	0	0	0	0	0	0	0	0	0	0	0	0	0	0	0	0	0	0	0	0	0	0	0	0	0	0	0	0	0	0	895	892	890	890	888	888	886	883	881	879	877	874	874	872	870	870	868	0	866	861	859	857	855	855	853	851	851	851	849	846	844	844	842	842	840	838	836	836	834	834	832	830	828	828	826	822	818	818	813	813	811	811	809	809	807	0	0	0	0	0	0	0	0	0	0	0	0	0	0	0	0	0	0	0	0	0	0	0	0	0	0	0	0	0	0	0	0	0	0	0	0	0	0	0	0	0	0	0	0	0	0	0	0	0	0	0	0	0	0	0	0	0	0	0	0	0	0	0	0	0	0	0	0	0	0	0	0	0	0	0	0	0	0	0	0	0	0	0	0	0	0	0	0	0	0	0	0	0	0	0	0	0	0	0	0	0	0	0	0	0	0	0	0	0	0	0	0	0	0	0	0	0	0	0	0	0	0	0	0	0	0	0	0	0	0	0	0	0	0	0	0	0	0	0	0	0	
0	0	0	0	0	0	0	0	0	0	0	0	0	0	0	0	0	0	0	0	0	0	0	0	0	0	0	0	0	0	0	0	0	0	0	1848	1858	1868	1888	1899	1899	1909	1909	1920	1931	1941	1941	1952	1964	1975	2009	2009	2021	2033	2045	2057	2057	2069	2069	2082	2082	2107	2133	2120	2120	2133	2133	2201	2215	2230	2230	2244	0	0	0	0	0	0	0	0	0	0	0	0	0	0	0	0	0	0	0	0	0	0	0	0	0	0	0	0	0	0	0	0	0	0	0	0	0	0	0	0	0	0	0	0	0	0	0	0	0	0	0	0	0	0	0	0	0	0	0	0	0	0	0	0	0	0	0	0	0	0	0	0	0	0	0	0	0	0	0	0	0	0	0	0	0	0	0	0	0	0	0	0	0	0	0	0	0	0	0	0	0	0	0	0	0	0	0	0	0	0	0	0	0	0	0	0	0	0	0	0	0	0	0	0	0	0	0	0	0	0	0	0	0	0	0	0	0	0	0	0	0	0	0	0	0	0	0	0	0	0	0	0	0	0	0	0	0	0	0	0	0	0	0	0	0	0	0	0	0	0	0	0	0	0	0	0	0	0	0	0	0	2230	2230	2215	2215	2201	2187	2174	2174	2160	2147	2147	2147	2147	2147	2147	2147	2147	2160	2160	2174	2174	2174	2174	2187	2187	2187	2174	2174	2174	2174	2174	2174	2174	2174	2174	2174	2174	2174	2174	2174	2174	2160	2160	2160	2160	2160	2174	2174	2160	2147	2133	2095	2095	2082	2082	2082	2082	2082	2082	2082	2082	2082	2082	2082	2082	2082	2082	2082	2082	2082	2069	2069	2069	2057	2057	2057	2069	2069	2069	2069	2069	2069	2069	2069	2069	2069	2069	2069	2069	2069	2082	2069	2069	2069	2069	2069	2069	2069	2069	2069	2069	2069	2069	2069	2069	2069	2069	2069	2069	2069	2069	2082	2082	2082	2082	2082	2082	2082	2082	2082	2082	2069	2082	2069	2069	2069	2082	2082	2082	2082	2082	2082	2082	2082	2069	2082	2057	2069	2057	2057	2057	2057	2057	2069	2069	2069	2082	2069	2082	2069	2069	2057	2057	2057	2057	2057	0	0	0	0	0	0	0	0	0	0	0	0	0	0	0	0	0	0	0	0	0	0	0	0	0	0	0	0	0	0	0	0	0	0	897	895	892	890	890	888	888	886	883	881	879	879	874	874	872	870	870	868	0	866	861	859	857	855	855	853	851	851	849	849	844	844	844	842	840	840	836	836	836	834	832	830	828	828	826	824	822	818	0	813	813	811	811	809	807	0	0	0	0	0	0	0	0	0	0	0	0	0	0	0	0	0	0	0	0	0	0	0	0	0	0	0	0	0	0	0	0	0	0	0	0	0	0	0	0	0	0	0	0	0	0	0	0	0	0	0	0	0	0	0	0	0	0	0	0	0	0	0	0	0	0	0	0	0	0	0	0	0	0	0	0	0	0	0	0	0	0	0	0	0	0	0	0	0	0	0	0	0	0	0	0	0	0	0	0	0	0	0	0	0	0	0	0	0	0	0	0	0	0	0	0	0	0	0	0	0	0	0	0	0	0	0	0	0	0	0	0	0	0	0	0	0	0	0	0	0	0	
0	0	0	0	0	0	0	0	0	0	0	0	0	0	0	0	0	0	0	0	0	0	0	0	0	0	0	0	0	0	0	0	0	0	0	1848	1858	1868	1888	1899	1899	1909	1909	1920	1941	1941	1952	1952	1964	1975	2009	2009	2021	2033	2045	2057	2069	2069	2069	2082	2082	2107	2133	2120	2120	2133	2133	2201	2215	2244	2244	2244	0	0	0	0	0	0	0	0	0	0	0	0	0	0	0	0	0	0	0	0	0	0	0	0	0	0	0	0	0	0	0	0	0	0	0	0	0	0	0	0	0	0	0	0	0	0	0	0	0	0	0	0	0	0	0	0	0	0	0	0	0	0	0	0	0	0	0	0	0	0	0	0	0	0	0	0	0	0	0	0	0	0	0	0	0	0	0	0	0	0	0	0	0	0	0	0	0	0	0	0	0	0	0	0	0	0	0	0	0	0	0	0	0	0	0	0	0	0	0	0	0	0	0	0	0	0	0	0	0	0	0	0	0	0	0	0	0	0	0	0	0	0	0	0	0	0	0	0	0	0	0	0	0	0	0	0	0	0	0	0	0	0	0	0	0	0	0	0	0	0	0	0	0	0	0	0	0	0	0	0	0	0	2215	2215	2201	2201	2187	2174	2174	2147	2147	2147	2147	2147	2147	2147	2147	2147	2147	2160	2174	2174	2174	2174	2187	2174	2187	2174	2174	2174	2174	2174	2174	2174	2174	2174	2174	2174	2174	2174	2174	2174	2160	2160	2160	2160	2160	2174	2160	2160	2147	2120	2095	2082	2082	2082	2082	2082	2082	2082	2082	2082	2082	2082	2082	2082	2082	2082	2082	2082	2082	2069	2069	2069	2057	2057	2057	2057	2057	2069	2069	2069	2069	2069	2069	2069	2069	2069	2069	2069	2069	2082	2069	2069	2069	2069	2069	2069	2069	2069	2069	2069	2069	2069	2069	2069	2069	2069	2069	2069	2069	2069	2082	2069	2082	2082	2082	2082	2082	2082	2082	2082	2069	2069	2069	2069	2069	2069	2082	2082	2082	2082	2082	2082	2082	2069	2069	2057	2057	2057	2057	2057	2057	2057	2069	2069	2069	2082	2069	2069	2069	2069	2057	2057	2057	2057	2057	0	0	0	0	0	0	0	0	0	0	0	0	0	0	0	0	0	0	0	0	0	0	0	0	0	0	0	0	0	0	0	899	899	897	897	892	890	890	888	888	886	886	883	881	879	877	874	872	872	870	868	868	0	866	863	859	857	857	855	853	851	849	849	849	844	844	842	842	840	840	838	836	836	832	832	830	828	826	826	824	822	818	816	813	813	811	809	809	807	0	0	0	0	0	0	0	0	0	0	0	0	0	0	0	0	0	0	0	0	0	0	0	0	0	0	0	0	0	0	0	0	0	0	0	0	0	0	0	0	0	0	0	0	0	0	0	0	0	0	0	0	0	0	0	0	0	0	0	0	0	0	0	0	0	0	0	0	0	0	0	0	0	0	0	0	0	0	0	0	0	0	0	0	0	0	0	0	0	0	0	0	0	0	0	0	0	0	0	0	0	0	0	0	0	0	0	0	0	0	0	0	0	0	0	0	0	0	0	0	0	0	0	0	0	0	0	0	0	0	0	0	0	0	0	0	0	0	0	0	0	0	
0	0	0	0	0	0	0	0	0	0	0	0	0	0	0	0	0	0	0	0	0	0	0	0	0	0	0	0	0	0	0	0	0	0	0	1858	1858	1878	1888	1888	1899	1899	1909	1920	1941	1941	1952	1952	1964	1975	1986	2009	2021	2033	2045	2057	2069	2069	2069	2069	2082	2107	2120	2120	2120	2133	2147	2187	2215	2230	2244	0	0	0	0	0	0	0	0	0	0	0	0	0	0	0	0	0	0	0	0	0	0	0	0	0	0	0	0	0	0	0	0	0	0	0	0	0	0	0	0	0	0	0	0	0	0	0	0	0	0	0	0	0	0	0	0	0	0	0	0	0	0	0	0	0	0	0	0	0	0	0	0	0	0	0	0	0	0	0	0	0	0	0	0	0	0	0	0	0	0	0	0	0	0	0	0	0	0	0	0	0	0	0	0	0	0	0	0	0	0	0	0	0	0	0	0	0	0	0	0	0	0	0	0	0	0	0	0	0	0	0	0	0	0	0	0	0	0	0	0	0	0	0	0	0	0	0	0	0	0	0	0	0	0	0	0	0	0	0	0	0	0	0	0	0	0	0	0	0	0	0	0	0	0	0	0	0	0	0	0	0	0	0	2230	2215	2201	2201	2187	2174	2174	2147	2147	2147	2147	2147	2147	2147	2147	2147	2147	2160	2174	2174	2174	2174	2174	2174	2174	2174	2174	2174	2174	2174	2174	2174	2174	2174	2174	2174	2174	2174	2174	2174	2174	2160	2160	2160	2160	2174	2160	2160	2133	2120	2095	2082	2082	2069	2069	2082	2082	2082	2082	2082	2082	2082	2082	2082	2082	2082	2082	2082	2082	2069	2069	2069	2069	2057	2057	2057	2057	2057	2069	2069	2069	2069	2069	2069	2069	2069	2069	2069	2069	2069	2069	2069	2069	2069	2069	2069	2069	2069	2069	2069	2069	2069	2069	2069	2069	2069	2069	2069	2069	2069	2069	2069	2082	2082	2082	2082	2082	2082	2082	2082	2069	2069	2069	2069	2069	2069	2069	2069	2069	2069	2069	2069	2082	2069	2069	2057	2057	2057	2057	2057	2057	2057	2057	2069	2069	2082	2069	2069	2069	2057	2057	2057	2045	2045	2057	0	0	0	0	0	0	0	0	0	0	0	0	0	0	0	0	0	0	0	0	0	0	0	0	0	0	0	0	0	904	902	902	899	897	897	892	890	890	888	888	886	883	883	881	879	877	874	872	870	870	868	868	0	866	863	857	857	855	853	851	851	849	849	846	844	842	842	842	840	840	836	836	836	832	830	828	828	826	826	824	822	818	816	813	813	811	809	807	805	0	0	0	0	0	0	0	0	0	0	0	0	0	0	0	0	0	0	0	0	0	0	0	0	0	0	0	0	0	0	0	0	0	0	0	0	0	0	0	0	0	0	0	0	0	0	0	0	0	0	0	0	0	0	0	0	0	0	0	0	0	0	0	0	0	0	0	0	0	0	0	0	0	0	0	0	0	0	0	0	0	0	0	0	0	0	0	0	0	0	0	0	0	0	0	0	0	0	0	0	0	0	0	0	0	0	0	0	0	0	0	0	0	0	0	0	0	0	0	0	0	0	0	0	0	0	0	0	0	0	0	0	0	0	0	0	0	0	0	0	0	0	
0	0	0	0	0	0	0	0	0	0	0	0	0	0	0	0	0	0	0	0	0	0	0	0	0	0	0	0	0	0	0	0	0	0	0	1858	1868	1878	1888	1888	1899	1899	1909	1920	1941	1941	1952	1952	1964	1975	1975	1998	2009	2021	2045	2057	2057	2069	2069	2069	2082	2107	2120	2120	2120	2133	2147	2187	2215	2230	2244	0	0	0	0	0	0	0	0	0	0	0	0	0	0	0	0	0	0	0	0	0	0	0	0	0	0	0	0	0	0	0	0	0	0	0	0	0	0	0	0	0	0	0	0	0	0	0	0	0	0	0	0	0	0	0	0	0	0	0	0	0	0	0	0	0	0	0	0	0	0	0	0	0	0	0	0	0	0	0	0	0	0	0	0	0	0	0	0	0	0	0	0	0	0	0	0	0	0	0	0	0	0	0	0	0	0	0	0	0	0	0	0	0	0	0	0	0	0	0	0	0	0	0	0	0	0	0	0	0	0	0	0	0	0	0	0	0	0	0	0	0	0	0	0	0	0	0	0	0	0	0	0	0	0	0	0	0	0	0	0	0	0	0	0	0	0	0	0	0	0	0	0	0	0	0	0	0	0	0	0	0	0	0	2230	2215	2201	2201	2187	2174	2174	2147	2147	2147	2147	2147	2147	2147	2147	2147	2160	2160	2160	2174	2174	2174	2174	2174	2174	2174	2174	2174	2174	2174	2174	2174	2174	2174	2174	2174	2174	2174	2174	2174	2160	2160	2160	2160	2160	2174	2160	2160	2147	2120	2095	2082	2082	2069	2069	2082	2082	2082	2082	2082	2082	2082	2082	2082	2082	2082	2082	2082	2082	2069	2069	2069	2069	2057	2057	2057	2057	2057	2057	2069	2069	2069	2069	2069	2069	2069	2069	2069	2069	2069	2069	2069	2069	2069	2069	2069	2069	2069	2069	2069	2069	2069	2069	2069	2069	2069	2069	2069	2069	2082	2082	2069	2082	2082	2082	2095	2082	2082	2082	2082	2069	2069	2069	2069	2069	2069	2069	2069	2069	2069	2069	2069	2082	2069	2069	2057	2057	2057	2057	2057	2057	2057	2057	2069	2069	2082	2069	2069	2057	2057	2057	2045	2045	0	0	0	0	0	0	0	0	0	0	0	0	0	0	0	0	0	0	0	0	0	0	0	0	0	0	0	0	911	909	909	904	902	902	899	897	895	892	890	890	888	888	886	883	881	881	877	874	874	872	870	870	870	868	0	866	863	857	855	855	853	851	851	849	846	846	844	842	842	842	840	838	836	836	836	832	830	828	826	826	824	822	820	818	816	813	813	811	809	807	0	0	0	0	0	0	0	0	0	0	0	0	0	0	0	0	0	0	0	0	0	0	0	0	0	0	0	0	0	0	0	0	0	0	0	0	0	0	0	0	0	0	0	0	0	0	0	0	0	0	0	0	0	0	0	0	0	0	0	0	0	0	0	0	0	0	0	0	0	0	0	0	0	0	0	0	0	0	0	0	0	0	0	0	0	0	0	0	0	0	0	0	0	0	0	0	0	0	0	0	0	0	0	0	0	0	0	0	0	0	0	0	0	0	0	0	0	0	0	0	0	0	0	0	0	0	0	0	0	0	0	0	0	0	0	0	0	0	0	0	0	0	0	
0	0	0	0	0	0	0	0	0	0	0	0	0	0	0	0	0	0	0	0	0	0	0	0	0	0	0	0	0	0	0	0	0	0	0	1858	1868	1878	1888	1888	1899	1899	1909	1920	1941	1941	1952	1952	1975	1975	1975	1998	2009	2021	2033	2045	2057	2057	2069	2069	2082	2107	2120	2120	2120	2133	2174	2201	2215	2230	2230	0	0	0	0	0	0	0	0	0	0	0	0	0	0	0	0	0	0	0	0	0	0	0	0	0	0	0	0	0	0	0	0	0	0	0	0	0	0	0	0	0	0	0	0	0	0	0	0	0	0	0	0	0	0	0	0	0	0	0	0	0	0	0	0	0	0	0	0	0	0	0	0	0	0	0	0	0	0	0	0	0	0	0	0	0	0	0	0	0	0	0	0	0	0	0	0	0	0	0	0	0	0	0	0	0	0	0	0	0	0	0	0	0	0	0	0	0	0	0	0	0	0	0	0	0	0	0	0	0	0	0	0	0	0	0	0	0	0	0	0	0	0	0	0	0	0	0	0	0	0	0	0	0	0	0	0	0	0	0	0	0	0	0	0	0	0	0	0	0	0	0	0	0	0	0	0	0	0	0	0	0	0	0	2230	2215	2201	2201	2187	2174	2174	2147	2147	2147	2147	2147	2147	2147	2147	2147	2147	2160	2174	2174	2174	2174	2174	2174	2174	2174	2174	2174	2174	2174	2174	2174	2174	2174	2174	2174	2174	2174	2174	2174	2174	2174	2160	2160	2174	2174	2160	2160	2133	2107	2082	2082	2082	2069	2069	2082	2082	2082	2082	2082	2082	2082	2082	2082	2082	2082	2082	2082	2082	2069	2069	2069	2069	2069	2069	2057	2057	2057	2057	2057	2069	2069	2069	2069	2069	2069	2069	2069	2069	2069	2069	2069	2069	2069	2069	2069	2069	2069	2069	2069	2069	2069	2069	2069	2069	2069	2069	2069	2069	2069	2069	2069	2082	2082	2082	2082	2082	2082	2082	2082	2069	2069	2069	2069	2069	2069	2069	2069	2069	2069	2069	2069	2082	2082	2069	2057	2057	2057	2057	2057	2057	2057	2057	2057	2069	2069	2069	2069	2057	2057	2045	0	0	0	0	0	0	0	0	0	0	0	0	0	0	0	0	0	0	0	0	0	0	0	0	0	0	0	0	0	916	911	909	909	904	904	902	899	897	895	892	890	888	888	886	883	883	881	881	877	874	872	872	870	870	868	868	0	866	863	857	855	855	853	851	851	849	846	846	844	842	842	840	840	838	836	836	834	832	830	828	828	826	824	822	820	818	816	813	811	809	809	807	0	0	0	0	0	0	0	0	0	0	0	0	0	0	0	0	0	0	0	0	0	0	0	0	0	0	0	0	0	0	0	0	0	0	0	0	0	0	0	0	0	0	0	0	0	0	0	0	0	0	0	0	0	0	0	0	0	0	0	0	0	0	0	0	0	0	0	0	0	0	0	0	0	0	0	0	0	0	0	0	0	0	0	0	0	0	0	0	0	0	0	0	0	0	0	0	0	0	0	0	0	0	0	0	0	0	0	0	0	0	0	0	0	0	0	0	0	0	0	0	0	0	0	0	0	0	0	0	0	0	0	0	0	0	0	0	0	0	0	0	0	0	0	
0	0	0	0	0	0	0	0	0	0	0	0	0	0	0	0	0	0	0	0	0	0	0	0	0	0	0	0	0	0	0	0	0	0	0	1858	1868	1878	1888	1888	1888	1899	1899	1909	1931	1931	1952	1952	1975	1975	1986	1998	2009	2021	2033	2045	2057	2057	2069	2082	2082	2107	2120	2120	2120	2133	2174	2201	2215	2230	2244	0	0	0	0	0	0	0	0	0	0	0	0	0	0	0	0	0	0	0	0	0	0	0	0	0	0	0	0	0	0	0	0	0	0	0	0	0	0	0	0	0	0	0	0	0	0	0	0	0	0	0	0	0	0	0	0	0	0	0	0	0	0	0	0	0	0	0	0	0	0	0	0	0	0	0	0	0	0	0	0	0	0	0	0	0	0	0	0	0	0	0	0	0	0	0	0	0	0	0	0	0	0	0	0	0	0	0	0	0	0	0	0	0	0	0	0	0	0	0	0	0	0	0	0	0	0	0	0	0	0	0	0	0	0	0	0	0	0	0	0	0	0	0	0	0	0	0	0	0	0	0	0	0	0	0	0	0	0	0	0	0	0	0	0	0	0	0	0	0	0	0	0	0	0	0	0	0	0	0	0	0	0	0	0	2230	2215	2201	2187	2174	2160	2147	2147	2147	2133	2147	2133	2133	2147	2147	2147	2160	2160	2174	2174	2174	2174	2174	2174	2174	2174	2174	2174	2174	2174	2174	2174	2174	2174	2174	2174	2174	2174	2174	2174	2174	2160	2174	2174	2174	2160	2160	2133	2107	2082	2082	2082	2069	2069	2082	2082	2082	2082	2082	2082	2082	2082	2082	2082	2082	2082	2082	2082	2069	2069	2069	2069	2069	2069	2057	2057	2057	2057	2057	2069	2069	2069	2069	2069	2069	2069	2069	2069	2069	2057	2069	2069	2069	2069	2069	2069	2069	2069	2069	2069	2069	2069	2069	2069	2069	2069	2069	2069	2082	2069	2069	2082	2082	2082	2095	2095	2082	2082	2082	2069	2069	2069	2069	2069	2069	2069	2069	2069	2082	2082	2082	2082	2069	2069	2057	2057	2057	2057	2057	2057	2057	2057	2057	2057	2069	2069	0	0	0	0	0	0	0	0	0	0	0	0	0	0	0	0	0	0	0	0	0	0	0	0	0	0	0	0	0	0	0	919	916	914	911	909	907	904	904	902	899	897	895	890	890	888	888	886	883	881	881	879	879	874	872	872	870	870	868	0	866	863	861	857	855	853	853	851	849	846	846	844	842	842	842	840	840	838	836	836	834	832	830	828	826	826	824	822	820	818	0	813	811	809	0	0	0	0	0	0	0	0	0	0	0	0	0	0	0	0	0	0	0	0	0	0	0	0	0	0	0	0	0	0	0	0	0	0	0	0	0	0	0	0	0	0	0	0	0	0	0	0	0	0	0	0	0	0	0	0	0	0	0	0	0	0	0	0	0	0	0	0	0	0	0	0	0	0	0	0	0	0	0	0	0	0	0	0	0	0	0	0	0	0	0	0	0	0	0	0	0	0	0	0	0	0	0	0	0	0	0	0	0	0	0	0	0	0	0	0	0	0	0	0	0	0	0	0	0	0	0	0	0	0	0	0	0	0	0	0	0	0	0	0	0	0	0	0	0	
0	0	0	0	0	0	0	0	0	0	0	0	0	0	0	0	0	0	0	0	0	0	0	0	0	0	0	0	0	0	0	0	0	0	0	1858	1868	1878	1888	1888	1888	1899	1899	1909	1920	1931	1941	1952	1975	1975	1986	2009	2021	2033	2033	2045	2057	2069	2069	2082	2082	2107	2120	2120	2120	2147	2174	2201	2215	2230	2244	0	0	0	0	0	0	0	0	0	0	0	0	0	0	0	0	0	0	0	0	0	0	0	0	0	0	0	0	0	0	0	0	0	0	0	0	0	0	0	0	0	0	0	0	0	0	0	0	0	0	0	0	0	0	0	0	0	0	0	0	0	0	0	0	0	0	0	0	0	0	0	0	0	0	0	0	0	0	0	0	0	0	0	0	0	0	0	0	0	0	0	0	0	0	0	0	0	0	0	0	0	0	0	0	0	0	0	0	0	0	0	0	0	0	0	0	0	0	0	0	0	0	0	0	0	0	0	0	0	0	0	0	0	0	0	0	0	0	0	0	0	0	0	0	0	0	0	0	0	0	0	0	0	0	0	0	0	0	0	0	0	0	0	0	0	0	0	0	0	0	0	0	0	0	0	0	0	0	0	0	0	0	0	0	2230	2215	2201	2187	2174	2174	2160	2147	2147	2133	2133	2133	2133	2133	2133	2133	2147	2160	2174	2174	2174	2174	2174	2174	2174	2174	2174	2174	2174	2174	2174	2174	2174	2174	2174	2174	2174	2174	2174	2174	2174	2174	2174	2174	2160	2160	2147	2120	2107	2082	2082	2082	2069	2069	2082	2069	2082	2082	2082	2082	2069	2082	2082	2082	2082	2082	2082	2082	2069	2069	2069	2069	2069	2069	2057	2057	2057	2057	2057	2057	2057	2069	2069	2069	2069	2069	2069	2069	2069	2069	2069	2069	2069	2069	2069	2069	2069	2069	2069	2069	2069	2069	2069	2069	2069	2069	2069	2069	2082	2082	2082	2082	2082	2082	2082	2082	2082	2082	2082	2082	2082	2069	2069	2069	2069	2069	2069	2069	2082	2082	2082	2082	2069	2069	2057	2057	2057	2057	2057	2057	2057	2057	2057	2057	2057	0	0	0	0	0	0	0	0	0	0	0	0	0	0	0	0	0	0	0	0	0	0	0	0	0	0	0	0	0	0	0	921	919	916	914	911	909	907	904	904	902	899	897	895	890	890	888	888	886	883	881	881	879	879	874	872	872	870	870	868	0	866	863	861	857	855	853	851	851	849	846	846	844	842	842	842	840	840	838	836	836	834	832	830	828	828	826	824	822	820	818	816	813	811	809	0	0	0	0	0	0	0	0	0	0	0	0	0	0	0	0	0	0	0	0	0	0	0	0	0	0	0	0	0	0	0	0	0	0	0	0	0	0	0	0	0	0	0	0	0	0	0	0	0	0	0	0	0	0	0	0	0	0	0	0	0	0	0	0	0	0	0	0	0	0	0	0	0	0	0	0	0	0	0	0	0	0	0	0	0	0	0	0	0	0	0	0	0	0	0	0	0	0	0	0	0	0	0	0	0	0	0	0	0	0	0	0	0	0	0	0	0	0	0	0	0	0	0	0	0	0	0	0	0	0	0	0	0	0	0	0	0	0	0	0	0	0	0	0	0	
0	0	0	0	0	0	0	0	0	0	0	0	0	0	0	0	0	0	0	0	0	0	0	0	0	0	0	0	0	0	0	0	0	0	0	0	1868	1878	1888	1888	1888	1899	1899	1899	1920	1931	1941	1964	1975	1975	2009	2009	2021	2033	2033	2045	2045	2069	2069	2069	2082	2107	2120	2120	2120	2133	2174	2201	2215	2230	2244	0	0	0	0	0	0	0	0	0	0	0	0	0	0	0	0	0	0	0	0	0	0	0	0	0	0	0	0	0	0	0	0	0	0	0	0	0	0	0	0	0	0	0	0	0	0	0	0	0	0	0	0	0	0	0	0	0	0	0	0	0	0	0	0	0	0	0	0	0	0	0	0	0	0	0	0	0	0	0	0	0	0	0	0	0	0	0	0	0	0	0	0	0	0	0	0	0	0	0	0	0	0	0	0	0	0	0	0	0	0	0	0	0	0	0	0	0	0	0	0	0	0	0	0	0	0	0	0	0	0	0	0	0	0	0	0	0	0	0	0	0	0	0	0	0	0	0	0	0	0	0	0	0	0	0	0	0	0	0	0	0	0	0	0	0	0	0	0	0	0	0	0	0	0	0	0	0	0	0	0	0	0	0	0	2215	2215	2201	2187	2174	2174	2160	2147	2147	2133	2133	2133	2133	2133	2133	2133	2133	2160	2174	2174	2174	2174	2174	2174	2174	2174	2174	2174	2174	2174	2174	2174	2174	2174	2174	2174	2187	2187	2174	2174	2174	2174	2174	2174	2160	2147	2133	2120	2095	2082	2082	2069	2069	2069	2082	2082	2082	2082	2082	2082	2082	2082	2082	2082	2082	2082	2082	2082	2069	2069	2069	2069	2069	2069	2057	2057	2057	2057	2057	2057	2057	2069	2069	2069	2069	2069	2069	2069	2069	2069	2069	2069	2069	2069	2069	2069	2069	2069	2069	2069	2069	2069	2069	2069	2069	2069	2069	2082	2082	2082	2082	2082	2095	2082	2082	2082	2082	2082	2082	2069	2069	2069	2069	2069	2069	2069	2069	2069	2082	2082	2082	2082	2082	2069	2057	2057	2057	2057	2057	2057	2057	2057	2057	0	0	0	0	0	0	0	0	0	0	0	0	0	0	0	0	0	0	0	0	0	0	0	0	0	0	0	0	0	928	926	0	921	921	919	916	914	911	909	907	904	904	902	899	897	895	890	890	888	888	886	883	881	881	879	879	874	872	870	870	868	0	866	866	863	861	857	855	853	851	851	849	846	846	844	842	842	842	840	838	836	836	836	834	832	830	828	828	826	824	822	820	818	816	813	811	0	0	0	0	0	0	0	0	0	0	0	0	0	0	0	0	0	0	0	0	0	0	0	0	0	0	0	0	0	0	0	0	0	0	0	0	0	0	0	0	0	0	0	0	0	0	0	0	0	0	0	0	0	0	0	0	0	0	0	0	0	0	0	0	0	0	0	0	0	0	0	0	0	0	0	0	0	0	0	0	0	0	0	0	0	0	0	0	0	0	0	0	0	0	0	0	0	0	0	0	0	0	0	0	0	0	0	0	0	0	0	0	0	0	0	0	0	0	0	0	0	0	0	0	0	0	0	0	0	0	0	0	0	0	0	0	0	0	0	0	0	0	0	0	0	0	
0	0	0	0	0	0	0	0	0	0	0	0	0	0	0	0	0	0	0	0	0	0	0	0	0	0	0	0	0	0	0	0	0	0	0	0	1868	1878	1888	1888	1888	1899	1899	1899	1920	1931	1941	1964	1975	1986	1986	2009	2021	2033	2033	2033	2045	2057	2069	2069	2082	2120	2120	2120	2120	2133	2174	2201	2230	2230	2244	0	0	0	0	0	0	0	0	0	0	0	0	0	0	0	0	0	0	0	0	0	0	0	0	0	0	0	0	0	0	0	0	0	0	0	0	0	0	0	0	0	0	0	0	0	0	0	0	0	0	0	0	0	0	0	0	0	0	0	0	0	0	0	0	0	0	0	0	0	0	0	0	0	0	0	0	0	0	0	0	0	0	0	0	0	0	0	0	0	0	0	0	0	0	0	0	0	0	0	0	0	0	0	0	0	0	0	0	0	0	0	0	0	0	0	0	0	0	0	0	0	0	0	0	0	0	0	0	0	0	0	0	0	0	0	0	0	0	0	0	0	0	0	0	0	0	0	0	0	0	0	0	0	0	0	0	0	0	0	0	0	0	0	0	0	0	0	0	0	0	0	0	0	0	0	0	0	0	0	0	0	0	0	0	2215	2215	2201	2187	2174	2160	2147	2147	2147	2133	2133	2133	2133	2133	2133	2133	2133	2160	2160	2174	2174	2174	2174	2174	2174	2174	2174	2174	2174	2174	2174	2174	2174	2174	2174	2174	2187	2174	2174	2174	2174	2174	2174	2174	2160	2160	2133	2120	2095	2082	2082	2082	2082	2082	2082	2082	2082	2082	2082	2082	2082	2082	2082	2082	2082	2082	2082	2082	2069	2069	2069	2069	2069	2069	2057	2057	2057	2057	2057	2057	2057	2069	2069	2069	2069	2069	2069	2069	2069	2069	2069	2069	2069	2069	2069	2069	2069	2069	2069	2069	2069	2069	2069	2069	2069	2069	2069	2082	2082	2082	2082	2082	2082	2082	2082	2082	2082	2082	2082	2069	2069	2069	2069	2069	2069	2069	2069	2069	2082	2082	2082	2082	2082	2069	2069	2057	2057	2057	2057	2057	2057	2057	0	0	0	0	0	0	0	0	0	0	0	0	0	0	0	0	0	0	0	0	0	0	0	0	0	0	0	0	928	928	926	926	0	923	921	919	916	914	911	909	907	904	904	902	899	897	895	890	888	888	886	886	883	881	881	879	879	874	872	870	870	868	0	866	866	863	861	857	855	853	851	851	849	846	844	844	842	842	840	838	838	836	836	834	834	832	830	828	826	826	824	822	820	818	816	813	0	0	0	0	0	0	0	0	0	0	0	0	0	0	0	0	0	0	0	0	0	0	0	0	0	0	0	0	0	0	0	0	0	0	0	0	0	0	0	0	0	0	0	0	0	0	0	0	0	0	0	0	0	0	0	0	0	0	0	0	0	0	0	0	0	0	0	0	0	0	0	0	0	0	0	0	0	0	0	0	0	0	0	0	0	0	0	0	0	0	0	0	0	0	0	0	0	0	0	0	0	0	0	0	0	0	0	0	0	0	0	0	0	0	0	0	0	0	0	0	0	0	0	0	0	0	0	0	0	0	0	0	0	0	0	0	0	0	0	0	0	0	0	0	0	0	0	
0	0	0	0	0	0	0	0	0	0	0	0	0	0	0	0	0	0	0	0	0	0	0	0	0	0	0	0	0	0	0	0	0	0	0	0	1868	1878	1888	1888	1888	1899	1899	1899	1931	1931	1941	1964	1975	1986	2009	2009	2021	2033	2033	2033	2033	2057	2069	2069	2082	2120	2120	2120	2120	2133	2160	2187	2230	2244	2259	0	0	0	0	0	0	0	0	0	0	0	0	0	0	0	0	0	0	0	0	0	0	0	0	0	0	0	0	0	0	0	0	0	0	0	0	0	0	0	0	0	0	0	0	0	0	0	0	0	0	0	0	0	0	0	0	0	0	0	0	0	0	0	0	0	0	0	0	0	0	0	0	0	0	0	0	0	0	0	0	0	0	0	0	0	0	0	0	0	0	0	0	0	0	0	0	0	0	0	0	0	0	0	0	0	0	0	0	0	0	0	0	0	0	0	0	0	0	0	0	0	0	0	0	0	0	0	0	0	0	0	0	0	0	0	0	0	0	0	0	0	0	0	0	0	0	0	0	0	0	0	0	0	0	0	0	0	0	0	0	0	0	0	0	0	0	0	0	0	0	0	0	0	0	0	0	0	0	0	0	0	0	0	0	2215	2201	2201	2187	2174	2174	2160	2147	2147	2147	2133	2133	2133	2133	2133	2133	2133	2160	2160	2160	2174	2174	2174	2174	2174	2174	2174	2174	2174	2174	2174	2174	2174	2174	2174	2174	2174	2174	2174	2174	2174	2174	2174	2174	2160	2147	2133	2107	2095	2082	2082	2082	2082	2082	2082	2082	2082	2082	2082	2082	2082	2082	2069	2069	2069	2069	2069	2069	2057	2057	2057	2057	2069	2069	2069	2069	2069	2069	2069	2069	2069	2069	2069	2069	2069	2069	2069	2069	2069	2069	2069	2069	2069	2069	2069	2069	2069	2069	2069	2069	2069	2069	2069	2069	2069	2069	2069	2082	2082	2082	2069	2082	2082	2082	2082	2082	2082	2082	2082	2069	2069	2069	2069	2069	2069	2069	2069	2082	2082	2082	2082	2082	2082	2069	2069	2057	2057	2057	2057	2057	2057	0	0	0	0	0	0	0	0	0	0	0	0	0	0	0	0	0	0	0	0	0	0	0	0	0	0	0	0	0	928	928	926	0	923	921	921	919	916	916	911	909	907	904	904	902	897	897	895	892	888	888	886	883	883	881	881	879	879	874	872	870	870	868	868	866	866	863	863	857	855	853	851	851	849	844	844	844	842	840	838	838	836	836	834	834	834	832	830	828	826	826	822	822	820	818	816	0	0	0	0	0	0	0	0	0	0	0	0	0	0	0	0	0	0	0	0	0	0	0	0	0	0	0	0	0	0	0	0	0	0	0	0	0	0	0	0	0	0	0	0	0	0	0	0	0	0	0	0	0	0	0	0	0	0	0	0	0	0	0	0	0	0	0	0	0	0	0	0	0	0	0	0	0	0	0	0	0	0	0	0	0	0	0	0	0	0	0	0	0	0	0	0	0	0	0	0	0	0	0	0	0	0	0	0	0	0	0	0	0	0	0	0	0	0	0	0	0	0	0	0	0	0	0	0	0	0	0	0	0	0	0	0	0	0	0	0	0	0	0	0	0	0	0	0	
0	0	0	0	0	0	0	0	0	0	0	0	0	0	0	0	0	0	0	0	0	0	0	0	0	0	0	0	0	0	0	0	0	0	0	0	1878	1878	1878	1888	1888	1899	1899	1909	1931	1941	1952	1964	1986	2009	2021	2021	2021	2033	2033	2033	2045	2069	2069	2069	2082	2107	2120	2120	2120	2133	2160	2187	2230	2244	2259	0	0	0	0	0	0	0	0	0	0	0	0	0	0	0	0	0	0	0	0	0	0	0	0	0	0	0	0	0	0	0	0	0	0	0	0	0	0	0	0	0	0	0	0	0	0	0	0	0	0	0	0	0	0	0	0	0	0	0	0	0	0	0	0	0	0	0	0	0	0	0	0	0	0	0	0	0	0	0	0	0	0	0	0	0	0	0	0	0	0	0	0	0	0	0	0	0	0	0	0	0	0	0	0	0	0	0	0	0	0	0	0	0	0	0	0	0	0	0	0	0	0	0	0	0	0	0	0	0	0	0	0	0	0	0	0	0	0	0	0	0	0	0	0	0	0	0	0	0	0	0	0	0	0	0	0	0	0	0	0	0	0	0	0	0	0	0	0	0	0	0	0	0	0	0	0	0	0	0	0	0	0	0	0	2215	2201	2201	2174	2174	2160	2160	2147	2147	2147	2147	2133	2133	2133	2133	2133	2133	2147	2160	2160	2160	2174	2174	2174	2174	2174	2174	2174	2174	2174	2174	2174	2174	2174	2174	2174	2174	2174	2187	2174	2174	2174	2174	2174	2160	2147	2120	2095	2095	2082	2082	2069	2082	2082	2082	2082	2082	2082	2082	2082	2082	2082	2069	2069	2069	2069	2069	2069	2057	2057	2057	2057	2069	2069	2069	2069	2069	2069	2069	2069	2069	2069	2069	2069	2069	2069	2069	2069	2069	2069	2069	2069	2069	2069	2057	2057	2069	2069	2069	2069	2069	2069	2069	2069	2069	2069	2069	2069	2069	2069	2069	2069	2082	2069	2069	2069	2082	2082	2069	2069	2069	2069	2069	2069	2069	2069	2069	2082	2082	2082	2082	2082	2082	2069	2069	2057	2057	2057	2057	2057	0	0	0	0	0	0	0	0	0	0	0	0	0	0	0	0	0	0	0	0	0	0	0	0	0	0	0	939	936	936	931	928	926	0	923	921	919	919	916	911	909	907	904	904	902	899	897	895	892	892	888	886	883	881	881	881	881	879	879	874	872	870	870	868	0	866	863	863	863	857	857	853	851	849	846	844	844	844	840	840	838	836	836	836	834	834	834	830	830	828	826	824	822	822	820	818	0	0	0	0	0	0	0	0	0	0	0	0	0	0	0	0	0	0	0	0	0	0	0	0	0	0	0	0	0	0	0	0	0	0	0	0	0	0	0	0	0	0	0	0	0	0	0	0	0	0	0	0	0	0	0	0	0	0	0	0	0	0	0	0	0	0	0	0	0	0	0	0	0	0	0	0	0	0	0	0	0	0	0	0	0	0	0	0	0	0	0	0	0	0	0	0	0	0	0	0	0	0	0	0	0	0	0	0	0	0	0	0	0	0	0	0	0	0	0	0	0	0	0	0	0	0	0	0	0	0	0	0	0	0	0	0	0	0	0	0	0	0	0	0	0	0	0	0	0	
0	0	0	0	0	0	0	0	0	0	0	0	0	0	0	0	0	0	0	0	0	0	0	0	0	0	0	0	0	0	0	0	0	0	0	0	1868	1878	1878	1878	1888	1899	1899	1909	1920	1941	1952	1964	1986	2009	2021	2021	2021	2033	2033	2033	2045	2069	2082	2082	2107	2120	2120	2120	2120	2133	2147	2187	2215	2230	2259	0	0	0	0	0	0	0	0	0	0	0	0	0	0	0	0	0	0	0	0	0	0	0	0	0	0	0	0	0	0	0	0	0	0	0	0	0	0	0	0	0	0	0	0	0	0	0	0	0	0	0	0	0	0	0	0	0	0	0	0	0	0	0	0	0	0	0	0	0	0	0	0	0	0	0	0	0	0	0	0	0	0	0	0	0	0	0	0	0	0	0	0	0	0	0	0	0	0	0	0	0	0	0	0	0	0	0	0	0	0	0	0	0	0	0	0	0	0	0	0	0	0	0	0	0	0	0	0	0	0	0	0	0	0	0	0	0	0	0	0	0	0	0	0	0	0	0	0	0	0	0	0	0	0	0	0	0	0	0	0	0	0	0	0	0	0	0	0	0	0	0	0	0	0	0	0	0	0	0	0	0	0	0	0	2215	2201	2201	2174	2174	2160	2160	2147	2147	2147	2147	2133	2147	2133	2133	2133	2133	2147	2160	2160	2160	2174	2174	2174	2174	2174	2174	2174	2174	2174	2174	2174	2174	2174	2174	2174	2174	2174	2174	2174	2174	2174	2174	2160	2160	2133	2120	2095	2095	2082	2069	2069	2082	2082	2082	2082	2082	2082	2082	2082	2082	2082	2069	2082	2082	2069	2069	2069	2057	2057	2057	2057	2057	2057	2069	2069	2069	2069	2069	2069	2069	2069	2069	2069	2069	2069	2069	2069	2069	2069	2069	2069	2069	2057	2057	2057	2057	2069	2069	2069	2069	2069	2069	2069	2069	2069	2069	2069	2069	2069	2069	2069	2082	2069	2069	2069	2069	2082	2069	2069	2069	2069	2069	2069	2069	2069	2069	2082	2082	2082	2082	2082	2082	2069	2069	2057	2057	2057	0	0	0	0	0	0	0	0	0	0	0	0	0	0	0	0	0	0	0	0	0	0	0	0	0	946	944	941	939	939	936	933	931	928	926	0	923	919	919	916	914	911	909	907	904	904	902	899	897	895	892	890	888	886	883	881	881	881	879	879	877	874	872	872	870	868	0	866	863	863	861	857	855	853	851	849	846	844	844	842	840	840	838	836	836	836	834	834	834	830	830	828	826	824	822	822	818	818	0	0	0	0	0	0	0	0	0	0	0	0	0	0	0	0	0	0	0	0	0	0	0	0	0	0	0	0	0	0	0	0	0	0	0	0	0	0	0	0	0	0	0	0	0	0	0	0	0	0	0	0	0	0	0	0	0	0	0	0	0	0	0	0	0	0	0	0	0	0	0	0	0	0	0	0	0	0	0	0	0	0	0	0	0	0	0	0	0	0	0	0	0	0	0	0	0	0	0	0	0	0	0	0	0	0	0	0	0	0	0	0	0	0	0	0	0	0	0	0	0	0	0	0	0	0	0	0	0	0	0	0	0	0	0	0	0	0	0	0	0	0	0	0	0	0	0	0	0	
0	0	0	0	0	0	0	0	0	0	0	0	0	0	0	0	0	0	0	0	0	0	0	0	0	0	0	0	0	0	0	0	0	0	0	0	1868	1868	1878	1888	1888	1899	1909	1909	1920	1941	1952	1964	1964	2009	2009	2021	2021	2033	2033	2033	2045	2069	2069	2082	2095	2120	2120	2120	2120	2133	2133	2187	2215	2230	2259	2259	0	0	0	0	0	0	0	0	0	0	0	0	0	0	0	0	0	0	0	0	0	0	0	0	0	0	0	0	0	0	0	0	0	0	0	0	0	0	0	0	0	0	0	0	0	0	0	0	0	0	0	0	0	0	0	0	0	0	0	0	0	0	0	0	0	0	0	0	0	0	0	0	0	0	0	0	0	0	0	0	0	0	0	0	0	0	0	0	0	0	0	0	0	0	0	0	0	0	0	0	0	0	0	0	0	0	0	0	0	0	0	0	0	0	0	0	0	0	0	0	0	0	0	0	0	0	0	0	0	0	0	0	0	0	0	0	0	0	0	0	0	0	0	0	0	0	0	0	0	0	0	0	0	0	0	0	0	0	0	0	0	0	0	0	0	0	0	0	0	0	0	0	0	0	0	0	0	0	0	0	0	0	0	2215	2201	2201	2187	2174	2160	2160	2147	2147	2133	2133	2133	2147	2133	2133	2133	2147	2147	2147	2160	2160	2174	2174	2174	2174	2174	2174	2187	2174	2174	2174	2174	2174	2174	2174	2174	2174	2174	2174	2174	2174	2174	2174	2160	2160	2133	2120	2095	2095	2082	2069	2069	2069	2069	2082	2082	2082	2082	2082	2082	2082	2082	2069	2082	2069	2069	2069	2069	2057	2057	2057	2057	2057	2057	2069	2069	2069	2069	2069	2069	2069	2069	2069	2069	2069	2069	2069	2069	2069	2069	2069	2069	2069	2057	2057	2057	2057	2057	2069	2069	2069	2069	2069	2069	2069	2069	2069	2069	2082	2069	2069	2069	2069	2069	2069	2069	2069	2069	2069	2069	2069	2069	2069	2069	2069	2069	2082	2082	2095	2082	2082	2082	2069	2069	2057	2045	2057	0	0	0	0	0	0	0	0	0	0	0	0	0	0	0	0	0	0	0	0	0	0	0	0	0	946	946	944	941	939	936	936	933	928	926	926	0	921	921	919	916	914	911	909	907	904	902	899	897	895	892	892	890	888	886	883	881	881	881	881	879	879	874	872	872	870	868	0	866	863	863	861	857	857	853	851	849	846	844	844	842	842	840	838	836	836	834	834	834	832	830	828	828	826	824	822	820	818	816	0	0	0	0	0	0	0	0	0	0	0	0	0	0	0	0	0	0	0	0	0	0	0	0	0	0	0	0	0	0	0	0	0	0	0	0	0	0	0	0	0	0	0	0	0	0	0	0	0	0	0	0	0	0	0	0	0	0	0	0	0	0	0	0	0	0	0	0	0	0	0	0	0	0	0	0	0	0	0	0	0	0	0	0	0	0	0	0	0	0	0	0	0	0	0	0	0	0	0	0	0	0	0	0	0	0	0	0	0	0	0	0	0	0	0	0	0	0	0	0	0	0	0	0	0	0	0	0	0	0	0	0	0	0	0	0	0	0	0	0	0	0	0	0	0	0	0	0	0	
0	0	0	0	0	0	0	0	0	0	0	0	0	0	0	0	0	0	0	0	0	0	0	0	0	0	0	0	0	0	0	0	0	0	0	0	1868	1868	1878	1888	1899	1899	1909	1909	1931	1941	1941	1952	1952	1975	2009	2021	2021	2033	2033	2033	2045	2057	2069	2069	2095	2107	2120	2120	2120	2120	2133	2147	2215	2230	2259	2259	0	0	0	0	0	0	0	0	0	0	0	0	0	0	0	0	0	0	0	0	0	0	0	0	0	0	0	0	0	0	0	0	0	0	0	0	0	0	0	0	0	0	0	0	0	0	0	0	0	0	0	0	0	0	0	0	0	0	0	0	0	0	0	0	0	0	0	0	0	0	0	0	0	0	0	0	0	0	0	0	0	0	0	0	0	0	0	0	0	0	0	0	0	0	0	0	0	0	0	0	0	0	0	0	0	0	0	0	0	0	0	0	0	0	0	0	0	0	0	0	0	0	0	0	0	0	0	0	0	0	0	0	0	0	0	0	0	0	0	0	0	0	0	0	0	0	0	0	0	0	0	0	0	0	0	0	0	0	0	0	0	0	0	0	0	0	0	0	0	0	0	0	0	0	0	0	0	0	0	0	0	0	0	2215	2201	2201	2187	2174	2160	2147	2147	2147	2133	2133	2133	2147	2133	2133	2133	2133	2147	2147	2147	2160	2160	2174	2174	2174	2174	2174	2187	2174	2174	2174	2174	2174	2174	2174	2174	2174	2174	2174	2174	2174	2174	2174	2174	2160	2147	2120	2095	2082	2069	2069	2069	2069	2069	2069	2069	2069	2082	2082	2082	2082	2082	2069	2082	2069	2069	2069	2069	2057	2057	2057	2057	2057	2069	2069	2069	2069	2069	2069	2069	2069	2069	2069	2069	2069	2069	2069	2069	2069	2069	2069	2069	2069	2069	2057	2057	2069	2069	2069	2069	2069	2069	2069	2069	2069	2069	2069	2082	2082	2069	2069	2082	2069	2069	2069	2069	2069	2069	2069	2069	2069	2069	2069	2069	2069	2069	2082	2095	2095	2082	2082	2082	2069	2069	2057	0	0	0	0	0	0	0	0	0	0	0	0	0	0	0	0	0	0	0	0	0	0	0	0	0	0	0	946	946	944	941	939	936	933	931	928	926	0	923	921	919	916	914	911	909	909	907	904	902	899	897	895	892	890	890	888	886	883	881	881	881	879	879	879	874	872	870	870	868	0	866	863	863	861	857	855	853	849	849	846	844	844	842	842	840	838	836	836	834	834	832	832	828	828	828	826	824	820	818	818	0	0	0	0	0	0	0	0	0	0	0	0	0	0	0	0	0	0	0	0	0	0	0	0	0	0	0	0	0	0	0	0	0	0	0	0	0	0	0	0	0	0	0	0	0	0	0	0	0	0	0	0	0	0	0	0	0	0	0	0	0	0	0	0	0	0	0	0	0	0	0	0	0	0	0	0	0	0	0	0	0	0	0	0	0	0	0	0	0	0	0	0	0	0	0	0	0	0	0	0	0	0	0	0	0	0	0	0	0	0	0	0	0	0	0	0	0	0	0	0	0	0	0	0	0	0	0	0	0	0	0	0	0	0	0	0	0	0	0	0	0	0	0	0	0	0	0	0	0	0	
0	0	0	0	0	0	0	0	0	0	0	0	0	0	0	0	0	0	0	0	0	0	0	0	0	0	0	0	0	0	0	0	0	0	0	0	1858	1868	1878	1888	1899	1888	1899	1909	1931	1941	1941	1941	1952	1964	2009	2009	2021	2021	2021	2033	2045	2057	2069	2082	2082	2107	2120	2107	2120	2120	2133	2120	2201	2230	2259	2259	0	0	0	0	0	0	0	0	0	0	0	0	0	0	0	0	0	0	0	0	0	0	0	0	0	0	0	0	0	0	0	0	0	0	0	0	0	0	0	0	0	0	0	0	0	0	0	0	0	0	0	0	0	0	0	0	0	0	0	0	0	0	0	0	0	0	0	0	0	0	0	0	0	0	0	0	0	0	0	0	0	0	0	0	0	0	0	0	0	0	0	0	0	0	0	0	0	0	0	0	0	0	0	0	0	0	0	0	0	0	0	0	0	0	0	0	0	0	0	0	0	0	0	0	0	0	0	0	0	0	0	0	0	0	0	0	0	0	0	0	0	0	0	0	0	0	0	0	0	0	0	0	0	0	0	0	0	0	0	0	0	0	0	0	0	0	0	0	0	0	0	0	0	0	0	0	0	0	0	0	0	0	0	2215	2201	2201	2174	2174	2160	2147	2147	2147	2133	2133	2147	2147	2147	2133	2133	2147	2147	2147	2147	2160	2160	2174	2174	2174	2174	2174	2174	2174	2174	2174	2174	2174	2174	2174	2174	2174	2174	2174	2174	2174	2174	2174	2160	2160	2133	2120	2095	2082	2069	2069	2069	2069	2069	2069	2069	2069	2082	2082	2082	2082	2082	2082	2082	2082	2069	2069	2069	2057	2057	2057	2057	2069	2069	2069	2069	2069	2069	2069	2069	2069	2069	2069	2069	2069	2069	2069	2069	2069	2057	2057	2057	2057	2057	2057	2057	2057	2069	2069	2069	2069	2069	2069	2069	2069	2069	2069	2082	2082	2069	2069	2069	2069	2069	2069	2069	2069	2069	2069	2069	2069	2069	2069	2069	2069	2069	2082	2095	2095	2082	2082	2082	2082	0	0	0	0	0	0	0	0	0	0	0	0	0	0	0	0	0	0	0	0	0	0	0	0	0	0	0	0	946	944	944	941	939	939	936	933	928	926	0	923	921	919	916	916	914	911	909	909	907	904	902	899	897	895	892	890	890	888	886	883	881	881	881	879	879	877	874	872	870	870	868	0	866	863	863	863	857	855	853	849	846	844	844	842	842	840	840	838	836	836	834	834	832	830	828	828	826	824	822	820	818	816	0	0	0	0	0	0	0	0	0	0	0	0	0	0	0	0	0	0	0	0	0	0	0	0	0	0	0	0	0	0	0	0	0	0	0	0	0	0	0	0	0	0	0	0	0	0	0	0	0	0	0	0	0	0	0	0	0	0	0	0	0	0	0	0	0	0	0	0	0	0	0	0	0	0	0	0	0	0	0	0	0	0	0	0	0	0	0	0	0	0	0	0	0	0	0	0	0	0	0	0	0	0	0	0	0	0	0	0	0	0	0	0	0	0	0	0	0	0	0	0	0	0	0	0	0	0	0	0	0	0	0	0	0	0	0	0	0	0	0	0	0	0	0	0	0	0	0	0	0	0	
0	0	0	0	0	0	0	0	0	0	0	0	0	0	0	0	0	0	0	0	0	0	0	0	0	0	0	0	0	0	0	0	0	0	0	0	1858	1868	1878	1888	1899	1888	1899	1909	1920	1931	1941	1941	1952	1964	2009	2021	2021	2033	2033	2033	2045	2057	2069	2082	2082	2095	2107	2107	2120	2133	2133	2133	2215	2230	2274	2244	2259	0	0	0	0	0	0	0	0	0	0	0	0	0	0	0	0	0	0	0	0	0	0	0	0	0	0	0	0	0	0	0	0	0	0	0	0	0	0	0	0	0	0	0	0	0	0	0	0	0	0	0	0	0	0	0	0	0	0	0	0	0	0	0	0	0	0	0	0	0	0	0	0	0	0	0	0	0	0	0	0	0	0	0	0	0	0	0	0	0	0	0	0	0	0	0	0	0	0	0	0	0	0	0	0	0	0	0	0	0	0	0	0	0	0	0	0	0	0	0	0	0	0	0	0	0	0	0	0	0	0	0	0	0	0	0	0	0	0	0	0	0	0	0	0	0	0	0	0	0	0	0	0	0	0	0	0	0	0	0	0	0	0	0	0	0	0	0	0	0	0	0	0	0	0	0	0	0	0	0	0	0	0	2215	2201	2201	2187	2174	2160	2147	2147	2147	2147	2147	2147	2147	2147	2147	2133	2147	2147	2147	2147	2160	2160	2174	2174	2174	2174	2174	2174	2174	2174	2174	2174	2174	2174	2174	2174	2174	2174	2174	2174	2174	2174	2174	2160	2160	2133	2120	2095	2082	2069	2069	2069	2069	2069	2069	2069	2069	2082	2082	2082	2082	2082	2082	2082	2082	2069	2069	2069	2057	2057	2057	2057	2069	2069	2069	2069	2082	2082	2069	2069	2069	2069	2069	2069	2069	2069	2069	2069	2069	2057	2057	2057	2057	2057	2057	2057	2069	2069	2069	2069	2069	2069	2069	2069	2069	2069	2082	2082	2082	2082	2082	2082	2069	2069	2069	2069	2069	2069	2069	2069	2069	2069	2069	2069	2082	2082	2082	2095	2095	2095	2095	2082	0	0	0	0	0	0	0	0	0	0	0	0	0	0	0	0	0	0	0	0	0	0	0	0	0	0	0	0	0	946	944	939	939	939	936	936	931	928	926	923	923	921	919	916	916	914	911	909	909	907	904	902	897	897	895	892	890	890	888	886	883	881	881	881	879	877	877	872	872	870	868	868	0	866	863	863	861	857	855	851	849	846	844	844	842	842	840	840	838	836	836	834	834	832	832	828	828	826	824	822	820	818	816	0	0	0	0	0	0	0	0	0	0	0	0	0	0	0	0	0	0	0	0	0	0	0	0	0	0	0	0	0	0	0	0	0	0	0	0	0	0	0	0	0	0	0	0	0	0	0	0	0	0	0	0	0	0	0	0	0	0	0	0	0	0	0	0	0	0	0	0	0	0	0	0	0	0	0	0	0	0	0	0	0	0	0	0	0	0	0	0	0	0	0	0	0	0	0	0	0	0	0	0	0	0	0	0	0	0	0	0	0	0	0	0	0	0	0	0	0	0	0	0	0	0	0	0	0	0	0	0	0	0	0	0	0	0	0	0	0	0	0	0	0	0	0	0	0	0	0	0	0	0	
0	0	0	0	0	0	0	0	0	0	0	0	0	0	0	0	0	0	0	0	0	0	0	0	0	0	0	0	0	0	0	0	0	0	0	0	1858	1868	1878	1888	1888	1888	1899	1899	1920	1931	1941	1941	1952	1964	2009	2021	2021	2033	2033	2033	2045	2057	2069	2082	2082	2095	2107	2107	2120	2120	2133	2133	2230	2230	2274	2274	2259	0	0	0	0	0	0	0	0	0	0	0	0	0	0	0	0	0	0	0	0	0	0	0	0	0	0	0	0	0	0	0	0	0	0	0	0	0	0	0	0	0	0	0	0	0	0	0	0	0	0	0	0	0	0	0	0	0	0	0	0	0	0	0	0	0	0	0	0	0	0	0	0	0	0	0	0	0	0	0	0	0	0	0	0	0	0	0	0	0	0	0	0	0	0	0	0	0	0	0	0	0	0	0	0	0	0	0	0	0	0	0	0	0	0	0	0	0	0	0	0	0	0	0	0	0	0	0	0	0	0	0	0	0	0	0	0	0	0	0	0	0	0	0	0	0	0	0	0	0	0	0	0	0	0	0	0	0	0	0	0	0	0	0	0	0	0	0	0	0	0	0	0	0	0	0	0	0	0	0	0	0	0	2215	2201	2201	2187	2174	2160	2147	2147	2147	2133	2133	2147	2147	2147	2147	2147	2147	2147	2147	2160	2160	2160	2174	2174	2174	2174	2174	2174	2174	2174	2174	2174	2174	2174	2174	2174	2174	2174	2174	2174	2174	2174	2174	2160	2147	2133	2120	2107	2082	2069	2069	2069	2069	2069	2069	2069	2082	2082	2082	2082	2082	2082	2082	2082	2082	2082	2082	2082	2069	2069	2069	2069	2069	2082	2082	2082	2082	2082	2082	2082	2069	2069	2069	2069	2069	2069	2069	2069	2069	2069	2069	2057	2057	2057	2057	2069	2069	2082	2082	2069	2069	2082	2082	2069	2082	2082	2095	2095	2095	2082	2082	2082	2082	2069	2069	2069	2069	2069	2069	2069	2069	2069	2069	2069	2082	2082	2082	2095	2095	2082	2095	0	0	0	0	0	0	0	0	0	0	0	0	0	0	0	0	0	0	0	0	0	0	0	0	0	0	0	0	0	0	946	941	939	939	936	936	933	931	926	0	923	921	919	919	916	914	911	909	909	909	904	904	899	897	895	892	890	890	890	888	886	883	881	881	879	879	877	877	872	872	870	868	0	866	863	863	863	861	857	855	851	849	846	846	844	844	842	840	840	838	836	836	834	834	832	830	828	828	826	824	822	820	816	0	0	0	0	0	0	0	0	0	0	0	0	0	0	0	0	0	0	0	0	0	0	0	0	0	0	0	0	0	0	0	0	0	0	0	0	0	0	0	0	0	0	0	0	0	0	0	0	0	0	0	0	0	0	0	0	0	0	0	0	0	0	0	0	0	0	0	0	0	0	0	0	0	0	0	0	0	0	0	0	0	0	0	0	0	0	0	0	0	0	0	0	0	0	0	0	0	0	0	0	0	0	0	0	0	0	0	0	0	0	0	0	0	0	0	0	0	0	0	0	0	0	0	0	0	0	0	0	0	0	0	0	0	0	0	0	0	0	0	0	0	0	0	0	0	0	0	0	0	0	0	
0	0	0	0	0	0	0	0	0	0	0	0	0	0	0	0	0	0	0	0	0	0	0	0	0	0	0	0	0	0	0	0	0	0	0	0	1848	1858	1878	1888	1888	1888	1899	1909	1920	1931	1941	1941	1952	1952	1975	2009	2021	2033	2033	2033	2045	2057	2069	2082	2082	2095	2107	2107	2120	2133	2133	2120	2215	2230	2230	2244	0	0	0	0	0	0	0	0	0	0	0	0	0	0	0	0	0	0	0	0	0	0	0	0	0	0	0	0	0	0	0	0	0	0	0	0	0	0	0	0	0	0	0	0	0	0	0	0	0	0	0	0	0	0	0	0	0	0	0	0	0	0	0	0	0	0	0	0	0	0	0	0	0	0	0	0	0	0	0	0	0	0	0	0	0	0	0	0	0	0	0	0	0	0	0	0	0	0	0	0	0	0	0	0	0	0	0	0	0	0	0	0	0	0	0	0	0	0	0	0	0	0	0	0	0	0	0	0	0	0	0	0	0	0	0	0	0	0	0	0	0	0	0	0	0	0	0	0	0	0	0	0	0	0	0	0	0	0	0	0	0	0	0	0	0	0	0	0	0	0	0	0	0	0	0	0	0	0	0	0	0	0	0	2215	2215	2201	2187	2174	2147	2147	2147	2133	2133	2133	2147	2147	2147	2147	2147	2147	2147	2133	2147	2147	2160	2160	2174	2174	2174	2174	2174	2174	2187	2174	2174	2174	2174	2174	2174	2174	2174	2174	2174	2174	2174	2174	2160	2160	2147	2133	2120	2095	2082	2069	2069	2082	2082	2082	2082	2082	2082	2082	2095	2082	2095	2095	2095	2095	2082	2095	2095	2069	2069	2069	2082	2082	2082	2082	2095	2095	2082	2095	2082	2082	2069	2069	2069	2069	2069	2069	2069	2069	2069	2069	2069	2069	2069	2069	2069	2082	2082	2095	2082	2082	2095	2095	2082	2095	2095	2107	2107	2107	2095	2095	2095	2095	2082	2095	2082	2082	2082	2082	2082	2082	2069	2069	2069	2082	2082	2095	2095	2095	2095	2095	0	0	0	0	0	0	0	0	0	0	0	0	0	0	0	0	0	0	0	0	0	0	0	0	0	0	957	0	0	949	946	941	939	936	933	931	931	928	926	0	923	921	919	916	916	914	911	909	909	907	904	902	899	897	895	892	890	890	890	888	886	883	881	881	879	877	877	874	872	872	870	868	0	866	863	863	861	861	857	855	853	849	846	844	844	842	842	840	838	838	836	836	834	832	830	830	828	826	826	824	822	818	0	0	0	0	0	0	0	0	0	0	0	0	0	0	0	0	0	0	0	0	0	0	0	0	0	0	0	0	0	0	0	0	0	0	0	0	0	0	0	0	0	0	0	0	0	0	0	0	0	0	0	0	0	0	0	0	0	0	0	0	0	0	0	0	0	0	0	0	0	0	0	0	0	0	0	0	0	0	0	0	0	0	0	0	0	0	0	0	0	0	0	0	0	0	0	0	0	0	0	0	0	0	0	0	0	0	0	0	0	0	0	0	0	0	0	0	0	0	0	0	0	0	0	0	0	0	0	0	0	0	0	0	0	0	0	0	0	0	0	0	0	0	0	0	0	0	0	0	0	0	0	0	
0	0	0	0	0	0	0	0	0	0	0	0	0	0	0	0	0	0	0	0	0	0	0	0	0	0	0	0	0	0	0	0	0	0	0	0	1858	1858	1878	1888	1888	1888	1899	1899	1920	1931	1941	1941	1952	1952	1964	2009	2021	2033	2033	2033	2045	2069	2069	2082	2082	2095	2107	2107	2120	2133	2147	2133	2215	2230	2259	2244	0	0	0	0	0	0	0	0	0	0	0	0	0	0	0	0	0	0	0	0	0	0	0	0	0	0	0	0	0	0	0	0	0	0	0	0	0	0	0	0	0	0	0	0	0	0	0	0	0	0	0	0	0	0	0	0	0	0	0	0	0	0	0	0	0	0	0	0	0	0	0	0	0	0	0	0	0	0	0	0	0	0	0	0	0	0	0	0	0	0	0	0	0	0	0	0	0	0	0	0	0	0	0	0	0	0	0	0	0	0	0	0	0	0	0	0	0	0	0	0	0	0	0	0	0	0	0	0	0	0	0	0	0	0	0	0	0	0	0	0	0	0	0	0	0	0	0	0	0	0	0	0	0	0	0	0	0	0	0	0	0	0	0	0	0	0	0	0	0	0	0	0	0	0	0	0	0	0	0	0	0	0	0	2201	2201	2201	2174	2160	2147	2147	2133	2133	2133	2133	2133	2147	2147	2133	2147	2147	2147	2133	2133	2133	2160	2160	2174	2160	2174	2174	2174	2174	2174	2174	2174	2174	2174	2174	2174	2174	2174	2174	2174	2174	2174	2174	2174	2174	2160	2147	2133	2120	2107	2095	2082	2095	2095	2095	2095	2095	2095	2095	2095	2095	2095	2107	2107	2095	2120	2120	2120	2107	2107	2107	2095	2095	2095	2095	2095	2095	2095	2095	2095	2095	2082	2082	2069	2082	2069	2069	2069	2069	2069	2082	2082	2082	2095	2095	2095	2095	2107	2107	2107	2095	2107	2107	2120	2120	2120	2120	2120	2120	2107	2107	2107	2095	2107	2095	2095	2095	2095	2095	2095	2082	2082	2069	2069	2082	2082	2082	2082	0	0	0	0	0	0	0	0	0	0	0	0	0	0	0	0	0	0	0	0	0	0	0	0	0	0	0	0	959	957	952	949	949	944	941	939	936	933	931	928	926	926	0	923	919	919	916	916	914	911	909	909	907	902	902	899	897	895	892	890	890	888	888	886	883	881	879	879	877	877	874	872	872	870	868	0	866	863	863	861	861	857	855	851	849	846	844	844	842	840	836	836	836	836	834	834	832	832	830	828	826	826	822	820	818	0	0	0	0	0	0	0	0	0	0	0	0	0	0	0	0	0	0	0	0	0	0	0	0	0	0	0	0	0	0	0	0	0	0	0	0	0	0	0	0	0	0	0	0	0	0	0	0	0	0	0	0	0	0	0	0	0	0	0	0	0	0	0	0	0	0	0	0	0	0	0	0	0	0	0	0	0	0	0	0	0	0	0	0	0	0	0	0	0	0	0	0	0	0	0	0	0	0	0	0	0	0	0	0	0	0	0	0	0	0	0	0	0	0	0	0	0	0	0	0	0	0	0	0	0	0	0	0	0	0	0	0	0	0	0	0	0	0	0	0	0	0	0	0	0	0	0	0	0	0	0	0	
0	0	0	0	0	0	0	0	0	0	0	0	0	0	0	0	0	0	0	0	0	0	0	0	0	0	0	0	0	0	0	0	0	0	0	0	1858	1858	1868	1888	1888	1888	1899	1899	1909	1931	1941	1941	1964	1964	1975	2009	2009	2033	2033	2033	2057	2069	2082	2082	2082	2095	2107	2107	2120	2133	2147	2160	2215	2230	2230	2244	0	0	0	0	0	0	0	0	0	0	0	0	0	0	0	0	0	0	0	0	0	0	0	0	0	0	0	0	0	0	0	0	0	0	0	0	0	0	0	0	0	0	0	0	0	0	0	0	0	0	0	0	0	0	0	0	0	0	0	0	0	0	0	0	0	0	0	0	0	0	0	0	0	0	0	0	0	0	0	0	0	0	0	0	0	0	0	0	0	0	0	0	0	0	0	0	0	0	0	0	0	0	0	0	0	0	0	0	0	0	0	0	0	0	0	0	0	0	0	0	0	0	0	0	0	0	0	0	0	0	0	0	0	0	0	0	0	0	0	0	0	0	0	0	0	0	0	0	0	0	0	0	0	0	0	0	0	0	0	0	0	0	0	0	0	0	0	0	0	0	0	0	0	0	0	0	0	0	0	0	0	0	0	2201	2201	2201	2174	2160	2147	2133	2133	2133	2133	2133	2133	2133	2133	2133	2133	2133	2147	2133	2133	2133	2147	2147	2160	2160	2160	2160	2174	2174	2174	2174	2174	2174	2174	2174	2174	2174	2174	2187	2174	2174	2174	2174	2174	2174	2160	2160	2147	2133	2133	2107	2107	2107	2107	2120	2120	2120	2120	2120	2120	2120	2120	2120	2120	2120	2120	2120	2120	2107	2107	2107	2095	2095	2095	2107	2107	2107	2107	2107	2107	2107	2107	2107	2107	2107	2069	2082	2069	2095	2095	2095	2095	2107	2107	2107	2107	2107	2107	2120	2120	2120	2133	2120	2133	2133	2133	2120	2120	2120	2120	2120	2120	2133	2133	2133	2120	2120	2120	2120	2120	2107	2107	2095	2069	0	0	0	0	0	0	0	0	0	0	0	0	0	0	0	0	0	0	0	0	0	0	0	0	0	0	0	0	0	0	0	0	957	954	952	949	949	944	941	939	936	931	931	928	926	0	923	921	919	919	916	916	914	911	909	909	909	904	902	899	897	895	895	892	890	890	888	886	883	881	881	879	877	877	874	872	870	868	0	866	866	863	863	861	861	855	853	851	849	849	846	842	842	838	836	836	836	834	834	834	832	832	830	828	826	824	822	820	818	0	0	0	0	0	0	0	0	0	0	0	0	0	0	0	0	0	0	0	0	0	0	0	0	0	0	0	0	0	0	0	0	0	0	0	0	0	0	0	0	0	0	0	0	0	0	0	0	0	0	0	0	0	0	0	0	0	0	0	0	0	0	0	0	0	0	0	0	0	0	0	0	0	0	0	0	0	0	0	0	0	0	0	0	0	0	0	0	0	0	0	0	0	0	0	0	0	0	0	0	0	0	0	0	0	0	0	0	0	0	0	0	0	0	0	0	0	0	0	0	0	0	0	0	0	0	0	0	0	0	0	0	0	0	0	0	0	0	0	0	0	0	0	0	0	0	0	0	0	0	0	0	
0	0	0	0	0	0	0	0	0	0	0	0	0	0	0	0	0	0	0	0	0	0	0	0	0	0	0	0	0	0	0	0	0	0	0	0	1848	1858	1868	1888	1888	1888	1899	1899	1920	1931	1941	1952	1964	1975	1975	2009	2021	2021	2021	2033	2057	2082	2082	2095	2095	2107	2120	2107	2107	2133	2147	2160	2215	2230	2244	2289	0	0	0	0	0	0	0	0	0	0	0	0	0	0	0	0	0	0	0	0	0	0	0	0	0	0	0	0	0	0	0	0	0	0	0	0	0	0	0	0	0	0	0	0	0	0	0	0	0	0	0	0	0	0	0	0	0	0	0	0	0	0	0	0	0	0	0	0	0	0	0	0	0	0	0	0	0	0	0	0	0	0	0	0	0	0	0	0	0	0	0	0	0	0	0	0	0	0	0	0	0	0	0	0	0	0	0	0	0	0	0	0	0	0	0	0	0	0	0	0	0	0	0	0	0	0	0	0	0	0	0	0	0	0	0	0	0	0	0	0	0	0	0	0	0	0	0	0	0	0	0	0	0	0	0	0	0	0	0	0	0	0	0	0	0	0	0	0	0	0	0	0	0	0	0	0	0	0	0	0	0	0	0	2201	2201	2201	2174	2160	2147	2133	2133	2133	2133	2133	2133	2133	2133	2133	2133	2147	2147	2147	2147	2147	2147	2147	2160	2160	2160	2160	2174	2174	2174	2174	2174	2174	2174	2174	2174	2174	2174	2187	2174	2174	2174	2174	2174	2174	2174	2160	2160	2160	2147	2133	2133	2133	2133	2147	2147	2133	2133	2133	2147	2133	2147	2147	2147	2147	2133	2133	2133	2120	2120	2120	2120	2120	2120	2133	2120	2120	2120	2133	2133	2133	2133	2133	2120	2120	2120	2120	2120	2120	2120	2120	2120	2120	2120	2120	2120	2120	2120	2133	2133	2133	2133	2133	2147	2147	2147	2147	2133	2147	2147	2147	2147	2147	2160	2147	2147	2147	2147	2147	2147	2133	2133	2133	0	0	0	0	0	0	0	0	0	0	0	0	0	0	0	0	0	0	0	0	0	0	0	0	0	0	0	0	0	0	0	0	0	957	954	952	949	949	944	939	936	933	931	928	926	926	0	923	921	919	916	916	914	914	911	909	909	907	902	899	897	897	895	895	892	890	888	886	886	883	881	879	879	877	874	874	870	870	868	0	866	866	863	863	861	861	857	855	851	851	849	844	842	840	838	836	836	834	834	834	832	832	830	830	828	826	824	822	820	818	0	0	0	0	0	0	0	0	0	0	0	0	0	0	0	0	0	0	0	0	0	0	0	0	0	0	0	0	0	0	0	0	0	0	0	0	0	0	0	0	0	0	0	0	0	0	0	0	0	0	0	0	0	0	0	0	0	0	0	0	0	0	0	0	0	0	0	0	0	0	0	0	0	0	0	0	0	0	0	0	0	0	0	0	0	0	0	0	0	0	0	0	0	0	0	0	0	0	0	0	0	0	0	0	0	0	0	0	0	0	0	0	0	0	0	0	0	0	0	0	0	0	0	0	0	0	0	0	0	0	0	0	0	0	0	0	0	0	0	0	0	0	0	0	0	0	0	0	0	0	0	0	
0	0	0	0	0	0	0	0	0	0	0	0	0	0	0	0	0	0	0	0	0	0	0	0	0	0	0	0	0	0	0	0	0	0	0	0	1848	1858	1858	1878	1888	1888	1899	1899	1931	1941	1941	1952	1964	1964	1975	1986	2009	2021	2021	2033	2057	2069	2082	2082	2095	2107	2120	2120	2120	2147	2160	2174	2201	2230	2230	2230	0	0	0	0	0	0	0	0	0	0	0	0	0	0	0	0	0	0	0	0	0	0	0	0	0	0	0	0	0	0	0	0	0	0	0	0	0	0	0	0	0	0	0	0	0	0	0	0	0	0	0	0	0	0	0	0	0	0	0	0	0	0	0	0	0	0	0	0	0	0	0	0	0	0	0	0	0	0	0	0	0	0	0	0	0	0	0	0	0	0	0	0	0	0	0	0	0	0	0	0	0	0	0	0	0	0	0	0	0	0	0	0	0	0	0	0	0	0	0	0	0	0	0	0	0	0	0	0	0	0	0	0	0	0	0	0	0	0	0	0	0	0	0	0	0	0	0	0	0	0	0	0	0	0	0	0	0	0	0	0	0	0	0	0	0	0	0	0	0	0	0	0	0	0	0	0	0	0	0	0	0	0	0	2201	2201	2187	2174	2160	2147	2133	2133	2133	2133	2133	2133	2133	2133	2133	2133	2133	2147	2147	2147	2147	2160	2147	2160	2160	2160	2160	2160	2174	2174	2174	2174	2174	2174	2174	2174	2174	2174	2174	2174	2174	2174	2174	2174	2174	2174	2174	2160	2160	2160	2147	2147	2160	2160	2160	2160	2160	2160	2160	2160	2160	2160	2160	2160	2160	2160	2147	2147	2133	2133	2133	2133	2133	2133	2147	2147	2147	2147	2147	2147	2147	2147	2147	2147	2147	2133	2133	2133	2133	2133	2133	2133	2133	2147	2133	2147	2147	2133	2147	2147	2147	2160	2147	2160	2160	2160	2160	2160	2160	2160	2160	2160	2160	2174	2160	2160	2160	2160	2160	2160	2147	2160	0	0	0	0	0	0	0	0	0	0	0	0	0	0	0	0	0	0	0	0	0	0	0	0	0	0	0	0	0	0	0	0	957	957	954	952	949	946	946	946	939	933	931	928	928	926	926	0	923	921	919	916	916	916	914	911	909	909	907	902	899	897	897	895	895	892	890	888	886	883	883	881	879	879	877	874	872	870	870	868	0	866	866	863	863	861	861	857	855	851	851	849	846	842	840	838	836	834	834	834	834	832	832	830	828	828	826	824	822	820	0	0	0	0	0	0	0	0	0	0	0	0	0	0	0	0	0	0	0	0	0	0	0	0	0	0	0	0	0	0	0	0	0	0	0	0	0	0	0	0	0	0	0	0	0	0	0	0	0	0	0	0	0	0	0	0	0	0	0	0	0	0	0	0	0	0	0	0	0	0	0	0	0	0	0	0	0	0	0	0	0	0	0	0	0	0	0	0	0	0	0	0	0	0	0	0	0	0	0	0	0	0	0	0	0	0	0	0	0	0	0	0	0	0	0	0	0	0	0	0	0	0	0	0	0	0	0	0	0	0	0	0	0	0	0	0	0	0	0	0	0	0	0	0	0	0	0	0	0	0	0	0	0	
0	0	0	0	0	0	0	0	0	0	0	0	0	0	0	0	0	0	0	0	0	0	0	0	0	0	0	0	0	0	0	0	0	0	0	0	1858	1858	1868	1878	1888	1888	1899	1899	1931	1941	1941	1941	1964	1964	1975	1986	2009	2021	2021	2033	2057	2069	2082	2082	2095	2095	2120	2120	2133	2160	2160	2174	2201	2230	2230	2215	0	0	0	0	0	0	0	0	0	0	0	0	0	0	0	0	0	0	0	0	0	0	0	0	0	0	0	0	0	0	0	0	0	0	0	0	0	0	0	0	0	0	0	0	0	0	0	0	0	0	0	0	0	0	0	0	0	0	0	0	0	0	0	0	0	0	0	0	0	0	0	0	0	0	0	0	0	0	0	0	0	0	0	0	0	0	0	0	0	0	0	0	0	0	0	0	0	0	0	0	0	0	0	0	0	0	0	0	0	0	0	0	0	0	0	0	0	0	0	0	0	0	0	0	0	0	0	0	0	0	0	0	0	0	0	0	0	0	0	0	0	0	0	0	0	0	0	0	0	0	0	0	0	0	0	0	0	0	0	0	0	0	0	0	0	0	0	0	0	0	0	0	0	0	0	0	0	0	0	0	0	0	0	2201	2201	2187	2174	2160	2147	2133	2133	2133	2133	2133	2133	2133	2133	2133	2133	2133	2147	2133	2147	2147	2147	2147	2147	2160	2160	2160	2160	2160	2174	2174	2174	2174	2174	2174	2174	2174	2174	2174	2174	2174	2174	2174	2174	2174	2174	2174	2174	2174	2174	2160	2160	2160	2160	2174	2174	2160	2174	2160	2174	2160	2160	2160	2160	2174	2160	2160	2160	2147	2147	2147	2147	2147	2147	2160	2160	2160	2160	2160	2160	2160	2160	2160	2160	2160	2160	2160	2160	2160	2160	2147	2160	2160	2160	2147	2160	2147	2147	2147	2160	2147	2160	2160	2160	2160	2160	2160	2160	2174	2174	2174	2174	2174	2174	2174	2174	2174	2174	2174	2174	2174	2187	2187	0	0	0	0	0	0	0	0	0	0	0	0	0	0	0	0	0	0	0	0	0	0	0	0	0	0	0	0	0	957	957	954	954	952	949	949	946	946	944	936	933	931	928	928	926	0	923	923	921	919	916	916	914	914	911	909	907	907	902	899	897	895	895	892	892	890	888	886	883	881	881	879	879	877	874	874	870	870	868	0	866	866	863	863	861	861	857	855	851	849	846	844	842	840	838	836	834	834	834	832	832	830	830	828	828	826	824	822	820	0	0	0	0	0	0	0	0	0	0	0	0	0	0	0	0	0	0	0	0	0	0	0	0	0	0	0	0	0	0	0	0	0	0	0	0	0	0	0	0	0	0	0	0	0	0	0	0	0	0	0	0	0	0	0	0	0	0	0	0	0	0	0	0	0	0	0	0	0	0	0	0	0	0	0	0	0	0	0	0	0	0	0	0	0	0	0	0	0	0	0	0	0	0	0	0	0	0	0	0	0	0	0	0	0	0	0	0	0	0	0	0	0	0	0	0	0	0	0	0	0	0	0	0	0	0	0	0	0	0	0	0	0	0	0	0	0	0	0	0	0	0	0	0	0	0	0	0	0	0	0	0	0	
0	0	0	0	0	0	0	0	0	0	0	0	0	0	0	0	0	0	0	0	0	0	0	0	0	0	0	0	0	0	0	0	0	0	0	0	1858	1858	1868	1878	1888	1888	1899	1920	1931	1941	1941	1952	1964	1964	1975	1986	2009	2021	2033	2045	2069	2069	2082	2095	2095	2095	2120	2120	2133	2160	2174	2187	2215	2230	2230	2230	2244	0	0	0	0	0	0	0	0	0	0	0	0	0	0	0	0	0	0	0	0	0	0	0	0	0	0	0	0	0	0	0	0	0	0	0	0	0	0	0	0	0	0	0	0	0	0	0	0	0	0	0	0	0	0	0	0	0	0	0	0	0	0	0	0	0	0	0	0	0	0	0	0	0	0	0	0	0	0	0	0	0	0	0	0	0	0	0	0	0	0	0	0	0	0	0	0	0	0	0	0	0	0	0	0	0	0	0	0	0	0	0	0	0	0	0	0	0	0	0	0	0	0	0	0	0	0	0	0	0	0	0	0	0	0	0	0	0	0	0	0	0	0	0	0	0	0	0	0	0	0	0	0	0	0	0	0	0	0	0	0	0	0	0	0	0	0	0	0	0	0	0	0	0	0	0	0	0	0	0	0	0	0	2201	2201	2187	2174	2160	2147	2133	2133	2133	2133	2133	2133	2133	2133	2133	2133	2133	2147	2147	2147	2147	2160	2147	2147	2160	2160	2160	2160	2160	2174	2174	2174	2174	2174	2174	2174	2174	2174	2174	2174	2174	2187	2187	2174	2174	2174	2174	2174	2174	2174	2174	2174	2174	2174	2174	2174	2174	2174	2174	2174	2174	2174	2174	2174	2174	2174	2174	2174	2160	2160	2147	2147	2160	2160	2160	2160	2160	2160	2160	2174	2174	2160	2160	2160	2174	2174	2174	2174	2174	2174	2174	2174	2160	2160	2160	2174	2160	2160	2160	2174	2174	2160	2160	2174	2174	2174	2174	2174	2174	2174	2174	2174	2187	2187	2187	2174	2187	2187	2187	2174	2174	2201	2215	0	0	0	0	0	0	0	0	0	0	0	0	0	0	0	0	0	0	0	0	0	0	0	0	0	0	0	0	0	957	954	952	949	949	946	946	944	944	941	936	933	931	928	926	926	0	923	921	921	919	916	916	914	914	911	909	909	907	902	899	897	895	895	892	890	890	888	886	883	881	879	879	879	877	874	874	870	870	868	0	866	866	863	863	863	861	857	855	851	849	846	844	842	838	838	836	834	834	834	832	832	830	828	828	826	826	824	822	820	0	0	0	0	0	0	0	0	0	0	0	0	0	0	0	0	0	0	0	0	0	0	0	0	0	0	0	0	0	0	0	0	0	0	0	0	0	0	0	0	0	0	0	0	0	0	0	0	0	0	0	0	0	0	0	0	0	0	0	0	0	0	0	0	0	0	0	0	0	0	0	0	0	0	0	0	0	0	0	0	0	0	0	0	0	0	0	0	0	0	0	0	0	0	0	0	0	0	0	0	0	0	0	0	0	0	0	0	0	0	0	0	0	0	0	0	0	0	0	0	0	0	0	0	0	0	0	0	0	0	0	0	0	0	0	0	0	0	0	0	0	0	0	0	0	0	0	0	0	0	0	0	0	
0	0	0	0	0	0	0	0	0	0	0	0	0	0	0	0	0	0	0	0	0	0	0	0	0	0	0	0	0	0	0	0	0	0	0	0	1858	1868	1868	1878	1888	1878	1888	1920	1931	1941	1952	1952	1964	1975	1975	1986	2009	2009	2033	2057	2069	2069	2082	2095	2095	2095	2120	2120	2133	2160	2174	2201	2215	2230	2230	2244	2244	0	0	0	0	0	0	0	0	0	0	0	0	0	0	0	0	0	0	0	0	0	0	0	0	0	0	0	0	0	0	0	0	0	0	0	0	0	0	0	0	0	0	0	0	0	0	0	0	0	0	0	0	0	0	0	0	0	0	0	0	0	0	0	0	0	0	0	0	0	0	0	0	0	0	0	0	0	0	0	0	0	0	0	0	0	0	0	0	0	0	0	0	0	0	0	0	0	0	0	0	0	0	0	0	0	0	0	0	0	0	0	0	0	0	0	0	0	0	0	0	0	0	0	0	0	0	0	0	0	0	0	0	0	0	0	0	0	0	0	0	0	0	0	0	0	0	0	0	0	0	0	0	0	0	0	0	0	0	0	0	0	0	0	0	0	0	0	0	0	0	0	0	0	0	0	0	0	0	0	0	0	2201	2201	2201	2187	2174	2160	2147	2133	2133	2133	2133	2133	2133	2133	2133	2133	2133	2133	2147	2147	2147	2160	2160	2160	2160	2160	2160	2160	2160	2174	2174	2174	2174	2174	2174	2174	2174	2174	2174	2187	2174	2187	2187	2187	2187	2187	2174	2174	2174	2174	2174	2174	2174	2174	2174	2174	2174	2174	2174	2174	2174	2174	2174	2174	2187	2187	2187	2174	2174	2160	2160	2160	2160	2160	2174	2174	2174	2174	2174	2174	2174	2174	2174	2174	2174	2174	2174	2174	2174	2174	2174	2174	2174	2174	2174	2174	2174	2174	2174	2174	2174	2174	2174	2160	2174	2174	2174	2174	2174	2174	2174	2174	2187	2187	2187	2187	2187	2187	2187	2187	2174	2174	2201	0	0	0	0	0	0	0	0	0	0	0	0	0	0	0	0	0	0	0	0	0	0	0	0	0	0	0	0	0	959	957	952	949	949	946	944	944	944	941	941	936	933	931	928	926	0	923	923	921	919	919	916	916	914	911	911	909	909	907	902	897	897	895	892	892	890	890	888	886	883	881	879	879	877	877	874	872	870	870	868	0	866	866	863	863	863	861	857	855	851	849	846	844	842	840	838	836	834	834	834	832	830	828	828	828	826	826	824	822	820	0	0	0	0	0	0	0	0	0	0	0	0	0	0	0	0	0	0	0	0	0	0	0	0	0	0	0	0	0	0	0	0	0	0	0	0	0	0	0	0	0	0	0	0	0	0	0	0	0	0	0	0	0	0	0	0	0	0	0	0	0	0	0	0	0	0	0	0	0	0	0	0	0	0	0	0	0	0	0	0	0	0	0	0	0	0	0	0	0	0	0	0	0	0	0	0	0	0	0	0	0	0	0	0	0	0	0	0	0	0	0	0	0	0	0	0	0	0	0	0	0	0	0	0	0	0	0	0	0	0	0	0	0	0	0	0	0	0	0	0	0	0	0	0	0	0	0	0	0	0	0	0	0	
0	0	0	0	0	0	0	0	0	0	0	0	0	0	0	0	0	0	0	0	0	0	0	0	0	0	0	0	0	0	0	0	0	0	0	0	1858	1868	1868	1878	1878	1888	1909	1920	1931	1941	1952	1952	1964	1964	1975	1986	2009	2021	2033	2057	2057	2069	2082	2082	2082	2095	2120	2120	2133	2147	2174	2201	2215	2230	2230	2244	2244	0	0	0	0	0	0	0	0	0	0	0	0	0	0	0	0	0	0	0	0	0	0	0	0	0	0	0	0	0	0	0	0	0	0	0	0	0	0	0	0	0	0	0	0	0	0	0	0	0	0	0	0	0	0	0	0	0	0	0	0	0	0	0	0	0	0	0	0	0	0	0	0	0	0	0	0	0	0	0	0	0	0	0	0	0	0	0	0	0	0	0	0	0	0	0	0	0	0	0	0	0	0	0	0	0	0	0	0	0	0	0	0	0	0	0	0	0	0	0	0	0	0	0	0	0	0	0	0	0	0	0	0	0	0	0	0	0	0	0	0	0	0	0	0	0	0	0	0	0	0	0	0	0	0	0	0	0	0	0	0	0	0	0	0	0	0	0	0	0	0	0	0	0	0	0	0	0	0	0	0	0	0	2201	2201	2201	2174	2174	2160	2147	2133	2133	2133	2133	2133	2133	2133	2133	2133	2133	2147	2147	2160	2160	2160	2147	2160	2160	2160	2147	2160	2160	2174	2174	2174	2174	2174	2174	2174	2174	2174	2174	2174	2174	2174	2187	2187	2187	2174	2174	2174	2174	2174	2174	2174	2174	2174	2174	2174	2174	2174	2174	2174	2174	2187	2187	2187	2187	2187	2187	2187	2174	2174	2160	2160	2174	2174	2174	2174	2174	2174	2174	2174	2174	2174	2174	2160	2174	2174	2174	2174	2174	2174	2174	2174	2174	2174	2174	2174	2174	2174	2174	2174	2174	2174	2160	2174	2174	2174	2174	2174	2174	2174	2187	2187	2187	2187	2187	2187	2187	2187	2187	2174	2174	0	0	0	0	0	0	0	0	0	0	0	0	0	0	0	0	0	0	0	0	0	0	0	0	0	0	0	0	0	959	959	957	952	949	946	944	941	941	941	941	939	933	931	931	928	926	0	923	921	921	919	919	916	916	914	914	911	909	907	907	899	897	895	892	892	890	890	890	888	886	883	881	879	879	879	877	874	872	870	870	868	868	0	866	863	863	863	861	857	855	851	849	846	844	842	838	838	836	834	834	832	832	830	828	828	828	826	826	824	822	820	0	0	0	0	0	0	0	0	0	0	0	0	0	0	0	0	0	0	0	0	0	0	0	0	0	0	0	0	0	0	0	0	0	0	0	0	0	0	0	0	0	0	0	0	0	0	0	0	0	0	0	0	0	0	0	0	0	0	0	0	0	0	0	0	0	0	0	0	0	0	0	0	0	0	0	0	0	0	0	0	0	0	0	0	0	0	0	0	0	0	0	0	0	0	0	0	0	0	0	0	0	0	0	0	0	0	0	0	0	0	0	0	0	0	0	0	0	0	0	0	0	0	0	0	0	0	0	0	0	0	0	0	0	0	0	0	0	0	0	0	0	0	0	0	0	0	0	0	0	0	0	0	0	
0	0	0	0	0	0	0	0	0	0	0	0	0	0	0	0	0	0	0	0	0	0	0	0	0	0	0	0	0	0	0	0	0	0	0	0	1858	1868	1878	1878	1878	1878	1888	1909	1920	1941	1952	1952	1964	1964	1975	1986	1986	2009	2033	2057	2057	2069	2069	2082	2082	2095	2120	2120	2120	2133	2174	2201	2215	2230	2230	2244	2244	2244	2244	0	0	0	0	0	0	0	0	0	0	0	0	0	0	0	0	0	0	0	0	0	0	0	0	0	0	0	0	0	0	0	0	0	0	0	0	0	0	0	0	0	0	0	0	0	0	0	0	0	0	0	0	0	0	0	0	0	0	0	0	0	0	0	0	0	0	0	0	0	0	0	0	0	0	0	0	0	0	0	0	0	0	0	0	0	0	0	0	0	0	0	0	0	0	0	0	0	0	0	0	0	0	0	0	0	0	0	0	0	0	0	0	0	0	0	0	0	0	0	0	0	0	0	0	0	0	0	0	0	0	0	0	0	0	0	0	0	0	0	0	0	0	0	0	0	0	0	0	0	0	0	0	0	0	0	0	0	0	0	0	0	0	0	0	0	0	0	0	0	0	0	0	0	0	0	0	0	0	0	0	2215	2201	2201	2187	2174	2160	2147	2133	2133	2133	2133	2133	2133	2133	2133	2133	2133	2147	2147	2160	2160	2160	2160	2160	2160	2160	2160	2160	2160	2174	2174	2174	2174	2174	2174	2174	2174	2174	2174	2174	2174	2174	2187	2174	2187	2174	2174	2174	2174	2174	2174	2174	2174	2174	2174	2174	2174	2174	2174	2174	2174	2174	2187	2187	2187	2187	2187	2187	2174	2174	2174	2174	2174	2174	2174	2174	2174	2174	2174	2174	2174	2160	2174	2160	2174	2174	2174	2174	2174	2174	2174	2174	2174	2174	2174	2174	2174	2174	2174	2174	2174	2174	2160	2174	2174	2174	2174	2174	2174	2174	2174	2174	2187	2187	2187	2187	2187	2187	2187	2174	0	0	0	0	0	0	0	0	0	0	0	0	0	0	0	0	0	0	0	0	0	0	0	0	0	0	0	0	0	0	959	957	957	949	946	946	944	941	941	939	939	939	933	931	928	926	926	0	923	921	921	919	919	916	916	914	914	909	907	907	904	897	897	895	892	892	890	890	890	888	883	881	881	879	879	877	877	874	874	870	870	868	868	0	866	866	863	863	861	857	855	853	851	846	844	842	840	838	836	834	832	832	832	830	828	828	828	826	824	824	0	0	0	0	0	0	0	0	0	0	0	0	0	0	0	0	0	0	0	0	0	0	0	0	0	0	0	0	0	0	0	0	0	0	0	0	0	0	0	0	0	0	0	0	0	0	0	0	0	0	0	0	0	0	0	0	0	0	0	0	0	0	0	0	0	0	0	0	0	0	0	0	0	0	0	0	0	0	0	0	0	0	0	0	0	0	0	0	0	0	0	0	0	0	0	0	0	0	0	0	0	0	0	0	0	0	0	0	0	0	0	0	0	0	0	0	0	0	0	0	0	0	0	0	0	0	0	0	0	0	0	0	0	0	0	0	0	0	0	0	0	0	0	0	0	0	0	0	0	0	0	0	0	0	0	
0	0	0	0	0	0	0	0	0	0	0	0	0	0	0	0	0	0	0	0	0	0	0	0	0	0	0	0	0	0	0	0	0	0	0	0	1858	1868	1868	1878	1878	1888	1878	1909	1920	1941	1952	1952	1964	1964	1975	1986	1986	2009	2033	2057	2057	2069	2069	2082	2082	2095	2120	2120	2120	2120	2160	2201	2215	2230	2230	2244	2244	2244	0	0	0	0	0	0	0	0	0	0	0	0	0	0	0	0	0	0	0	0	0	0	0	0	0	0	0	0	0	0	0	0	0	0	0	0	0	0	0	0	0	0	0	0	0	0	0	0	0	0	0	0	0	0	0	0	0	0	0	0	0	0	0	0	0	0	0	0	0	0	0	0	0	0	0	0	0	0	0	0	0	0	0	0	0	0	0	0	0	0	0	0	0	0	0	0	0	0	0	0	0	0	0	0	0	0	0	0	0	0	0	0	0	0	0	0	0	0	0	0	0	0	0	0	0	0	0	0	0	0	0	0	0	0	0	0	0	0	0	0	0	0	0	0	0	0	0	0	0	0	0	0	0	0	0	0	0	0	0	0	0	0	0	0	0	0	0	0	0	0	0	0	0	0	0	0	0	0	0	0	0	2215	2201	2201	2174	2174	2147	2147	2133	2133	2133	2133	2133	2133	2133	2133	2133	2133	2147	2147	2147	2160	2160	2160	2160	2160	2160	2160	2160	2160	2174	2174	2174	2160	2174	2174	2174	2174	2174	2174	2174	2174	2174	2174	2174	2174	2174	2174	2174	2174	2174	2174	2174	2174	2174	2174	2174	2174	2174	2174	2174	2174	2174	2174	2187	2187	2187	2187	2174	2160	2160	2160	2160	2174	2174	2174	2174	2174	2174	2174	2174	2160	2160	2160	2160	2174	2174	2174	2174	2174	2174	2174	2174	2174	2174	2174	2174	2174	2174	2174	2174	2174	2174	2174	2174	2174	2174	2174	2174	2174	2174	2187	2187	2187	2187	2187	2187	2187	2187	2187	2187	0	0	0	0	0	0	0	0	0	0	0	0	0	0	0	0	0	0	0	0	0	0	0	0	0	0	0	0	0	962	959	957	957	949	946	944	941	941	939	939	939	936	933	931	928	926	0	923	921	921	919	919	919	916	916	914	914	909	907	904	902	897	895	892	892	890	890	890	888	888	883	881	881	879	879	877	877	874	874	870	870	870	868	0	866	866	863	863	861	857	855	853	851	846	844	842	840	838	836	834	832	832	830	830	828	828	826	826	824	824	0	0	0	0	0	0	0	0	0	0	0	0	0	0	0	0	0	0	0	0	0	0	0	0	0	0	0	0	0	0	0	0	0	0	0	0	0	0	0	0	0	0	0	0	0	0	0	0	0	0	0	0	0	0	0	0	0	0	0	0	0	0	0	0	0	0	0	0	0	0	0	0	0	0	0	0	0	0	0	0	0	0	0	0	0	0	0	0	0	0	0	0	0	0	0	0	0	0	0	0	0	0	0	0	0	0	0	0	0	0	0	0	0	0	0	0	0	0	0	0	0	0	0	0	0	0	0	0	0	0	0	0	0	0	0	0	0	0	0	0	0	0	0	0	0	0	0	0	0	0	0	0	0	0	0	
0	0	0	0	0	0	0	0	0	0	0	0	0	0	0	0	0	0	0	0	0	0	0	0	0	0	0	0	0	0	0	0	0	0	0	0	1858	1868	1868	1878	1878	1878	1878	1888	1909	1941	1952	1964	1964	1975	1975	1986	1986	2009	2033	2057	2057	2069	2069	2082	2082	2095	2120	2107	2120	2120	2147	2201	2215	2230	2230	2244	2244	2259	0	0	0	0	0	0	0	0	0	0	0	0	0	0	0	0	0	0	0	0	0	0	0	0	0	0	0	0	0	0	0	0	0	0	0	0	0	0	0	0	0	0	0	0	0	0	0	0	0	0	0	0	0	0	0	0	0	0	0	0	0	0	0	0	0	0	0	0	0	0	0	0	0	0	0	0	0	0	0	0	0	0	0	0	0	0	0	0	0	0	0	0	0	0	0	0	0	0	0	0	0	0	0	0	0	0	0	0	0	0	0	0	0	0	0	0	0	0	0	0	0	0	0	0	0	0	0	0	0	0	0	0	0	0	0	0	0	0	0	0	0	0	0	0	0	0	0	0	0	0	0	0	0	0	0	0	0	0	0	0	0	0	0	0	0	0	0	0	0	0	0	0	0	0	0	0	0	0	0	0	0	2215	2201	2201	2174	2174	2160	2147	2133	2133	2133	2133	2133	2133	2133	2133	2133	2133	2133	2147	2147	2147	2147	2147	2147	2147	2160	2160	2160	2174	2174	2174	2174	2174	2174	2174	2174	2174	2174	2174	2174	2174	2174	2174	2174	2174	2174	2174	2174	2174	2174	2174	2174	2174	2174	2174	2174	2174	2174	2174	2174	2174	2174	2187	2187	2187	2187	2187	2174	2160	2160	2160	2160	2174	2174	2174	2174	2174	2174	2174	2174	2160	2160	2160	2160	2174	2174	2174	2174	2174	2174	2174	2174	2174	2174	2174	2174	2174	2174	2174	2174	2174	2174	2174	2174	2174	2174	2174	2174	2174	2174	2187	2187	2187	2187	2187	2187	2187	2174	2187	2174	0	0	0	0	0	0	0	0	0	0	0	0	0	0	0	0	0	0	0	0	0	0	0	0	0	0	0	0	957	959	959	957	954	946	944	941	941	939	939	939	939	936	933	928	926	0	923	921	921	919	919	919	916	916	916	914	914	909	907	904	902	897	895	892	892	890	890	890	888	888	883	881	881	879	879	877	877	874	874	870	870	870	868	0	866	863	863	861	861	859	855	853	851	849	846	842	840	838	836	834	832	832	830	830	828	828	826	826	824	822	0	0	0	0	0	0	0	0	0	0	0	0	0	0	0	0	0	0	0	0	0	0	0	0	0	0	0	0	0	0	0	0	0	0	0	0	0	0	0	0	0	0	0	0	0	0	0	0	0	0	0	0	0	0	0	0	0	0	0	0	0	0	0	0	0	0	0	0	0	0	0	0	0	0	0	0	0	0	0	0	0	0	0	0	0	0	0	0	0	0	0	0	0	0	0	0	0	0	0	0	0	0	0	0	0	0	0	0	0	0	0	0	0	0	0	0	0	0	0	0	0	0	0	0	0	0	0	0	0	0	0	0	0	0	0	0	0	0	0	0	0	0	0	0	0	0	0	0	0	0	0	0	0	0	0	
0	0	0	0	0	0	0	0	0	0	0	0	0	0	0	0	0	0	0	0	0	0	0	0	0	0	0	0	0	0	0	0	0	0	0	0	1858	1868	1878	1878	1878	1878	1868	1888	1899	1941	1964	1964	1975	1975	1975	1975	1986	1986	2033	2057	2057	2057	2069	2082	2082	2095	2120	2107	2120	2120	2133	2201	2215	2230	2244	2259	2259	2274	0	0	0	0	0	0	0	0	0	0	0	0	0	0	0	0	0	0	0	0	0	0	0	0	0	0	0	0	0	0	0	0	0	0	0	0	0	0	0	0	0	0	0	0	0	0	0	0	0	0	0	0	0	0	0	0	0	0	0	0	0	0	0	0	0	0	0	0	0	0	0	0	0	0	0	0	0	0	0	0	0	0	0	0	0	0	0	0	0	0	0	0	0	0	0	0	0	0	0	0	0	0	0	0	0	0	0	0	0	0	0	0	0	0	0	0	0	0	0	0	0	0	0	0	0	0	0	0	0	0	0	0	0	0	0	0	0	0	0	0	0	0	0	0	0	0	0	0	0	0	0	0	0	0	0	0	0	0	0	0	0	0	0	0	0	0	0	0	0	0	0	0	0	0	0	0	0	0	0	0	0	2215	2201	2201	2174	2174	2160	2147	2133	2133	2133	2133	2133	2133	2133	2133	2133	2133	2147	2147	2147	2147	2147	2147	2160	2160	2160	2160	2160	2174	2174	2160	2174	2174	2174	2174	2174	2174	2174	2174	2174	2174	2174	2174	2174	2174	2174	2174	2174	2174	2174	2174	2174	2174	2174	2174	2174	2174	2174	2174	2174	2174	2174	2174	2174	2187	2174	2174	2174	2160	2160	2160	2160	2174	2174	2174	2174	2174	2174	2174	2174	2160	2160	2174	2160	2174	2174	2174	2174	2174	2174	2174	2174	2160	2160	2174	2174	2174	2174	2174	2174	2174	2174	2174	2174	2174	2174	2174	2174	2187	2187	2187	2187	2187	2187	2187	2187	2187	2174	2187	0	0	0	0	0	0	0	0	0	0	0	0	0	0	0	0	0	0	0	0	0	0	0	0	0	0	0	0	0	957	957	957	954	952	946	941	941	939	939	939	939	936	936	931	928	926	0	923	921	919	919	919	919	916	916	914	911	909	907	904	902	899	897	892	890	890	890	890	888	888	888	883	881	881	879	879	877	874	874	872	870	870	870	868	0	866	863	863	861	861	857	855	853	851	849	846	842	838	836	836	834	832	832	830	830	828	828	826	826	824	822	0	0	0	0	0	0	0	0	0	0	0	0	0	0	0	0	0	0	0	0	0	0	0	0	0	0	0	0	0	0	0	0	0	0	0	0	0	0	0	0	0	0	0	0	0	0	0	0	0	0	0	0	0	0	0	0	0	0	0	0	0	0	0	0	0	0	0	0	0	0	0	0	0	0	0	0	0	0	0	0	0	0	0	0	0	0	0	0	0	0	0	0	0	0	0	0	0	0	0	0	0	0	0	0	0	0	0	0	0	0	0	0	0	0	0	0	0	0	0	0	0	0	0	0	0	0	0	0	0	0	0	0	0	0	0	0	0	0	0	0	0	0	0	0	0	0	0	0	0	0	0	0	0	0	0	
0	0	0	0	0	0	0	0	0	0	0	0	0	0	0	0	0	0	0	0	0	0	0	0	0	0	0	0	0	0	0	0	0	0	0	0	1858	1858	1868	1878	1878	1878	1868	1888	1899	1931	1964	1964	1964	1964	1975	1975	1986	1986	2033	2057	2057	2057	2069	2069	2082	2082	2107	2107	2120	2120	2133	2187	2201	2230	2244	2259	2259	0	0	0	0	0	0	0	0	0	0	0	0	0	0	0	0	0	0	0	0	0	0	0	0	0	0	0	0	0	0	0	0	0	0	0	0	0	0	0	0	0	0	0	0	0	0	0	0	0	0	0	0	0	0	0	0	0	0	0	0	0	0	0	0	0	0	0	0	0	0	0	0	0	0	0	0	0	0	0	0	0	0	0	0	0	0	0	0	0	0	0	0	0	0	0	0	0	0	0	0	0	0	0	0	0	0	0	0	0	0	0	0	0	0	0	0	0	0	0	0	0	0	0	0	0	0	0	0	0	0	0	0	0	0	0	0	0	0	0	0	0	0	0	0	0	0	0	0	0	0	0	0	0	0	0	0	0	0	0	0	0	0	0	0	0	0	0	0	0	0	0	0	0	0	0	0	0	0	0	0	0	0	2215	2201	2201	2174	2160	2160	2147	2133	2133	2133	2133	2133	2133	2133	2133	2133	2133	2147	2147	2147	2147	2147	2147	2147	2147	2147	2160	2160	2160	2174	2160	2160	2174	2174	2174	2174	2174	2174	2174	2174	2174	2174	2174	2174	2174	2174	2174	2174	2174	2174	2187	2174	2174	2174	2174	2174	2174	2174	2174	2174	2174	2174	2174	2174	2174	2174	2174	2174	2160	2160	2160	2174	2174	2174	2174	2174	2174	2174	2174	2174	2160	2160	2174	2174	2174	2174	2174	2174	2174	2174	2174	2174	2174	2174	2174	2174	2174	2174	2174	2174	2174	2174	2174	2174	2174	2174	2174	2174	2187	2187	2187	2187	2201	2201	2201	2187	2187	2187	2187	0	0	0	0	0	0	0	0	0	0	0	0	0	0	0	0	0	0	0	0	0	0	0	0	0	0	0	0	952	952	952	952	949	949	941	939	939	939	939	936	936	936	933	928	926	0	923	921	919	919	919	919	919	916	914	914	911	909	907	904	902	899	895	892	890	890	890	890	888	888	888	883	881	881	879	879	877	874	874	872	870	870	870	868	0	866	863	863	861	861	857	855	853	851	851	846	844	840	838	836	834	832	832	830	828	828	828	826	826	822	820	0	0	0	0	0	0	0	0	0	0	0	0	0	0	0	0	0	0	0	0	0	0	0	0	0	0	0	0	0	0	0	0	0	0	0	0	0	0	0	0	0	0	0	0	0	0	0	0	0	0	0	0	0	0	0	0	0	0	0	0	0	0	0	0	0	0	0	0	0	0	0	0	0	0	0	0	0	0	0	0	0	0	0	0	0	0	0	0	0	0	0	0	0	0	0	0	0	0	0	0	0	0	0	0	0	0	0	0	0	0	0	0	0	0	0	0	0	0	0	0	0	0	0	0	0	0	0	0	0	0	0	0	0	0	0	0	0	0	0	0	0	0	0	0	0	0	0	0	0	0	0	0	0	0	0	
0	0	0	0	0	0	0	0	0	0	0	0	0	0	0	0	0	0	0	0	0	0	0	0	0	0	0	0	0	0	0	0	0	0	0	0	1858	1858	1868	1878	1878	1878	1878	1888	1899	1931	1941	1964	1964	1964	1975	1975	1975	1975	2021	2057	2057	2057	2069	2069	2082	2082	2107	2107	2120	2120	2133	2174	2187	2230	2244	2244	2259	0	0	0	0	0	0	0	0	0	0	0	0	0	0	0	0	0	0	0	0	0	0	0	0	0	0	0	0	0	0	0	0	0	0	0	0	0	0	0	0	0	0	0	0	0	0	0	0	0	0	0	0	0	0	0	0	0	0	0	0	0	0	0	0	0	0	0	0	0	0	0	0	0	0	0	0	0	0	0	0	0	0	0	0	0	0	0	0	0	0	0	0	0	0	0	0	0	0	0	0	0	0	0	0	0	0	0	0	0	0	0	0	0	0	0	0	0	0	0	0	0	0	0	0	0	0	0	0	0	0	0	0	0	0	0	0	0	0	0	0	0	0	0	0	0	0	0	0	0	0	0	0	0	0	0	0	0	0	0	0	0	0	0	0	0	0	0	0	0	0	0	0	0	0	0	0	0	0	0	0	0	2244	2215	2201	2201	2174	2160	2160	2147	2133	2133	2133	2133	2133	2133	2133	2133	2133	2147	2147	2147	2147	2147	2147	2147	2147	2147	2147	2147	2147	2160	2160	2160	2160	2160	2160	2174	2160	2174	2174	2174	2174	2174	2174	2174	2174	2174	2174	2174	2174	2174	2174	2174	2174	2174	2174	2174	2174	2174	2174	2174	2174	2187	2174	2174	2174	2174	2174	2174	2174	2160	2160	2160	2174	2174	2174	2174	2174	2174	2174	2174	2174	2160	2160	2174	2174	2174	2174	2174	2174	2174	2174	2174	2174	2174	2174	2174	2174	2174	2174	2174	2174	2174	2174	2174	2174	2174	2174	2174	2174	2187	2187	2187	2187	2201	2201	2201	2201	2201	2187	0	0	0	0	0	0	0	0	0	0	0	0	0	0	0	0	0	0	0	0	0	0	0	0	0	0	0	0	0	949	952	949	949	946	946	941	939	939	939	936	936	936	936	933	928	926	0	923	921	919	919	919	919	916	916	914	911	909	907	904	902	899	899	895	892	892	890	890	890	888	888	886	883	881	881	879	879	877	874	874	874	870	870	870	868	0	866	863	863	861	861	857	855	853	851	849	846	844	840	838	836	834	832	830	830	828	828	828	826	826	822	820	0	0	0	0	0	0	0	0	0	0	0	0	0	0	0	0	0	0	0	0	0	0	0	0	0	0	0	0	0	0	0	0	0	0	0	0	0	0	0	0	0	0	0	0	0	0	0	0	0	0	0	0	0	0	0	0	0	0	0	0	0	0	0	0	0	0	0	0	0	0	0	0	0	0	0	0	0	0	0	0	0	0	0	0	0	0	0	0	0	0	0	0	0	0	0	0	0	0	0	0	0	0	0	0	0	0	0	0	0	0	0	0	0	0	0	0	0	0	0	0	0	0	0	0	0	0	0	0	0	0	0	0	0	0	0	0	0	0	0	0	0	0	0	0	0	0	0	0	0	0	0	0	0	0	0	
0	0	0	0	0	0	0	0	0	0	0	0	0	0	0	0	0	0	0	0	0	0	0	0	0	0	0	0	0	0	0	0	0	0	0	0	1858	1858	1868	1878	1888	1888	1878	1888	1899	1920	1931	1964	1964	1964	1975	1975	1986	1986	2021	2045	2057	2057	2069	2069	2082	2082	2107	2107	2120	2120	2147	2174	2187	2215	2230	2244	2259	0	0	0	0	0	0	0	0	0	0	0	0	0	0	0	0	0	0	0	0	0	0	0	0	0	0	0	0	0	0	0	0	0	0	0	0	0	0	0	0	0	0	0	0	0	0	0	0	0	0	0	0	0	0	0	0	0	0	0	0	0	0	0	0	0	0	0	0	0	0	0	0	0	0	0	0	0	0	0	0	0	0	0	0	0	0	0	0	0	0	0	0	0	0	0	0	0	0	0	0	0	0	0	0	0	0	0	0	0	0	0	0	0	0	0	0	0	0	0	0	0	0	0	0	0	0	0	0	0	0	0	0	0	0	0	0	0	0	0	0	0	0	0	0	0	0	0	0	0	0	0	0	0	0	0	0	0	0	0	0	0	0	0	0	0	0	0	0	0	0	0	0	0	0	0	0	0	0	0	0	0	2244	2215	2215	2187	2160	2160	2147	2147	2133	2133	2133	2133	2133	2133	2133	2133	2133	2147	2147	2147	2147	2147	2147	2147	2147	2147	2160	2160	2160	2174	2174	2160	2174	2160	2174	2174	2174	2174	2174	2174	2174	2174	2174	2174	2174	2174	2174	2174	2174	2174	2174	2174	2174	2174	2174	2174	2174	2174	2174	2174	2174	2187	2187	2174	2174	2174	2174	2174	2174	2160	2160	2160	2160	2174	2174	2174	2174	2174	2174	2174	2174	2160	2174	2174	2174	2174	2174	2174	2174	2174	2174	2174	2174	2174	2174	2174	2174	2174	2174	2174	2174	2174	2174	2174	2174	2174	2174	2174	2174	2187	2187	2187	2187	2201	2201	2201	2201	2201	2187	0	0	0	0	0	0	0	0	0	0	0	0	0	0	0	0	0	0	0	0	0	0	0	0	0	0	0	0	0	949	949	946	946	944	941	939	939	939	939	936	936	936	933	933	928	0	923	921	919	919	919	916	916	916	916	914	911	909	909	907	902	902	899	895	892	890	890	890	890	888	888	886	881	881	879	879	877	877	874	874	872	872	870	870	868	0	866	863	863	861	861	857	855	853	851	849	846	844	840	836	834	832	832	830	830	828	828	828	826	824	822	820	0	0	0	0	0	0	0	0	0	0	0	0	0	0	0	0	0	0	0	0	0	0	0	0	0	0	0	0	0	0	0	0	0	0	0	0	0	0	0	0	0	0	0	0	0	0	0	0	0	0	0	0	0	0	0	0	0	0	0	0	0	0	0	0	0	0	0	0	0	0	0	0	0	0	0	0	0	0	0	0	0	0	0	0	0	0	0	0	0	0	0	0	0	0	0	0	0	0	0	0	0	0	0	0	0	0	0	0	0	0	0	0	0	0	0	0	0	0	0	0	0	0	0	0	0	0	0	0	0	0	0	0	0	0	0	0	0	0	0	0	0	0	0	0	0	0	0	0	0	0	0	0	0	0	0	
0	0	0	0	0	0	0	0	0	0	0	0	0	0	0	0	0	0	0	0	0	0	0	0	0	0	0	0	0	0	0	0	0	0	0	0	1858	1858	1858	1878	1878	1888	1888	1909	1909	1920	1941	1964	1964	1975	1975	1986	1986	1986	2009	2033	2057	2057	2069	2069	2082	2095	2107	2120	2120	2133	2147	2174	2187	2201	2230	2244	0	0	0	0	0	0	0	0	0	0	0	0	0	0	0	0	0	0	0	0	0	0	0	0	0	0	0	0	0	0	0	0	0	0	0	0	0	0	0	0	0	0	0	0	0	0	0	0	0	0	0	0	0	0	0	0	0	0	0	0	0	0	0	0	0	0	0	0	0	0	0	0	0	0	0	0	0	0	0	0	0	0	0	0	0	0	0	0	0	0	0	0	0	0	0	0	0	0	0	0	0	0	0	0	0	0	0	0	0	0	0	0	0	0	0	0	0	0	0	0	0	0	0	0	0	0	0	0	0	0	0	0	0	0	0	0	0	0	0	0	0	0	0	0	0	0	0	0	0	0	0	0	0	0	0	0	0	0	0	0	0	0	0	0	0	0	0	0	0	0	0	0	0	0	0	0	0	0	0	0	0	0	2244	2230	2215	2187	2160	2147	2147	2133	2133	2133	2133	2133	2133	2133	2133	2147	2133	2147	2147	2147	2147	2147	2147	2160	2160	2147	2160	2160	2160	2174	2174	2174	2174	2174	2174	2174	2174	2174	2174	2174	2174	2174	2174	2174	2174	2174	2174	2174	2174	2174	2174	2174	2174	2174	2174	2174	2174	2174	2174	2187	2174	2187	2187	2174	2174	2174	2174	2174	2174	2160	2160	2160	2160	2174	2174	2174	2174	2174	2174	2174	2174	2160	2174	2174	2174	2174	2174	2174	2174	2174	2174	2174	2174	2174	2174	2174	2174	2174	2174	2174	2174	2174	2174	2174	2174	2174	2174	2174	2174	2174	2187	2187	2187	2201	2201	2201	2201	2201	0	0	0	0	0	0	0	0	0	0	0	0	0	0	0	0	0	0	0	0	0	0	0	0	0	0	0	0	0	0	949	946	946	944	941	941	939	939	936	936	936	936	936	933	931	926	0	923	921	919	919	916	916	916	916	914	914	911	909	909	907	904	902	899	895	892	890	890	890	888	888	888	886	881	881	879	879	877	877	874	872	872	872	870	870	868	0	866	863	863	861	861	859	855	853	851	849	844	842	838	836	834	832	830	830	828	828	828	826	826	824	820	820	0	0	0	0	0	0	0	0	0	0	0	0	0	0	0	0	0	0	0	0	0	0	0	0	0	0	0	0	0	0	0	0	0	0	0	0	0	0	0	0	0	0	0	0	0	0	0	0	0	0	0	0	0	0	0	0	0	0	0	0	0	0	0	0	0	0	0	0	0	0	0	0	0	0	0	0	0	0	0	0	0	0	0	0	0	0	0	0	0	0	0	0	0	0	0	0	0	0	0	0	0	0	0	0	0	0	0	0	0	0	0	0	0	0	0	0	0	0	0	0	0	0	0	0	0	0	0	0	0	0	0	0	0	0	0	0	0	0	0	0	0	0	0	0	0	0	0	0	0	0	0	0	0	0	0	
0	0	0	0	0	0	0	0	0	0	0	0	0	0	0	0	0	0	0	0	0	0	0	0	0	0	0	0	0	0	0	0	0	0	0	0	1858	1858	1858	1878	1878	1888	1899	1909	1920	1920	1941	1964	1964	1975	1975	1975	1986	1986	2009	2033	2057	2069	2069	2069	2082	2082	2107	2120	2120	2133	2160	2174	2174	2201	2215	2244	0	0	0	0	0	0	0	0	0	0	0	0	0	0	0	0	0	0	0	0	0	0	0	0	0	0	0	0	0	0	0	0	0	0	0	0	0	0	0	0	0	0	0	0	0	0	0	0	0	0	0	0	0	0	0	0	0	0	0	0	0	0	0	0	0	0	0	0	0	0	0	0	0	0	0	0	0	0	0	0	0	0	0	0	0	0	0	0	0	0	0	0	0	0	0	0	0	0	0	0	0	0	0	0	0	0	0	0	0	0	0	0	0	0	0	0	0	0	0	0	0	0	0	0	0	0	0	0	0	0	0	0	0	0	0	0	0	0	0	0	0	0	0	0	0	0	0	0	0	0	0	0	0	0	0	0	0	0	0	0	0	0	0	0	0	0	0	0	0	0	0	0	0	0	0	0	0	0	0	0	0	0	2259	2259	2215	2187	2160	2147	2147	2133	2133	2133	2133	2133	2133	2133	2133	2147	2147	2147	2147	2147	2147	2147	2160	2160	2160	2160	2160	2160	2174	2174	2174	2174	2174	2174	2174	2174	2160	2174	2174	2174	2174	2174	2174	2174	2174	2174	2174	2174	2174	2174	2174	2174	2174	2187	2187	2174	2174	2187	2187	2187	2187	2187	2187	2174	2174	2174	2174	2174	2174	2160	2160	2160	2174	2174	2174	2174	2174	2174	2174	2174	2174	2160	2160	2160	2174	2174	2174	2174	2174	2174	2174	2174	2174	2174	2174	2174	2174	2174	2174	2174	2174	2174	2174	2174	2174	2174	2174	2174	2174	2174	2187	2187	2187	2187	2187	2187	2201	0	0	0	0	0	0	0	0	0	0	0	0	0	0	0	0	0	0	0	0	0	0	0	0	0	0	0	0	0	0	949	946	946	944	941	941	939	939	936	936	936	936	936	933	931	928	926	0	921	919	919	916	916	916	916	916	914	914	911	909	909	907	902	902	899	895	892	890	890	890	888	888	888	886	881	881	879	879	877	877	874	874	872	872	870	868	0	866	866	863	863	861	861	859	857	853	851	849	844	842	838	836	834	832	830	830	828	828	828	826	826	824	822	820	0	0	0	0	0	0	0	0	0	0	0	0	0	0	0	0	0	0	0	0	0	0	0	0	0	0	0	0	0	0	0	0	0	0	0	0	0	0	0	0	0	0	0	0	0	0	0	0	0	0	0	0	0	0	0	0	0	0	0	0	0	0	0	0	0	0	0	0	0	0	0	0	0	0	0	0	0	0	0	0	0	0	0	0	0	0	0	0	0	0	0	0	0	0	0	0	0	0	0	0	0	0	0	0	0	0	0	0	0	0	0	0	0	0	0	0	0	0	0	0	0	0	0	0	0	0	0	0	0	0	0	0	0	0	0	0	0	0	0	0	0	0	0	0	0	0	0	0	0	0	0	0	0	0	0	
0	0	0	0	0	0	0	0	0	0	0	0	0	0	0	0	0	0	0	0	0	0	0	0	0	0	0	0	0	0	0	0	0	0	0	0	1858	1858	1858	1878	1878	1888	1899	1909	1920	1920	1941	1952	1964	1964	1975	1975	1986	1986	2009	2021	2057	2069	2069	2069	2082	2082	2107	2107	2120	2133	2160	2174	2174	2215	2230	2230	0	0	0	0	0	0	0	0	0	0	0	0	0	0	0	0	0	0	0	0	0	0	0	0	0	0	0	0	0	0	0	0	0	0	0	0	0	0	0	0	0	0	0	0	0	0	0	0	0	0	0	0	0	0	0	0	0	0	0	0	0	0	0	0	0	0	0	0	0	0	0	0	0	0	0	0	0	0	0	0	0	0	0	0	0	0	0	0	0	0	0	0	0	0	0	0	0	0	0	0	0	0	0	0	0	0	0	0	0	0	0	0	0	0	0	0	0	0	0	0	0	0	0	0	0	0	0	0	0	0	0	0	0	0	0	0	0	0	0	0	0	0	0	0	0	0	0	0	0	0	0	0	0	0	0	0	0	0	0	0	0	0	0	0	0	0	0	0	0	0	0	0	0	0	0	0	0	0	0	0	0	0	2259	2244	2215	2187	2160	2147	2147	2133	2133	2133	2133	2133	2133	2133	2133	2147	2147	2147	2160	2147	2147	2147	2147	2147	2160	2160	2160	2160	2160	2174	2174	2174	2174	2174	2174	2174	2174	2174	2174	2174	2174	2174	2174	2174	2174	2174	2174	2174	2174	2174	2174	2174	2174	2187	2187	2174	2174	2174	2174	2187	2174	2174	2174	2174	2174	2174	2174	2174	2174	2160	2160	2160	2174	2174	2174	2174	2174	2174	2174	2174	2174	2160	2160	2160	2160	2160	2174	2174	2174	2174	2174	2174	2174	2174	2174	2174	2174	2174	2174	2174	2174	2174	2174	2174	2174	2174	2174	2174	2174	2174	2187	2187	2187	2187	2187	2187	0	0	0	0	0	0	0	0	0	0	0	0	0	0	0	0	0	0	0	0	0	0	0	0	0	0	0	0	0	0	0	946	946	944	941	941	939	939	939	936	936	936	936	933	933	931	928	926	923	921	919	919	916	916	916	916	916	914	914	911	909	907	904	902	902	897	895	892	890	890	890	888	888	888	886	881	881	879	879	877	877	874	874	872	872	870	870	868	0	866	863	863	863	861	859	857	855	851	849	844	840	838	836	834	832	830	830	828	828	828	826	826	824	822	820	0	0	0	0	0	0	0	0	0	0	0	0	0	0	0	0	0	0	0	0	0	0	0	0	0	0	0	0	0	0	0	0	0	0	0	0	0	0	0	0	0	0	0	0	0	0	0	0	0	0	0	0	0	0	0	0	0	0	0	0	0	0	0	0	0	0	0	0	0	0	0	0	0	0	0	0	0	0	0	0	0	0	0	0	0	0	0	0	0	0	0	0	0	0	0	0	0	0	0	0	0	0	0	0	0	0	0	0	0	0	0	0	0	0	0	0	0	0	0	0	0	0	0	0	0	0	0	0	0	0	0	0	0	0	0	0	0	0	0	0	0	0	0	0	0	0	0	0	0	0	0	0	0	0	0	
0	0	0	0	0	0	0	0	0	0	0	0	0	0	0	0	0	0	0	0	0	0	0	0	0	0	0	0	0	0	0	0	0	0	0	0	1858	1858	1858	1868	1878	1888	1899	1909	1909	1920	1931	1941	1952	1964	1964	1975	1986	1986	2009	2021	2057	2069	2069	2069	2082	2082	2107	2107	2133	2147	2160	2174	2187	2215	2215	2230	0	0	0	0	0	0	0	0	0	0	0	0	0	0	0	0	0	0	0	0	0	0	0	0	0	0	0	0	0	0	0	0	0	0	0	0	0	0	0	0	0	0	0	0	0	0	0	0	0	0	0	0	0	0	0	0	0	0	0	0	0	0	0	0	0	0	0	0	0	0	0	0	0	0	0	0	0	0	0	0	0	0	0	0	0	0	0	0	0	0	0	0	0	0	0	0	0	0	0	0	0	0	0	0	0	0	0	0	0	0	0	0	0	0	0	0	0	0	0	0	0	0	0	0	0	0	0	0	0	0	0	0	0	0	0	0	0	0	0	0	0	0	0	0	0	0	0	0	0	0	0	0	0	0	0	0	0	0	0	0	0	0	0	0	0	0	0	0	0	0	0	0	0	0	0	0	0	0	0	0	0	0	2244	2230	2230	2201	2174	2160	2147	2133	2133	2120	2133	2133	2133	2133	2133	2133	2133	2147	2160	2160	2160	2160	2160	2160	2160	2160	2160	2160	2174	2174	2174	2174	2174	2174	2174	2174	2174	2174	2174	2174	2174	2174	2174	2174	2174	2174	2174	2174	2174	2174	2174	2174	2174	2174	2174	2174	2174	2174	2174	2174	2174	2174	2174	2174	2174	2174	2174	2174	2174	2160	2160	2160	2174	2174	2174	2174	2174	2174	2174	2174	2174	2160	2160	2160	2160	2160	2160	2160	2174	2174	2174	2174	2174	2174	2174	2174	2174	2174	2174	2174	2174	2174	2174	2174	2174	2174	2174	2174	2174	2174	2174	2187	2187	2187	2187	2187	0	0	0	0	0	0	0	0	0	0	0	0	0	0	0	0	0	0	0	0	0	0	0	0	0	0	0	0	0	0	946	944	944	941	939	939	939	939	936	936	936	936	936	933	933	928	926	0	921	919	919	919	916	916	916	916	916	914	914	911	909	907	904	902	899	897	895	892	890	890	890	888	888	888	886	881	881	879	879	877	874	874	872	872	872	870	870	868	0	866	863	863	863	863	859	857	855	851	849	842	838	836	836	834	832	830	828	828	828	828	826	824	822	820	818	0	0	0	0	0	0	0	0	0	0	0	0	0	0	0	0	0	0	0	0	0	0	0	0	0	0	0	0	0	0	0	0	0	0	0	0	0	0	0	0	0	0	0	0	0	0	0	0	0	0	0	0	0	0	0	0	0	0	0	0	0	0	0	0	0	0	0	0	0	0	0	0	0	0	0	0	0	0	0	0	0	0	0	0	0	0	0	0	0	0	0	0	0	0	0	0	0	0	0	0	0	0	0	0	0	0	0	0	0	0	0	0	0	0	0	0	0	0	0	0	0	0	0	0	0	0	0	0	0	0	0	0	0	0	0	0	0	0	0	0	0	0	0	0	0	0	0	0	0	0	0	0	0	0	0	
0	0	0	0	0	0	0	0	0	0	0	0	0	0	0	0	0	0	0	0	0	0	0	0	0	0	0	0	0	0	0	0	0	0	0	0	1848	1858	1858	1868	1888	1899	1899	1909	1920	1920	1931	1941	1952	1952	1964	1975	1986	1986	2009	2021	2057	2069	2069	2069	2082	2082	2107	2120	2133	2160	2174	2187	2201	2215	2215	2230	0	0	0	0	0	0	0	0	0	0	0	0	0	0	0	0	0	0	0	0	0	0	0	0	0	0	0	0	0	0	0	0	0	0	0	0	0	0	0	0	0	0	0	0	0	0	0	0	0	0	0	0	0	0	0	0	0	0	0	0	0	0	0	0	0	0	0	0	0	0	0	0	0	0	0	0	0	0	0	0	0	0	0	0	0	0	0	0	0	0	0	0	0	0	0	0	0	0	0	0	0	0	0	0	0	0	0	0	0	0	0	0	0	0	0	0	0	0	0	0	0	0	0	0	0	0	0	0	0	0	0	0	0	0	0	0	0	0	0	0	0	0	0	0	0	0	0	0	0	0	0	0	0	0	0	0	0	0	0	0	0	0	0	0	0	0	0	0	0	0	0	0	0	0	0	0	0	0	0	0	0	0	2244	2230	2230	2201	2160	2160	2147	2133	2133	2120	2120	2133	2133	2133	2133	2133	2133	2147	2147	2147	2160	2160	2160	2160	2160	2160	2174	2160	2174	2174	2174	2174	2174	2174	2174	2174	2174	2174	2174	2174	2174	2174	2174	2174	2174	2174	2174	2174	2174	2174	2174	2174	2174	2174	2174	2174	2174	2174	2174	2174	2174	2174	2174	2174	2174	2174	2174	2174	2174	2160	2160	2160	2160	2160	2174	2174	2174	2174	2174	2174	2174	2160	2160	2160	2160	2160	2160	2160	2160	2174	2174	2174	2174	2174	2174	2174	2174	2160	2160	2160	2174	2160	2174	2174	2174	2174	2174	2174	2174	2174	2174	2174	2174	2187	2174	2201	0	0	0	0	0	0	0	0	0	0	0	0	0	0	0	0	0	0	0	0	0	0	0	0	0	0	0	0	0	946	946	944	941	939	939	939	939	936	936	936	936	936	933	933	931	928	926	0	921	919	919	916	916	916	916	916	916	914	914	911	909	907	904	902	899	897	892	892	890	890	890	888	888	888	886	883	881	879	879	877	874	874	874	872	872	870	870	868	0	866	866	863	863	863	859	859	857	855	849	840	838	836	836	834	832	830	830	828	828	826	826	824	822	820	818	0	0	0	0	0	0	0	0	0	0	0	0	0	0	0	0	0	0	0	0	0	0	0	0	0	0	0	0	0	0	0	0	0	0	0	0	0	0	0	0	0	0	0	0	0	0	0	0	0	0	0	0	0	0	0	0	0	0	0	0	0	0	0	0	0	0	0	0	0	0	0	0	0	0	0	0	0	0	0	0	0	0	0	0	0	0	0	0	0	0	0	0	0	0	0	0	0	0	0	0	0	0	0	0	0	0	0	0	0	0	0	0	0	0	0	0	0	0	0	0	0	0	0	0	0	0	0	0	0	0	0	0	0	0	0	0	0	0	0	0	0	0	0	0	0	0	0	0	0	0	0	0	0	0	0	
0	0	0	0	0	0	0	0	0	0	0	0	0	0	0	0	0	0	0	0	0	0	0	0	0	0	0	0	0	0	0	0	0	0	0	0	1848	1858	1858	1868	1888	1899	1899	1909	1909	1920	1931	1941	1952	1952	1964	1975	1975	1986	2021	2021	2033	2057	2069	2069	2082	2082	2095	2120	2133	2160	2174	2187	2215	2215	2215	2230	0	0	0	0	0	0	0	0	0	0	0	0	0	0	0	0	0	0	0	0	0	0	0	0	0	0	0	0	0	0	0	0	0	0	0	0	0	0	0	0	0	0	0	0	0	0	0	0	0	0	0	0	0	0	0	0	0	0	0	0	0	0	0	0	0	0	0	0	0	0	0	0	0	0	0	0	0	0	0	0	0	0	0	0	0	0	0	0	0	0	0	0	0	0	0	0	0	0	0	0	0	0	0	0	0	0	0	0	0	0	0	0	0	0	0	0	0	0	0	0	0	0	0	0	0	0	0	0	0	0	0	0	0	0	0	0	0	0	0	0	0	0	0	0	0	0	0	0	0	0	0	0	0	0	0	0	0	0	0	0	0	0	0	0	0	0	0	0	0	0	0	0	0	0	0	0	0	0	0	0	0	0	0	2215	2215	2201	2160	2160	2147	2133	2133	2120	2133	2133	2133	2133	2133	2133	2133	2133	2147	2147	2147	2160	2160	2160	2174	2174	2174	2160	2174	2174	2174	2174	2174	2174	2174	2174	2174	2174	2174	2174	2174	2174	2174	2174	2174	2174	2174	2174	2174	2174	2174	2174	2174	2174	2174	2174	2174	2174	2174	2174	2174	2174	2174	2174	2174	2174	2174	2174	2174	2160	2160	2160	2160	2160	2160	2174	2174	2174	2174	2160	2174	2160	2160	2160	2160	2160	2160	2160	2160	2160	2160	2174	2174	2174	2174	2174	2174	2174	2160	2160	2174	2160	2160	2174	2174	2174	2174	2174	2174	2174	2174	2174	2174	2174	2187	0	0	0	0	0	0	0	0	0	0	0	0	0	0	0	0	0	0	0	0	0	0	0	0	0	0	0	0	0	0	946	944	944	941	939	939	939	936	936	936	936	936	936	933	933	928	926	0	923	921	919	919	916	916	916	916	916	916	914	914	911	909	907	904	904	899	897	892	890	890	888	888	888	888	886	886	883	881	879	879	877	874	874	872	872	872	870	870	870	868	0	866	863	863	863	859	859	857	857	851	840	838	836	836	834	832	830	828	828	828	826	826	824	822	820	818	0	0	0	0	0	0	0	0	0	0	0	0	0	0	0	0	0	0	0	0	0	0	0	0	0	0	0	0	0	0	0	0	0	0	0	0	0	0	0	0	0	0	0	0	0	0	0	0	0	0	0	0	0	0	0	0	0	0	0	0	0	0	0	0	0	0	0	0	0	0	0	0	0	0	0	0	0	0	0	0	0	0	0	0	0	0	0	0	0	0	0	0	0	0	0	0	0	0	0	0	0	0	0	0	0	0	0	0	0	0	0	0	0	0	0	0	0	0	0	0	0	0	0	0	0	0	0	0	0	0	0	0	0	0	0	0	0	0	0	0	0	0	0	0	0	0	0	0	0	0	0	0	0	0	0	
0	0	0	0	0	0	0	0	0	0	0	0	0	0	0	0	0	0	0	0	0	0	0	0	0	0	0	0	0	0	0	0	0	0	0	0	1848	1858	1858	1868	1878	1888	1888	1899	1909	1920	1931	1952	1964	1964	1964	1975	1975	1986	2021	2033	2045	2057	2057	2069	2069	2082	2095	2120	2133	2160	2174	2201	2215	2215	2215	2230	0	0	0	0	0	0	0	0	0	0	0	0	0	0	0	0	0	0	0	0	0	0	0	0	0	0	0	0	0	0	0	0	0	0	0	0	0	0	0	0	0	0	0	0	0	0	0	0	0	0	0	0	0	0	0	0	0	0	0	0	0	0	0	0	0	0	0	0	0	0	0	0	0	0	0	0	0	0	0	0	0	0	0	0	0	0	0	0	0	0	0	0	0	0	0	0	0	0	0	0	0	0	0	0	0	0	0	0	0	0	0	0	0	0	0	0	0	0	0	0	0	0	0	0	0	0	0	0	0	0	0	0	0	0	0	0	0	0	0	0	0	0	0	0	0	0	0	0	0	0	0	0	0	0	0	0	0	0	0	0	0	0	0	0	0	0	0	0	0	0	0	0	0	0	0	0	0	0	0	0	0	0	2215	2201	2201	2201	2174	2160	2147	2133	2133	2120	2133	2133	2133	2133	2133	2133	2133	2133	2147	2147	2147	2160	2160	2160	2174	2174	2160	2160	2174	2174	2174	2174	2174	2174	2174	2174	2174	2174	2174	2174	2174	2174	2174	2174	2174	2174	2174	2174	2174	2174	2174	2174	2174	2174	2174	2174	2174	2174	2174	2174	2174	2174	2174	2174	2174	2174	2174	2174	2174	2160	2160	2160	2160	2160	2174	2160	2174	2174	2174	2160	2160	2160	2160	2160	2160	2160	2160	2160	2160	2160	2160	2174	2174	2174	2174	2174	2174	2174	2160	2160	2174	2160	2174	2174	2174	2174	2174	2174	2174	2174	2174	2174	2174	2187	2187	0	0	0	0	0	0	0	0	0	0	0	0	0	0	0	0	0	0	0	0	0	0	0	0	0	0	0	0	0	946	946	944	941	941	939	939	936	936	936	936	933	933	933	931	928	926	926	923	921	919	919	916	916	916	916	916	916	916	914	914	911	909	907	904	902	899	897	892	890	890	888	888	888	888	886	886	883	881	881	879	879	877	874	872	872	872	870	870	870	868	0	866	863	863	863	859	859	857	855	851	842	838	836	836	834	832	830	828	828	828	826	824	824	822	820	818	0	0	0	0	0	0	0	0	0	0	0	0	0	0	0	0	0	0	0	0	0	0	0	0	0	0	0	0	0	0	0	0	0	0	0	0	0	0	0	0	0	0	0	0	0	0	0	0	0	0	0	0	0	0	0	0	0	0	0	0	0	0	0	0	0	0	0	0	0	0	0	0	0	0	0	0	0	0	0	0	0	0	0	0	0	0	0	0	0	0	0	0	0	0	0	0	0	0	0	0	0	0	0	0	0	0	0	0	0	0	0	0	0	0	0	0	0	0	0	0	0	0	0	0	0	0	0	0	0	0	0	0	0	0	0	0	0	0	0	0	0	0	0	0	0	0	0	0	0	0	0	0	0	0	0	
0	0	0	0	0	0	0	0	0	0	0	0	0	0	0	0	0	0	0	0	0	0	0	0	0	0	0	0	0	0	0	0	0	0	0	0	1858	1868	1868	1878	1888	1888	1888	1899	1899	1909	1931	1941	1964	1964	1964	1975	1975	1986	2021	2033	2045	2057	2057	2069	2069	2069	2095	2120	2133	2174	2174	2201	2215	2215	2215	2230	2230	0	0	0	0	0	0	0	0	0	0	0	0	0	0	0	0	0	0	0	0	0	0	0	0	0	0	0	0	0	0	0	0	0	0	0	0	0	0	0	0	0	0	0	0	0	0	0	0	0	0	0	0	0	0	0	0	0	0	0	0	0	0	0	0	0	0	0	0	0	0	0	0	0	0	0	0	0	0	0	0	0	0	0	0	0	0	0	0	0	0	0	0	0	0	0	0	0	0	0	0	0	0	0	0	0	0	0	0	0	0	0	0	0	0	0	0	0	0	0	0	0	0	0	0	0	0	0	0	0	0	0	0	0	0	0	0	0	0	0	0	0	0	0	0	0	0	0	0	0	0	0	0	0	0	0	0	0	0	0	0	0	0	0	0	0	0	0	0	0	0	0	0	0	0	0	0	0	0	0	0	0	2215	2201	2201	2187	2174	2160	2160	2147	2133	2133	2133	2133	2133	2133	2133	2133	2133	2133	2147	2147	2147	2147	2147	2160	2174	2160	2160	2160	2160	2174	2174	2174	2174	2174	2174	2174	2174	2174	2174	2174	2174	2174	2174	2174	2174	2174	2174	2174	2174	2174	2174	2174	2174	2174	2174	2174	2174	2174	2174	2174	2174	2174	2174	2174	2174	2174	2174	2174	2174	2160	2160	2160	2160	2160	2160	2160	2160	2160	2174	2160	2174	2160	2160	2160	2160	2160	2160	2160	2160	2160	2160	2174	2174	2174	2174	2174	2160	2160	2160	2160	2174	2174	2174	2174	2174	2174	2174	2174	2174	2174	2174	2174	2174	2174	0	0	0	0	0	0	0	0	0	0	0	0	0	0	0	0	0	0	0	0	0	0	0	0	0	0	0	0	952	946	946	944	941	941	939	936	936	936	936	933	933	933	933	931	928	928	926	0	923	921	919	916	916	916	916	916	916	916	916	914	911	909	909	907	904	902	899	897	895	890	890	888	888	888	888	886	886	883	881	881	879	879	877	874	874	872	872	872	870	870	868	0	866	863	863	863	859	859	857	857	851	840	838	836	834	832	830	830	828	826	826	824	824	822	822	820	820	0	0	0	0	0	0	0	0	0	0	0	0	0	0	0	0	0	0	0	0	0	0	0	0	0	0	0	0	0	0	0	0	0	0	0	0	0	0	0	0	0	0	0	0	0	0	0	0	0	0	0	0	0	0	0	0	0	0	0	0	0	0	0	0	0	0	0	0	0	0	0	0	0	0	0	0	0	0	0	0	0	0	0	0	0	0	0	0	0	0	0	0	0	0	0	0	0	0	0	0	0	0	0	0	0	0	0	0	0	0	0	0	0	0	0	0	0	0	0	0	0	0	0	0	0	0	0	0	0	0	0	0	0	0	0	0	0	0	0	0	0	0	0	0	0	0	0	0	0	0	0	0	0	0	0	
0	0	0	0	0	0	0	0	0	0	0	0	0	0	0	0	0	0	0	0	0	0	0	0	0	0	0	0	0	0	0	0	0	0	0	0	1858	1868	1878	1878	1888	1888	1888	1899	1899	1909	1931	1941	1952	1952	1964	1975	1975	1986	2033	2033	2045	2057	2069	2069	2069	2069	2082	2120	2147	2160	2174	2215	2201	2215	2215	2230	2230	0	0	0	0	0	0	0	0	0	0	0	0	0	0	0	0	0	0	0	0	0	0	0	0	0	0	0	0	0	0	0	0	0	0	0	0	0	0	0	0	0	0	0	0	0	0	0	0	0	0	0	0	0	0	0	0	0	0	0	0	0	0	0	0	0	0	0	0	0	0	0	0	0	0	0	0	0	0	0	0	0	0	0	0	0	0	0	0	0	0	0	0	0	0	0	0	0	0	0	0	0	0	0	0	0	0	0	0	0	0	0	0	0	0	0	0	0	0	0	0	0	0	0	0	0	0	0	0	0	0	0	0	0	0	0	0	0	0	0	0	0	0	0	0	0	0	0	0	0	0	0	0	0	0	0	0	0	0	0	0	0	0	0	0	0	0	0	0	0	0	0	0	0	0	0	0	0	0	0	0	0	2215	2201	2201	2187	2174	2174	2160	2147	2133	2133	2133	2133	2133	2133	2133	2133	2133	2133	2147	2147	2147	2147	2147	2160	2160	2160	2160	2147	2160	2160	2174	2174	2174	2174	2174	2174	2174	2174	2174	2174	2174	2174	2174	2174	2174	2174	2174	2174	2174	2174	2174	2174	2174	2174	2174	2174	2174	2174	2174	2174	2174	2174	2174	2174	2174	2174	2174	2174	2174	2160	2160	2160	2160	2160	2160	2160	2160	2160	2174	2174	2174	2174	2160	2160	2160	2160	2160	2160	2174	2174	2174	2174	2174	2174	2160	2160	2160	2160	2160	2160	2174	2174	2160	2160	2174	2174	2174	2174	2174	2174	2160	2160	0	0	0	0	0	0	0	0	0	0	0	0	0	0	0	0	0	0	0	0	0	0	0	0	0	0	0	0	0	949	949	946	944	941	941	939	939	936	936	933	933	933	933	931	931	931	928	926	926	0	921	919	919	916	916	916	916	916	916	916	916	914	911	909	907	904	904	902	899	897	892	890	890	888	888	888	888	886	883	883	881	879	879	877	874	874	872	872	872	870	870	868	0	866	863	863	863	863	859	857	857	857	851	840	838	836	834	834	830	830	828	826	826	824	824	822	820	820	818	0	0	0	0	0	0	0	0	0	0	0	0	0	0	0	0	0	0	0	0	0	0	0	0	0	0	0	0	0	0	0	0	0	0	0	0	0	0	0	0	0	0	0	0	0	0	0	0	0	0	0	0	0	0	0	0	0	0	0	0	0	0	0	0	0	0	0	0	0	0	0	0	0	0	0	0	0	0	0	0	0	0	0	0	0	0	0	0	0	0	0	0	0	0	0	0	0	0	0	0	0	0	0	0	0	0	0	0	0	0	0	0	0	0	0	0	0	0	0	0	0	0	0	0	0	0	0	0	0	0	0	0	0	0	0	0	0	0	0	0	0	0	0	0	0	0	0	0	0	0	0	0	0	0	0	
0	0	0	0	0	0	0	0	0	0	0	0	0	0	0	0	0	0	0	0	0	0	0	0	0	0	0	0	0	0	0	0	0	0	0	0	1858	1878	1878	1888	1888	1888	1899	1899	1899	1909	1931	1941	1952	1964	1964	1975	1975	1986	2033	2045	2045	2045	2069	2069	2082	2069	2082	2120	2133	2174	2187	2215	2215	2215	2215	2215	2230	0	0	0	0	0	0	0	0	0	0	0	0	0	0	0	0	0	0	0	0	0	0	0	0	0	0	0	0	0	0	0	0	0	0	0	0	0	0	0	0	0	0	0	0	0	0	0	0	0	0	0	0	0	0	0	0	0	0	0	0	0	0	0	0	0	0	0	0	0	0	0	0	0	0	0	0	0	0	0	0	0	0	0	0	0	0	0	0	0	0	0	0	0	0	0	0	0	0	0	0	0	0	0	0	0	0	0	0	0	0	0	0	0	0	0	0	0	0	0	0	0	0	0	0	0	0	0	0	0	0	0	0	0	0	0	0	0	0	0	0	0	0	0	0	0	0	0	0	0	0	0	0	0	0	0	0	0	0	0	0	0	0	0	0	0	0	0	0	0	0	0	0	0	0	0	0	0	0	0	0	0	2215	2201	2201	2187	2174	2174	2160	2147	2133	2133	2133	2133	2133	2133	2133	2133	2133	2133	2147	2147	2160	2160	2160	2160	2174	2160	2160	2160	2160	2160	2160	2160	2160	2174	2174	2174	2174	2174	2174	2174	2174	2174	2174	2174	2174	2174	2174	2174	2174	2174	2174	2174	2174	2174	2174	2174	2174	2174	2174	2174	2174	2174	2174	2174	2174	2174	2174	2174	2174	2160	2160	2160	2160	2160	2160	2160	2160	2174	2174	2174	2174	2174	2174	2174	2174	2174	2174	2174	2174	2174	2174	2174	2174	2174	2160	2160	2160	2160	2160	2160	2160	2160	2160	2160	2160	2160	2160	2174	2160	2160	2160	2147	0	0	0	0	0	0	0	0	0	0	0	0	0	0	0	0	0	0	0	0	0	0	0	0	0	0	0	0	0	949	949	946	944	941	939	939	936	936	933	933	933	933	931	931	928	928	928	926	0	923	921	919	916	916	916	916	916	916	916	914	916	914	911	909	907	904	902	899	899	895	892	890	888	888	888	888	886	886	883	883	881	879	877	877	874	874	872	872	872	870	870	868	0	866	863	863	863	861	859	857	857	855	851	849	842	836	836	832	830	828	828	826	826	824	822	822	820	818	0	0	0	0	0	0	0	0	0	0	0	0	0	0	0	0	0	0	0	0	0	0	0	0	0	0	0	0	0	0	0	0	0	0	0	0	0	0	0	0	0	0	0	0	0	0	0	0	0	0	0	0	0	0	0	0	0	0	0	0	0	0	0	0	0	0	0	0	0	0	0	0	0	0	0	0	0	0	0	0	0	0	0	0	0	0	0	0	0	0	0	0	0	0	0	0	0	0	0	0	0	0	0	0	0	0	0	0	0	0	0	0	0	0	0	0	0	0	0	0	0	0	0	0	0	0	0	0	0	0	0	0	0	0	0	0	0	0	0	0	0	0	0	0	0	0	0	0	0	0	0	0	0	0	0	0	
0	0	0	0	0	0	0	0	0	0	0	0	0	0	0	0	0	0	0	0	0	0	0	0	0	0	0	0	0	0	0	0	0	0	0	0	1858	1868	1878	1888	1888	1888	1899	1899	1899	1909	1941	1952	1964	1975	1975	1975	1986	2009	2033	2045	2045	2045	2069	2069	2082	2082	2082	2133	2147	2174	2201	2215	2215	2215	2215	2215	0	0	0	0	0	0	0	0	0	0	0	0	0	0	0	0	0	0	0	0	0	0	0	0	0	0	0	0	0	0	0	0	0	0	0	0	0	0	0	0	0	0	0	0	0	0	0	0	0	0	0	0	0	0	0	0	0	0	0	0	0	0	0	0	0	0	0	0	0	0	0	0	0	0	0	0	0	0	0	0	0	0	0	0	0	0	0	0	0	0	0	0	0	0	0	0	0	0	0	0	0	0	0	0	0	0	0	0	0	0	0	0	0	0	0	0	0	0	0	0	0	0	0	0	0	0	0	0	0	0	0	0	0	0	0	0	0	0	0	0	0	0	0	0	0	0	0	0	0	0	0	0	0	0	0	0	0	0	0	0	0	0	0	0	0	0	0	0	0	0	0	0	0	0	0	0	0	0	0	0	0	0	2201	2201	2187	2187	2174	2160	2160	2147	2133	2133	2133	2133	2133	2133	2133	2133	2133	2133	2147	2147	2147	2160	2160	2160	2174	2160	2160	2160	2160	2160	2160	2160	2160	2174	2174	2174	2174	2174	2174	2174	2174	2174	2174	2174	2160	2174	2174	2174	2174	2174	2174	2174	2174	2174	2174	2174	2174	2174	2174	2174	2174	2174	2174	2174	2174	2174	2174	2174	2174	2160	2160	2160	2160	2160	2160	2160	2174	2174	2174	2174	2174	2174	2174	2174	2174	2160	2174	2174	2174	2174	2174	2174	2174	2160	2160	2160	2174	2160	2160	2160	2174	2174	2174	2160	2160	2160	2160	2160	2160	2160	2147	0	0	0	0	0	0	0	0	0	0	0	0	0	0	0	0	0	0	0	0	0	0	0	0	0	0	0	0	0	0	949	949	946	944	939	939	936	936	933	933	933	931	931	931	928	928	928	926	926	0	923	921	919	916	916	914	914	914	916	916	914	916	914	911	909	907	904	902	899	897	895	892	890	888	888	888	886	886	883	883	883	881	879	877	877	874	874	872	872	872	870	870	868	0	866	863	863	861	861	859	857	857	855	851	849	844	838	836	832	830	828	828	826	826	824	822	822	820	818	0	0	0	0	0	0	0	0	0	0	0	0	0	0	0	0	0	0	0	0	0	0	0	0	0	0	0	0	0	0	0	0	0	0	0	0	0	0	0	0	0	0	0	0	0	0	0	0	0	0	0	0	0	0	0	0	0	0	0	0	0	0	0	0	0	0	0	0	0	0	0	0	0	0	0	0	0	0	0	0	0	0	0	0	0	0	0	0	0	0	0	0	0	0	0	0	0	0	0	0	0	0	0	0	0	0	0	0	0	0	0	0	0	0	0	0	0	0	0	0	0	0	0	0	0	0	0	0	0	0	0	0	0	0	0	0	0	0	0	0	0	0	0	0	0	0	0	0	0	0	0	0	0	0	0	0	
0	0	0	0	0	0	0	0	0	0	0	0	0	0	0	0	0	0	0	0	0	0	0	0	0	0	0	0	0	0	0	0	0	0	0	0	1858	1868	1868	1878	1888	1888	1899	1899	1899	1909	1952	1952	1964	1975	1975	1975	1986	1998	2033	2033	2045	2045	2057	2069	2082	2082	2095	2107	2147	2160	2187	2215	2215	2215	2215	2215	0	0	0	0	0	0	0	0	0	0	0	0	0	0	0	0	0	0	0	0	0	0	0	0	0	0	0	0	0	0	0	0	0	0	0	0	0	0	0	0	0	0	0	0	0	0	0	0	0	0	0	0	0	0	0	0	0	0	0	0	0	0	0	0	0	0	0	0	0	0	0	0	0	0	0	0	0	0	0	0	0	0	0	0	0	0	0	0	0	0	0	0	0	0	0	0	0	0	0	0	0	0	0	0	0	0	0	0	0	0	0	0	0	0	0	0	0	0	0	0	0	0	0	0	0	0	0	0	0	0	0	0	0	0	0	0	0	0	0	0	0	0	0	0	0	0	0	0	0	0	0	0	0	0	0	0	0	0	0	0	0	0	0	0	0	0	0	0	0	0	0	0	0	0	0	0	0	0	0	0	0	0	2201	2201	2187	2174	2160	2160	2147	2133	2133	2133	2133	2133	2120	2120	2133	2133	2120	2120	2147	2147	2147	2160	2160	2160	2174	2160	2160	2147	2147	2160	2160	2160	2160	2160	2160	2174	2174	2174	2174	2174	2174	2174	2174	2174	2160	2174	2174	2174	2174	2174	2174	2174	2174	2174	2174	2174	2174	2174	2174	2174	2174	2174	2174	2174	2174	2174	2174	2174	2174	2160	2160	2160	2160	2160	2160	2160	2174	2174	2174	2174	2174	2174	2174	2174	2174	2174	2174	2174	2174	2174	2174	2174	2174	2160	2160	2160	2174	2174	2174	2174	2174	2174	2174	2174	2174	2174	2160	2174	2160	2160	2147	0	0	0	0	0	0	0	0	0	0	0	0	0	0	0	0	0	0	0	0	0	0	0	0	0	0	0	0	0	0	949	946	944	941	939	936	936	933	933	931	931	931	931	928	928	928	926	926	0	923	923	919	919	916	914	914	914	914	914	916	914	914	911	911	909	907	902	899	897	897	892	892	888	888	888	888	886	886	883	883	881	881	879	877	877	874	872	872	872	872	870	868	0	866	863	863	863	861	861	859	857	855	853	851	849	844	840	836	834	830	828	826	826	824	824	822	822	820	818	0	0	0	0	0	0	0	0	0	0	0	0	0	0	0	0	0	0	0	0	0	0	0	0	0	0	0	0	0	0	0	0	0	0	0	0	0	0	0	0	0	0	0	0	0	0	0	0	0	0	0	0	0	0	0	0	0	0	0	0	0	0	0	0	0	0	0	0	0	0	0	0	0	0	0	0	0	0	0	0	0	0	0	0	0	0	0	0	0	0	0	0	0	0	0	0	0	0	0	0	0	0	0	0	0	0	0	0	0	0	0	0	0	0	0	0	0	0	0	0	0	0	0	0	0	0	0	0	0	0	0	0	0	0	0	0	0	0	0	0	0	0	0	0	0	0	0	0	0	0	0	0	0	0	0	0	
0	0	0	0	0	0	0	0	0	0	0	0	0	0	0	0	0	0	0	0	0	0	0	0	0	0	0	0	0	0	0	0	0	0	0	0	1858	1868	1878	1878	1888	1888	1899	1899	1909	1909	1952	1952	1964	1975	1975	1975	1986	1998	2033	2033	2045	2045	2057	2069	2082	2082	2095	2133	2133	2147	2174	2201	2201	2215	2215	2230	0	0	0	0	0	0	0	0	0	0	0	0	0	0	0	0	0	0	0	0	0	0	0	0	0	0	0	0	0	0	0	0	0	0	0	0	0	0	0	0	0	0	0	0	0	0	0	0	0	0	0	0	0	0	0	0	0	0	0	0	0	0	0	0	0	0	0	0	0	0	0	0	0	0	0	0	0	0	0	0	0	0	0	0	0	0	0	0	0	0	0	0	0	0	0	0	0	0	0	0	0	0	0	0	0	0	0	0	0	0	0	0	0	0	0	0	0	0	0	0	0	0	0	0	0	0	0	0	0	0	0	0	0	0	0	0	0	0	0	0	0	0	0	0	0	0	0	0	0	0	0	0	0	0	0	0	0	0	0	0	0	0	0	0	0	0	0	0	0	0	0	0	0	0	0	0	0	0	0	0	0	0	0	2201	2187	2187	2174	2160	2147	2133	2133	2133	2133	2133	2120	2133	2133	2133	2120	2120	2147	2147	2147	2160	2160	2160	2174	2160	2160	2160	2147	2147	2160	2160	2160	2160	2160	2174	2174	2174	2174	2174	2174	2174	2174	2174	2174	2174	2174	2174	2174	2174	2174	2174	2174	2174	2174	2174	2174	2174	2174	2174	2187	2174	2174	2174	2174	2174	2174	2174	2187	2160	2174	2160	2160	2160	2160	2160	2174	2174	2174	2174	2174	2174	2174	2174	2174	2174	2174	2174	2174	2174	2174	2174	2174	2174	2160	2160	2174	2174	2174	2174	2174	2174	2174	2174	2174	2174	2160	2174	2160	2160	0	0	0	0	0	0	0	0	0	0	0	0	0	0	0	0	0	0	0	0	0	0	0	0	0	0	0	0	0	0	946	946	946	941	941	936	936	933	933	931	931	928	928	928	928	928	926	926	926	0	923	921	919	916	914	914	914	914	914	914	914	914	914	914	909	907	904	902	899	897	895	892	890	888	888	888	888	886	886	883	883	881	879	879	877	874	874	872	872	872	872	870	868	0	866	863	863	863	861	861	859	855	855	853	851	849	844	838	836	832	828	828	826	824	824	822	822	820	820	818	0	0	0	0	0	0	0	0	0	0	0	0	0	0	0	0	0	0	0	0	0	0	0	0	0	0	0	0	0	0	0	0	0	0	0	0	0	0	0	0	0	0	0	0	0	0	0	0	0	0	0	0	0	0	0	0	0	0	0	0	0	0	0	0	0	0	0	0	0	0	0	0	0	0	0	0	0	0	0	0	0	0	0	0	0	0	0	0	0	0	0	0	0	0	0	0	0	0	0	0	0	0	0	0	0	0	0	0	0	0	0	0	0	0	0	0	0	0	0	0	0	0	0	0	0	0	0	0	0	0	0	0	0	0	0	0	0	0	0	0	0	0	0	0	0	0	0	0	0	0	0	0	0	0	0	0	
0	0	0	0	0	0	0	0	0	0	0	0	0	0	0	0	0	0	0	0	0	0	0	0	0	0	0	0	0	0	0	0	0	0	0	0	1858	1868	1878	1878	1888	1888	1899	1909	1909	1931	1952	1952	1964	1975	1975	1975	1986	1986	2021	2045	2045	2045	2057	2069	2082	2095	2095	2120	2133	2147	2160	2201	2215	2215	2230	2244	0	0	0	0	0	0	0	0	0	0	0	0	0	0	0	0	0	0	0	0	0	0	0	0	0	0	0	0	0	0	0	0	0	0	0	0	0	0	0	0	0	0	0	0	0	0	0	0	0	0	0	0	0	0	0	0	0	0	0	0	0	0	0	0	0	0	0	0	0	0	0	0	0	0	0	0	0	0	0	0	0	0	0	0	0	0	0	0	0	0	0	0	0	0	0	0	0	0	0	0	0	0	0	0	0	0	0	0	0	0	0	0	0	0	0	0	0	0	0	0	0	0	0	0	0	0	0	0	0	0	0	0	0	0	0	0	0	0	0	0	0	0	0	0	0	0	0	0	0	0	0	0	0	0	0	0	0	0	0	0	0	0	0	0	0	0	0	0	0	0	0	0	0	0	0	0	0	0	0	0	0	0	2215	2201	2187	2174	2160	2160	2147	2133	2133	2133	2133	2133	2133	2133	2133	2133	2120	2120	2147	2147	2160	2160	2160	2160	2174	2160	2160	2160	2147	2160	2160	2160	2160	2160	2160	2174	2174	2174	2174	2174	2174	2174	2174	2174	2174	2174	2174	2174	2174	2174	2174	2174	2174	2174	2174	2174	2174	2174	2174	2174	2187	2174	2174	2174	2174	2174	2174	2174	2187	2160	2174	2160	2160	2160	2160	2160	2160	2160	2160	2174	2160	2160	2174	2174	2174	2174	2174	2174	2174	2174	2174	2174	2174	2174	2160	2174	2174	2174	2174	2174	2174	2174	2174	2174	2174	2174	2160	2174	2160	2160	2160	0	0	0	0	0	0	0	0	0	0	0	0	0	0	0	0	0	0	0	0	0	0	0	0	0	0	0	0	0	944	944	944	941	939	936	933	933	931	928	928	928	928	928	928	926	926	926	926	0	923	921	919	916	914	911	911	911	911	911	911	911	911	911	909	907	904	902	899	895	892	890	890	888	888	886	888	886	886	883	881	881	879	879	877	874	874	872	872	872	870	870	868	0	866	863	863	861	861	861	859	855	855	853	851	849	844	838	836	832	828	828	826	826	824	822	822	820	820	818	0	0	0	0	0	0	0	0	0	0	0	0	0	0	0	0	0	0	0	0	0	0	0	0	0	0	0	0	0	0	0	0	0	0	0	0	0	0	0	0	0	0	0	0	0	0	0	0	0	0	0	0	0	0	0	0	0	0	0	0	0	0	0	0	0	0	0	0	0	0	0	0	0	0	0	0	0	0	0	0	0	0	0	0	0	0	0	0	0	0	0	0	0	0	0	0	0	0	0	0	0	0	0	0	0	0	0	0	0	0	0	0	0	0	0	0	0	0	0	0	0	0	0	0	0	0	0	0	0	0	0	0	0	0	0	0	0	0	0	0	0	0	0	0	0	0	0	0	0	0	0	0	0	0	0	0	
0	0	0	0	0	0	0	0	0	0	0	0	0	0	0	0	0	0	0	0	0	0	0	0	0	0	0	0	0	0	0	0	0	0	0	0	1858	1868	1868	1878	1888	1899	1909	1920	1920	1931	1952	1952	1964	1975	1975	1975	1986	1998	2021	2033	2045	2045	2057	2069	2082	2095	2107	2120	2120	2133	2160	2215	2215	2230	2230	2244	0	0	0	0	0	0	0	0	0	0	0	0	0	0	0	0	0	0	0	0	0	0	0	0	0	0	0	0	0	0	0	0	0	0	0	0	0	0	0	0	0	0	0	0	0	0	0	0	0	0	0	0	0	0	0	0	0	0	0	0	0	0	0	0	0	0	0	0	0	0	0	0	0	0	0	0	0	0	0	0	0	0	0	0	0	0	0	0	0	0	0	0	0	0	0	0	0	0	0	0	0	0	0	0	0	0	0	0	0	0	0	0	0	0	0	0	0	0	0	0	0	0	0	0	0	0	0	0	0	0	0	0	0	0	0	0	0	0	0	0	0	0	0	0	0	0	0	0	0	0	0	0	0	0	0	0	0	0	0	0	0	0	0	0	0	0	0	0	0	0	0	0	0	0	0	0	0	0	0	0	0	0	0	2187	2187	2174	2160	2147	2147	2133	2133	2133	2133	2133	2133	2133	2133	2133	2120	2120	2133	2147	2160	2160	2174	2174	2174	2160	2160	2160	2160	2160	2160	2160	2160	2160	2160	2160	2174	2174	2174	2174	2174	2174	2174	2174	2174	2174	2174	2174	2174	2174	2174	2174	2174	2174	2174	2174	2174	2174	2174	2187	2187	2174	2187	2174	2174	2174	2174	2174	2187	2160	2160	2160	2160	2160	2160	2160	2160	2160	2160	2160	2160	2160	2160	2174	2174	2174	2174	2174	2174	2174	2174	2174	2174	2174	2160	2174	2174	2174	2174	2174	2174	2174	2174	2174	2174	2174	2160	2174	2160	2160	0	0	0	0	0	0	0	0	0	0	0	0	0	0	0	0	0	0	0	0	0	0	0	0	0	0	0	0	0	946	944	944	941	939	939	936	933	931	928	928	928	928	928	928	926	926	926	926	0	923	921	919	919	916	911	911	911	911	911	911	911	911	911	911	909	907	904	902	899	895	892	890	890	888	888	886	886	883	883	881	881	881	879	877	877	874	872	872	872	872	870	870	868	0	866	863	863	863	861	861	859	855	855	853	851	849	844	840	836	832	830	828	826	826	824	822	822	820	820	0	0	0	0	0	0	0	0	0	0	0	0	0	0	0	0	0	0	0	0	0	0	0	0	0	0	0	0	0	0	0	0	0	0	0	0	0	0	0	0	0	0	0	0	0	0	0	0	0	0	0	0	0	0	0	0	0	0	0	0	0	0	0	0	0	0	0	0	0	0	0	0	0	0	0	0	0	0	0	0	0	0	0	0	0	0	0	0	0	0	0	0	0	0	0	0	0	0	0	0	0	0	0	0	0	0	0	0	0	0	0	0	0	0	0	0	0	0	0	0	0	0	0	0	0	0	0	0	0	0	0	0	0	0	0	0	0	0	0	0	0	0	0	0	0	0	0	0	0	0	0	0	0	0	0	0	0	
0	0	0	0	0	0	0	0	0	0	0	0	0	0	0	0	0	0	0	0	0	0	0	0	0	0	0	0	0	0	0	0	0	0	0	0	1848	1858	1858	1868	1888	1888	1899	1920	1920	1931	1952	1952	1964	1975	1975	1986	1986	1998	2021	2033	2045	2045	2057	2082	2095	2107	2107	2120	2120	2133	2174	2215	2215	2230	2230	2244	0	0	0	0	0	0	0	0	0	0	0	0	0	0	0	0	0	0	0	0	0	0	0	0	0	0	0	0	0	0	0	0	0	0	0	0	0	0	0	0	0	0	0	0	0	0	0	0	0	0	0	0	0	0	0	0	0	0	0	0	0	0	0	0	0	0	0	0	0	0	0	0	0	0	0	0	0	0	0	0	0	0	0	0	0	0	0	0	0	0	0	0	0	0	0	0	0	0	0	0	0	0	0	0	0	0	0	0	0	0	0	0	0	0	0	0	0	0	0	0	0	0	0	0	0	0	0	0	0	0	0	0	0	0	0	0	0	0	0	0	0	0	0	0	0	0	0	0	0	0	0	0	0	0	0	0	0	0	0	0	0	0	0	0	0	0	0	0	0	0	0	0	0	0	0	0	0	0	0	0	0	0	0	2187	2174	2174	2160	2147	2133	2133	2133	2133	2133	2133	2133	2133	2133	2120	2120	2120	2133	2133	2147	2160	2174	2174	2174	2160	2160	2160	2160	2160	2160	2160	2160	2160	2160	2160	2160	2160	2174	2174	2174	2160	2174	2174	2174	2174	2174	2174	2174	2174	2174	2174	2174	2174	2174	2174	2174	2174	2174	2187	2187	2187	2187	2174	2174	2174	2174	2174	2187	2160	2160	2174	2174	2174	2160	2160	2174	2160	2160	2160	2160	2160	2160	2160	2174	2174	2174	2174	2174	2174	2174	2174	2174	2174	2160	2174	2174	2174	2174	2174	2174	2174	2174	2174	2174	2174	2160	2174	2160	0	0	0	0	0	0	0	0	0	0	0	0	0	0	0	0	0	0	0	0	0	0	0	0	0	0	0	0	0	946	946	944	944	941	939	936	933	931	928	928	928	928	928	928	928	926	926	926	0	923	923	921	919	916	914	911	909	909	911	911	911	911	909	911	909	909	907	904	902	897	892	890	890	890	888	888	886	886	886	883	881	881	881	879	879	877	874	874	872	872	872	870	870	868	0	866	863	863	863	861	861	859	857	855	855	853	849	844	838	836	832	828	828	826	826	824	822	822	822	820	818	0	0	0	0	0	0	0	0	0	0	0	0	0	0	0	0	0	0	0	0	0	0	0	0	0	0	0	0	0	0	0	0	0	0	0	0	0	0	0	0	0	0	0	0	0	0	0	0	0	0	0	0	0	0	0	0	0	0	0	0	0	0	0	0	0	0	0	0	0	0	0	0	0	0	0	0	0	0	0	0	0	0	0	0	0	0	0	0	0	0	0	0	0	0	0	0	0	0	0	0	0	0	0	0	0	0	0	0	0	0	0	0	0	0	0	0	0	0	0	0	0	0	0	0	0	0	0	0	0	0	0	0	0	0	0	0	0	0	0	0	0	0	0	0	0	0	0	0	0	0	0	0	0	0	0	0	
0	0	0	0	0	0	0	0	0	0	0	0	0	0	0	0	0	0	0	0	0	0	0	0	0	0	0	0	0	0	0	0	0	0	0	0	1848	1858	1858	1868	1878	1888	1899	1909	1920	1931	1941	1952	1952	1964	1975	1986	1986	1998	2009	2033	2045	2045	2069	2095	2107	2107	2107	2120	2120	2133	2174	2215	2230	2244	2244	2259	0	0	0	0	0	0	0	0	0	0	0	0	0	0	0	0	0	0	0	0	0	0	0	0	0	0	0	0	0	0	0	0	0	0	0	0	0	0	0	0	0	0	0	0	0	0	0	0	0	0	0	0	0	0	0	0	0	0	0	0	0	0	0	0	0	0	0	0	0	0	0	0	0	0	0	0	0	0	0	0	0	0	0	0	0	0	0	0	0	0	0	0	0	0	0	0	0	0	0	0	0	0	0	0	0	0	0	0	0	0	0	0	0	0	0	0	0	0	0	0	0	0	0	0	0	0	0	0	0	0	0	0	0	0	0	0	0	0	0	0	0	0	0	0	0	0	0	0	0	0	0	0	0	0	0	0	0	0	0	0	0	0	0	0	0	0	0	0	0	0	0	0	0	0	0	0	0	0	0	0	0	0	2201	2187	2174	2174	2160	2147	2133	2133	2133	2133	2133	2133	2133	2133	2133	2133	2120	2120	2133	2133	2133	2160	2174	2174	2174	2174	2160	2160	2160	2160	2160	2147	2160	2160	2160	2160	2160	2160	2160	2174	2174	2174	2174	2174	2174	2174	2174	2174	2174	2174	2174	2174	2174	2174	2174	2174	2174	2174	2174	2187	2187	2187	2174	2174	2174	2174	2174	2174	2187	2174	2174	2174	2174	2174	2160	2160	2160	2160	2160	2160	2160	2160	2160	2160	2160	2160	2174	2174	2174	2174	2174	2174	2174	2174	2160	2160	2174	2174	2174	2174	2174	2174	2174	2174	2174	2174	2160	2160	2160	0	0	0	0	0	0	0	0	0	0	0	0	0	0	0	0	0	0	0	0	0	0	0	0	0	0	0	0	949	946	946	944	941	941	939	936	931	931	928	928	926	926	926	926	926	926	926	926	0	923	921	919	916	914	911	911	909	909	909	911	911	911	909	909	909	909	907	904	902	897	892	890	890	888	888	888	886	886	886	883	881	881	881	879	879	877	874	874	872	872	870	870	870	868	0	866	863	863	863	861	861	859	857	855	855	853	849	844	838	834	830	828	826	826	826	824	822	822	820	820	818	0	0	0	0	0	0	0	0	0	0	0	0	0	0	0	0	0	0	0	0	0	0	0	0	0	0	0	0	0	0	0	0	0	0	0	0	0	0	0	0	0	0	0	0	0	0	0	0	0	0	0	0	0	0	0	0	0	0	0	0	0	0	0	0	0	0	0	0	0	0	0	0	0	0	0	0	0	0	0	0	0	0	0	0	0	0	0	0	0	0	0	0	0	0	0	0	0	0	0	0	0	0	0	0	0	0	0	0	0	0	0	0	0	0	0	0	0	0	0	0	0	0	0	0	0	0	0	0	0	0	0	0	0	0	0	0	0	0	0	0	0	0	0	0	0	0	0	0	0	0	0	0	0	0	0	0	
0	0	0	0	0	0	0	0	0	0	0	0	0	0	0	0	0	0	0	0	0	0	0	0	0	0	0	0	0	0	0	0	0	0	0	0	1848	1858	1858	1868	1878	1888	1899	1909	1920	1931	1941	1941	1952	1964	1975	1986	1986	1998	2009	2021	2033	2057	2069	2107	2107	2120	2120	2120	2133	2147	2174	2215	2215	2230	2244	2259	0	0	0	0	0	0	0	0	0	0	0	0	0	0	0	0	0	0	0	0	0	0	0	0	0	0	0	0	0	0	0	0	0	0	0	0	0	0	0	0	0	0	0	0	0	0	0	0	0	0	0	0	0	0	0	0	0	0	0	0	0	0	0	0	0	0	0	0	0	0	0	0	0	0	0	0	0	0	0	0	0	0	0	0	0	0	0	0	0	0	0	0	0	0	0	0	0	0	0	0	0	0	0	0	0	0	0	0	0	0	0	0	0	0	0	0	0	0	0	0	0	0	0	0	0	0	0	0	0	0	0	0	0	0	0	0	0	0	0	0	0	0	0	0	0	0	0	0	0	0	0	0	0	0	0	0	0	0	0	0	0	0	0	0	0	0	0	0	0	0	0	0	0	0	0	0	0	0	0	0	0	0	0	2187	2187	2187	2160	2147	2147	2133	2133	2133	2133	2133	2133	2133	2133	2133	2120	2120	2133	2133	2133	2160	2160	2174	2174	2174	2160	2160	2160	2160	2160	2147	2160	2160	2160	2160	2160	2160	2160	2174	2174	2174	2174	2174	2174	2174	2174	2174	2174	2174	2174	2174	2174	2174	2174	2174	2174	2174	2174	2187	2187	2187	2174	2174	2174	2174	2174	2174	2187	2160	2174	2174	2174	2174	2160	2160	2160	2160	2160	2160	2160	2160	2160	2160	2160	2174	2174	2174	2174	2174	2174	2174	2174	2160	2160	2160	2174	2174	2174	2174	2174	2174	2174	2174	2174	2160	2160	2160	2147	0	0	0	0	0	0	0	0	0	0	0	0	0	0	0	0	0	0	0	0	0	0	0	0	0	0	0	0	949	946	946	944	941	941	936	936	931	928	928	926	926	926	926	926	926	926	926	0	923	923	921	916	916	914	911	911	909	909	909	909	911	911	909	909	909	909	907	904	899	897	892	892	890	890	888	888	888	886	886	883	883	881	881	879	879	877	874	872	872	872	870	870	868	868	0	866	863	863	863	861	861	859	857	855	855	853	849	842	836	834	832	828	828	826	826	824	822	822	820	820	816	0	0	0	0	0	0	0	0	0	0	0	0	0	0	0	0	0	0	0	0	0	0	0	0	0	0	0	0	0	0	0	0	0	0	0	0	0	0	0	0	0	0	0	0	0	0	0	0	0	0	0	0	0	0	0	0	0	0	0	0	0	0	0	0	0	0	0	0	0	0	0	0	0	0	0	0	0	0	0	0	0	0	0	0	0	0	0	0	0	0	0	0	0	0	0	0	0	0	0	0	0	0	0	0	0	0	0	0	0	0	0	0	0	0	0	0	0	0	0	0	0	0	0	0	0	0	0	0	0	0	0	0	0	0	0	0	0	0	0	0	0	0	0	0	0	0	0	0	0	0	0	0	0	0	0	0	
0	0	0	0	0	0	0	0	0	0	0	0	0	0	0	0	0	0	0	0	0	0	0	0	0	0	0	0	0	0	0	0	0	0	0	0	1848	1858	1858	1878	1878	1888	1899	1909	1920	1931	1931	1941	1941	1952	1975	1975	1986	1986	2009	2021	2033	2057	2057	2095	2107	2107	2107	2120	2120	2133	2174	2201	2215	2244	2259	2274	0	0	0	0	0	0	0	0	0	0	0	0	0	0	0	0	0	0	0	0	0	0	0	0	0	0	0	0	0	0	0	0	0	0	0	0	0	0	0	0	0	0	0	0	0	0	0	0	0	0	0	0	0	0	0	0	0	0	0	0	0	0	0	0	0	0	0	0	0	0	0	0	0	0	0	0	0	0	0	0	0	0	0	0	0	0	0	0	0	0	0	0	0	0	0	0	0	0	0	0	0	0	0	0	0	0	0	0	0	0	0	0	0	0	0	0	0	0	0	0	0	0	0	0	0	0	0	0	0	0	0	0	0	0	0	0	0	0	0	0	0	0	0	0	0	0	0	0	0	0	0	0	0	0	0	0	0	0	0	0	0	0	0	0	0	0	0	0	0	0	0	0	0	0	0	0	0	0	0	0	0	0	0	2215	2201	2187	2174	2160	2147	2133	2133	2133	2133	2133	2133	2133	2133	2133	2120	2133	2133	2133	2133	2147	2160	2174	2174	2160	2160	2160	2160	2160	2160	2160	2160	2160	2160	2160	2160	2160	2160	2174	2174	2174	2174	2174	2174	2174	2174	2174	2174	2174	2174	2174	2174	2174	2174	2174	2174	2174	2187	2187	2187	2187	2174	2174	2174	2174	2174	2174	2174	2160	2174	2174	2174	2174	2160	2160	2160	2160	2160	2160	2160	2160	2160	2160	2160	2160	2174	2174	2174	2174	2174	2174	2174	2174	2160	2160	2160	2174	2160	2174	2174	2174	2160	2174	2160	2160	2160	2160	0	0	0	0	0	0	0	0	0	0	0	0	0	0	0	0	0	0	0	0	0	0	0	0	0	0	0	0	0	949	946	944	944	941	941	936	933	928	928	926	926	926	926	926	926	926	926	923	923	921	921	919	916	914	911	911	911	909	909	909	909	909	909	909	909	909	907	907	904	899	897	895	892	890	890	888	888	886	886	886	883	883	881	881	879	879	877	874	872	872	872	870	870	868	0	866	866	863	863	863	861	861	859	857	855	855	853	849	840	836	834	832	828	828	826	826	824	822	822	820	820	818	0	0	0	0	0	0	0	0	0	0	0	0	0	0	0	0	0	0	0	0	0	0	0	0	0	0	0	0	0	0	0	0	0	0	0	0	0	0	0	0	0	0	0	0	0	0	0	0	0	0	0	0	0	0	0	0	0	0	0	0	0	0	0	0	0	0	0	0	0	0	0	0	0	0	0	0	0	0	0	0	0	0	0	0	0	0	0	0	0	0	0	0	0	0	0	0	0	0	0	0	0	0	0	0	0	0	0	0	0	0	0	0	0	0	0	0	0	0	0	0	0	0	0	0	0	0	0	0	0	0	0	0	0	0	0	0	0	0	0	0	0	0	0	0	0	0	0	0	0	0	0	0	0	0	0	0	
0	0	0	0	0	0	0	0	0	0	0	0	0	0	0	0	0	0	0	0	0	0	0	0	0	0	0	0	0	0	0	0	0	0	0	0	1838	1848	1858	1878	1878	1888	1888	1899	1909	1920	1931	1931	1941	1952	1975	1986	1986	1998	2009	2033	2033	2045	2069	2107	2107	2107	2107	2120	2120	2133	2174	2201	2215	2244	2244	2259	2274	0	0	0	0	0	0	0	0	0	0	0	0	0	0	0	0	0	0	0	0	0	0	0	0	0	0	0	0	0	0	0	0	0	0	0	0	0	0	0	0	0	0	0	0	0	0	0	0	0	0	0	0	0	0	0	0	0	0	0	0	0	0	0	0	0	0	0	0	0	0	0	0	0	0	0	0	0	0	0	0	0	0	0	0	0	0	0	0	0	0	0	0	0	0	0	0	0	0	0	0	0	0	0	0	0	0	0	0	0	0	0	0	0	0	0	0	0	0	0	0	0	0	0	0	0	0	0	0	0	0	0	0	0	0	0	0	0	0	0	0	0	0	0	0	0	0	0	0	0	0	0	0	0	0	0	0	0	0	0	0	0	0	0	0	0	0	0	0	0	0	0	0	0	0	0	0	0	0	0	0	0	0	2201	2187	2187	2160	2147	2147	2133	2133	2133	2133	2133	2133	2133	2133	2133	2120	2133	2133	2133	2133	2147	2160	2160	2160	2160	2160	2160	2174	2174	2174	2160	2174	2174	2174	2174	2160	2160	2160	2174	2174	2174	2174	2174	2174	2174	2174	2174	2174	2174	2174	2174	2174	2174	2174	2174	2174	2174	2174	2187	2187	2187	2174	2174	2174	2174	2174	2174	2174	2160	2160	2160	2160	2160	2160	2160	2160	2160	2160	2160	2160	2160	2160	2160	2160	2160	2160	2174	2160	2174	2174	2174	2160	2174	2160	2160	2160	2160	2160	2174	2160	2160	2160	2160	2160	2160	2160	0	0	0	0	0	0	0	0	0	0	0	0	0	0	0	0	0	0	0	0	0	0	0	0	0	0	0	0	0	0	949	946	944	941	941	939	933	933	928	928	926	926	926	926	926	926	0	923	923	921	921	919	916	914	914	911	909	909	909	909	909	909	909	909	909	909	909	907	907	904	899	897	895	892	892	890	888	888	888	886	886	883	883	881	881	879	879	877	874	872	872	872	870	870	868	0	866	866	863	863	861	861	861	857	857	855	853	853	849	844	836	834	832	828	828	826	826	824	824	822	820	820	818	0	0	0	0	0	0	0	0	0	0	0	0	0	0	0	0	0	0	0	0	0	0	0	0	0	0	0	0	0	0	0	0	0	0	0	0	0	0	0	0	0	0	0	0	0	0	0	0	0	0	0	0	0	0	0	0	0	0	0	0	0	0	0	0	0	0	0	0	0	0	0	0	0	0	0	0	0	0	0	0	0	0	0	0	0	0	0	0	0	0	0	0	0	0	0	0	0	0	0	0	0	0	0	0	0	0	0	0	0	0	0	0	0	0	0	0	0	0	0	0	0	0	0	0	0	0	0	0	0	0	0	0	0	0	0	0	0	0	0	0	0	0	0	0	0	0	0	0	0	0	0	0	0	0	0	0	
0	0	0	0	0	0	0	0	0	0	0	0	0	0	0	0	0	0	0	0	0	0	0	0	0	0	0	0	0	0	0	0	0	0	0	0	1848	1848	1858	1868	1878	1878	1888	1899	1899	1909	1931	1931	1941	1952	1975	1986	1986	1998	2021	2033	2045	2045	2069	2095	2107	2107	2107	2120	2133	2147	2174	2174	2215	2244	2244	2259	2304	0	0	0	0	0	0	0	0	0	0	0	0	0	0	0	0	0	0	0	0	0	0	0	0	0	0	0	0	0	0	0	0	0	0	0	0	0	0	0	0	0	0	0	0	0	0	0	0	0	0	0	0	0	0	0	0	0	0	0	0	0	0	0	0	0	0	0	0	0	0	0	0	0	0	0	0	0	0	0	0	0	0	0	0	0	0	0	0	0	0	0	0	0	0	0	0	0	0	0	0	0	0	0	0	0	0	0	0	0	0	0	0	0	0	0	0	0	0	0	0	0	0	0	0	0	0	0	0	0	0	0	0	0	0	0	0	0	0	0	0	0	0	0	0	0	0	0	0	0	0	0	0	0	0	0	0	0	0	0	0	0	0	0	0	0	0	0	0	0	0	0	0	0	0	0	0	0	0	0	0	0	0	2201	2187	2187	2160	2147	2147	2133	2133	2133	2133	2133	2133	2133	2133	2133	2133	2133	2133	2133	2133	2133	2147	2160	2160	2160	2160	2160	2174	2174	2174	2174	2174	2174	2174	2174	2160	2160	2160	2174	2174	2174	2174	2174	2174	2174	2174	2174	2174	2174	2174	2174	2160	2160	2174	2174	2174	2187	2187	2187	2187	2187	2187	2174	2174	2174	2174	2174	2174	2160	2160	2160	2174	2160	2160	2160	2160	2160	2160	2160	2160	2160	2160	2160	2160	2160	2160	2160	2160	2174	2174	2174	2160	2160	2160	2160	2160	2160	2160	2160	2160	2160	2160	2160	2160	2160	2147	0	0	0	0	0	0	0	0	0	0	0	0	0	0	0	0	0	0	0	0	0	0	0	0	0	0	0	0	0	949	949	946	944	941	941	939	933	931	928	926	926	926	0	926	0	923	923	923	921	921	919	919	916	914	911	911	909	909	907	909	909	909	909	909	909	909	909	907	907	902	899	897	895	892	892	890	888	888	888	886	886	883	883	881	881	879	879	877	874	874	872	872	870	870	870	866	866	866	863	863	861	861	861	859	857	855	853	853	849	844	836	834	832	828	826	826	826	824	822	822	820	820	818	0	0	0	0	0	0	0	0	0	0	0	0	0	0	0	0	0	0	0	0	0	0	0	0	0	0	0	0	0	0	0	0	0	0	0	0	0	0	0	0	0	0	0	0	0	0	0	0	0	0	0	0	0	0	0	0	0	0	0	0	0	0	0	0	0	0	0	0	0	0	0	0	0	0	0	0	0	0	0	0	0	0	0	0	0	0	0	0	0	0	0	0	0	0	0	0	0	0	0	0	0	0	0	0	0	0	0	0	0	0	0	0	0	0	0	0	0	0	0	0	0	0	0	0	0	0	0	0	0	0	0	0	0	0	0	0	0	0	0	0	0	0	0	0	0	0	0	0	0	0	0	0	0	0	0	0	
0	0	0	0	0	0	0	0	0	0	0	0	0	0	0	0	0	0	0	0	0	0	0	0	0	0	0	0	0	0	0	0	0	0	0	0	1838	1848	1858	1868	1878	1888	1888	1888	1899	1909	1920	1931	1941	1952	1975	1986	1986	1986	2009	2033	2045	2057	2069	2095	2095	2095	2107	2120	2133	2147	2174	2174	2215	2230	2244	2259	2304	0	0	0	0	0	0	0	0	0	0	0	0	0	0	0	0	0	0	0	0	0	0	0	0	0	0	0	0	0	0	0	0	0	0	0	0	0	0	0	0	0	0	0	0	0	0	0	0	0	0	0	0	0	0	0	0	0	0	0	0	0	0	0	0	0	0	0	0	0	0	0	0	0	0	0	0	0	0	0	0	0	0	0	0	0	0	0	0	0	0	0	0	0	0	0	0	0	0	0	0	0	0	0	0	0	0	0	0	0	0	0	0	0	0	0	0	0	0	0	0	0	0	0	0	0	0	0	0	0	0	0	0	0	0	0	0	0	0	0	0	0	0	0	0	0	0	0	0	0	0	0	0	0	0	0	0	0	0	0	0	0	0	0	0	0	0	0	0	0	0	0	0	0	0	0	0	0	0	0	0	0	0	0	2174	2174	2160	2147	2147	2133	2133	2120	2120	2120	2133	2133	2133	2133	2120	2133	2133	2133	2133	2133	2133	2147	2133	2133	2133	2160	2160	2160	2160	2174	2174	2174	2174	2174	2160	2174	2160	2174	2160	2174	2174	2174	2174	2174	2174	2174	2174	2174	2174	2174	2160	2160	2174	2174	2174	2174	2187	2187	2187	2187	2174	2174	2174	2174	2174	2174	2174	2160	2160	2160	2174	2174	2160	2160	2160	2160	2160	2160	2160	2160	2160	2160	2160	2160	2160	2160	2160	2160	2160	2160	2160	2174	2160	2160	2160	2160	2160	2160	2160	2160	2160	2160	2160	2160	2133	0	0	0	0	0	0	0	0	0	0	0	0	0	0	0	0	0	0	0	0	0	0	0	0	0	0	0	0	0	949	946	944	944	941	939	936	933	928	926	926	0	923	923	923	923	923	923	923	921	919	919	916	916	911	911	909	909	909	907	907	909	909	909	909	909	909	909	907	904	902	899	897	895	892	892	890	888	888	886	886	883	883	883	881	881	879	879	877	874	874	872	872	870	868	870	866	866	863	863	863	861	861	861	859	857	855	853	853	849	844	836	834	832	828	826	826	826	824	822	822	820	818	816	0	0	0	0	0	0	0	0	0	0	0	0	0	0	0	0	0	0	0	0	0	0	0	0	0	0	0	0	0	0	0	0	0	0	0	0	0	0	0	0	0	0	0	0	0	0	0	0	0	0	0	0	0	0	0	0	0	0	0	0	0	0	0	0	0	0	0	0	0	0	0	0	0	0	0	0	0	0	0	0	0	0	0	0	0	0	0	0	0	0	0	0	0	0	0	0	0	0	0	0	0	0	0	0	0	0	0	0	0	0	0	0	0	0	0	0	0	0	0	0	0	0	0	0	0	0	0	0	0	0	0	0	0	0	0	0	0	0	0	0	0	0	0	0	0	0	0	0	0	0	0	0	0	0	0	0	
0	0	0	0	0	0	0	0	0	0	0	0	0	0	0	0	0	0	0	0	0	0	0	0	0	0	0	0	0	0	0	0	0	0	0	0	1848	1848	1858	1868	1878	1888	1888	1899	1899	1909	1920	1920	1941	1952	1964	1975	1986	1986	2009	2033	2057	2057	2082	2095	2095	2107	2107	2120	2120	2133	2160	2160	2201	2244	2259	2274	2304	0	0	0	0	0	0	0	0	0	0	0	0	0	0	0	0	0	0	0	0	0	0	0	0	0	0	0	0	0	0	0	0	0	0	0	0	0	0	0	0	0	0	0	0	0	0	0	0	0	0	0	0	0	0	0	0	0	0	0	0	0	0	0	0	0	0	0	0	0	0	0	0	0	0	0	0	0	0	0	0	0	0	0	0	0	0	0	0	0	0	0	0	0	0	0	0	0	0	0	0	0	0	0	0	0	0	0	0	0	0	0	0	0	0	0	0	0	0	0	0	0	0	0	0	0	0	0	0	0	0	0	0	0	0	0	0	0	0	0	0	0	0	0	0	0	0	0	0	0	0	0	0	0	0	0	0	0	0	0	0	0	0	0	0	0	0	0	0	0	0	0	0	0	0	0	0	0	0	0	0	0	0	0	2187	2187	2160	2147	2147	2133	2133	2120	2120	2120	2120	2133	2133	2133	2120	2133	2133	2133	2133	2133	2133	2147	2147	2133	2147	2160	2160	2174	2174	2174	2174	2174	2174	2174	2174	2174	2174	2174	2174	2174	2174	2174	2174	2174	2174	2174	2174	2174	2174	2174	2160	2160	2160	2174	2174	2174	2187	2187	2174	2187	2174	2174	2174	2174	2174	2174	2174	2160	2160	2160	2160	2160	2160	2160	2160	2160	2160	2160	2160	2160	2160	2160	2160	2160	2160	2160	2160	2160	2160	2174	2174	2174	2160	2174	2160	2160	2160	2160	2160	2160	2160	2160	2160	2147	0	0	0	0	0	0	0	0	0	0	0	0	0	0	0	0	0	0	0	0	0	0	0	0	0	0	0	0	0	0	946	946	944	941	939	939	936	931	928	926	0	923	923	923	921	921	921	921	921	921	919	919	916	914	911	909	909	909	909	907	907	907	907	909	909	909	909	909	907	907	904	899	897	895	892	890	890	888	888	888	886	886	883	883	883	881	879	879	877	874	872	872	870	870	870	868	866	866	866	863	863	861	861	861	857	855	853	853	851	849	846	834	830	830	828	826	824	824	822	820	820	818	818	816	0	0	0	0	0	0	0	0	0	0	0	0	0	0	0	0	0	0	0	0	0	0	0	0	0	0	0	0	0	0	0	0	0	0	0	0	0	0	0	0	0	0	0	0	0	0	0	0	0	0	0	0	0	0	0	0	0	0	0	0	0	0	0	0	0	0	0	0	0	0	0	0	0	0	0	0	0	0	0	0	0	0	0	0	0	0	0	0	0	0	0	0	0	0	0	0	0	0	0	0	0	0	0	0	0	0	0	0	0	0	0	0	0	0	0	0	0	0	0	0	0	0	0	0	0	0	0	0	0	0	0	0	0	0	0	0	0	0	0	0	0	0	0	0	0	0	0	0	0	0	0	0	0	0	0	0	
0	0	0	0	0	0	0	0	0	0	0	0	0	0	0	0	0	0	0	0	0	0	0	0	0	0	0	0	0	0	0	0	0	0	0	0	1848	1848	1858	1868	1868	1878	1888	1899	1909	1909	1920	1931	1941	1952	1964	1975	1975	1986	2021	2033	2045	2045	2069	2082	2095	2095	2107	2107	2120	2133	2147	2160	2187	2230	2244	2274	2289	0	0	0	0	0	0	0	0	0	0	0	0	0	0	0	0	0	0	0	0	0	0	0	0	0	0	0	0	0	0	0	0	0	0	0	0	0	0	0	0	0	0	0	0	0	0	0	0	0	0	0	0	0	0	0	0	0	0	0	0	0	0	0	0	0	0	0	0	0	0	0	0	0	0	0	0	0	0	0	0	0	0	0	0	0	0	0	0	0	0	0	0	0	0	0	0	0	0	0	0	0	0	0	0	0	0	0	0	0	0	0	0	0	0	0	0	0	0	0	0	0	0	0	0	0	0	0	0	0	0	0	0	0	0	0	0	0	0	0	0	0	0	0	0	0	0	0	0	0	0	0	0	0	0	0	0	0	0	0	0	0	0	0	0	0	0	0	0	0	0	0	0	0	0	0	0	0	0	0	0	0	0	0	2215	2187	2160	2147	2147	2133	2133	2120	2120	2133	2133	2133	2133	2133	2133	2133	2133	2133	2133	2133	2133	2133	2133	2133	2133	2160	2160	2174	2174	2174	2174	2174	2174	2174	2174	2174	2174	2174	2174	2174	2174	2174	2174	2174	2174	2174	2174	2174	2160	2160	2160	2147	2160	2174	2174	2174	2187	2174	2174	2174	2174	2174	2174	2174	2174	2174	2174	2160	2160	2160	2160	2160	2160	2160	2160	2160	2160	2160	2160	2160	2160	2160	2160	2160	2160	2160	2160	2160	2160	2174	2174	2174	2174	2174	2160	2174	2174	2160	2160	2160	2160	2160	2160	2147	0	0	0	0	0	0	0	0	0	0	0	0	0	0	0	0	0	0	0	0	0	0	0	0	0	0	0	0	0	949	944	944	941	939	936	936	933	928	926	926	923	923	921	921	921	921	921	921	921	921	919	916	916	914	911	909	909	909	907	907	907	907	907	909	909	909	909	909	907	904	902	899	897	892	892	890	888	888	888	886	883	883	883	883	883	881	879	877	874	874	872	872	870	870	870	868	866	866	866	866	863	863	861	861	859	857	855	853	851	851	849	836	832	832	830	826	824	824	822	820	818	818	816	816	0	0	0	0	0	0	0	0	0	0	0	0	0	0	0	0	0	0	0	0	0	0	0	0	0	0	0	0	0	0	0	0	0	0	0	0	0	0	0	0	0	0	0	0	0	0	0	0	0	0	0	0	0	0	0	0	0	0	0	0	0	0	0	0	0	0	0	0	0	0	0	0	0	0	0	0	0	0	0	0	0	0	0	0	0	0	0	0	0	0	0	0	0	0	0	0	0	0	0	0	0	0	0	0	0	0	0	0	0	0	0	0	0	0	0	0	0	0	0	0	0	0	0	0	0	0	0	0	0	0	0	0	0	0	0	0	0	0	0	0	0	0	0	0	0	0	0	0	0	0	0	0	0	0	0	0	
0	0	0	0	0	0	0	0	0	0	0	0	0	0	0	0	0	0	0	0	0	0	0	0	0	0	0	0	0	0	0	0	0	0	0	0	1848	1848	1858	1868	1878	1888	1899	1899	1909	1909	1920	1920	1931	1952	1964	1975	1975	1986	2021	2045	2045	2057	2069	2082	2082	2095	2095	2107	2120	2133	2160	2160	2215	2230	2244	2259	2289	0	0	0	0	0	0	0	0	0	0	0	0	0	0	0	0	0	0	0	0	0	0	0	0	0	0	0	0	0	0	0	0	0	0	0	0	0	0	0	0	0	0	0	0	0	0	0	0	0	0	0	0	0	0	0	0	0	0	0	0	0	0	0	0	0	0	0	0	0	0	0	0	0	0	0	0	0	0	0	0	0	0	0	0	0	0	0	0	0	0	0	0	0	0	0	0	0	0	0	0	0	0	0	0	0	0	0	0	0	0	0	0	0	0	0	0	0	0	0	0	0	0	0	0	0	0	0	0	0	0	0	0	0	0	0	0	0	0	0	0	0	0	0	0	0	0	0	0	0	0	0	0	0	0	0	0	0	0	0	0	0	0	0	0	0	0	0	0	0	0	0	0	0	0	0	0	0	0	0	0	0	0	2201	2201	2187	2160	2133	2133	2133	2133	2120	2133	2133	2133	2133	2133	2133	2133	2133	2133	2133	2133	2133	2133	2147	2147	2133	2147	2160	2160	2160	2160	2174	2174	2174	2174	2174	2174	2174	2174	2174	2160	2174	2160	2160	2160	2174	2174	2174	2174	2174	2160	2160	2174	2147	2160	2160	2174	2174	2174	2174	2174	2174	2174	2174	2174	2174	2174	2174	2174	2160	2160	2160	2160	2160	2160	2160	2160	2160	2160	2160	2160	2160	2160	2160	2160	2160	2160	2160	2160	2160	2160	2160	2174	2174	2174	2174	2174	2174	2174	2160	2160	2160	2160	2160	2160	0	0	0	0	0	0	0	0	0	0	0	0	0	0	0	0	0	0	0	0	0	0	0	0	0	0	0	0	0	949	946	944	941	941	939	933	931	931	926	926	0	921	921	921	921	919	921	919	919	919	919	919	916	914	914	911	909	907	907	907	907	907	907	907	907	907	907	907	907	907	904	902	897	895	890	890	888	888	886	886	883	881	881	881	883	883	881	879	877	874	874	872	872	870	870	870	868	0	866	866	863	863	863	863	861	859	857	855	853	853	851	849	838	832	832	830	826	824	824	822	820	820	818	818	0	0	0	0	0	0	0	0	0	0	0	0	0	0	0	0	0	0	0	0	0	0	0	0	0	0	0	0	0	0	0	0	0	0	0	0	0	0	0	0	0	0	0	0	0	0	0	0	0	0	0	0	0	0	0	0	0	0	0	0	0	0	0	0	0	0	0	0	0	0	0	0	0	0	0	0	0	0	0	0	0	0	0	0	0	0	0	0	0	0	0	0	0	0	0	0	0	0	0	0	0	0	0	0	0	0	0	0	0	0	0	0	0	0	0	0	0	0	0	0	0	0	0	0	0	0	0	0	0	0	0	0	0	0	0	0	0	0	0	0	0	0	0	0	0	0	0	0	0	0	0	0	0	0	0	0	0	
0	0	0	0	0	0	0	0	0	0	0	0	0	0	0	0	0	0	0	0	0	0	0	0	0	0	0	0	0	0	0	0	0	0	0	0	1848	1848	1858	1868	1868	1888	1899	1899	1899	1909	1920	1920	1941	1952	1964	1975	1975	1986	1986	2033	2045	2045	2069	2082	2082	2082	2095	2107	2120	2133	2160	2174	2215	2230	2244	2259	2274	0	0	0	0	0	0	0	0	0	0	0	0	0	0	0	0	0	0	0	0	0	0	0	0	0	0	0	0	0	0	0	0	0	0	0	0	0	0	0	0	0	0	0	0	0	0	0	0	0	0	0	0	0	0	0	0	0	0	0	0	0	0	0	0	0	0	0	0	0	0	0	0	0	0	0	0	0	0	0	0	0	0	0	0	0	0	0	0	0	0	0	0	0	0	0	0	0	0	0	0	0	0	0	0	0	0	0	0	0	0	0	0	0	0	0	0	0	0	0	0	0	0	0	0	0	0	0	0	0	0	0	0	0	0	0	0	0	0	0	0	0	0	0	0	0	0	0	0	0	0	0	0	0	0	0	0	0	0	0	0	0	0	0	0	0	0	0	0	0	0	0	0	0	0	0	0	0	0	0	0	0	0	2201	2187	2174	2160	2133	2133	2133	2133	2133	2133	2133	2133	2133	2133	2133	2133	2133	2133	2133	2133	2133	2133	2147	2147	2147	2147	2160	2160	2160	2160	2160	2160	2160	2160	2160	2174	2174	2174	2174	2174	2174	2160	2160	2160	2160	2174	2160	2160	2174	2174	2160	2174	2174	2160	2174	2174	2174	2174	2174	2174	2174	2174	2174	2174	2174	2174	2174	2174	2160	2160	2160	2160	2160	2160	2160	2160	2160	2160	2160	2160	2160	2160	2160	2160	2160	2160	2160	2160	2160	2160	2160	2174	2174	2174	2174	2174	2174	2174	2160	2160	2160	2160	2160	0	0	0	0	0	0	0	0	0	0	0	0	0	0	0	0	0	0	0	0	0	0	0	0	0	0	0	0	0	949	946	944	941	941	939	936	931	931	926	0	921	921	919	919	919	919	919	919	919	919	919	919	916	916	914	911	909	907	907	907	907	904	904	907	907	907	907	907	907	907	904	904	899	897	892	890	888	888	886	883	883	883	881	881	881	881	881	881	879	877	874	874	872	872	870	870	870	868	0	866	866	863	863	863	863	861	859	859	855	853	853	851	849	838	836	834	830	826	824	824	820	820	820	818	0	0	0	0	0	0	0	0	0	0	0	0	0	0	0	0	0	0	0	0	0	0	0	0	0	0	0	0	0	0	0	0	0	0	0	0	0	0	0	0	0	0	0	0	0	0	0	0	0	0	0	0	0	0	0	0	0	0	0	0	0	0	0	0	0	0	0	0	0	0	0	0	0	0	0	0	0	0	0	0	0	0	0	0	0	0	0	0	0	0	0	0	0	0	0	0	0	0	0	0	0	0	0	0	0	0	0	0	0	0	0	0	0	0	0	0	0	0	0	0	0	0	0	0	0	0	0	0	0	0	0	0	0	0	0	0	0	0	0	0	0	0	0	0	0	0	0	0	0	0	0	0	0	0	0	0	0	0	
0	0	0	0	0	0	0	0	0	0	0	0	0	0	0	0	0	0	0	0	0	0	0	0	0	0	0	0	0	0	0	0	0	0	0	0	1848	1848	1858	1868	1878	1899	1909	1909	1909	1909	1920	1920	1941	1952	1964	1975	1975	1986	1986	2033	2045	2057	2069	2082	2082	2082	2095	2095	2107	2147	2174	2174	2230	2230	2244	2259	2259	0	0	0	0	0	0	0	0	0	0	0	0	0	0	0	0	0	0	0	0	0	0	0	0	0	0	0	0	0	0	0	0	0	0	0	0	0	0	0	0	0	0	0	0	0	0	0	0	0	0	0	0	0	0	0	0	0	0	0	0	0	0	0	0	0	0	0	0	0	0	0	0	0	0	0	0	0	0	0	0	0	0	0	0	0	0	0	0	0	0	0	0	0	0	0	0	0	0	0	0	0	0	0	0	0	0	0	0	0	0	0	0	0	0	0	0	0	0	0	0	0	0	0	0	0	0	0	0	0	0	0	0	0	0	0	0	0	0	0	0	0	0	0	0	0	0	0	0	0	0	0	0	0	0	0	0	0	0	0	0	0	0	0	0	0	0	0	0	0	0	0	0	0	0	0	0	0	0	0	0	0	0	2201	2187	2174	2160	2133	2133	2133	2120	2120	2120	2120	2133	2133	2133	2120	2120	2133	2133	2133	2133	2133	2133	2147	2147	2147	2147	2160	2160	2160	2160	2160	2160	2160	2160	2160	2160	2160	2174	2160	2160	2174	2160	2160	2160	2160	2160	2160	2160	2160	2174	2160	2174	2160	2160	2174	2174	2174	2174	2174	2174	2174	2174	2174	2174	2174	2174	2174	2174	2160	2160	2160	2160	2160	2160	2160	2160	2160	2160	2160	2160	2160	2160	2160	2160	2160	2160	2160	2160	2160	2160	2160	2174	2174	2174	2174	2174	2174	2174	2160	2160	2160	2160	2160	0	0	0	0	0	0	0	0	0	0	0	0	0	0	0	0	0	0	0	0	0	0	0	0	0	0	0	0	0	944	944	941	941	941	939	933	931	926	926	0	921	921	921	919	919	919	919	919	919	919	919	919	916	916	914	911	909	907	904	904	904	904	904	907	907	907	907	907	907	907	904	904	902	897	892	890	888	886	886	883	883	881	881	881	881	881	881	881	879	877	874	874	872	872	870	870	870	868	0	866	866	863	863	863	863	861	859	859	855	853	853	851	849	836	834	834	832	826	824	822	820	820	820	818	0	0	0	0	0	0	0	0	0	0	0	0	0	0	0	0	0	0	0	0	0	0	0	0	0	0	0	0	0	0	0	0	0	0	0	0	0	0	0	0	0	0	0	0	0	0	0	0	0	0	0	0	0	0	0	0	0	0	0	0	0	0	0	0	0	0	0	0	0	0	0	0	0	0	0	0	0	0	0	0	0	0	0	0	0	0	0	0	0	0	0	0	0	0	0	0	0	0	0	0	0	0	0	0	0	0	0	0	0	0	0	0	0	0	0	0	0	0	0	0	0	0	0	0	0	0	0	0	0	0	0	0	0	0	0	0	0	0	0	0	0	0	0	0	0	0	0	0	0	0	0	0	0	0	0	0	0	0	
0	0	0	0	0	0	0	0	0	0	0	0	0	0	0	0	0	0	0	0	0	0	0	0	0	0	0	0	0	0	0	0	0	0	0	0	1848	1848	1858	1868	1888	1909	1909	1920	1920	1920	1920	1920	1941	1941	1964	1964	1975	1986	1986	2033	2045	2057	2069	2082	2082	2082	2095	2095	2095	2120	2160	2160	2230	2230	2230	2244	2244	0	0	0	0	0	0	0	0	0	0	0	0	0	0	0	0	0	0	0	0	0	0	0	0	0	0	0	0	0	0	0	0	0	0	0	0	0	0	0	0	0	0	0	0	0	0	0	0	0	0	0	0	0	0	0	0	0	0	0	0	0	0	0	0	0	0	0	0	0	0	0	0	0	0	0	0	0	0	0	0	0	0	0	0	0	0	0	0	0	0	0	0	0	0	0	0	0	0	0	0	0	0	0	0	0	0	0	0	0	0	0	0	0	0	0	0	0	0	0	0	0	0	0	0	0	0	0	0	0	0	0	0	0	0	0	0	0	0	0	0	0	0	0	0	0	0	0	0	0	0	0	0	0	0	0	0	0	0	0	0	0	0	0	0	0	0	0	0	0	0	0	0	0	0	0	0	0	0	0	0	0	0	0	2201	2174	2160	2133	2133	2133	2133	2133	2120	2120	2133	2133	2120	2120	2120	2120	2133	2133	2133	2133	2147	2147	2147	2147	2147	2160	2160	2160	2160	2160	2160	2160	2160	2160	2160	2160	2160	2160	2160	2160	2160	2160	2147	2160	2160	2160	2160	2160	2160	2160	2160	2160	2174	2174	2174	2174	2174	2174	2174	2174	2174	2174	2174	2174	2174	2174	2174	2160	2160	2160	2160	2160	2160	2160	2160	2160	2160	2160	2160	2160	2160	2160	2160	2160	2160	2160	2160	2160	2160	2160	2160	2174	2160	2174	2174	2160	2174	2160	2160	2174	2160	2160	0	0	0	0	0	0	0	0	0	0	0	0	0	0	0	0	0	0	0	0	0	0	0	0	0	0	0	0	941	944	941	941	941	939	936	933	928	926	0	923	919	919	919	919	919	919	919	919	919	919	919	919	916	916	914	911	909	907	904	904	904	902	904	907	907	907	907	907	907	907	904	904	899	897	892	890	888	886	886	883	883	881	881	881	881	881	881	881	879	877	874	874	872	872	870	870	870	868	0	866	866	863	863	863	863	861	859	859	857	853	853	853	849	836	834	834	832	826	824	822	820	820	818	818	0	0	0	0	0	0	0	0	0	0	0	0	0	0	0	0	0	0	0	0	0	0	0	0	0	0	0	0	0	0	0	0	0	0	0	0	0	0	0	0	0	0	0	0	0	0	0	0	0	0	0	0	0	0	0	0	0	0	0	0	0	0	0	0	0	0	0	0	0	0	0	0	0	0	0	0	0	0	0	0	0	0	0	0	0	0	0	0	0	0	0	0	0	0	0	0	0	0	0	0	0	0	0	0	0	0	0	0	0	0	0	0	0	0	0	0	0	0	0	0	0	0	0	0	0	0	0	0	0	0	0	0	0	0	0	0	0	0	0	0	0	0	0	0	0	0	0	0	0	0	0	0	0	0	0	0	0	0	
0	0	0	0	0	0	0	0	0	0	0	0	0	0	0	0	0	0	0	0	0	0	0	0	0	0	0	0	0	0	0	0	0	0	0	0	1848	1848	1858	1868	1888	1909	1909	1920	1931	1931	1931	1941	1952	1952	1964	1975	1975	1975	1975	2021	2033	2057	2082	2095	2095	2082	2095	2107	2095	2107	2133	2187	2215	2230	2230	2230	2230	0	0	0	0	0	0	0	0	0	0	0	0	0	0	0	0	0	0	0	0	0	0	0	0	0	0	0	0	0	0	0	0	0	0	0	0	0	0	0	0	0	0	0	0	0	0	0	0	0	0	0	0	0	0	0	0	0	0	0	0	0	0	0	0	0	0	0	0	0	0	0	0	0	0	0	0	0	0	0	0	0	0	0	0	0	0	0	0	0	0	0	0	0	0	0	0	0	0	0	0	0	0	0	0	0	0	0	0	0	0	0	0	0	0	0	0	0	0	0	0	0	0	0	0	0	0	0	0	0	0	0	0	0	0	0	0	0	0	0	0	0	0	0	0	0	0	0	0	0	0	0	0	0	0	0	0	0	0	0	0	0	0	0	0	0	0	0	0	0	0	0	0	0	0	0	0	0	0	0	0	0	0	2215	2215	2201	2174	2147	2147	2133	2133	2133	2133	2120	2120	2120	2120	2120	2120	2120	2133	2133	2133	2133	2147	2147	2147	2147	2160	2160	2160	2160	2160	2160	2160	2160	2160	2160	2160	2160	2160	2160	2160	2160	2160	2147	2147	2147	2160	2160	2160	2160	2160	2160	2160	2160	2174	2174	2174	2174	2174	2174	2174	2174	2174	2174	2174	2174	2174	2174	2174	2160	2160	2160	2160	2160	2160	2160	2160	2160	2160	2160	2160	2160	2160	2160	2160	2160	2160	2160	2160	2160	2160	2160	2160	2160	2160	2160	2160	2160	2174	2160	2160	2174	2160	0	0	0	0	0	0	0	0	0	0	0	0	0	0	0	0	0	0	0	0	0	0	0	0	0	0	0	0	941	941	941	941	941	939	939	936	931	928	0	923	923	919	919	919	919	919	916	919	919	919	919	919	916	916	914	911	909	907	904	904	902	902	902	902	907	907	907	907	907	907	907	904	902	897	895	892	890	888	886	883	883	883	881	881	881	881	881	881	881	879	877	874	874	872	872	870	870	870	868	866	866	863	863	863	863	863	861	859	859	857	853	853	853	849	838	834	834	832	826	824	822	820	820	818	818	0	0	0	0	0	0	0	0	0	0	0	0	0	0	0	0	0	0	0	0	0	0	0	0	0	0	0	0	0	0	0	0	0	0	0	0	0	0	0	0	0	0	0	0	0	0	0	0	0	0	0	0	0	0	0	0	0	0	0	0	0	0	0	0	0	0	0	0	0	0	0	0	0	0	0	0	0	0	0	0	0	0	0	0	0	0	0	0	0	0	0	0	0	0	0	0	0	0	0	0	0	0	0	0	0	0	0	0	0	0	0	0	0	0	0	0	0	0	0	0	0	0	0	0	0	0	0	0	0	0	0	0	0	0	0	0	0	0	0	0	0	0	0	0	0	0	0	0	0	0	0	0	0	0	0	0	0	0	
0	0	0	0	0	0	0	0	0	0	0	0	0	0	0	0	0	0	0	0	0	0	0	0	0	0	0	0	0	0	0	0	0	0	0	0	1858	1858	1858	1868	1888	1909	1909	1920	1931	1931	1931	1941	1952	1952	1964	1975	1975	1975	1998	2021	2033	2057	2082	2095	2095	2082	2095	2107	2095	2107	2133	2201	2215	2215	2230	2230	2230	2230	0	0	0	0	0	0	0	0	0	0	0	0	0	0	0	0	0	0	0	0	0	0	0	0	0	0	0	0	0	0	0	0	0	0	0	0	0	0	0	0	0	0	0	0	0	0	0	0	0	0	0	0	0	0	0	0	0	0	0	0	0	0	0	0	0	0	0	0	0	0	0	0	0	0	0	0	0	0	0	0	0	0	0	0	0	0	0	0	0	0	0	0	0	0	0	0	0	0	0	0	0	0	0	0	0	0	0	0	0	0	0	0	0	0	0	0	0	0	0	0	0	0	0	0	0	0	0	0	0	0	0	0	0	0	0	0	0	0	0	0	0	0	0	0	0	0	0	0	0	0	0	0	0	0	0	0	0	0	0	0	0	0	0	0	0	0	0	0	0	0	0	0	0	0	0	0	0	0	0	0	0	2215	2215	2201	2174	2160	2147	2133	2133	2133	2133	2133	2120	2120	2120	2120	2120	2133	2133	2133	2147	2147	2147	2147	2160	2160	2160	2160	2160	2160	2174	2160	2160	2160	2160	2160	2160	2160	2160	2160	2160	2160	2160	2147	2147	2160	2147	2147	2147	2147	2160	2160	2160	2160	2174	2174	2174	2174	2174	2174	2174	2174	2174	2160	2174	2174	2174	2174	2174	2160	2160	2160	2160	2160	2160	2160	2160	2160	2160	2160	2160	2160	2160	2160	2160	2160	2160	2160	2160	2160	2160	2160	2160	2160	2160	2160	2160	2160	2174	2160	2160	2174	2174	0	0	0	0	0	0	0	0	0	0	0	0	0	0	0	0	0	0	0	0	0	0	0	0	0	0	0	0	941	941	941	941	941	939	939	933	931	926	0	923	921	919	919	916	916	916	916	916	919	919	919	919	916	916	914	911	909	907	904	902	902	899	902	902	904	907	907	907	907	907	907	902	899	897	895	892	890	888	886	883	883	881	881	881	881	881	881	881	879	879	877	874	874	872	872	870	870	868	868	0	866	866	863	863	863	863	861	859	859	855	853	853	851	849	838	836	834	834	826	824	822	820	818	818	816	0	0	0	0	0	0	0	0	0	0	0	0	0	0	0	0	0	0	0	0	0	0	0	0	0	0	0	0	0	0	0	0	0	0	0	0	0	0	0	0	0	0	0	0	0	0	0	0	0	0	0	0	0	0	0	0	0	0	0	0	0	0	0	0	0	0	0	0	0	0	0	0	0	0	0	0	0	0	0	0	0	0	0	0	0	0	0	0	0	0	0	0	0	0	0	0	0	0	0	0	0	0	0	0	0	0	0	0	0	0	0	0	0	0	0	0	0	0	0	0	0	0	0	0	0	0	0	0	0	0	0	0	0	0	0	0	0	0	0	0	0	0	0	0	0	0	0	0	0	0	0	0	0	0	0	0	0	0	
0	0	0	0	0	0	0	0	0	0	0	0	0	0	0	0	0	0	0	0	0	0	0	0	0	0	0	0	0	0	0	0	0	0	0	0	1848	1848	1868	1878	1888	1899	1899	1909	1920	1931	1931	1941	1952	1964	1964	1975	1975	1986	1998	2033	2045	2045	2082	2095	2095	2082	2095	2095	2095	2107	2174	2215	2215	2230	2230	2230	2230	0	0	0	0	0	0	0	0	0	0	0	0	0	0	0	0	0	0	0	0	0	0	0	0	0	0	0	0	0	0	0	0	0	0	0	0	0	0	0	0	0	0	0	0	0	0	0	0	0	0	0	0	0	0	0	0	0	0	0	0	0	0	0	0	0	0	0	0	0	0	0	0	0	0	0	0	0	0	0	0	0	0	0	0	0	0	0	0	0	0	0	0	0	0	0	0	0	0	0	0	0	0	0	0	0	0	0	0	0	0	0	0	0	0	0	0	0	0	0	0	0	0	0	0	0	0	0	0	0	0	0	0	0	0	0	0	0	0	0	0	0	0	0	0	0	0	0	0	0	0	0	0	0	0	0	0	0	0	0	0	0	0	0	0	0	0	0	0	0	0	0	0	0	0	0	0	0	0	0	0	0	0	2201	2201	2187	2174	2160	2147	2133	2133	2133	2133	2133	2133	2133	2133	2120	2120	2133	2133	2147	2147	2147	2147	2147	2160	2160	2160	2160	2160	2160	2160	2160	2160	2160	2160	2160	2160	2160	2160	2160	2160	2160	2160	2160	2160	2160	2147	2147	2147	2147	2160	2160	2160	2160	2160	2174	2174	2174	2174	2174	2160	2174	2174	2160	2174	2174	2174	2174	2174	2160	2160	2160	2160	2160	2160	2160	2160	2160	2160	2160	2160	2160	2160	2160	2160	2160	2160	2160	2160	2160	2160	2160	2160	2160	2160	2160	2160	2160	2160	2160	2160	2174	2174	0	0	0	0	0	0	0	0	0	0	0	0	0	0	0	0	0	0	0	0	0	0	0	0	0	0	0	0	941	941	941	941	941	939	936	933	928	0	923	923	921	919	919	916	916	916	916	916	916	916	916	916	916	914	911	909	907	907	904	902	902	899	902	902	904	907	907	907	907	907	907	902	899	897	895	892	890	888	886	883	883	881	881	881	881	881	881	881	879	879	877	874	874	872	870	870	870	868	868	0	866	863	863	863	863	863	861	859	859	855	853	853	851	849	840	838	836	832	828	824	822	820	820	818	818	0	0	0	0	0	0	0	0	0	0	0	0	0	0	0	0	0	0	0	0	0	0	0	0	0	0	0	0	0	0	0	0	0	0	0	0	0	0	0	0	0	0	0	0	0	0	0	0	0	0	0	0	0	0	0	0	0	0	0	0	0	0	0	0	0	0	0	0	0	0	0	0	0	0	0	0	0	0	0	0	0	0	0	0	0	0	0	0	0	0	0	0	0	0	0	0	0	0	0	0	0	0	0	0	0	0	0	0	0	0	0	0	0	0	0	0	0	0	0	0	0	0	0	0	0	0	0	0	0	0	0	0	0	0	0	0	0	0	0	0	0	0	0	0	0	0	0	0	0	0	0	0	0	0	0	0	0	0	
0	0	0	0	0	0	0	0	0	0	0	0	0	0	0	0	0	0	0	0	0	0	0	0	0	0	0	0	0	0	0	0	0	0	0	0	1848	1848	1868	1868	1888	1899	1899	1909	1920	1931	1941	1952	1952	1964	1975	1975	1986	1986	1998	2021	2033	2045	2069	2082	2095	2082	2095	2095	2107	2107	2174	2215	2215	2215	2230	2230	2230	0	0	0	0	0	0	0	0	0	0	0	0	0	0	0	0	0	0	0	0	0	0	0	0	0	0	0	0	0	0	0	0	0	0	0	0	0	0	0	0	0	0	0	0	0	0	0	0	0	0	0	0	0	0	0	0	0	0	0	0	0	0	0	0	0	0	0	0	0	0	0	0	0	0	0	0	0	0	0	0	0	0	0	0	0	0	0	0	0	0	0	0	0	0	0	0	0	0	0	0	0	0	0	0	0	0	0	0	0	0	0	0	0	0	0	0	0	0	0	0	0	0	0	0	0	0	0	0	0	0	0	0	0	0	0	0	0	0	0	0	0	0	0	0	0	0	0	0	0	0	0	0	0	0	0	0	0	0	0	0	0	0	0	0	0	0	0	0	0	0	0	0	0	0	0	0	0	0	0	0	0	0	2201	2201	2187	2160	2160	2147	2133	2133	2133	2133	2120	2120	2120	2120	2120	2133	2133	2133	2147	2147	2147	2147	2147	2147	2147	2147	2147	2160	2160	2160	2160	2160	2160	2160	2160	2160	2160	2160	2160	2160	2160	2160	2160	2160	2160	2160	2147	2147	2147	2160	2160	2160	2160	2174	2174	2174	2174	2160	2160	2160	2174	2160	2160	2174	2174	2174	2174	2174	2160	2160	2160	2160	2160	2160	2160	2160	2160	2160	2160	2160	2160	2160	2160	2160	2160	2160	2160	2160	2160	2160	2160	2160	2160	2160	2160	2160	2160	2160	2160	2160	2174	2174	0	0	0	0	0	0	0	0	0	0	0	0	0	0	0	0	0	0	0	0	0	0	0	0	0	0	0	0	941	941	941	941	939	939	933	931	926	0	923	921	921	916	916	916	916	916	916	916	916	916	916	916	914	911	911	909	907	904	902	899	899	899	899	902	904	907	907	907	907	907	904	902	899	895	892	892	890	888	886	886	883	881	881	881	881	881	881	881	879	879	879	877	874	872	872	870	870	868	868	0	863	863	863	863	863	861	861	859	857	855	853	851	851	849	842	838	836	832	826	824	822	820	820	818	816	816	0	0	0	0	0	0	0	0	0	0	0	0	0	0	0	0	0	0	0	0	0	0	0	0	0	0	0	0	0	0	0	0	0	0	0	0	0	0	0	0	0	0	0	0	0	0	0	0	0	0	0	0	0	0	0	0	0	0	0	0	0	0	0	0	0	0	0	0	0	0	0	0	0	0	0	0	0	0	0	0	0	0	0	0	0	0	0	0	0	0	0	0	0	0	0	0	0	0	0	0	0	0	0	0	0	0	0	0	0	0	0	0	0	0	0	0	0	0	0	0	0	0	0	0	0	0	0	0	0	0	0	0	0	0	0	0	0	0	0	0	0	0	0	0	0	0	0	0	0	0	0	0	0	0	0	0	0	
0	0	0	0	0	0	0	0	0	0	0	0	0	0	0	0	0	0	0	0	0	0	0	0	0	0	0	0	0	0	0	0	0	0	0	0	1848	1858	1868	1868	1878	1888	1899	1909	1920	1931	1941	1952	1964	1975	1975	1986	1986	1998	1998	2021	2045	2057	2082	2082	2082	2082	2082	2082	2107	2120	2160	2215	2215	2215	2215	2230	2230	0	0	0	0	0	0	0	0	0	0	0	0	0	0	0	0	0	0	0	0	0	0	0	0	0	0	0	0	0	0	0	0	0	0	0	0	0	0	0	0	0	0	0	0	0	0	0	0	0	0	0	0	0	0	0	0	0	0	0	0	0	0	0	0	0	0	0	0	0	0	0	0	0	0	0	0	0	0	0	0	0	0	0	0	0	0	0	0	0	0	0	0	0	0	0	0	0	0	0	0	0	0	0	0	0	0	0	0	0	0	0	0	0	0	0	0	0	0	0	0	0	0	0	0	0	0	0	0	0	0	0	0	0	0	0	0	0	0	0	0	0	0	0	0	0	0	0	0	0	0	0	0	0	0	0	0	0	0	0	0	0	0	0	0	0	0	0	0	0	0	0	0	0	0	0	0	0	0	0	0	0	0	2201	2201	2187	2160	2160	2147	2133	2133	2133	2120	2120	2120	2120	2120	2120	2133	2133	2133	2147	2147	2147	2133	2147	2147	2147	2147	2147	2160	2160	2160	2160	2160	2174	2160	2160	2160	2160	2147	2147	2160	2160	2160	2160	2160	2160	2160	2147	2147	2147	2160	2160	2160	2160	2174	2174	2174	2160	2160	2174	2174	2174	2174	2160	2174	2174	2174	2174	2174	2160	2160	2160	2160	2160	2160	2160	2160	2160	2160	2160	2160	2160	2160	2160	2160	2160	2160	2160	2160	2160	2160	2160	2160	2160	2160	2160	2160	2160	2160	2160	2160	2174	0	0	0	0	0	0	0	0	0	0	0	0	0	0	0	0	0	0	0	0	0	0	0	0	0	0	0	0	941	941	941	941	941	939	939	933	928	926	0	921	921	919	916	916	916	916	916	916	916	916	916	916	914	914	911	909	907	904	902	899	899	899	899	899	902	904	904	907	907	907	907	904	902	899	895	892	890	890	888	886	883	883	881	881	881	881	881	881	881	879	879	877	877	874	872	872	870	870	868	0	866	863	863	863	863	863	861	861	859	857	853	853	851	851	849	840	836	834	832	826	822	822	820	820	818	816	816	0	0	0	0	0	0	0	0	0	0	0	0	0	0	0	0	0	0	0	0	0	0	0	0	0	0	0	0	0	0	0	0	0	0	0	0	0	0	0	0	0	0	0	0	0	0	0	0	0	0	0	0	0	0	0	0	0	0	0	0	0	0	0	0	0	0	0	0	0	0	0	0	0	0	0	0	0	0	0	0	0	0	0	0	0	0	0	0	0	0	0	0	0	0	0	0	0	0	0	0	0	0	0	0	0	0	0	0	0	0	0	0	0	0	0	0	0	0	0	0	0	0	0	0	0	0	0	0	0	0	0	0	0	0	0	0	0	0	0	0	0	0	0	0	0	0	0	0	0	0	0	0	0	0	0	0	0	
0	0	0	0	0	0	0	0	0	0	0	0	0	0	0	0	0	0	0	0	0	0	0	0	0	0	0	0	0	0	0	0	0	0	0	0	1848	1858	1868	1868	1878	1888	1899	1899	1920	1920	1941	1952	1952	1964	1975	1986	1986	1986	1998	2021	2033	2045	2069	2082	2082	2082	2082	2082	2107	2120	2160	2215	2215	2215	2230	2230	2230	2230	0	0	0	0	0	0	0	0	0	0	0	0	0	0	0	0	0	0	0	0	0	0	0	0	0	0	0	0	0	0	0	0	0	0	0	0	0	0	0	0	0	0	0	0	0	0	0	0	0	0	0	0	0	0	0	0	0	0	0	0	0	0	0	0	0	0	0	0	0	0	0	0	0	0	0	0	0	0	0	0	0	0	0	0	0	0	0	0	0	0	0	0	0	0	0	0	0	0	0	0	0	0	0	0	0	0	0	0	0	0	0	0	0	0	0	0	0	0	0	0	0	0	0	0	0	0	0	0	0	0	0	0	0	0	0	0	0	0	0	0	0	0	0	0	0	0	0	0	0	0	0	0	0	0	0	0	0	0	0	0	0	0	0	0	0	0	0	0	0	0	0	0	0	0	0	0	0	0	0	0	0	2201	2201	2187	2160	2160	2160	2133	2133	2133	2133	2133	2120	2120	2120	2133	2120	2133	2133	2147	2147	2147	2133	2147	2147	2147	2147	2147	2160	2160	2160	2160	2160	2174	2174	2160	2160	2160	2160	2160	2160	2160	2160	2160	2174	2174	2160	2160	2160	2160	2160	2160	2160	2160	2160	2174	2174	2174	2160	2174	2174	2174	2174	2174	2174	2174	2174	2174	2174	2160	2160	2160	2160	2160	2160	2160	2160	2174	2174	2174	2160	2160	2160	2160	2160	2160	2160	2160	2160	2160	2160	2160	2160	2160	2160	2160	2160	2160	2160	2160	2160	2174	0	0	0	0	0	0	0	0	0	0	0	0	0	0	0	0	0	0	0	0	0	0	0	0	0	0	0	0	941	941	941	941	939	939	936	931	928	0	923	921	921	919	916	916	916	914	914	914	914	914	914	914	911	911	909	907	904	902	902	899	899	899	899	899	902	904	904	904	904	904	904	904	899	897	895	892	890	888	888	886	886	883	881	881	881	881	881	881	881	879	879	877	877	874	872	872	870	870	868	0	866	863	863	863	863	863	861	861	859	857	853	851	851	851	849	846	838	834	830	826	822	820	820	820	818	816	816	0	0	0	0	0	0	0	0	0	0	0	0	0	0	0	0	0	0	0	0	0	0	0	0	0	0	0	0	0	0	0	0	0	0	0	0	0	0	0	0	0	0	0	0	0	0	0	0	0	0	0	0	0	0	0	0	0	0	0	0	0	0	0	0	0	0	0	0	0	0	0	0	0	0	0	0	0	0	0	0	0	0	0	0	0	0	0	0	0	0	0	0	0	0	0	0	0	0	0	0	0	0	0	0	0	0	0	0	0	0	0	0	0	0	0	0	0	0	0	0	0	0	0	0	0	0	0	0	0	0	0	0	0	0	0	0	0	0	0	0	0	0	0	0	0	0	0	0	0	0	0	0	0	0	0	0	0	
0	0	0	0	0	0	0	0	0	0	0	0	0	0	0	0	0	0	0	0	0	0	0	0	0	0	0	0	0	0	0	0	0	0	0	0	1848	1858	1868	1868	1878	1888	1888	1899	1920	1920	1941	1952	1952	1964	1975	1975	1986	1998	1998	2009	2033	2033	2057	2069	2082	2082	2082	2082	2107	2120	2201	2230	2215	2215	2230	2230	2230	2230	0	0	0	0	0	0	0	0	0	0	0	0	0	0	0	0	0	0	0	0	0	0	0	0	0	0	0	0	0	0	0	0	0	0	0	0	0	0	0	0	0	0	0	0	0	0	0	0	0	0	0	0	0	0	0	0	0	0	0	0	0	0	0	0	0	0	0	0	0	0	0	0	0	0	0	0	0	0	0	0	0	0	0	0	0	0	0	0	0	0	0	0	0	0	0	0	0	0	0	0	0	0	0	0	0	0	0	0	0	0	0	0	0	0	0	0	0	0	0	0	0	0	0	0	0	0	0	0	0	0	0	0	0	0	0	0	0	0	0	0	0	0	0	0	0	0	0	0	0	0	0	0	0	0	0	0	0	0	0	0	0	0	0	0	0	0	0	0	0	0	0	0	0	0	0	0	0	0	0	0	0	2201	2187	2187	2147	2160	2147	2133	2133	2120	2133	2133	2120	2133	2133	2133	2133	2133	2133	2147	2147	2147	2133	2147	2147	2147	2147	2147	2160	2160	2160	2160	2160	2174	2174	2174	2160	2160	2160	2160	2160	2160	2160	2160	2174	2174	2174	2160	2160	2160	2160	2174	2160	2160	2160	2174	2174	2160	2160	2174	2174	2174	2174	2174	2174	2174	2174	2174	2174	2160	2160	2160	2160	2160	2174	2160	2160	2160	2174	2160	2160	2160	2160	2160	2160	2160	2160	2174	2174	2174	2174	2160	2160	2160	2160	2160	2160	2160	2147	2160	2160	2160	0	0	0	0	0	0	0	0	0	0	0	0	0	0	0	0	0	0	0	0	0	0	0	0	0	0	0	0	941	941	941	941	939	939	936	931	926	0	923	921	919	919	914	914	914	914	911	911	911	911	911	909	909	909	907	904	902	899	899	899	899	897	897	899	902	902	904	904	904	904	904	902	899	897	895	892	890	888	888	886	886	881	881	881	881	881	881	881	879	879	879	877	874	874	872	872	870	870	868	0	866	863	863	863	863	863	861	861	857	857	853	853	851	851	849	846	838	834	830	826	822	822	820	820	818	816	816	0	0	0	0	0	0	0	0	0	0	0	0	0	0	0	0	0	0	0	0	0	0	0	0	0	0	0	0	0	0	0	0	0	0	0	0	0	0	0	0	0	0	0	0	0	0	0	0	0	0	0	0	0	0	0	0	0	0	0	0	0	0	0	0	0	0	0	0	0	0	0	0	0	0	0	0	0	0	0	0	0	0	0	0	0	0	0	0	0	0	0	0	0	0	0	0	0	0	0	0	0	0	0	0	0	0	0	0	0	0	0	0	0	0	0	0	0	0	0	0	0	0	0	0	0	0	0	0	0	0	0	0	0	0	0	0	0	0	0	0	0	0	0	0	0	0	0	0	0	0	0	0	0	0	0	0	0	
0	0	0	0	0	0	0	0	0	0	0	0	0	0	0	0	0	0	0	0	0	0	0	0	0	0	0	0	0	0	0	0	0	0	0	0	1848	1848	1858	1868	1878	1888	1888	1899	1909	1920	1941	1952	1952	1964	1975	1986	1986	2009	2009	2021	2033	2045	2057	2069	2082	2082	2082	2095	2107	2133	2215	2230	2230	2230	2230	2230	2230	2230	0	0	0	0	0	0	0	0	0	0	0	0	0	0	0	0	0	0	0	0	0	0	0	0	0	0	0	0	0	0	0	0	0	0	0	0	0	0	0	0	0	0	0	0	0	0	0	0	0	0	0	0	0	0	0	0	0	0	0	0	0	0	0	0	0	0	0	0	0	0	0	0	0	0	0	0	0	0	0	0	0	0	0	0	0	0	0	0	0	0	0	0	0	0	0	0	0	0	0	0	0	0	0	0	0	0	0	0	0	0	0	0	0	0	0	0	0	0	0	0	0	0	0	0	0	0	0	0	0	0	0	0	0	0	0	0	0	0	0	0	0	0	0	0	0	0	0	0	0	0	0	0	0	0	0	0	0	0	0	0	0	0	0	0	0	0	0	0	0	0	0	0	0	0	0	0	0	0	0	0	0	0	2187	2174	2147	2147	2147	2133	2133	2133	2133	2133	2133	2133	2133	2120	2120	2120	2133	2133	2133	2133	2133	2147	2147	2147	2147	2147	2147	2160	2160	2160	2160	2174	2174	2174	2174	2160	2160	2160	2174	2160	2174	2174	2174	2174	2174	2160	2160	2174	2174	2174	2160	2160	2160	2174	2160	2160	2160	2160	2174	2174	2174	2174	2174	2174	2174	2174	2174	2160	2160	2160	2160	2160	2174	2160	2174	2174	2174	2160	2160	2160	2160	2160	2160	2160	2174	2174	2174	2174	2174	2174	2160	2160	2160	2160	2160	2160	2147	2160	2160	2160	0	0	0	0	0	0	0	0	0	0	0	0	0	0	0	0	0	0	0	0	0	0	0	0	0	0	0	941	941	941	939	939	939	936	933	926	0	923	921	921	919	919	914	911	914	911	911	911	911	911	911	909	909	909	907	904	902	899	899	897	897	897	897	899	899	902	904	904	904	904	904	902	899	897	895	892	890	888	886	886	883	883	881	881	881	881	881	881	879	879	879	877	874	872	872	870	870	870	868	0	866	863	863	863	863	863	861	861	857	855	853	851	851	849	849	846	838	832	830	826	822	820	820	820	818	816	816	0	0	0	0	0	0	0	0	0	0	0	0	0	0	0	0	0	0	0	0	0	0	0	0	0	0	0	0	0	0	0	0	0	0	0	0	0	0	0	0	0	0	0	0	0	0	0	0	0	0	0	0	0	0	0	0	0	0	0	0	0	0	0	0	0	0	0	0	0	0	0	0	0	0	0	0	0	0	0	0	0	0	0	0	0	0	0	0	0	0	0	0	0	0	0	0	0	0	0	0	0	0	0	0	0	0	0	0	0	0	0	0	0	0	0	0	0	0	0	0	0	0	0	0	0	0	0	0	0	0	0	0	0	0	0	0	0	0	0	0	0	0	0	0	0	0	0	0	0	0	0	0	0	0	0	0	0	
0	0	0	0	0	0	0	0	0	0	0	0	0	0	0	0	0	0	0	0	0	0	0	0	0	0	0	0	0	0	0	0	0	0	0	0	1848	1858	1868	1868	1878	1878	1878	1899	1909	1920	1931	1952	1952	1964	1975	1986	1986	2009	2009	2021	2033	2033	2045	2057	2069	2069	2069	2082	2107	2160	2215	2230	2230	2230	2230	2230	2230	2230	0	0	0	0	0	0	0	0	0	0	0	0	0	0	0	0	0	0	0	0	0	0	0	0	0	0	0	0	0	0	0	0	0	0	0	0	0	0	0	0	0	0	0	0	0	0	0	0	0	0	0	0	0	0	0	0	0	0	0	0	0	0	0	0	0	0	0	0	0	0	0	0	0	0	0	0	0	0	0	0	0	0	0	0	0	0	0	0	0	0	0	0	0	0	0	0	0	0	0	0	0	0	0	0	0	0	0	0	0	0	0	0	0	0	0	0	0	0	0	0	0	0	0	0	0	0	0	0	0	0	0	0	0	0	0	0	0	0	0	0	0	0	0	0	0	0	0	0	0	0	0	0	0	0	0	0	0	0	0	0	0	0	0	0	0	0	0	0	0	0	0	0	0	0	0	0	0	0	0	0	0	0	2187	2174	2147	2147	2147	2133	2133	2133	2133	2133	2133	2133	2133	2120	2120	2120	2133	2133	2133	2133	2133	2133	2147	2147	2147	2147	2147	2160	2160	2160	2160	2174	2174	2160	2174	2160	2160	2160	2160	2160	2174	2174	2174	2174	2174	2174	2174	2174	2174	2174	2174	2174	2174	2174	2174	2174	2160	2174	2174	2174	2174	2174	2174	2174	2174	2174	2174	2160	2160	2160	2160	2160	2174	2160	2160	2160	2160	2160	2160	2160	2160	2160	2160	2160	2174	2174	2174	2174	2174	2174	2160	2160	2160	2160	2160	2160	2160	2160	2160	0	0	0	0	0	0	0	0	0	0	0	0	0	0	0	0	0	0	0	0	0	0	0	0	0	0	0	941	941	941	941	939	939	936	933	931	928	923	921	921	919	919	916	914	911	911	911	909	909	909	909	909	909	909	909	907	904	902	899	899	897	897	897	897	899	899	902	902	902	904	902	902	899	897	895	892	890	890	888	886	886	883	883	881	881	881	881	881	879	879	879	879	874	874	872	872	870	870	870	868	0	866	863	863	863	863	861	861	861	857	855	853	851	851	849	846	844	836	832	828	824	822	820	820	820	818	818	816	0	0	0	0	0	0	0	0	0	0	0	0	0	0	0	0	0	0	0	0	0	0	0	0	0	0	0	0	0	0	0	0	0	0	0	0	0	0	0	0	0	0	0	0	0	0	0	0	0	0	0	0	0	0	0	0	0	0	0	0	0	0	0	0	0	0	0	0	0	0	0	0	0	0	0	0	0	0	0	0	0	0	0	0	0	0	0	0	0	0	0	0	0	0	0	0	0	0	0	0	0	0	0	0	0	0	0	0	0	0	0	0	0	0	0	0	0	0	0	0	0	0	0	0	0	0	0	0	0	0	0	0	0	0	0	0	0	0	0	0	0	0	0	0	0	0	0	0	0	0	0	0	0	0	0	0	0	
0	0	0	0	0	0	0	0	0	0	0	0	0	0	0	0	0	0	0	0	0	0	0	0	0	0	0	0	0	0	0	0	0	0	0	0	1848	1858	1868	1868	1878	1888	1888	1899	1909	1909	1931	1952	1941	1964	1986	1986	2009	2009	2009	2021	2033	2033	2045	2057	2069	2082	2082	2095	2120	2174	2201	2215	2215	2230	2230	2244	2244	2244	0	0	0	0	0	0	0	0	0	0	0	0	0	0	0	0	0	0	0	0	0	0	0	0	0	0	0	0	0	0	0	0	0	0	0	0	0	0	0	0	0	0	0	0	0	0	0	0	0	0	0	0	0	0	0	0	0	0	0	0	0	0	0	0	0	0	0	0	0	0	0	0	0	0	0	0	0	0	0	0	0	0	0	0	0	0	0	0	0	0	0	0	0	0	0	0	0	0	0	0	0	0	0	0	0	0	0	0	0	0	0	0	0	0	0	0	0	0	0	0	0	0	0	0	0	0	0	0	0	0	0	0	0	0	0	0	0	0	0	0	0	0	0	0	0	0	0	0	0	0	0	0	0	0	0	0	0	0	0	0	0	0	0	0	0	0	0	0	0	0	0	0	0	0	0	0	0	0	0	0	0	0	2187	2174	2147	2147	2147	2133	2133	2120	2120	2120	2120	2120	2133	2120	2120	2120	2133	2133	2133	2133	2133	2133	2133	2133	2133	2147	2160	2160	2160	2160	2160	2174	2174	2174	2174	2160	2174	2160	2160	2160	2174	2174	2174	2174	2174	2174	2174	2174	2174	2174	2174	2174	2174	2174	2174	2174	2174	2174	2174	2174	2174	2174	2174	2174	2174	2174	2174	2160	2160	2160	2160	2160	2160	2160	2160	2160	2160	2160	2160	2160	2160	2160	2160	2160	2160	2174	2174	2160	2160	2160	2160	2160	2160	2160	2160	2160	2160	2160	0	0	0	0	0	0	0	0	0	0	0	0	0	0	0	0	0	0	0	0	0	0	0	0	0	0	0	0	941	941	941	941	939	936	933	931	928	926	923	921	919	919	916	916	914	911	911	911	909	909	909	909	909	909	909	907	904	902	899	899	897	897	897	897	897	897	899	902	902	902	902	902	899	899	897	895	892	890	888	888	886	886	883	883	881	881	881	881	881	879	879	879	879	874	874	872	872	870	870	870	868	0	866	863	863	863	863	861	861	861	857	855	853	851	849	849	846	842	838	830	828	826	822	820	820	818	818	816	816	0	0	0	0	0	0	0	0	0	0	0	0	0	0	0	0	0	0	0	0	0	0	0	0	0	0	0	0	0	0	0	0	0	0	0	0	0	0	0	0	0	0	0	0	0	0	0	0	0	0	0	0	0	0	0	0	0	0	0	0	0	0	0	0	0	0	0	0	0	0	0	0	0	0	0	0	0	0	0	0	0	0	0	0	0	0	0	0	0	0	0	0	0	0	0	0	0	0	0	0	0	0	0	0	0	0	0	0	0	0	0	0	0	0	0	0	0	0	0	0	0	0	0	0	0	0	0	0	0	0	0	0	0	0	0	0	0	0	0	0	0	0	0	0	0	0	0	0	0	0	0	0	0	0	0	0	0	
0	0	0	0	0	0	0	0	0	0	0	0	0	0	0	0	0	0	0	0	0	0	0	0	0	0	0	0	0	0	0	0	0	0	0	0	1848	1858	1858	1868	1868	1878	1888	1899	1899	1899	1920	1941	1941	1964	1986	1986	2009	2009	2009	2021	2033	2045	2057	2069	2082	2082	2082	2095	2107	2160	2201	2215	2215	2215	2230	2244	2244	2244	0	0	0	0	0	0	0	0	0	0	0	0	0	0	0	0	0	0	0	0	0	0	0	0	0	0	0	0	0	0	0	0	0	0	0	0	0	0	0	0	0	0	0	0	0	0	0	0	0	0	0	0	0	0	0	0	0	0	0	0	0	0	0	0	0	0	0	0	0	0	0	0	0	0	0	0	0	0	0	0	0	0	0	0	0	0	0	0	0	0	0	0	0	0	0	0	0	0	0	0	0	0	0	0	0	0	0	0	0	0	0	0	0	0	0	0	0	0	0	0	0	0	0	0	0	0	0	0	0	0	0	0	0	0	0	0	0	0	0	0	0	0	0	0	0	0	0	0	0	0	0	0	0	0	0	0	0	0	0	0	0	0	0	0	0	0	0	0	0	0	0	0	0	0	0	0	0	0	0	0	0	2201	2187	2174	2147	2133	2133	2133	2133	2120	2133	2120	2133	2120	2133	2120	2120	2120	2133	2133	2133	2133	2133	2133	2147	2133	2147	2147	2160	2160	2160	2160	2160	2174	2174	2174	2174	2160	2174	2160	2160	2160	2160	2160	2174	2174	2174	2174	2174	2174	2174	2174	2174	2174	2174	2174	2174	2174	2174	2174	2174	2174	2174	2174	2174	2174	2174	2174	2174	2160	2160	2160	2160	2160	2160	2160	2160	2160	2160	2160	2160	2160	2160	2160	2160	2160	2160	2160	2174	2160	2160	2160	2160	2160	2160	2160	2147	2147	2147	2147	0	0	0	0	0	0	0	0	0	0	0	0	0	0	0	0	0	0	0	0	0	0	0	0	0	0	0	0	941	941	941	939	939	939	933	931	928	926	923	921	919	919	916	916	911	911	911	911	909	909	909	909	909	909	907	907	904	902	899	897	897	897	897	895	895	897	899	899	899	902	902	899	899	899	895	895	892	890	888	886	883	883	881	881	881	881	881	881	879	879	879	879	877	874	874	872	872	870	870	868	868	0	866	863	863	863	861	861	861	859	857	855	853	851	849	849	844	840	836	830	828	822	822	820	820	818	818	816	0	0	0	0	0	0	0	0	0	0	0	0	0	0	0	0	0	0	0	0	0	0	0	0	0	0	0	0	0	0	0	0	0	0	0	0	0	0	0	0	0	0	0	0	0	0	0	0	0	0	0	0	0	0	0	0	0	0	0	0	0	0	0	0	0	0	0	0	0	0	0	0	0	0	0	0	0	0	0	0	0	0	0	0	0	0	0	0	0	0	0	0	0	0	0	0	0	0	0	0	0	0	0	0	0	0	0	0	0	0	0	0	0	0	0	0	0	0	0	0	0	0	0	0	0	0	0	0	0	0	0	0	0	0	0	0	0	0	0	0	0	0	0	0	0	0	0	0	0	0	0	0	0	0	0	0	0	0	
0	0	0	0	0	0	0	0	0	0	0	0	0	0	0	0	0	0	0	0	0	0	0	0	0	0	0	0	0	0	0	0	0	0	0	0	1848	1858	1858	1868	1868	1888	1888	1899	1899	1899	1920	1941	1941	1964	1975	1975	1986	2009	2009	2021	2045	2045	2057	2069	2082	2082	2082	2095	2107	2147	2201	2201	2215	2215	2230	2230	2230	2230	0	0	0	0	0	0	0	0	0	0	0	0	0	0	0	0	0	0	0	0	0	0	0	0	0	0	0	0	0	0	0	0	0	0	0	0	0	0	0	0	0	0	0	0	0	0	0	0	0	0	0	0	0	0	0	0	0	0	0	0	0	0	0	0	0	0	0	0	0	0	0	0	0	0	0	0	0	0	0	0	0	0	0	0	0	0	0	0	0	0	0	0	0	0	0	0	0	0	0	0	0	0	0	0	0	0	0	0	0	0	0	0	0	0	0	0	0	0	0	0	0	0	0	0	0	0	0	0	0	0	0	0	0	0	0	0	0	0	0	0	0	0	0	0	0	0	0	0	0	0	0	0	0	0	0	0	0	0	0	0	0	0	0	0	0	0	0	0	0	0	0	0	0	0	0	0	0	0	0	0	0	2201	2187	2174	2147	2147	2133	2133	2120	2120	2120	2120	2133	2120	2120	2120	2120	2120	2120	2120	2133	2133	2133	2147	2147	2147	2147	2147	2147	2160	2160	2174	2174	2174	2174	2174	2174	2160	2174	2147	2160	2147	2160	2160	2174	2174	2174	2174	2174	2174	2174	2174	2174	2174	2174	2174	2174	2174	2174	2174	2174	2174	2174	2174	2174	2174	2174	2174	2174	2160	2160	2160	2160	2160	2160	2160	2160	2160	2160	2160	2160	2160	2160	2160	2160	2160	2160	2160	2174	2174	2174	2174	2160	2160	2160	2160	2160	2147	2147	0	0	0	0	0	0	0	0	0	0	0	0	0	0	0	0	0	0	0	0	0	0	0	0	0	0	0	0	0	941	941	941	939	939	936	931	928	926	0	921	919	919	916	916	914	911	911	911	911	909	909	909	909	909	909	907	907	904	904	899	897	897	895	897	895	895	897	899	899	899	899	899	899	899	897	895	895	892	890	888	886	883	883	881	881	881	881	881	881	879	879	879	879	877	874	872	872	872	870	870	868	868	0	866	863	863	863	861	861	861	859	857	857	851	851	849	846	842	838	832	828	826	822	822	820	818	818	816	0	815	0	0	0	0	0	0	0	0	0	0	0	0	0	0	0	0	0	0	0	0	0	0	0	0	0	0	0	0	0	0	0	0	0	0	0	0	0	0	0	0	0	0	0	0	0	0	0	0	0	0	0	0	0	0	0	0	0	0	0	0	0	0	0	0	0	0	0	0	0	0	0	0	0	0	0	0	0	0	0	0	0	0	0	0	0	0	0	0	0	0	0	0	0	0	0	0	0	0	0	0	0	0	0	0	0	0	0	0	0	0	0	0	0	0	0	0	0	0	0	0	0	0	0	0	0	0	0	0	0	0	0	0	0	0	0	0	0	0	0	0	0	0	0	0	0	0	0	0	0	0	0	0	0	0	0	0	0	
0	0	0	0	0	0	0	0	0	0	0	0	0	0	0	0	0	0	0	0	0	0	0	0	0	0	0	0	0	0	0	0	0	0	0	0	1848	1848	1858	1868	1868	1878	1888	1899	1899	1909	1909	1941	1941	1964	1975	1975	1986	2009	2009	2033	2045	2057	2057	2069	2069	2082	2082	2095	2107	2147	2187	2201	2215	2215	2215	2230	2230	2215	0	0	0	0	0	0	0	0	0	0	0	0	0	0	0	0	0	0	0	0	0	0	0	0	0	0	0	0	0	0	0	0	0	0	0	0	0	0	0	0	0	0	0	0	0	0	0	0	0	0	0	0	0	0	0	0	0	0	0	0	0	0	0	0	0	0	0	0	0	0	0	0	0	0	0	0	0	0	0	0	0	0	0	0	0	0	0	0	0	0	0	0	0	0	0	0	0	0	0	0	0	0	0	0	0	0	0	0	0	0	0	0	0	0	0	0	0	0	0	0	0	0	0	0	0	0	0	0	0	0	0	0	0	0	0	0	0	0	0	0	0	0	0	0	0	0	0	0	0	0	0	0	0	0	0	0	0	0	0	0	0	0	0	0	0	0	0	0	0	0	0	0	0	0	0	0	0	0	0	0	0	2187	2187	2174	2147	2147	2133	2133	2133	2133	2133	2133	2133	2120	2120	2120	2120	2120	2133	2133	2133	2133	2147	2147	2147	2147	2147	2147	2147	2147	2160	2160	2174	2174	2174	2174	2174	2174	2160	2160	2147	2147	2160	2160	2160	2174	2174	2174	2174	2174	2174	2174	2174	2174	2174	2174	2174	2174	2174	2174	2160	2174	2174	2174	2174	2174	2174	2174	2174	2160	2160	2160	2160	2160	2160	2160	2160	2160	2160	2160	2160	2160	2160	2160	2160	2160	2160	2160	2174	2160	2160	2160	2160	2160	2160	2147	2160	2147	2147	0	0	0	0	0	0	0	0	0	0	0	0	0	0	0	0	0	0	0	0	0	0	0	0	0	0	0	0	0	941	941	941	939	939	936	931	928	0	923	921	919	919	916	914	914	911	911	911	909	909	909	909	909	909	909	907	907	904	902	899	897	895	895	895	895	895	897	899	899	899	899	899	899	899	897	895	892	892	890	888	886	883	883	881	881	881	881	881	881	879	879	877	877	877	874	872	872	872	870	870	868	0	866	866	863	863	863	861	861	859	859	859	857	853	851	851	844	842	844	828	826	824	822	822	820	818	816	816	815	0	0	0	0	0	0	0	0	0	0	0	0	0	0	0	0	0	0	0	0	0	0	0	0	0	0	0	0	0	0	0	0	0	0	0	0	0	0	0	0	0	0	0	0	0	0	0	0	0	0	0	0	0	0	0	0	0	0	0	0	0	0	0	0	0	0	0	0	0	0	0	0	0	0	0	0	0	0	0	0	0	0	0	0	0	0	0	0	0	0	0	0	0	0	0	0	0	0	0	0	0	0	0	0	0	0	0	0	0	0	0	0	0	0	0	0	0	0	0	0	0	0	0	0	0	0	0	0	0	0	0	0	0	0	0	0	0	0	0	0	0	0	0	0	0	0	0	0	0	0	0	0	0	0	0	0	0	0	
0	0	0	0	0	0	0	0	0	0	0	0	0	0	0	0	0	0	0	0	0	0	0	0	0	0	0	0	0	0	0	0	0	0	0	0	1848	1848	1848	1858	1868	1888	1888	1899	1909	1909	1909	1941	1941	1964	1975	1975	1986	2009	2009	2033	2045	2045	2057	2069	2069	2069	2082	2095	2107	2147	2187	2201	2215	2230	2230	2230	2230	2215	0	0	0	0	0	0	0	0	0	0	0	0	0	0	0	0	0	0	0	0	0	0	0	0	0	0	0	0	0	0	0	0	0	0	0	0	0	0	0	0	0	0	0	0	0	0	0	0	0	0	0	0	0	0	0	0	0	0	0	0	0	0	0	0	0	0	0	0	0	0	0	0	0	0	0	0	0	0	0	0	0	0	0	0	0	0	0	0	0	0	0	0	0	0	0	0	0	0	0	0	0	0	0	0	0	0	0	0	0	0	0	0	0	0	0	0	0	0	0	0	0	0	0	0	0	0	0	0	0	0	0	0	0	0	0	0	0	0	0	0	0	0	0	0	0	0	0	0	0	0	0	0	0	0	0	0	0	0	0	0	0	0	0	0	0	0	0	0	0	0	0	0	0	0	0	0	0	0	0	0	0	2187	2174	2174	2147	2147	2147	2133	2133	2133	2133	2120	2133	2120	2120	2120	2120	2120	2133	2133	2133	2133	2147	2147	2147	2147	2147	2147	2147	2147	2160	2160	2174	2174	2174	2174	2174	2160	2160	2147	2147	2147	2160	2160	2160	2174	2174	2174	2174	2174	2174	2174	2174	2174	2174	2174	2174	2174	2174	2160	2160	2160	2160	2160	2174	2174	2174	2174	2174	2160	2160	2160	2160	2160	2160	2160	2160	2160	2160	2160	2160	2160	2160	2160	2160	2160	2160	2160	2174	2160	2160	2160	2160	2160	2160	2147	2147	2147	2147	0	0	0	0	0	0	0	0	0	0	0	0	0	0	0	0	0	0	0	0	0	0	0	0	0	0	0	0	0	941	941	939	939	936	933	928	0	923	921	919	919	919	916	914	914	911	909	909	909	909	909	909	909	909	907	907	907	902	899	897	897	895	895	895	895	895	897	897	899	899	899	899	899	897	897	895	892	890	890	888	886	883	883	881	881	881	881	881	881	879	879	879	877	877	874	872	872	872	870	870	868	868	866	866	863	863	863	861	861	859	859	857	855	853	853	851	844	838	828	828	826	824	822	820	818	816	816	0	0	0	0	0	0	0	0	0	0	0	0	0	0	0	0	0	0	0	0	0	0	0	0	0	0	0	0	0	0	0	0	0	0	0	0	0	0	0	0	0	0	0	0	0	0	0	0	0	0	0	0	0	0	0	0	0	0	0	0	0	0	0	0	0	0	0	0	0	0	0	0	0	0	0	0	0	0	0	0	0	0	0	0	0	0	0	0	0	0	0	0	0	0	0	0	0	0	0	0	0	0	0	0	0	0	0	0	0	0	0	0	0	0	0	0	0	0	0	0	0	0	0	0	0	0	0	0	0	0	0	0	0	0	0	0	0	0	0	0	0	0	0	0	0	0	0	0	0	0	0	0	0	0	0	0	0	0	0	0	
0	0	0	0	0	0	0	0	0	0	0	0	0	0	0	0	0	0	0	0	0	0	0	0	0	0	0	0	0	0	0	0	0	0	0	0	1838	1848	1848	1858	1868	1878	1888	1899	1899	1909	1909	1941	1941	1975	1986	1986	1986	1998	2009	2033	2045	2045	2057	2069	2069	2082	2082	2095	2107	2133	2174	2201	2215	2230	2230	2230	2230	2230	0	0	0	0	0	0	0	0	0	0	0	0	0	0	0	0	0	0	0	0	0	0	0	0	0	0	0	0	0	0	0	0	0	0	0	0	0	0	0	0	0	0	0	0	0	0	0	0	0	0	0	0	0	0	0	0	0	0	0	0	0	0	0	0	0	0	0	0	0	0	0	0	0	0	0	0	0	0	0	0	0	0	0	0	0	0	0	0	0	0	0	0	0	0	0	0	0	0	0	0	0	0	0	0	0	0	0	0	0	0	0	0	0	0	0	0	0	0	0	0	0	0	0	0	0	0	0	0	0	0	0	0	0	0	0	0	0	0	0	0	0	0	0	0	0	0	0	0	0	0	0	0	0	0	0	0	0	0	0	0	0	0	0	0	0	0	0	0	0	0	0	0	0	0	0	0	0	0	0	0	0	2187	2174	2160	2147	2133	2133	2133	2120	2133	2120	2120	2120	2120	2120	2133	2120	2133	2133	2133	2133	2147	2147	2147	2147	2147	2147	2147	2147	2147	2160	2160	2160	2160	2174	2160	2160	2147	2147	2147	2147	2147	2147	2160	2160	2174	2174	2174	2174	2174	2174	2174	2174	2174	2174	2174	2174	2174	2174	2160	2160	2160	2160	2160	2160	2160	2174	2174	2174	2160	2160	2160	2160	2160	2147	2147	2147	2147	2147	2160	2160	2160	2160	2160	2160	2160	2160	2147	2160	2160	2160	2160	2160	2147	2147	2133	0	0	0	0	0	1183	1183	0	0	0	0	0	0	0	0	0	0	0	0	0	0	0	0	0	0	0	0	0	0	0	0	946	941	941	939	939	936	931	926	0	923	921	919	916	916	916	914	911	909	909	909	909	909	909	909	907	907	907	907	904	902	899	897	895	895	892	892	895	895	897	897	897	899	899	899	897	897	897	895	892	890	890	888	886	883	883	881	881	881	879	879	879	879	877	877	877	874	872	872	872	872	870	870	868	868	0	866	863	863	863	861	861	859	861	857	857	855	855	851	844	836	830	828	826	824	822	820	818	816	0	815	0	0	0	0	0	0	0	0	0	0	0	0	0	0	0	0	0	0	0	0	0	0	0	0	0	0	0	0	0	0	0	0	0	0	0	0	0	0	0	0	0	0	0	0	0	0	0	0	0	0	0	0	0	0	0	0	0	0	0	0	0	0	0	0	0	0	0	0	0	0	0	0	0	0	0	0	0	0	0	0	0	0	0	0	0	0	0	0	0	0	0	0	0	0	0	0	0	0	0	0	0	0	0	0	0	0	0	0	0	0	0	0	0	0	0	0	0	0	0	0	0	0	0	0	0	0	0	0	0	0	0	0	0	0	0	0	0	0	0	0	0	0	0	0	0	0	0	0	0	0	0	0	0	0	0	0	0	0	0	
0	0	0	0	0	0	0	0	0	0	0	0	0	0	0	0	0	0	0	0	0	0	0	0	0	0	0	0	0	0	0	0	0	0	0	0	1838	1848	1848	1858	1868	1878	1888	1899	1899	1899	1899	1909	1941	1964	1975	1975	1986	1986	2009	2033	2045	2045	2057	2069	2069	2082	2082	2095	2107	2133	2187	2201	2215	2230	2230	2230	2230	2230	0	0	0	0	0	0	0	0	0	0	0	0	0	0	0	0	0	0	0	0	0	0	0	0	0	0	0	0	0	0	0	0	0	0	0	0	0	0	0	0	0	0	0	0	0	0	0	0	0	0	0	0	0	0	0	0	0	0	0	0	0	0	0	0	0	0	0	0	0	0	0	0	0	0	0	0	0	0	0	0	0	0	0	0	0	0	0	0	0	0	0	0	0	0	0	0	0	0	0	0	0	0	0	0	0	0	0	0	0	0	0	0	0	0	0	0	0	0	0	0	0	0	0	0	0	0	0	0	0	0	0	0	0	0	0	0	0	0	0	0	0	0	0	0	0	0	0	0	0	0	0	0	0	0	0	0	0	0	0	0	0	0	0	0	0	0	0	0	0	0	0	0	0	0	0	0	0	0	0	0	2201	2187	2174	2160	2147	2133	2133	2133	2120	2120	2120	2120	2120	2120	2120	2133	2120	2120	2133	2147	2147	2147	2147	2147	2147	2147	2147	2147	2147	2147	2160	2160	2160	2174	2174	2160	2160	2147	2147	2147	2147	2147	2147	2147	2160	2160	2174	2174	2174	2174	2174	2160	2174	2174	2174	2174	2174	2174	2174	2160	2160	2160	2160	2160	2160	2160	2160	2174	2160	2160	2160	2160	2160	2160	2147	2147	2147	2147	2147	2147	2160	2160	2160	2160	2160	2147	2120	2069	2069	2069	2069	2069	2069	0	0	0	0	1183	1179	1179	1183	1183	1183	1179	0	0	0	0	0	0	0	0	0	0	0	0	0	0	0	0	0	0	0	0	0	0	0	944	941	941	939	936	933	928	0	923	921	919	916	914	916	914	911	911	909	909	909	909	907	907	907	907	904	904	902	902	899	897	897	892	892	892	892	892	895	897	897	897	899	899	899	899	897	897	897	892	890	888	888	886	883	881	881	881	879	879	879	879	877	877	877	877	877	874	872	872	872	870	870	870	868	0	866	863	863	863	861	861	861	861	859	857	855	855	851	849	836	830	828	828	824	822	820	818	818	0	815	0	0	0	0	0	0	0	0	0	0	0	0	0	0	0	0	0	0	0	0	0	0	0	0	0	0	0	0	0	0	0	0	0	0	0	0	0	0	0	0	0	0	0	0	0	0	0	0	0	0	0	0	0	0	0	0	0	0	0	0	0	0	0	0	0	0	0	0	0	0	0	0	0	0	0	0	0	0	0	0	0	0	0	0	0	0	0	0	0	0	0	0	0	0	0	0	0	0	0	0	0	0	0	0	0	0	0	0	0	0	0	0	0	0	0	0	0	0	0	0	0	0	0	0	0	0	0	0	0	0	0	0	0	0	0	0	0	0	0	0	0	0	0	0	0	0	0	0	0	0	0	0	0	0	0	0	0	0	0	
0	0	0	0	0	0	0	0	0	0	0	0	0	0	0	0	0	0	0	0	0	0	0	0	0	0	0	0	0	0	0	0	0	0	0	0	1838	1848	1848	1858	1868	1878	1888	1888	1899	1899	1899	1909	1941	1964	1975	1986	1986	1998	2009	2033	2045	2045	2057	2069	2069	2082	2082	2095	2107	2133	2201	2215	2215	2230	2215	2230	2244	2230	0	0	0	0	0	0	0	0	0	0	0	0	0	0	0	0	0	0	0	0	0	0	0	0	0	0	0	0	0	0	0	0	0	0	0	0	0	0	0	0	0	0	0	0	0	0	0	0	0	0	0	0	0	0	0	0	0	0	0	0	0	0	0	0	0	0	0	0	0	0	0	0	0	0	0	0	0	0	0	0	0	0	0	0	0	0	0	0	0	0	0	0	0	0	0	0	0	0	0	0	0	0	0	0	0	0	0	0	0	0	0	0	0	0	0	0	0	0	0	0	0	0	0	0	0	0	0	0	0	0	0	0	0	0	0	0	0	0	0	0	0	0	0	0	0	0	0	0	0	0	0	0	0	0	0	0	0	0	0	0	0	0	0	0	0	0	0	0	0	0	0	0	0	0	0	0	0	0	0	0	0	2187	2174	2160	2147	2133	2133	2133	2120	2133	2133	2133	2133	2120	2133	2133	2120	2133	2133	2147	2147	2147	2147	2147	2147	2147	2147	2147	2133	2147	2147	2160	2160	2160	2174	2160	2174	2160	2147	2147	2147	2147	2133	2147	2147	2160	2174	2174	2174	2174	2174	2160	2174	2174	2174	2174	2174	2174	2174	2160	2160	2160	2160	2147	2160	2160	2160	2174	2174	2160	2160	2160	2160	2147	2147	2147	2147	2133	2133	2147	2147	2147	2147	2147	2147	2069	2082	2069	2057	2057	2057	2057	2069	0	0	0	0	0	1179	1179	1183	1183	1179	1179	0	0	0	0	0	0	0	0	0	0	0	0	0	0	0	0	0	0	0	0	0	0	0	941	939	939	936	933	928	926	923	919	919	916	914	911	911	911	911	911	909	909	907	907	907	907	907	904	902	902	902	899	899	897	895	892	892	892	892	892	895	897	897	897	899	899	899	899	897	897	897	892	890	888	888	886	883	881	881	881	879	879	879	879	877	877	877	877	877	874	872	872	870	870	870	870	0	866	866	863	863	863	861	861	861	861	859	857	857	855	853	849	840	834	830	828	826	822	820	818	818	0	0	0	0	0	0	0	0	0	0	0	0	0	0	0	0	0	0	0	0	0	0	0	0	0	0	0	0	0	0	0	0	0	0	0	0	0	0	0	0	0	0	0	0	0	0	0	0	0	0	0	0	0	0	0	0	0	0	0	0	0	0	0	0	0	0	0	0	0	0	0	0	0	0	0	0	0	0	0	0	0	0	0	0	0	0	0	0	0	0	0	0	0	0	0	0	0	0	0	0	0	0	0	0	0	0	0	0	0	0	0	0	0	0	0	0	0	0	0	0	0	0	0	0	0	0	0	0	0	0	0	0	0	0	0	0	0	0	0	0	0	0	0	0	0	0	0	0	0	0	0	0	0	0	0	0	0	0	0	0	0	
0	0	0	0	0	0	0	0	0	0	0	0	0	0	0	0	0	0	0	0	0	0	0	0	0	0	0	0	0	0	0	0	0	0	0	0	1838	1838	1848	1858	1868	1878	1888	1899	1899	1909	1909	1909	1941	1952	1964	1986	1986	1998	2009	2033	2045	2045	2057	2069	2069	2082	2082	2095	2107	2133	2187	2215	2215	2215	2215	2230	2230	0	0	0	0	0	0	0	0	0	0	0	0	0	0	0	0	0	0	0	0	0	0	0	0	0	0	0	0	0	0	0	0	0	0	0	0	0	0	0	0	0	0	0	0	0	0	0	0	0	0	0	0	0	0	0	0	0	0	0	0	0	0	0	0	0	0	0	0	0	0	0	0	0	0	0	0	0	0	0	0	0	0	0	0	0	0	0	0	0	0	0	0	0	0	0	0	0	0	0	0	0	0	0	0	0	0	0	0	0	0	0	0	0	0	0	0	0	0	0	0	0	0	0	0	0	0	0	0	0	0	0	0	0	0	0	0	0	0	0	0	0	0	0	0	0	0	0	0	0	0	0	0	0	0	0	0	0	0	0	0	0	0	0	0	0	0	0	0	0	0	0	0	0	0	0	0	0	0	0	0	0	0	2187	2174	2160	2133	2133	2133	2133	2133	2133	2133	2133	2133	2133	2133	2133	2120	2133	2133	2147	2147	2147	2147	2160	2147	2147	2147	2147	2133	2147	2147	2147	2160	2160	2160	2160	2160	2174	2160	2147	2147	2147	2147	2147	2160	2160	2174	2174	2174	2174	2160	2160	2174	2160	2174	2174	2174	2174	2174	2160	2160	2160	2160	2160	2160	2160	2174	2174	2174	2160	2160	2160	2160	2147	2120	2120	2120	2107	2069	2057	2045	2082	2045	2033	2057	2057	2057	2057	2057	2057	2057	2057	2057	0	0	0	0	0	1179	1183	1179	1179	1179	1179	0	0	0	0	0	0	0	0	0	0	0	0	0	0	0	0	0	0	0	0	0	0	939	939	936	936	933	928	0	923	921	919	916	914	911	911	911	911	911	911	909	909	909	907	907	907	904	904	902	902	902	899	897	897	895	892	892	892	890	892	892	895	897	897	899	899	899	899	897	897	897	895	890	888	888	886	883	883	881	881	879	879	879	879	877	877	877	877	877	872	872	872	870	870	870	870	868	0	866	863	863	863	861	861	861	861	859	859	857	857	853	853	844	834	830	828	826	822	820	818	816	0	0	0	0	0	0	0	0	0	0	0	0	0	0	0	0	0	0	0	0	0	0	0	0	0	0	0	0	0	0	0	0	0	0	0	0	0	0	0	0	0	0	0	0	0	0	0	0	0	0	0	0	0	0	0	0	0	0	0	0	0	0	0	0	0	0	0	0	0	0	0	0	0	0	0	0	0	0	0	0	0	0	0	0	0	0	0	0	0	0	0	0	0	0	0	0	0	0	0	0	0	0	0	0	0	0	0	0	0	0	0	0	0	0	0	0	0	0	0	0	0	0	0	0	0	0	0	0	0	0	0	0	0	0	0	0	0	0	0	0	0	0	0	0	0	0	0	0	0	0	0	0	0	0	0	0	0	0	0	0	0	
0	0	0	0	0	0	0	0	0	0	0	0	0	0	0	0	0	0	0	0	0	0	0	0	0	0	0	0	0	0	0	0	0	0	0	0	1828	1838	1848	1858	1868	1888	1888	1899	1909	1909	1909	1909	1941	1952	1964	1986	1986	1998	2009	2021	2045	2045	2045	2057	2069	2082	2082	2095	2107	2133	2174	2201	2215	2215	2215	2230	2230	0	0	0	0	0	0	0	0	0	0	0	0	0	0	0	0	0	0	0	0	0	0	0	0	0	0	0	0	0	0	0	0	0	0	0	0	0	0	0	0	0	0	0	0	0	0	0	0	0	0	0	0	0	0	0	0	0	0	0	0	0	0	0	0	0	0	0	0	0	0	0	0	0	0	0	0	0	0	0	0	0	0	0	0	0	0	0	0	0	0	0	0	0	0	0	0	0	0	0	0	0	0	0	0	0	0	0	0	0	0	0	0	0	0	0	0	0	0	0	0	0	0	0	0	0	0	0	0	0	0	0	0	0	0	0	0	0	0	0	0	0	0	0	0	0	0	0	0	0	0	0	0	0	0	0	0	0	0	0	0	0	0	0	0	0	0	0	0	0	0	0	0	0	0	0	0	0	0	0	0	0	0	2187	2174	2160	2133	2133	2133	2133	2133	2133	2133	2133	2133	2133	2133	2133	2133	2133	2133	2147	2147	2147	2147	2147	2147	2147	2147	2147	2147	2147	2147	2147	2147	2160	2160	2160	2160	2174	2174	2147	2147	2147	2147	2147	2160	2160	2174	2174	2174	2160	2160	2160	2174	2160	2160	2174	2174	2160	2160	2160	2160	2160	2174	2160	2160	2174	2174	2174	2174	2160	2160	2160	2147	2133	2107	2095	2057	2045	2045	2057	2057	2045	2033	2033	2033	2045	2045	2045	2045	2045	2045	2057	2057	2045	0	0	0	0	0	1179	1179	1179	1179	1175	0	0	0	0	0	0	0	0	0	0	0	0	0	0	0	0	0	0	0	0	0	0	0	939	936	933	931	926	0	921	919	919	914	914	911	911	911	911	911	911	907	907	907	907	904	904	904	902	899	899	899	899	897	895	892	892	890	890	890	890	892	892	897	897	897	899	899	897	897	897	897	892	890	888	886	886	883	883	881	881	879	879	879	877	877	877	877	877	877	874	872	872	870	870	870	870	868	0	866	863	863	863	863	861	861	861	859	859	857	857	853	853	849	836	832	828	826	822	820	818	816	0	0	0	0	0	0	0	0	0	0	0	0	0	0	0	0	0	0	0	0	0	0	0	0	0	0	0	0	0	0	0	0	0	0	0	0	0	0	0	0	0	0	0	0	0	0	0	0	0	0	0	0	0	0	0	0	0	0	0	0	0	0	0	0	0	0	0	0	0	0	0	0	0	0	0	0	0	0	0	0	0	0	0	0	0	0	0	0	0	0	0	0	0	0	0	0	0	0	0	0	0	0	0	0	0	0	0	0	0	0	0	0	0	0	0	0	0	0	0	0	0	0	0	0	0	0	0	0	0	0	0	0	0	0	0	0	0	0	0	0	0	0	0	0	0	0	0	0	0	0	0	0	0	0	0	0	0	0	0	0	0	
0	0	0	0	0	0	0	0	0	0	0	0	0	0	0	0	0	0	0	0	0	0	0	0	0	0	0	0	0	0	0	0	0	0	0	0	1828	1828	1838	1858	1878	1888	1888	1888	1899	1899	1909	1909	1941	1952	1975	1986	1986	1998	2009	2021	2033	2033	2033	2033	2069	2082	2069	2082	2107	2133	2147	2201	2201	2215	2215	2230	2230	0	0	0	0	0	0	0	0	0	0	0	0	0	0	0	0	0	0	0	0	0	0	0	0	0	0	0	0	0	0	0	0	0	0	0	0	0	0	0	0	0	0	0	0	0	0	0	0	0	0	0	0	0	0	0	0	0	0	0	0	0	0	0	0	0	0	0	0	0	0	0	0	0	0	0	0	0	0	0	0	0	0	0	0	0	0	0	0	0	0	0	0	0	0	0	0	0	0	0	0	0	0	0	0	0	0	0	0	0	0	0	0	0	0	0	0	0	0	0	0	0	0	0	0	0	0	0	0	0	0	0	0	0	0	0	0	0	0	0	0	0	0	0	0	0	0	0	0	0	0	0	0	0	0	0	0	0	0	0	0	0	0	0	0	0	0	0	0	0	0	0	0	0	0	0	0	0	0	0	0	0	0	2187	2174	2174	2147	2133	2133	2133	2133	2133	2133	2133	2133	2133	2133	2133	2133	2133	2133	2147	2147	2147	2147	2147	2147	2147	2147	2147	2147	2147	2147	2147	2147	2160	2160	2160	2160	2160	2160	2160	2147	2147	2147	2147	2160	2160	2174	2160	2174	2174	2160	2160	2174	2160	2160	2174	2160	2160	2160	2160	2174	2174	2174	2160	2160	2160	2160	2160	2160	2133	2133	2133	2120	2107	2082	2069	2057	2057	2057	2045	2045	2045	2033	2033	2033	2045	2045	2045	2045	2045	2057	2057	2057	2045	0	0	0	0	0	1179	1179	1179	1175	1175	0	0	0	0	0	0	0	0	0	0	0	0	0	0	0	0	0	0	0	0	0	0	0	936	933	931	928	0	923	921	919	916	914	914	911	911	911	911	909	911	907	907	907	907	904	904	902	902	899	899	899	897	895	895	892	890	890	890	890	890	892	892	897	897	897	897	897	897	897	897	897	890	890	888	883	883	881	881	881	879	879	879	879	877	877	877	877	877	877	874	872	872	872	870	870	870	868	0	866	863	863	863	863	861	861	861	859	859	857	857	855	853	853	834	830	828	826	822	820	820	816	0	0	0	0	0	0	0	0	0	0	0	0	0	0	0	0	0	0	0	0	0	0	0	0	0	0	0	0	0	0	0	0	0	0	0	0	0	0	0	0	0	0	0	0	0	0	0	0	0	0	0	0	0	0	0	0	0	0	0	0	0	0	0	0	0	0	0	0	0	0	0	0	0	0	0	0	0	0	0	0	0	0	0	0	0	0	0	0	0	0	0	0	0	0	0	0	0	0	0	0	0	0	0	0	0	0	0	0	0	0	0	0	0	0	0	0	0	0	0	0	0	0	0	0	0	0	0	0	0	0	0	0	0	0	0	0	0	0	0	0	0	0	0	0	0	0	0	0	0	0	0	0	0	0	0	0	0	0	0	0	0	
0	0	0	0	0	0	0	0	0	0	0	0	0	0	0	0	0	0	0	0	0	0	0	0	0	0	0	0	0	0	0	0	0	0	0	0	1828	1838	1848	1868	1878	1888	1888	1888	1899	1899	1909	1909	1941	1964	1975	1986	1986	1998	2009	2033	2033	2033	2033	2033	2069	2082	2069	2082	2107	2133	2147	2187	2201	2201	2215	2215	2230	0	0	0	0	0	0	0	0	0	0	0	0	0	0	0	0	0	0	0	0	0	0	0	0	0	0	0	0	0	0	0	0	0	0	0	0	0	0	0	0	0	0	0	0	0	0	0	0	0	0	0	0	0	0	0	0	0	0	0	0	0	0	0	0	0	0	0	0	0	0	0	0	0	0	0	0	0	0	0	0	0	0	0	0	0	0	0	0	0	0	0	0	0	0	0	0	0	0	0	0	0	0	0	0	0	0	0	0	0	0	0	0	0	0	0	0	0	0	0	0	0	0	0	0	0	0	0	0	0	0	0	0	0	0	0	0	0	0	0	0	0	0	0	0	0	0	0	0	0	0	0	0	0	0	0	0	0	0	0	0	0	0	0	0	0	0	0	0	0	0	0	0	0	0	0	0	0	0	0	0	0	0	2187	2174	2174	2147	2133	2133	2133	2133	2133	2133	2133	2133	2133	2133	2133	2120	2133	2133	2147	2133	2133	2147	2147	2147	2147	2147	2147	2147	2160	2147	2147	2147	2160	2160	2160	2160	2160	2160	2160	2160	2160	2160	2160	2174	2174	2174	2174	2174	2174	2160	2160	2174	2160	2160	2174	2160	2160	2160	2160	2160	2174	2174	2174	2174	2160	2160	2160	2160	2147	2133	2133	2107	2095	2069	2057	2057	2045	2057	2045	2045	2045	2045	2033	2045	2045	2045	2045	2045	2057	2057	2057	2057	2057	2057	0	0	0	0	0	1179	1179	1175	0	0	0	0	0	0	0	0	0	0	0	0	0	0	0	0	0	0	0	0	0	0	0	936	936	931	928	926	0	923	921	919	916	914	911	911	911	909	909	909	909	907	907	907	904	904	904	902	899	899	899	897	897	892	892	890	890	890	890	890	890	890	892	895	897	897	897	897	897	897	897	897	890	890	886	883	883	881	881	881	879	879	879	877	877	877	877	877	877	874	872	872	872	872	870	870	870	868	0	866	863	863	863	863	861	861	861	859	859	857	855	853	853	851	851	832	830	828	824	820	818	816	0	0	0	0	0	0	0	0	0	0	0	0	0	0	0	0	0	0	0	0	0	0	0	0	0	0	0	0	0	0	0	0	0	0	0	0	0	0	0	0	0	0	0	0	0	0	0	0	0	0	0	0	0	0	0	0	0	0	0	0	0	0	0	0	0	0	0	0	0	0	0	0	0	0	0	0	0	0	0	0	0	0	0	0	0	0	0	0	0	0	0	0	0	0	0	0	0	0	0	0	0	0	0	0	0	0	0	0	0	0	0	0	0	0	0	0	0	0	0	0	0	0	0	0	0	0	0	0	0	0	0	0	0	0	0	0	0	0	0	0	0	0	0	0	0	0	0	0	0	0	0	0	0	0	0	0	0	0	0	0	0	
0	0	0	0	0	0	0	0	0	0	0	0	0	0	0	0	0	0	0	0	0	0	0	0	0	0	0	0	0	0	0	0	0	0	0	0	1828	1838	1848	1878	1878	1888	1888	1888	1899	1899	1909	1909	1941	1952	1964	1986	1986	1998	2021	2033	2033	2021	2033	2033	2045	2082	2069	2107	2107	2133	2133	2174	2201	2201	2215	2215	2215	0	0	0	0	0	0	0	0	0	0	0	0	0	0	0	0	0	0	0	0	0	0	0	0	0	0	0	0	0	0	0	0	0	0	0	0	0	0	0	0	0	0	0	0	0	0	0	0	0	0	0	0	0	0	0	0	0	0	0	0	0	0	0	0	0	0	0	0	0	0	0	0	0	0	0	0	0	0	0	0	0	0	0	0	0	0	0	0	0	0	0	0	0	0	0	0	0	0	0	0	0	0	0	0	0	0	0	0	0	0	0	0	0	0	0	0	0	0	0	0	0	0	0	0	0	0	0	0	0	0	0	0	0	0	0	0	0	0	0	0	0	0	0	0	0	0	0	0	0	0	0	0	0	0	0	0	0	0	0	0	0	0	0	0	0	0	0	0	0	0	0	0	0	0	0	0	0	0	0	0	0	0	2187	2187	2174	2147	2147	2133	2133	2133	2133	2133	2133	2133	2133	2133	2133	2133	2133	2133	2133	2133	2133	2133	2133	2133	2147	2147	2147	2147	2160	2160	2160	2160	2160	2160	2160	2160	2160	2160	2160	2160	2160	2160	2160	2160	2160	2174	2174	2174	2174	2174	2174	2174	2174	2174	2174	2160	2160	2160	2160	2174	2174	2174	2174	2174	2160	2160	2160	2147	2133	2120	2095	2069	2057	2045	2045	2057	2057	2057	2057	2057	2045	2045	2045	2045	2045	2045	2045	2057	2057	2057	2057	2057	2057	2057	0	0	0	0	0	1175	1175	1175	0	0	0	0	0	0	0	0	0	0	0	0	0	0	0	0	0	0	0	0	0	0	0	936	933	931	926	0	923	921	919	916	914	911	911	909	909	909	909	909	909	907	907	907	904	904	902	902	899	899	897	897	895	892	890	890	890	888	888	890	890	890	890	895	897	897	897	897	897	897	897	897	892	888	886	883	883	881	881	879	879	877	877	877	874	874	874	877	874	874	872	872	872	870	870	870	868	868	0	866	863	863	863	863	861	861	861	859	859	857	855	853	853	851	851	851	828	826	822	822	820	818	0	0	0	0	0	0	0	0	0	0	0	0	0	0	0	0	0	0	0	0	0	0	0	0	0	0	0	0	0	0	0	0	0	0	0	0	0	0	0	0	0	0	0	0	0	0	0	0	0	0	0	0	0	0	0	0	0	0	0	0	0	0	0	0	0	0	0	0	0	0	0	0	0	0	0	0	0	0	0	0	0	0	0	0	0	0	0	0	0	0	0	0	0	0	0	0	0	0	0	0	0	0	0	0	0	0	0	0	0	0	0	0	0	0	0	0	0	0	0	0	0	0	0	0	0	0	0	0	0	0	0	0	0	0	0	0	0	0	0	0	0	0	0	0	0	0	0	0	0	0	0	0	0	0	0	0	0	0	0	0	0	
0	0	0	0	0	0	0	0	0	0	0	0	0	0	0	0	0	0	0	0	0	0	0	0	0	0	0	0	0	0	0	0	0	0	0	0	1828	1828	1838	1878	1888	1888	1888	1899	1899	1899	1899	1931	1941	1952	1952	1975	1986	1998	2021	2033	2033	2033	2033	2033	2045	2082	2069	2107	2107	2133	2133	2160	2187	2187	2201	2215	2215	0	0	0	0	0	0	0	0	0	0	0	0	0	0	0	0	0	0	0	0	0	0	0	0	0	0	0	0	0	0	0	0	0	0	0	0	0	0	0	0	0	0	0	0	0	0	0	0	0	0	0	0	0	0	0	0	0	0	0	0	0	0	0	0	0	0	0	0	0	0	0	0	0	0	0	0	0	0	0	0	0	0	0	0	0	0	0	0	0	0	0	0	0	0	0	0	0	0	0	0	0	0	0	0	0	0	0	0	0	0	0	0	0	0	0	0	0	0	0	0	0	0	0	0	0	0	0	0	0	0	0	0	0	0	0	0	0	0	0	0	0	0	0	0	0	0	0	0	0	0	0	0	0	0	0	0	0	0	0	0	0	0	0	0	0	0	0	0	0	0	0	0	0	0	0	0	0	0	0	0	0	0	2187	2174	2174	2133	2133	2133	2133	2133	2133	2133	2133	2133	2133	2133	2133	2133	2133	2133	2133	2133	2133	2133	2133	2133	2147	2147	2147	2147	2147	2147	2147	2147	2160	2160	2160	2160	2160	2160	2160	2160	2174	2160	2174	2174	2174	2174	2174	2174	2174	2174	2174	2174	2174	2160	2174	2160	2160	2160	2160	2174	2174	2174	2174	2160	2160	2160	2147	2147	2107	2095	2069	2057	2045	2045	2045	2045	2057	2057	2057	2057	2045	2045	2045	2045	2045	2045	2045	2057	2057	2057	2057	2057	2057	2069	0	0	0	0	0	0	0	0	0	0	0	0	0	0	0	0	0	0	0	0	0	0	0	0	0	0	0	0	0	0	0	0	933	928	926	0	923	921	919	916	914	911	911	909	909	909	909	909	909	907	907	904	904	902	902	899	899	899	897	897	895	892	890	890	890	888	888	890	890	890	890	895	897	897	897	897	897	897	897	895	890	888	886	883	883	881	881	879	879	879	877	877	877	877	874	874	874	874	872	872	870	870	870	870	870	868	868	866	866	863	863	863	863	861	861	859	859	857	855	853	853	853	853	853	826	826	822	820	820	818	816	0	0	0	0	0	0	0	0	0	0	0	0	0	0	0	0	0	0	0	0	0	0	0	0	0	0	0	0	0	0	0	0	0	0	0	0	0	0	0	0	0	0	0	0	0	0	0	0	0	0	0	0	0	0	0	0	0	0	0	0	0	0	0	0	0	0	0	0	0	0	0	0	0	0	0	0	0	0	0	0	0	0	0	0	0	0	0	0	0	0	0	0	0	0	0	0	0	0	0	0	0	0	0	0	0	0	0	0	0	0	0	0	0	0	0	0	0	0	0	0	0	0	0	0	0	0	0	0	0	0	0	0	0	0	0	0	0	0	0	0	0	0	0	0	0	0	0	0	0	0	0	0	0	0	0	0	0	0	0	0	
0	0	0	0	0	0	0	0	0	0	0	0	0	0	0	0	0	0	0	0	0	0	0	0	0	0	0	0	0	0	0	0	0	0	0	0	1828	1828	1848	1878	1888	1888	1888	1888	1899	1899	1899	1909	1931	1952	1952	1975	1986	1998	2021	2021	2033	2021	2033	2045	2045	2082	2069	2107	2107	2120	2133	2160	2187	2187	2201	2201	2201	2187	0	0	0	0	0	0	0	0	0	0	0	0	0	0	0	0	0	0	0	0	0	0	0	0	0	0	0	0	0	0	0	0	0	0	0	0	0	0	0	0	0	0	0	0	0	0	0	0	0	0	0	0	0	0	0	0	0	0	0	0	0	0	0	0	0	0	0	0	0	0	0	0	0	0	0	0	0	0	0	0	0	0	0	0	0	0	0	0	0	0	0	0	0	0	0	0	0	0	0	0	0	0	0	0	0	0	0	0	0	0	0	0	0	0	0	0	0	0	0	0	0	0	0	0	0	0	0	0	0	0	0	0	0	0	0	0	0	0	0	0	0	0	0	0	0	0	0	0	0	0	0	0	0	0	0	0	0	0	0	0	0	0	0	0	0	0	0	0	0	0	0	0	0	0	0	0	0	0	0	0	0	2187	2174	2174	2147	2147	2133	2133	2133	2133	2133	2133	2133	2133	2133	2133	2133	2133	2133	2133	2133	2133	2133	2133	2133	2147	2147	2147	2147	2160	2160	2147	2147	2160	2160	2160	2160	2160	2160	2174	2160	2160	2160	2160	2160	2174	2174	2174	2174	2174	2174	2174	2174	2174	2160	2174	2174	2174	2174	2174	2174	2174	2174	2174	2174	2160	2160	2147	2133	2107	2095	2057	2045	2045	2045	2057	2057	2057	2057	2057	2057	2057	2057	2057	2057	2045	2045	2045	2057	2057	2057	2057	2057	2057	2057	0	0	0	0	0	0	0	0	0	0	0	0	0	0	0	0	0	0	0	0	0	0	0	0	0	0	0	0	0	0	0	0	931	928	926	0	921	919	919	916	914	911	911	909	909	909	909	907	907	904	904	904	902	902	902	899	899	897	897	897	895	892	890	890	888	888	888	888	888	888	890	890	895	895	897	897	897	897	895	892	890	888	886	883	881	881	881	879	879	877	877	877	874	874	874	874	872	872	872	872	870	870	870	870	870	868	868	0	866	863	863	863	863	861	861	859	859	855	855	853	853	853	853	826	826	826	822	820	820	818	816	0	0	0	0	0	0	0	0	0	0	0	0	0	0	0	0	0	0	0	0	0	0	0	0	0	0	0	0	0	0	0	0	0	0	0	0	0	0	0	0	0	0	0	0	0	0	0	0	0	0	0	0	0	0	0	0	0	0	0	0	0	0	0	0	0	0	0	0	0	0	0	0	0	0	0	0	0	0	0	0	0	0	0	0	0	0	0	0	0	0	0	0	0	0	0	0	0	0	0	0	0	0	0	0	0	0	0	0	0	0	0	0	0	0	0	0	0	0	0	0	0	0	0	0	0	0	0	0	0	0	0	0	0	0	0	0	0	0	0	0	0	0	0	0	0	0	0	0	0	0	0	0	0	0	0	0	0	0	0	0	
0	0	0	0	0	0	0	0	0	0	0	0	0	0	0	0	0	0	0	0	0	0	0	0	0	0	0	0	0	0	0	0	0	0	0	0	1828	1838	1848	1878	1878	1888	1888	1899	1899	1899	1899	1931	1941	1952	1964	1975	1975	2009	2009	2021	2033	2033	2045	2045	2057	2082	2082	2107	2107	2120	2133	2160	2187	2187	2174	2187	2201	2174	0	0	0	0	0	0	0	0	0	0	0	0	0	0	0	0	0	0	0	0	0	0	0	0	0	0	0	0	0	0	0	0	0	0	0	0	0	0	0	0	0	0	0	0	0	0	0	0	0	0	0	0	0	0	0	0	0	0	0	0	0	0	0	0	0	0	0	0	0	0	0	0	0	0	0	0	0	0	0	0	0	0	0	0	0	0	0	0	0	0	0	0	0	0	0	0	0	0	0	0	0	0	0	0	0	0	0	0	0	0	0	0	0	0	0	0	0	0	0	0	0	0	0	0	0	0	0	0	0	0	0	0	0	0	0	0	0	0	0	0	0	0	0	0	0	0	0	0	0	0	0	0	0	0	0	0	0	0	0	0	0	0	0	0	0	0	0	0	0	0	0	0	0	0	0	0	0	0	0	0	0	2187	2174	2174	2147	2147	2133	2133	2133	2120	2120	2120	2120	2120	2120	2120	2120	2120	2120	2133	2133	2133	2133	2133	2133	2147	2147	2147	2147	2160	2160	2147	2147	2160	2160	2160	2160	2160	2160	2174	2160	2160	2160	2160	2174	2174	2174	2160	2174	2174	2174	2174	2174	2174	2174	2174	2174	2174	2174	2174	2174	2174	2174	2174	2174	2160	2147	2147	2133	2095	2069	2057	2057	2057	2057	2057	2057	2057	2057	2057	2057	2057	2057	2069	2069	2057	2057	2057	2057	2057	2057	2057	2057	2057	2069	0	0	0	0	0	0	0	0	0	0	0	0	0	0	0	0	0	0	0	0	0	0	0	0	0	0	0	0	0	0	0	0	931	926	0	923	921	919	916	914	914	911	911	909	909	909	909	907	907	904	904	904	902	902	899	899	897	897	895	895	892	890	890	888	888	888	888	888	888	888	890	892	895	895	895	895	895	895	892	892	890	888	883	883	881	881	881	879	879	877	877	877	874	874	874	872	872	872	872	872	870	870	870	870	870	870	868	0	866	866	863	863	863	861	861	859	857	855	853	853	853	818	822	824	824	824	822	820	818	818	816	0	0	0	0	0	0	0	0	0	0	0	0	0	0	0	0	0	0	0	0	0	0	0	0	0	0	0	0	0	0	0	0	0	0	0	0	0	0	0	0	0	0	0	0	0	0	0	0	0	0	0	0	0	0	0	0	0	0	0	0	0	0	0	0	0	0	0	0	0	0	0	0	0	0	0	0	0	0	0	0	0	0	0	0	0	0	0	0	0	0	0	0	0	0	0	0	0	0	0	0	0	0	0	0	0	0	0	0	0	0	0	0	0	0	0	0	0	0	0	0	0	0	0	0	0	0	0	0	0	0	0	0	0	0	0	0	0	0	0	0	0	0	0	0	0	0	0	0	0	0	0	0	0	0	0	0	0	0	0	0	
0	0	0	0	0	0	0	0	0	0	0	0	0	0	0	0	0	0	0	0	0	0	0	0	0	0	0	0	0	0	0	0	0	0	0	0	1838	1838	1848	1878	1878	1888	1888	1899	1909	1909	1909	1920	1931	1941	1952	1975	1975	2009	2021	2021	2033	2033	2045	2057	2069	2082	2082	2082	2107	2120	2133	2160	2187	2187	2174	2187	2187	2160	0	0	0	0	0	0	0	0	0	0	0	0	0	0	0	0	0	0	0	0	0	0	0	0	0	0	0	0	0	0	0	0	0	0	0	0	0	0	0	0	0	0	0	0	0	0	0	0	0	0	0	0	0	0	0	0	0	0	0	0	0	0	0	0	0	0	0	0	0	0	0	0	0	0	0	0	0	0	0	0	0	0	0	0	0	0	0	0	0	0	0	0	0	0	0	0	0	0	0	0	0	0	0	0	0	0	0	0	0	0	0	0	0	0	0	0	0	0	0	0	0	0	0	0	0	0	0	0	0	0	0	0	0	0	0	0	0	0	0	0	0	0	0	0	0	0	0	0	0	0	0	0	0	0	0	0	0	0	0	0	0	0	0	0	0	0	0	0	0	0	0	0	0	0	0	0	0	0	0	0	0	2187	2174	2174	2147	2147	2133	2133	2133	2120	2120	2120	2120	2120	2120	2120	2120	2120	2120	2133	2133	2133	2133	2133	2133	2147	2147	2160	2160	2160	2160	2160	2160	2160	2160	2160	2160	2160	2160	2160	2160	2160	2160	2160	2174	2174	2174	2174	2174	2174	2174	2174	2174	2174	2174	2174	2174	2174	2174	2174	2174	2174	2174	2160	2174	2160	2160	2147	2120	2082	2069	2057	2057	2045	2057	2057	2057	2069	2069	2069	2069	2057	2057	2069	2069	2069	2057	2057	2057	2057	2057	2057	2057	2057	0	0	0	0	0	0	0	0	0	0	0	0	0	0	0	0	0	0	0	0	0	0	0	0	0	0	0	0	0	0	0	0	0	928	926	921	921	919	914	914	911	911	909	909	909	907	907	907	904	904	902	902	899	899	899	899	897	897	897	895	890	890	890	890	888	888	888	888	888	888	888	890	892	895	895	895	895	895	895	892	890	890	888	883	883	881	881	879	879	879	877	877	877	874	874	872	872	872	872	872	872	870	870	870	870	870	870	868	0	866	866	863	863	863	861	861	859	857	855	853	853	853	818	822	822	824	824	822	820	820	818	0	0	0	0	0	0	0	0	0	0	0	0	0	0	0	0	0	0	0	0	0	0	0	0	0	0	0	0	0	0	0	0	0	0	0	0	0	0	0	0	0	0	0	0	0	0	0	0	0	0	0	0	0	0	0	0	0	0	0	0	0	0	0	0	0	0	0	0	0	0	0	0	0	0	0	0	0	0	0	0	0	0	0	0	0	0	0	0	0	0	0	0	0	0	0	0	0	0	0	0	0	0	0	0	0	0	0	0	0	0	0	0	0	0	0	0	0	0	0	0	0	0	0	0	0	0	0	0	0	0	0	0	0	0	0	0	0	0	0	0	0	0	0	0	0	0	0	0	0	0	0	0	0	0	0	0	0	0	0	0	0	
0	0	0	0	0	0	0	0	0	0	0	0	0	0	0	0	0	0	0	0	0	0	0	0	0	0	0	0	0	0	0	0	0	0	0	0	1838	1838	1848	1868	1878	1888	1888	1899	1909	1909	1909	1920	1931	1941	1952	1975	1975	2021	2021	2021	2033	2033	2045	2057	2069	2069	2082	2082	2095	2120	2133	2147	2174	2187	2187	2187	2201	2174	0	0	0	0	0	0	0	0	0	0	0	0	0	0	0	0	0	0	0	0	0	0	0	0	0	0	0	0	0	0	0	0	0	0	0	0	0	0	0	0	0	0	0	0	0	0	0	0	0	0	0	0	0	0	0	0	0	0	0	0	0	0	0	0	0	0	0	0	0	0	0	0	0	0	0	0	0	0	0	0	0	0	0	0	0	0	0	0	0	0	0	0	0	0	0	0	0	0	0	0	0	0	0	0	0	0	0	0	0	0	0	0	0	0	0	0	0	0	0	0	0	0	0	0	0	0	0	0	0	0	0	0	0	0	0	0	0	0	0	0	0	0	0	0	0	0	0	0	0	0	0	0	0	0	0	0	0	0	0	0	0	0	0	0	0	0	0	0	0	0	0	0	0	0	0	0	0	0	0	0	0	2187	2174	2160	2147	2147	2133	2133	2133	2120	2120	2120	2120	2120	2120	2120	2120	2120	2120	2133	2133	2133	2147	2133	2147	2147	2160	2160	2160	2160	2160	2160	2160	2160	2160	2160	2160	2160	2160	2160	2160	2160	2160	2160	2174	2174	2174	2174	2174	2174	2174	2174	2174	2174	2174	2174	2174	2174	2174	2174	2174	2174	2174	2160	2160	2160	2147	2147	2133	2082	2057	2057	2057	2045	2057	2057	2069	2069	2069	2069	2069	2069	2069	2069	2069	2057	2057	2057	2057	2057	2057	2057	2057	2069	2069	0	0	0	0	0	0	0	0	0	0	0	0	0	0	0	0	0	0	0	0	0	0	0	0	0	0	0	0	0	0	0	933	0	921	919	919	916	914	911	909	909	909	909	907	907	907	907	904	904	902	899	899	899	899	897	897	897	895	895	892	890	890	888	888	888	888	888	888	888	888	888	892	892	895	895	895	895	895	892	890	888	886	886	883	881	881	879	879	879	877	874	874	874	872	872	872	872	872	872	870	870	870	870	870	870	870	868	868	866	866	863	863	863	861	861	859	857	855	853	853	853	853	822	822	824	824	822	820	818	818	0	0	0	0	0	0	0	0	0	0	0	0	0	0	0	0	0	0	0	0	0	0	0	0	0	0	0	0	0	0	0	0	0	0	0	0	0	0	0	0	0	0	0	0	0	0	0	0	0	0	0	0	0	0	0	0	0	0	0	0	0	0	0	0	0	0	0	0	0	0	0	0	0	0	0	0	0	0	0	0	0	0	0	0	0	0	0	0	0	0	0	0	0	0	0	0	0	0	0	0	0	0	0	0	0	0	0	0	0	0	0	0	0	0	0	0	0	0	0	0	0	0	0	0	0	0	0	0	0	0	0	0	0	0	0	0	0	0	0	0	0	0	0	0	0	0	0	0	0	0	0	0	0	0	0	0	0	0	0	0	0	
0	0	0	0	0	0	0	0	0	0	0	0	0	0	0	0	0	0	0	0	0	0	0	0	0	0	0	0	0	0	0	0	0	0	0	0	1838	1838	1848	1868	1878	1888	1888	1899	1909	1909	1909	1920	1931	1941	1952	1975	1975	2009	2021	2021	2033	2045	2057	2069	2069	2069	2082	2082	2095	2107	2120	2133	2174	2187	2187	2201	2215	0	0	0	0	0	0	0	0	0	0	0	0	0	0	0	0	0	0	0	0	0	0	0	0	0	0	0	0	0	0	0	0	0	0	0	0	0	0	0	0	0	0	0	0	0	0	0	0	0	0	0	0	0	0	0	0	0	0	0	0	0	0	0	0	0	0	0	0	0	0	0	0	0	0	0	0	0	0	0	0	0	0	0	0	0	0	0	0	0	0	0	0	0	0	0	0	0	0	0	0	0	0	0	0	0	0	0	0	0	0	0	0	0	0	0	0	0	0	0	0	0	0	0	0	0	0	0	0	0	0	0	0	0	0	0	0	0	0	0	0	0	0	0	0	0	0	0	0	0	0	0	0	0	0	0	0	0	0	0	0	0	0	0	0	0	0	0	0	0	0	0	0	0	0	0	0	0	0	0	0	0	0	2187	2174	2160	2133	2133	2133	2133	2120	2120	2120	2120	2120	2120	2120	2120	2120	2133	2133	2133	2133	2133	2147	2147	2147	2160	2160	2160	2160	2160	2160	2160	2160	2160	2160	2160	2160	2160	2160	2160	2160	2160	2160	2160	2160	2174	2174	2174	2174	2174	2174	2174	2174	2174	2174	2174	2174	2160	2174	2174	2174	2174	2174	2160	2160	2160	2160	2133	2133	2082	2069	2057	2057	2057	2057	2057	2069	2069	2069	2069	2082	2082	2082	2082	2082	2082	2082	2069	2069	2069	2069	2069	2069	2069	2069	0	0	0	0	0	0	0	0	0	0	0	0	0	0	0	0	0	0	0	0	0	0	0	0	0	0	0	0	0	0	0	0	923	919	916	916	914	911	909	909	909	907	907	907	904	904	904	902	902	899	899	899	899	897	897	897	895	895	892	892	890	890	888	888	886	886	886	888	888	888	890	892	892	895	895	895	895	895	892	890	890	888	886	883	881	881	879	879	877	877	874	874	874	872	872	872	872	872	872	870	870	870	870	870	870	870	868	868	866	863	863	863	863	861	861	859	857	855	855	853	853	851	822	822	822	822	822	820	818	818	0	0	0	0	0	0	0	0	0	0	0	0	0	0	0	0	0	0	0	0	0	0	0	0	0	0	0	0	0	0	0	0	0	0	0	0	0	0	0	0	0	0	0	0	0	0	0	0	0	0	0	0	0	0	0	0	0	0	0	0	0	0	0	0	0	0	0	0	0	0	0	0	0	0	0	0	0	0	0	0	0	0	0	0	0	0	0	0	0	0	0	0	0	0	0	0	0	0	0	0	0	0	0	0	0	0	0	0	0	0	0	0	0	0	0	0	0	0	0	0	0	0	0	0	0	0	0	0	0	0	0	0	0	0	0	0	0	0	0	0	0	0	0	0	0	0	0	0	0	0	0	0	0	0	0	0	0	0	0	0	0	
0	0	0	0	0	0	0	0	0	0	0	0	0	0	0	0	0	0	0	0	0	0	0	0	0	0	0	0	0	0	0	0	0	0	0	0	1848	1848	1848	1868	1878	1878	1878	1888	1899	1899	1909	1920	1931	1941	1952	1975	1975	2021	2021	2021	2045	2045	2057	2057	2069	2082	2082	2082	2082	2107	2120	2133	2174	2201	2201	2230	2230	0	0	0	0	0	0	0	0	0	0	0	0	0	0	0	0	0	0	0	0	0	0	0	0	0	0	0	0	0	0	0	0	0	0	0	0	0	0	0	0	0	0	0	0	0	0	0	0	0	0	0	0	0	0	0	0	0	0	0	0	0	0	0	0	0	0	0	0	0	0	0	0	0	0	0	0	0	0	0	0	0	0	0	0	0	0	0	0	0	0	0	0	0	0	0	0	0	0	0	0	0	0	0	0	0	0	0	0	0	0	0	0	0	0	0	0	0	0	0	0	0	0	0	0	0	0	0	0	0	0	0	0	0	0	0	0	0	0	0	0	0	0	0	0	0	0	0	0	0	0	0	0	0	0	0	0	0	0	0	0	0	0	0	0	0	0	0	0	0	0	0	0	0	0	0	0	0	0	0	0	0	0	2174	2160	2160	2133	2133	2133	2120	2120	2120	2120	2120	2120	2120	2120	2120	2120	2133	2133	2133	2147	2133	2147	2147	2147	2160	2160	2160	2160	2160	2160	2160	2160	2160	2160	2147	2160	2160	2147	2160	2160	2160	2160	2160	2160	2174	2174	2174	2174	2174	2174	2174	2174	2174	2174	2174	2160	2160	2160	2174	2160	2160	2160	2160	2160	2160	2160	2133	2120	2095	2069	2069	2069	2057	2057	2069	2069	2069	2069	2082	2082	2082	2082	2082	2082	2069	2069	2069	2069	2069	2069	2069	2069	2069	2069	0	0	0	0	0	0	0	0	0	0	0	0	0	0	0	0	0	0	0	0	0	0	0	0	0	0	0	0	0	926	0	923	921	919	916	914	914	911	909	909	907	907	907	904	902	904	904	902	902	899	899	897	897	897	897	892	892	890	890	890	888	888	888	886	886	886	886	888	888	888	888	890	892	895	895	895	895	895	892	890	890	888	883	883	881	879	879	879	879	877	877	877	874	874	874	872	872	872	872	870	870	870	870	870	870	868	868	0	863	863	863	863	861	861	859	857	857	855	853	853	853	851	851	822	822	822	822	820	818	816	0	0	0	0	0	0	0	0	0	0	0	0	0	0	0	0	0	0	0	0	0	0	0	0	0	0	0	0	0	0	0	0	0	0	0	0	0	0	0	0	0	0	0	0	0	0	0	0	0	0	0	0	0	0	0	0	0	0	0	0	0	0	0	0	0	0	0	0	0	0	0	0	0	0	0	0	0	0	0	0	0	0	0	0	0	0	0	0	0	0	0	0	0	0	0	0	0	0	0	0	0	0	0	0	0	0	0	0	0	0	0	0	0	0	0	0	0	0	0	0	0	0	0	0	0	0	0	0	0	0	0	0	0	0	0	0	0	0	0	0	0	0	0	0	0	0	0	0	0	0	0	0	0	0	0	0	0	0	0	0	0	
0	0	0	0	0	0	0	0	0	0	0	0	0	0	0	0	0	0	0	0	0	0	0	0	0	0	0	0	0	0	0	0	0	0	0	0	1848	1848	1848	1858	1868	1878	1878	1888	1899	1899	1909	1920	1931	1941	1964	1975	1986	2021	2033	2033	2045	2045	2057	2057	2069	2082	2082	2095	2082	2107	2107	2133	2160	2201	2201	2230	0	0	0	0	0	0	0	0	0	0	0	0	0	0	0	0	0	0	0	0	0	0	0	0	0	0	0	0	0	0	0	0	0	0	0	0	0	0	0	0	0	0	0	0	0	0	0	0	0	0	0	0	0	0	0	0	0	0	0	0	0	0	0	0	0	0	0	0	0	0	0	0	0	0	0	0	0	0	0	0	0	0	0	0	0	0	0	0	0	0	0	0	0	0	0	0	0	0	0	0	0	0	0	0	0	0	0	0	0	0	0	0	0	0	0	0	0	0	0	0	0	0	0	0	0	0	0	0	0	0	0	0	0	0	0	0	0	0	0	0	0	0	0	0	0	0	0	0	0	0	0	0	0	0	0	0	0	0	0	0	0	0	0	0	0	0	0	0	0	0	0	0	0	0	0	0	0	0	0	0	0	0	0	2174	2160	2160	2133	2133	2133	2120	2120	2120	2120	2120	2120	2120	2120	2120	2120	2120	2133	2133	2133	2133	2147	2147	2160	2160	2160	2174	2160	2160	2174	2160	2147	2160	2147	2147	2147	2160	2147	2147	2160	2147	2160	2160	2160	2174	2160	2174	2174	2174	2174	2174	2174	2174	2174	2174	2174	2160	2160	2174	2160	2160	2160	2160	2160	2160	2160	2147	2133	2107	2082	2069	2069	2057	2057	2069	2069	2069	2069	2082	2082	2082	2082	2082	2082	2082	2082	2082	2069	2069	2069	2069	2069	2057	2069	0	0	0	0	0	0	0	0	0	0	0	0	0	0	0	0	0	0	0	0	0	0	0	0	0	0	0	0	0	926	0	923	921	919	914	914	911	911	909	909	907	907	904	904	902	904	902	902	899	899	897	897	897	895	892	890	890	890	888	888	888	888	886	886	886	886	886	886	888	888	888	890	892	892	892	895	895	892	892	890	890	888	883	881	881	879	879	879	877	877	874	874	874	874	872	872	872	872	870	870	870	870	870	870	870	868	868	0	863	863	863	863	861	861	859	857	857	855	855	853	851	851	851	822	822	822	822	820	818	816	0	0	0	0	0	0	0	0	0	0	0	0	0	0	0	0	0	0	0	0	0	0	0	0	0	0	0	0	0	0	0	0	0	0	0	0	0	0	0	0	0	0	0	0	0	0	0	0	0	0	0	0	0	0	0	0	0	0	0	0	0	0	0	0	0	0	0	0	0	0	0	0	0	0	0	0	0	0	0	0	0	0	0	0	0	0	0	0	0	0	0	0	0	0	0	0	0	0	0	0	0	0	0	0	0	0	0	0	0	0	0	0	0	0	0	0	0	0	0	0	0	0	0	0	0	0	0	0	0	0	0	0	0	0	0	0	0	0	0	0	0	0	0	0	0	0	0	0	0	0	0	0	0	0	0	0	0	0	0	0	0	
0	0	0	0	0	0	0	0	0	0	0	0	0	0	0	0	0	0	0	0	0	0	0	0	0	0	0	0	0	0	0	0	0	0	0	0	1848	1848	1848	1858	1868	1878	1888	1888	1899	1899	1909	1920	1931	1941	1952	1975	1975	2021	2033	2033	2045	2057	2057	2057	2069	2069	2082	2082	2082	2107	2120	2133	2147	2187	2215	2215	0	0	0	0	0	0	0	0	0	0	0	0	0	0	0	0	0	0	0	0	0	0	0	0	0	0	0	0	0	0	0	0	0	0	0	0	0	0	0	0	0	0	0	0	0	0	0	0	0	0	0	0	0	0	0	0	0	0	0	0	0	0	0	0	0	0	0	0	0	0	0	0	0	0	0	0	0	0	0	0	0	0	0	0	0	0	0	0	0	0	0	0	0	0	0	0	0	0	0	0	0	0	0	0	0	0	0	0	0	0	0	0	0	0	0	0	0	0	0	0	0	0	0	0	0	0	0	0	0	0	0	0	0	0	0	0	0	0	0	0	0	0	0	0	0	0	0	0	0	0	0	0	0	0	0	0	0	0	0	0	0	0	0	0	0	0	0	0	0	0	0	0	0	0	0	0	0	0	0	0	0	0	0	2174	2174	2160	2133	2133	2133	2120	2107	2107	2120	2120	2120	2120	2120	2120	2120	2120	2133	2133	2147	2147	2147	2147	2174	2174	2174	2174	2160	2160	2160	2160	2160	2160	2147	2147	2147	2147	2147	2147	2160	2160	2160	2160	2160	2174	2160	2174	2174	2174	2174	2174	2174	2174	2174	2174	2160	2160	2160	2160	2160	2160	2160	2160	2160	2160	2160	2147	2147	2095	2082	2069	2069	2057	2069	2069	2069	2082	2082	2082	2082	2082	2082	2082	2082	2082	2082	2082	2082	2069	2082	2082	2082	2057	0	0	0	0	0	0	0	0	0	0	0	0	0	0	0	0	0	0	0	0	0	0	0	0	0	0	0	0	926	0	923	923	921	919	919	914	911	911	911	909	907	907	904	904	902	902	902	902	899	899	897	897	897	897	892	890	890	890	890	890	888	888	886	886	883	883	883	886	886	886	888	888	890	892	892	892	895	895	892	890	890	888	886	883	881	879	879	879	877	877	874	874	874	872	872	872	872	872	872	872	870	870	870	870	870	870	868	0	866	863	863	863	861	861	861	861	857	857	857	855	853	853	851	851	822	822	822	820	818	818	816	0	0	0	0	0	0	0	0	0	0	0	0	0	0	0	0	0	0	0	0	0	0	0	0	0	0	0	0	0	0	0	0	0	0	0	0	0	0	0	0	0	0	0	0	0	0	0	0	0	0	0	0	0	0	0	0	0	0	0	0	0	0	0	0	0	0	0	0	0	0	0	0	0	0	0	0	0	0	0	0	0	0	0	0	0	0	0	0	0	0	0	0	0	0	0	0	0	0	0	0	0	0	0	0	0	0	0	0	0	0	0	0	0	0	0	0	0	0	0	0	0	0	0	0	0	0	0	0	0	0	0	0	0	0	0	0	0	0	0	0	0	0	0	0	0	0	0	0	0	0	0	0	0	0	0	0	0	0	0	0	0	
0	0	0	0	0	0	0	0	0	0	0	0	0	0	0	0	0	0	0	0	0	0	0	0	0	0	0	0	0	0	0	0	0	0	0	0	1838	1848	1848	1858	1858	1868	1878	1888	1899	1899	1909	1920	1931	1941	1952	1975	1975	2021	2033	2033	2045	2057	2057	2069	2069	2069	2082	2082	2095	2107	2120	2133	2147	2174	2174	0	0	0	0	0	0	0	0	0	0	0	0	0	0	0	0	0	0	0	0	0	0	0	0	0	0	0	0	0	0	0	0	0	0	0	0	0	0	0	0	0	0	0	0	0	0	0	0	0	0	0	0	0	0	0	0	0	0	0	0	0	0	0	0	0	0	0	0	0	0	0	0	0	0	0	0	0	0	0	0	0	0	0	0	0	0	0	0	0	0	0	0	0	0	0	0	0	0	0	0	0	0	0	0	0	0	0	0	0	0	0	0	0	0	0	0	0	0	0	0	0	0	0	0	0	0	0	0	0	0	0	0	0	0	0	0	0	0	0	0	0	0	0	0	0	0	0	0	0	0	0	0	0	0	0	0	0	0	0	0	0	0	0	0	0	0	0	0	0	0	0	0	0	0	0	0	0	0	0	0	0	0	0	0	2174	2160	2147	2133	2133	2120	2120	2120	2120	2120	2120	2120	2120	2133	2120	2120	2133	2133	2133	2147	2147	2147	2147	2174	2174	2174	2174	2174	2160	2160	2160	2160	2147	2147	2147	2147	2160	2147	2147	2147	2160	2160	2160	2160	2160	2160	2160	2174	2174	2174	2174	2174	2174	2174	2160	2174	2174	2160	2174	2160	2160	2160	2160	2160	2160	2160	2147	2147	2120	2082	2082	2069	2069	2069	2069	2069	2082	2082	2082	2082	2082	2095	2082	2082	2095	2095	2095	2082	2082	2082	2082	2082	2057	0	0	0	0	0	0	0	0	0	0	0	0	0	0	0	0	0	0	0	0	0	0	0	0	0	0	0	0	926	0	923	923	921	921	919	911	911	911	909	909	907	907	904	904	902	902	902	902	899	899	895	895	892	895	892	890	890	890	888	888	888	886	886	883	881	883	883	883	886	886	888	888	890	892	892	892	895	895	892	892	890	888	886	883	881	879	879	877	877	877	874	874	874	872	872	872	872	872	872	872	870	870	870	868	868	868	868	866	866	863	861	861	861	861	861	859	857	855	855	855	853	853	851	851	851	822	822	820	818	818	816	0	0	0	0	0	0	0	0	0	0	0	0	0	0	0	0	0	0	0	0	0	0	0	0	0	0	0	0	0	0	0	0	0	0	0	0	0	0	0	0	0	0	0	0	0	0	0	0	0	0	0	0	0	0	0	0	0	0	0	0	0	0	0	0	0	0	0	0	0	0	0	0	0	0	0	0	0	0	0	0	0	0	0	0	0	0	0	0	0	0	0	0	0	0	0	0	0	0	0	0	0	0	0	0	0	0	0	0	0	0	0	0	0	0	0	0	0	0	0	0	0	0	0	0	0	0	0	0	0	0	0	0	0	0	0	0	0	0	0	0	0	0	0	0	0	0	0	0	0	0	0	0	0	0	0	0	0	0	0	0	0	
0	0	0	0	0	0	0	0	0	0	0	0	0	0	0	0	0	0	0	0	0	0	0	0	0	0	0	0	0	0	0	0	0	0	0	0	1838	1848	1848	1848	1868	1868	1878	1899	1899	1909	1909	1920	1931	1941	1964	1975	1975	2021	2033	2045	2057	2057	2069	2069	2069	2069	2082	2095	2095	2107	2107	2120	2133	2201	2201	0	0	0	0	0	0	0	0	0	0	0	0	0	0	0	0	0	0	0	0	0	0	0	0	0	0	0	0	0	0	0	0	0	0	0	0	0	0	0	0	0	0	0	0	0	0	0	0	0	0	0	0	0	0	0	0	0	0	0	0	0	0	0	0	0	0	0	0	0	0	0	0	0	0	0	0	0	0	0	0	0	0	0	0	0	0	0	0	0	0	0	0	0	0	0	0	0	0	0	0	0	0	0	0	0	0	0	0	0	0	0	0	0	0	0	0	0	0	0	0	0	0	0	0	0	0	0	0	0	0	0	0	0	0	0	0	0	0	0	0	0	0	0	0	0	0	0	0	0	0	0	0	0	0	0	0	0	0	0	0	0	0	0	0	0	0	0	0	0	0	0	0	0	0	0	0	0	0	0	0	0	0	0	0	2160	2160	2147	2133	2133	2120	2120	2120	2120	2133	2133	2133	2133	2133	2133	2120	2133	2133	2133	2147	2147	2174	2174	2174	2160	2160	2160	2174	2147	2147	2147	2147	2147	2147	2147	2147	2147	2147	2147	2147	2160	2174	2160	2160	2174	2160	2160	2174	2160	2160	2160	2160	2160	2160	2160	2174	2160	2160	2174	2160	2160	2147	2160	2160	2160	2160	2147	2147	2120	2095	2082	2069	2069	2069	2069	2069	2082	2082	2082	2082	2095	2095	2095	2082	2095	2095	2095	2082	2082	2082	2082	2082	2082	0	0	0	0	0	0	0	0	0	0	0	0	0	0	0	0	0	0	0	0	0	0	0	0	0	0	0	0	926	926	926	0	923	921	919	911	911	909	909	907	907	907	904	904	902	902	902	899	899	897	895	892	892	892	890	890	888	888	888	888	888	886	883	881	881	881	883	883	883	886	888	888	890	890	892	892	892	892	892	890	890	886	883	881	881	879	879	874	874	872	872	872	872	872	872	872	872	872	872	872	870	870	870	868	868	868	0	866	866	863	861	861	861	861	859	859	857	857	855	853	853	853	851	851	851	822	822	822	818	816	0	0	0	0	0	0	0	0	0	0	0	0	0	0	0	0	0	0	0	0	0	0	0	0	0	0	0	0	0	0	0	0	0	0	0	0	0	0	0	0	0	0	0	0	0	0	0	0	0	0	0	0	0	0	0	0	0	0	0	0	0	0	0	0	0	0	0	0	0	0	0	0	0	0	0	0	0	0	0	0	0	0	0	0	0	0	0	0	0	0	0	0	0	0	0	0	0	0	0	0	0	0	0	0	0	0	0	0	0	0	0	0	0	0	0	0	0	0	0	0	0	0	0	0	0	0	0	0	0	0	0	0	0	0	0	0	0	0	0	0	0	0	0	0	0	0	0	0	0	0	0	0	0	0	0	0	0	0	0	0	0	0	
0	0	0	0	0	0	0	0	0	0	0	0	0	0	0	0	0	0	0	0	0	0	0	0	0	0	0	0	0	0	0	0	0	0	0	0	1838	1848	1848	1858	1868	1878	1878	1888	1899	1899	1909	1909	1931	1941	1964	1975	1986	2009	2033	2033	2057	2057	2057	2069	2069	2069	2082	2082	2095	2107	2107	2133	2160	2201	0	0	0	0	0	0	0	0	0	0	0	0	0	0	0	0	0	0	0	0	0	0	0	0	0	0	0	0	0	0	0	0	0	0	0	0	0	0	0	0	0	0	0	0	0	0	0	0	0	0	0	0	0	0	0	0	0	0	0	0	0	0	0	0	0	0	0	0	0	0	0	0	0	0	0	0	0	0	0	0	0	0	0	0	0	0	0	0	0	0	0	0	0	0	0	0	0	0	0	0	0	0	0	0	0	0	0	0	0	0	0	0	0	0	0	0	0	0	0	0	0	0	0	0	0	0	0	0	0	0	0	0	0	0	0	0	0	0	0	0	0	0	0	0	0	0	0	0	0	0	0	0	0	0	0	0	0	0	0	0	0	0	0	0	0	0	0	0	0	0	0	0	0	0	0	0	0	0	0	0	0	0	0	0	0	2160	2160	2147	2133	2133	2120	2120	2120	2120	2120	2133	2133	2133	2133	2120	2133	2133	2133	2133	2147	2147	2174	2174	2174	2174	2174	2174	2174	2147	2147	2147	2147	2147	2147	2147	2147	2147	2147	2147	2147	2160	2174	2160	2160	2174	2160	2160	2160	2160	2160	2160	2160	2160	2160	2160	2160	2174	2160	2160	2160	2160	2147	2160	2160	2160	2160	2147	2147	2133	2095	2082	2069	2069	2069	2069	2069	2082	2082	2082	2082	2095	2095	2095	2082	2082	2082	2082	2082	2082	2082	2082	2069	2069	0	0	0	0	0	0	0	0	0	0	0	0	0	0	0	0	0	0	0	0	0	0	0	0	0	0	0	0	0	0	923	923	921	919	916	911	911	909	909	907	904	904	904	902	902	902	899	899	897	897	892	890	890	890	890	890	888	886	886	886	883	883	881	881	879	881	881	881	883	883	886	888	888	890	890	890	890	892	890	890	888	883	881	881	879	879	877	874	874	872	872	872	872	872	872	872	872	872	872	870	870	870	870	870	868	868	0	866	866	863	861	861	861	861	859	859	857	855	855	853	853	851	851	851	851	822	822	820	818	816	0	0	0	0	0	0	0	0	0	0	0	0	0	0	0	0	0	0	0	0	0	0	0	0	0	0	0	0	0	0	0	0	0	0	0	0	0	0	0	0	0	0	0	0	0	0	0	0	0	0	0	0	0	0	0	0	0	0	0	0	0	0	0	0	0	0	0	0	0	0	0	0	0	0	0	0	0	0	0	0	0	0	0	0	0	0	0	0	0	0	0	0	0	0	0	0	0	0	0	0	0	0	0	0	0	0	0	0	0	0	0	0	0	0	0	0	0	0	0	0	0	0	0	0	0	0	0	0	0	0	0	0	0	0	0	0	0	0	0	0	0	0	0	0	0	0	0	0	0	0	0	0	0	0	0	0	0	0	0	0	0	0	
0	0	0	0	0	0	0	0	0	0	0	0	0	0	0	0	0	0	0	0	0	0	0	0	0	0	0	0	0	0	0	0	0	0	0	0	1828	1848	1858	1858	1868	1878	1888	1888	1899	1899	1909	1909	1920	1952	1964	1986	1986	2021	2033	2045	2057	2057	2057	2069	2069	2069	2082	2082	2107	2107	2107	2120	2160	2230	0	0	0	0	0	0	0	0	0	0	0	0	0	0	0	0	0	0	0	0	0	0	0	0	0	0	0	0	0	0	0	0	0	0	0	0	0	0	0	0	0	0	0	0	0	0	0	0	0	0	0	0	0	0	0	0	0	0	0	0	0	0	0	0	0	0	0	0	0	0	0	0	0	0	0	0	0	0	0	0	0	0	0	0	0	0	0	0	0	0	0	0	0	0	0	0	0	0	0	0	0	0	0	0	0	0	0	0	0	0	0	0	0	0	0	0	0	0	0	0	0	0	0	0	0	0	0	0	0	0	0	0	0	0	0	0	0	0	0	0	0	0	0	0	0	0	0	0	0	0	0	0	0	0	0	0	0	0	0	0	0	0	0	0	0	0	0	0	0	0	0	0	0	0	0	0	0	0	0	0	0	0	0	0	0	2160	2160	2147	2133	2133	2120	2120	2120	2120	2120	2120	2133	2133	2133	2133	2133	2133	2147	2133	2147	2147	2174	2174	2174	2174	2174	2160	2160	2147	2147	2147	2147	2147	2147	2147	2147	2147	2147	2147	2160	2160	2160	2160	2160	2160	2160	2160	2160	2160	2160	2160	2160	2160	2160	2160	2174	2174	2160	2160	2160	2160	2147	2160	2160	2160	2160	2147	2147	2133	2107	2082	2082	2069	2069	2069	2069	2082	2082	2082	2095	2095	2095	2082	2082	2082	2082	2082	2082	2082	2082	2069	2069	2057	0	0	0	0	0	0	0	0	0	0	0	0	0	0	0	0	0	0	0	0	0	0	0	0	0	0	0	0	0	0	0	923	921	919	916	911	909	909	907	907	904	902	904	902	902	899	897	897	895	895	890	890	888	888	888	888	886	886	883	883	883	881	881	881	879	879	881	881	881	883	886	888	888	890	890	890	890	890	890	888	888	883	881	881	879	879	879	874	874	874	872	872	872	872	872	872	872	872	872	870	870	870	870	870	868	868	0	866	863	863	861	861	861	859	859	859	857	855	855	853	851	851	851	851	851	822	822	820	816	816	0	0	0	0	0	0	0	0	0	0	0	0	0	0	0	0	0	0	0	0	0	0	0	0	0	0	0	0	0	0	0	0	0	0	0	0	0	0	0	0	0	0	0	0	0	0	0	0	0	0	0	0	0	0	0	0	0	0	0	0	0	0	0	0	0	0	0	0	0	0	0	0	0	0	0	0	0	0	0	0	0	0	0	0	0	0	0	0	0	0	0	0	0	0	0	0	0	0	0	0	0	0	0	0	0	0	0	0	0	0	0	0	0	0	0	0	0	0	0	0	0	0	0	0	0	0	0	0	0	0	0	0	0	0	0	0	0	0	0	0	0	0	0	0	0	0	0	0	0	0	0	0	0	0	0	0	0	0	0	0	0	0	
0	0	0	0	0	0	0	0	0	0	0	0	0	0	0	0	0	0	0	0	0	0	0	0	0	0	0	0	0	0	0	0	0	0	0	0	1819	1848	1848	1858	1878	1878	1888	1888	1899	1899	1909	1909	1920	1964	1975	1986	1986	2009	2033	2033	2057	2057	2057	2069	2069	2069	2082	2082	2107	2107	2120	2133	2147	2174	2174	0	0	0	0	0	0	0	0	0	0	0	0	0	0	0	0	0	0	0	0	0	0	0	0	0	0	0	0	0	0	0	0	0	0	0	0	0	0	0	0	0	0	0	0	0	0	0	0	0	0	0	0	0	0	0	0	0	0	0	0	0	0	0	0	0	0	0	0	0	0	0	0	0	0	0	0	0	0	0	0	0	0	0	0	0	0	0	0	0	0	0	0	0	0	0	0	0	0	0	0	0	0	0	0	0	0	0	0	0	0	0	0	0	0	0	0	0	0	0	0	0	0	0	0	0	0	0	0	0	0	0	0	0	0	0	0	0	0	0	0	0	0	0	0	0	0	0	0	0	0	0	0	0	0	0	0	0	0	0	0	0	0	0	0	0	0	0	0	0	0	0	0	0	0	0	0	0	0	0	0	0	0	0	0	2187	2187	2160	2147	2133	2120	2120	2120	2120	2120	2133	2133	2133	2133	2133	2133	2133	2147	2133	2147	2160	2174	2174	2174	2160	2174	2160	2160	2147	2147	2147	2147	2147	2147	2147	2147	2160	2147	2147	2160	2160	2160	2160	2160	2160	2160	2160	2160	2160	2160	2160	2160	2160	2160	2160	2160	2160	2160	2160	2160	2160	2160	2160	2160	2160	2160	2147	2147	2120	2107	2082	2082	2069	2069	2082	2082	2082	2095	2095	2095	2095	2095	2082	2082	2082	2082	2082	2082	2069	2082	2069	2069	2057	0	0	0	0	0	0	0	0	0	0	0	0	0	0	0	0	0	0	0	0	0	0	0	0	0	0	0	0	0	0	916	914	914	914	911	909	909	907	907	902	902	902	902	902	899	899	897	895	895	895	890	890	888	888	886	886	883	883	883	881	881	881	881	879	879	879	879	881	881	883	886	886	888	888	890	890	890	890	890	888	888	881	881	881	879	879	877	874	874	874	872	872	872	872	872	872	872	870	870	870	870	870	870	870	868	868	0	866	863	863	861	861	861	859	859	859	857	855	855	853	853	851	851	851	851	820	820	820	816	0	0	0	0	0	0	0	0	0	0	0	0	0	0	0	0	0	0	0	0	0	0	0	0	0	0	0	0	0	0	0	0	0	0	0	0	0	0	0	0	0	0	0	0	0	0	0	0	0	0	0	0	0	0	0	0	0	0	0	0	0	0	0	0	0	0	0	0	0	0	0	0	0	0	0	0	0	0	0	0	0	0	0	0	0	0	0	0	0	0	0	0	0	0	0	0	0	0	0	0	0	0	0	0	0	0	0	0	0	0	0	0	0	0	0	0	0	0	0	0	0	0	0	0	0	0	0	0	0	0	0	0	0	0	0	0	0	0	0	0	0	0	0	0	0	0	0	0	0	0	0	0	0	0	0	0	0	0	0	0	0	0	0	
0	0	0	0	0	0	0	0	0	0	0	0	0	0	0	0	0	0	0	0	0	0	0	0	0	0	0	0	0	0	0	0	0	0	0	0	1819	1819	1848	1858	1878	1888	1888	1888	1899	1899	1909	1920	1931	1941	1975	1986	1975	2009	2021	2021	2045	2057	2057	2057	2069	2069	2082	2095	2107	2120	2120	2147	2160	2174	2174	0	0	0	0	0	0	0	0	0	0	0	0	0	0	0	0	0	0	0	0	0	0	0	0	0	0	0	0	0	0	0	0	0	0	0	0	0	0	0	0	0	0	0	0	0	0	0	0	0	0	0	0	0	0	0	0	0	0	0	0	0	0	0	0	0	0	0	0	0	0	0	0	0	0	0	0	0	0	0	0	0	0	0	0	0	0	0	0	0	0	0	0	0	0	0	0	0	0	0	0	0	0	0	0	0	0	0	0	0	0	0	0	0	0	0	0	0	0	0	0	0	0	0	0	0	0	0	0	0	0	0	0	0	0	0	0	0	0	0	0	0	0	0	0	0	0	0	0	0	0	0	0	0	0	0	0	0	0	0	0	0	0	0	0	0	0	0	0	0	0	0	0	0	0	0	0	0	0	0	0	0	0	0	0	2187	2187	2160	2147	2133	2133	2120	2120	2120	2120	2133	2133	2133	2133	2133	2133	2133	2147	2147	2147	2147	2160	2160	2160	2160	2160	2160	2160	2147	2147	2147	2147	2147	2147	2147	2147	2147	2160	2147	2160	2160	2160	2160	2160	2160	2174	2160	2160	2160	2160	2160	2160	2160	2160	2160	2174	2174	2160	2160	2160	2160	2160	2160	2160	2160	2160	2147	2133	2120	2107	2082	2082	2069	2069	2082	2095	2095	2095	2095	2095	2095	2095	2095	2095	2082	2095	2082	2082	2082	2082	2069	2069	0	0	0	0	0	0	0	0	0	0	0	0	0	0	0	0	0	0	0	0	0	0	0	0	0	0	0	0	0	0	0	914	911	911	911	909	909	909	907	904	904	904	902	902	902	899	899	897	895	895	892	890	888	888	888	886	886	883	883	881	881	881	881	879	879	879	879	879	879	881	883	886	886	888	888	890	890	890	890	890	888	888	881	881	881	879	877	877	874	874	872	872	872	872	870	872	872	872	870	870	870	870	870	870	868	868	0	866	866	863	863	861	861	861	859	859	859	857	855	855	853	851	851	851	851	851	820	820	818	816	0	0	0	0	0	0	0	0	0	0	0	0	0	0	0	0	0	0	0	0	0	0	0	0	0	0	0	0	0	0	0	0	0	0	0	0	0	0	0	0	0	0	0	0	0	0	0	0	0	0	0	0	0	0	0	0	0	0	0	0	0	0	0	0	0	0	0	0	0	0	0	0	0	0	0	0	0	0	0	0	0	0	0	0	0	0	0	0	0	0	0	0	0	0	0	0	0	0	0	0	0	0	0	0	0	0	0	0	0	0	0	0	0	0	0	0	0	0	0	0	0	0	0	0	0	0	0	0	0	0	0	0	0	0	0	0	0	0	0	0	0	0	0	0	0	0	0	0	0	0	0	0	0	0	0	0	0	0	0	0	0	0	0	
0	0	0	0	0	0	0	0	0	0	0	0	0	0	0	0	0	0	0	0	0	0	0	0	0	0	0	0	0	0	0	0	0	0	0	0	1819	1819	1858	1858	1878	1888	1888	1888	1899	1899	1920	1920	1931	1964	1975	1986	1975	1986	2009	2009	2021	2057	2057	2057	2069	2069	2082	2082	2107	2120	2120	2174	2187	2201	2230	0	0	0	0	0	0	0	0	0	0	0	0	0	0	0	0	0	0	0	0	0	0	0	0	0	0	0	0	0	0	0	0	0	0	0	0	0	0	0	0	0	0	0	0	0	0	0	0	0	0	0	0	0	0	0	0	0	0	0	0	0	0	0	0	0	0	0	0	0	0	0	0	0	0	0	0	0	0	0	0	0	0	0	0	0	0	0	0	0	0	0	0	0	0	0	0	0	0	0	0	0	0	0	0	0	0	0	0	0	0	0	0	0	0	0	0	0	0	0	0	0	0	0	0	0	0	0	0	0	0	0	0	0	0	0	0	0	0	0	0	0	0	0	0	0	0	0	0	0	0	0	0	0	0	0	0	0	0	0	0	0	0	0	0	0	0	0	0	0	0	0	0	0	0	0	0	0	0	0	0	0	0	0	0	2187	2187	2174	2147	2133	2133	2120	2120	2120	2120	2120	2133	2133	2133	2133	2133	2133	2133	2133	2147	2147	2160	2160	2160	2160	2160	2160	2160	2147	2147	2147	2147	2147	2147	2147	2147	2160	2160	2147	2160	2160	2160	2160	2160	2174	2160	2174	2174	2160	2160	2160	2160	2160	2160	2160	2160	2160	2160	2160	2160	2160	2160	2160	2160	2160	2160	2147	2147	2120	2107	2095	2082	2069	2069	2082	2082	2082	2095	2095	2095	2095	2095	2095	2095	2095	2095	2082	2082	2082	2082	2069	0	0	0	0	0	0	0	0	0	0	0	0	0	0	0	0	0	0	0	0	0	0	0	0	0	0	0	0	0	0	0	0	914	911	911	911	909	909	909	907	904	904	904	902	902	902	899	897	895	895	892	892	890	888	888	886	886	883	881	881	881	881	879	879	879	879	879	879	879	879	881	883	883	886	888	888	888	888	888	890	888	888	888	881	881	879	879	877	874	874	872	872	872	872	872	870	870	870	870	870	870	870	870	870	870	868	868	868	0	866	863	863	861	861	861	859	859	859	855	855	853	853	851	851	849	851	851	851	820	818	816	0	0	0	0	0	0	0	0	0	0	0	0	0	0	0	0	0	0	0	0	0	0	0	0	0	0	0	0	0	0	0	0	0	0	0	0	0	0	0	0	0	0	0	0	0	0	0	0	0	0	0	0	0	0	0	0	0	0	0	0	0	0	0	0	0	0	0	0	0	0	0	0	0	0	0	0	0	0	0	0	0	0	0	0	0	0	0	0	0	0	0	0	0	0	0	0	0	0	0	0	0	0	0	0	0	0	0	0	0	0	0	0	0	0	0	0	0	0	0	0	0	0	0	0	0	0	0	0	0	0	0	0	0	0	0	0	0	0	0	0	0	0	0	0	0	0	0	0	0	0	0	0	0	0	0	0	0	0	0	0	0	0	0	
0	0	0	0	0	0	0	0	0	0	0	0	0	0	0	0	0	0	0	0	0	0	0	0	0	0	0	0	0	0	0	0	0	0	0	0	1819	1848	1858	1858	1878	1888	1888	1899	1899	1909	1920	1920	1941	1952	1964	1975	1975	1986	2009	2009	2021	2057	2057	2057	2057	2069	2082	2082	2107	2120	2120	2160	2201	2201	0	0	0	0	0	0	0	0	0	0	0	0	0	0	0	0	0	0	0	0	0	0	0	0	0	0	0	0	0	0	0	0	0	0	0	0	0	0	0	0	0	0	0	0	0	0	0	0	0	0	0	0	0	0	0	0	0	0	0	0	0	0	0	0	0	0	0	0	0	0	0	0	0	0	0	0	0	0	0	0	0	0	0	0	0	0	0	0	0	0	0	0	0	0	0	0	0	0	0	0	0	0	0	0	0	0	0	0	0	0	0	0	0	0	0	0	0	0	0	0	0	0	0	0	0	0	0	0	0	0	0	0	0	0	0	0	0	0	0	0	0	0	0	0	0	0	0	0	0	0	0	0	0	0	0	0	0	0	0	0	0	0	0	0	0	0	0	0	0	0	0	0	0	0	0	0	0	0	0	0	0	0	0	0	0	2187	2187	2174	2160	2147	2133	2133	2120	2120	2120	2133	2133	2133	2133	2133	2133	2133	2147	2133	2147	2147	2160	2160	2160	2147	2160	2160	2160	2147	2147	2147	2147	2160	2160	2160	2147	2147	2147	2147	2147	2160	2160	2160	2174	2174	2174	2174	2174	2160	2160	2160	2160	2160	2160	2160	2160	2160	2160	2160	2160	2160	2160	2160	2160	2160	2160	2147	2147	2120	2107	2095	2082	2082	2069	2082	2082	2082	2095	2095	2095	2095	2095	2095	2095	2082	2082	2082	2082	2082	2082	2069	0	0	0	0	0	0	0	0	0	0	0	0	0	0	0	0	0	0	0	0	0	0	0	0	0	0	0	0	0	0	0	911	911	911	911	909	909	909	909	907	904	904	902	902	902	899	899	895	895	892	892	892	888	888	888	886	883	883	881	881	881	881	881	879	879	879	877	879	879	879	881	881	883	886	888	888	888	888	888	888	888	888	886	881	879	879	879	877	874	874	872	872	872	872	870	870	870	870	870	870	870	870	870	870	870	868	868	0	866	866	863	863	861	861	861	859	859	859	857	855	855	853	853	851	851	851	849	849	820	818	816	0	0	0	0	0	0	0	0	0	0	0	0	0	0	0	0	0	0	0	0	0	0	0	0	0	0	0	0	0	0	0	0	0	0	0	0	0	0	0	0	0	0	0	0	0	0	0	0	0	0	0	0	0	0	0	0	0	0	0	0	0	0	0	0	0	0	0	0	0	0	0	0	0	0	0	0	0	0	0	0	0	0	0	0	0	0	0	0	0	0	0	0	0	0	0	0	0	0	0	0	0	0	0	0	0	0	0	0	0	0	0	0	0	0	0	0	0	0	0	0	0	0	0	0	0	0	0	0	0	0	0	0	0	0	0	0	0	0	0	0	0	0	0	0	0	0	0	0	0	0	0	0	0	0	0	0	0	0	0	0	0	0	0	
0	0	0	0	0	0	0	0	0	0	0	0	0	0	0	0	0	0	0	0	0	0	0	0	0	0	0	0	0	0	0	0	0	0	0	0	1819	1848	1858	1868	1878	1888	1888	1888	1899	1909	1920	1931	1941	1952	1964	1975	1975	1986	1986	1998	2021	2033	2033	2033	2057	2069	2082	2082	2107	2120	2133	2160	2187	2201	2201	0	0	0	0	0	0	0	0	0	0	0	0	0	0	0	0	0	0	0	0	0	0	0	0	0	0	0	0	0	0	0	0	0	0	0	0	0	0	0	0	0	0	0	0	0	0	0	0	0	0	0	0	0	0	0	0	0	0	0	0	0	0	0	0	0	0	0	0	0	0	0	0	0	0	0	0	0	0	0	0	0	0	0	0	0	0	0	0	0	0	0	0	0	0	0	0	0	0	0	0	0	0	0	0	0	0	0	0	0	0	0	0	0	0	0	0	0	0	0	0	0	0	0	0	0	0	0	0	0	0	0	0	0	0	0	0	0	0	0	0	0	0	0	0	0	0	0	0	0	0	0	0	0	0	0	0	0	0	0	0	0	0	0	0	0	0	0	0	0	0	0	0	0	0	0	0	0	0	0	0	0	0	0	0	2201	2187	2174	2160	2147	2133	2133	2120	2120	2120	2120	2120	2120	2120	2133	2133	2133	2147	2147	2147	2160	2160	2160	2160	2160	2160	2147	2147	2147	2160	2160	2160	2160	2160	2160	2160	2147	2147	2147	2147	2147	2160	2160	2174	2174	2174	2174	2174	2160	2160	2160	2160	2160	2160	2160	2160	2160	2160	2160	2160	2160	2160	2160	2160	2160	2160	2147	2147	2120	2107	2095	2082	2082	2082	2082	2082	2095	2095	2095	2095	2095	2095	2095	2095	2082	2082	2082	2082	2082	2069	2069	0	0	0	0	0	0	0	0	0	0	0	0	0	0	0	0	0	0	0	0	0	0	0	0	0	0	0	0	0	0	911	911	911	909	909	909	909	909	907	904	904	904	902	902	899	899	897	895	892	892	890	890	888	888	886	886	881	881	881	881	879	879	879	879	879	879	877	877	879	879	879	881	883	886	888	888	888	888	888	888	888	888	886	881	879	879	877	874	874	872	872	872	872	872	870	870	870	870	870	870	870	870	870	870	870	868	868	0	866	863	863	863	861	861	861	859	859	859	857	857	855	853	853	851	851	851	849	849	820	818	816	815	0	0	0	0	0	0	0	0	0	0	0	0	0	0	0	0	0	0	0	0	0	0	0	0	0	0	0	0	0	0	0	0	0	0	0	0	0	0	0	0	0	0	0	0	0	0	0	0	0	0	0	0	0	0	0	0	0	0	0	0	0	0	0	0	0	0	0	0	0	0	0	0	0	0	0	0	0	0	0	0	0	0	0	0	0	0	0	0	0	0	0	0	0	0	0	0	0	0	0	0	0	0	0	0	0	0	0	0	0	0	0	0	0	0	0	0	0	0	0	0	0	0	0	0	0	0	0	0	0	0	0	0	0	0	0	0	0	0	0	0	0	0	0	0	0	0	0	0	0	0	0	0	0	0	0	0	0	0	0	0	0	0	
0	0	0	0	0	0	0	0	0	0	0	0	0	0	0	0	0	0	0	0	0	0	0	0	0	0	0	0	0	0	0	0	0	0	0	0	1828	1838	1848	1858	1878	1878	1888	1888	1899	1909	1920	1941	1941	1952	1964	1975	1975	1975	1986	1998	2021	2033	2033	2033	2057	2069	2082	2095	2095	2120	2160	2160	2187	2201	2215	0	0	0	0	0	0	0	0	0	0	0	0	0	0	0	0	0	0	0	0	0	0	0	0	0	0	0	0	0	0	0	0	0	0	0	0	0	0	0	0	0	0	0	0	0	0	0	0	0	0	0	0	0	0	0	0	0	0	0	0	0	0	0	0	0	0	0	0	0	0	0	0	0	0	0	0	0	0	0	0	0	0	0	0	0	0	0	0	0	0	0	0	0	0	0	0	0	0	0	0	0	0	0	0	0	0	0	0	0	0	0	0	0	0	0	0	0	0	0	0	0	0	0	0	0	0	0	0	0	0	0	0	0	0	0	0	0	0	0	0	0	0	0	0	0	0	0	0	0	0	0	0	0	0	0	0	0	0	0	0	0	0	0	0	0	0	0	0	0	0	0	0	0	0	0	0	0	0	0	0	0	0	0	0	2230	2187	2174	2147	2147	2133	2133	2120	2120	2120	2133	2120	2120	2120	2133	2133	2133	2147	2147	2147	2160	2160	2160	2160	2133	2160	2147	2147	2147	2160	2160	2160	2160	2160	2160	2160	2147	2147	2147	2147	2147	2160	2160	2174	2174	2174	2174	2174	2160	2160	2160	2160	2160	2160	2147	2160	2160	2160	2160	2160	2160	2174	2174	2174	2160	2147	2147	2133	2120	2107	2095	2095	2082	2082	2082	2082	2095	2095	2095	2107	2095	2095	2095	2095	2095	2082	2082	2082	2069	2069	0	0	0	0	0	0	0	0	0	0	0	0	0	0	0	0	0	0	0	0	0	0	0	0	0	0	0	0	0	0	0	914	911	911	911	909	909	909	907	907	904	904	902	902	899	899	899	897	892	892	890	890	890	888	886	886	883	881	881	881	881	879	879	879	879	879	879	877	877	877	877	879	881	883	886	888	888	888	888	888	888	888	888	886	881	879	879	877	874	872	872	872	872	872	872	870	870	870	870	870	870	870	870	870	870	868	868	868	866	866	863	863	863	861	861	861	859	859	859	857	857	855	853	853	851	851	851	851	851	820	820	818	0	0	0	0	0	0	0	0	0	0	0	0	0	0	0	0	0	0	0	0	0	0	0	0	0	0	0	0	0	0	0	0	0	0	0	0	0	0	0	0	0	0	0	0	0	0	0	0	0	0	0	0	0	0	0	0	0	0	0	0	0	0	0	0	0	0	0	0	0	0	0	0	0	0	0	0	0	0	0	0	0	0	0	0	0	0	0	0	0	0	0	0	0	0	0	0	0	0	0	0	0	0	0	0	0	0	0	0	0	0	0	0	0	0	0	0	0	0	0	0	0	0	0	0	0	0	0	0	0	0	0	0	0	0	0	0	0	0	0	0	0	0	0	0	0	0	0	0	0	0	0	0	0	0	0	0	0	0	0	0	0	0	0	
0	0	0	0	0	0	0	0	0	0	0	0	0	0	0	0	0	0	0	0	0	0	0	0	0	0	0	0	0	0	0	0	0	0	0	0	1828	1848	1858	1848	1878	1878	1888	1888	1899	1909	1920	1931	1941	1964	1964	1975	1975	1975	1986	1986	2021	2033	2045	2033	2057	2069	2082	2095	2107	2147	2160	2160	2187	2201	2215	2201	0	0	0	0	0	0	0	0	0	0	0	0	0	0	0	0	0	0	0	0	0	0	0	0	0	0	0	0	0	0	0	0	0	0	0	0	0	0	0	0	0	0	0	0	0	0	0	0	0	0	0	0	0	0	0	0	0	0	0	0	0	0	0	0	0	0	0	0	0	0	0	0	0	0	0	0	0	0	0	0	0	0	0	0	0	0	0	0	0	0	0	0	0	0	0	0	0	0	0	0	0	0	0	0	0	0	0	0	0	0	0	0	0	0	0	0	0	0	0	0	0	0	0	0	0	0	0	0	0	0	0	0	0	0	0	0	0	0	0	0	0	0	0	0	0	0	0	0	0	0	0	0	0	0	0	0	0	0	0	0	0	0	0	0	0	0	0	0	0	0	0	0	0	0	0	0	0	0	0	0	0	0	0	0	2187	2174	2147	2147	2133	2133	2120	2120	2120	2120	2120	2120	2120	2120	2133	2133	2133	2133	2147	2147	2160	2147	2147	2147	2147	2147	2147	2160	2160	2160	2160	2160	2160	2160	2160	2147	2147	2147	2147	2147	2147	2160	2174	2174	2174	2174	2174	2174	2160	2160	2160	2160	2160	2147	2160	2160	2160	2174	2174	2160	2174	2174	2174	2160	2147	2147	2147	2120	2107	2095	2082	2082	2082	2082	2095	2095	2107	2107	2107	2107	2107	2107	2095	2095	2095	2082	2082	2082	2069	0	0	0	0	0	0	0	0	0	0	0	0	0	0	0	0	0	0	0	0	0	0	0	0	0	0	0	0	0	0	0	914	911	911	909	909	909	907	904	904	902	902	902	902	899	899	897	895	892	890	890	890	890	886	886	883	883	881	881	879	879	879	879	879	879	877	877	877	877	877	879	879	881	881	883	888	888	888	888	888	888	888	886	883	879	879	877	877	874	874	872	872	872	872	872	870	870	870	870	870	870	870	870	870	870	868	868	0	866	866	863	863	863	861	861	861	859	859	859	857	857	855	853	853	853	851	851	851	851	820	822	818	0	0	0	0	0	0	0	0	0	0	0	0	0	0	0	0	0	0	0	0	0	0	0	0	0	0	0	0	0	0	0	0	0	0	0	0	0	0	0	0	0	0	0	0	0	0	0	0	0	0	0	0	0	0	0	0	0	0	0	0	0	0	0	0	0	0	0	0	0	0	0	0	0	0	0	0	0	0	0	0	0	0	0	0	0	0	0	0	0	0	0	0	0	0	0	0	0	0	0	0	0	0	0	0	0	0	0	0	0	0	0	0	0	0	0	0	0	0	0	0	0	0	0	0	0	0	0	0	0	0	0	0	0	0	0	0	0	0	0	0	0	0	0	0	0	0	0	0	0	0	0	0	0	0	0	0	0	0	0	0	0	0	0	
0	0	0	0	0	0	0	0	0	0	0	0	0	0	0	0	0	0	0	0	0	0	0	0	0	0	0	0	0	0	0	0	0	0	0	0	1838	1848	1848	1858	1868	1868	1878	1888	1899	1909	1931	1941	1941	1952	1952	1964	1975	1975	1986	1998	2021	2033	2045	2045	2057	2069	2069	2082	2082	2147	2160	2160	2187	2201	2215	2215	0	0	0	0	0	0	0	0	0	0	0	0	0	0	0	0	0	0	0	0	0	0	0	0	0	0	0	0	0	0	0	0	0	0	0	0	0	0	0	0	0	0	0	0	0	0	0	0	0	0	0	0	0	0	0	0	0	0	0	0	0	0	0	0	0	0	0	0	0	0	0	0	0	0	0	0	0	0	0	0	0	0	0	0	0	0	0	0	0	0	0	0	0	0	0	0	0	0	0	0	0	0	0	0	0	0	0	0	0	0	0	0	0	0	0	0	0	0	0	0	0	0	0	0	0	0	0	0	0	0	0	0	0	0	0	0	0	0	0	0	0	0	0	0	0	0	0	0	0	0	0	0	0	0	0	0	0	0	0	0	0	0	0	0	0	0	0	0	0	0	0	0	0	0	0	0	0	0	0	0	0	0	0	0	2187	2174	2147	2147	2133	2133	2120	2120	2120	2120	2120	2120	2120	2120	2120	2133	2133	2133	2147	2147	2160	2147	2160	2147	2160	2147	2160	2160	2160	2160	2160	2160	2160	2160	2160	2133	2147	2147	2147	2147	2147	2160	2174	2174	2174	2174	2174	2174	2160	2160	2160	2160	2147	2147	2160	2160	2160	2174	2174	2174	2174	2174	2174	2160	2160	2147	2147	2120	2107	2095	2095	2082	2069	2082	2082	2095	2107	2107	2107	2107	2107	2107	2107	2095	2095	2095	2095	2082	2082	0	0	0	0	0	0	0	0	0	0	0	0	0	0	0	0	0	0	0	0	0	0	0	0	0	0	0	0	0	0	0	914	911	911	911	909	909	907	904	902	902	902	902	899	899	897	895	892	890	890	890	888	888	886	883	883	883	881	881	879	879	879	879	879	877	877	874	874	872	877	877	879	879	881	883	886	888	888	888	888	888	886	886	883	879	879	877	874	874	874	872	872	872	872	872	870	870	870	870	870	870	870	870	870	868	868	868	0	866	866	863	863	863	861	861	861	859	859	861	857	857	855	853	853	851	851	851	851	851	820	820	816	0	0	0	0	0	0	0	0	0	0	0	0	0	0	0	0	0	0	0	0	0	0	0	0	0	0	0	0	0	0	0	0	0	0	0	0	0	0	0	0	0	0	0	0	0	0	0	0	0	0	0	0	0	0	0	0	0	0	0	0	0	0	0	0	0	0	0	0	0	0	0	0	0	0	0	0	0	0	0	0	0	0	0	0	0	0	0	0	0	0	0	0	0	0	0	0	0	0	0	0	0	0	0	0	0	0	0	0	0	0	0	0	0	0	0	0	0	0	0	0	0	0	0	0	0	0	0	0	0	0	0	0	0	0	0	0	0	0	0	0	0	0	0	0	0	0	0	0	0	0	0	0	0	0	0	0	0	0	0	0	0	0	0	
0	0	0	0	0	0	0	0	0	0	0	0	0	0	0	0	0	0	0	0	0	0	0	0	0	0	0	0	0	0	0	0	0	0	0	0	1838	1848	1858	1858	1868	1868	1878	1888	1899	1899	1931	1941	1952	1964	1964	1975	1975	1986	1986	1998	2021	2033	2045	2045	2057	2069	2069	2082	2069	2133	2147	2160	2187	2201	2215	2215	2230	2230	0	0	0	0	0	0	0	0	0	0	0	0	0	0	0	0	0	0	0	0	0	0	0	0	0	0	0	0	0	0	0	0	0	0	0	0	0	0	0	0	0	0	0	0	0	0	0	0	0	0	0	0	0	0	0	0	0	0	0	0	0	0	0	0	0	0	0	0	0	0	0	0	0	0	0	0	0	0	0	0	0	0	0	0	0	0	0	0	0	0	0	0	0	0	0	0	0	0	0	0	0	0	0	0	0	0	0	0	0	0	0	0	0	0	0	0	0	0	0	0	0	0	0	0	0	0	0	0	0	0	0	0	0	0	0	0	0	0	0	0	0	0	0	0	0	0	0	0	0	0	0	0	0	0	0	0	0	0	0	0	0	0	0	0	0	0	0	0	0	0	0	0	0	0	0	0	0	0	0	0	0	0	2187	2174	2147	2133	2133	2133	2120	2120	2120	2120	2120	2120	2120	2120	2120	2120	2133	2133	2147	2147	2160	2160	2160	2160	2160	2147	2160	2160	2160	2160	2160	2160	2174	2160	2160	2147	2147	2147	2147	2147	2147	2160	2174	2174	2174	2174	2174	2174	2174	2160	2160	2160	2147	2147	2160	2160	2160	2174	2174	2174	2174	2174	2174	2160	2160	2147	2147	2120	2107	2095	2095	2082	2082	2082	2082	2095	2107	2107	2107	2107	2107	2107	2107	2095	2095	2095	2082	2095	0	0	0	0	0	0	0	0	0	0	0	0	0	0	0	0	0	0	0	0	0	0	0	0	0	0	0	0	0	0	0	914	914	911	911	909	909	907	907	902	902	899	899	897	897	895	892	892	890	890	888	888	886	886	881	881	881	881	879	879	879	879	879	879	877	877	877	874	874	874	874	877	877	879	881	883	886	888	888	888	888	888	886	886	883	879	877	877	874	874	874	872	872	872	872	870	870	870	870	870	870	870	870	870	870	868	868	868	0	866	866	863	863	863	861	861	861	859	859	859	857	857	855	853	853	851	851	851	849	849	820	820	816	0	0	0	0	0	0	0	0	0	0	0	0	0	0	0	0	0	0	0	0	0	0	0	0	0	0	0	0	0	0	0	0	0	0	0	0	0	0	0	0	0	0	0	0	0	0	0	0	0	0	0	0	0	0	0	0	0	0	0	0	0	0	0	0	0	0	0	0	0	0	0	0	0	0	0	0	0	0	0	0	0	0	0	0	0	0	0	0	0	0	0	0	0	0	0	0	0	0	0	0	0	0	0	0	0	0	0	0	0	0	0	0	0	0	0	0	0	0	0	0	0	0	0	0	0	0	0	0	0	0	0	0	0	0	0	0	0	0	0	0	0	0	0	0	0	0	0	0	0	0	0	0	0	0	0	0	0	0	0	0	0	0	0	
0	0	0	0	0	0	0	0	0	0	0	0	0	0	0	0	0	0	0	0	0	0	0	0	0	0	0	0	0	0	0	0	0	0	0	0	1838	1848	1858	1858	1868	1868	1878	1888	1899	1899	1931	1941	1952	1964	1964	1975	1975	1986	2009	2009	2021	2045	2045	2045	2057	2069	2069	2082	2069	2133	2160	2160	2174	2201	2201	2215	0	2230	0	0	0	0	0	0	0	0	0	0	0	0	0	0	0	0	0	0	0	0	0	0	0	0	0	0	0	0	0	0	0	0	0	0	0	0	0	0	0	0	0	0	0	0	0	0	0	0	0	0	0	0	0	0	0	0	0	0	0	0	0	0	0	0	0	0	0	0	0	0	0	0	0	0	0	0	0	0	0	0	0	0	0	0	0	0	0	0	0	0	0	0	0	0	0	0	0	0	0	0	0	0	0	0	0	0	0	0	0	0	0	0	0	0	0	0	0	0	0	0	0	0	0	0	0	0	0	0	0	0	0	0	0	0	0	0	0	0	0	0	0	0	0	0	0	0	0	0	0	0	0	0	0	0	0	0	0	0	0	0	0	0	0	0	0	0	0	0	0	0	0	0	0	0	0	0	0	0	0	0	0	0	2187	2174	2147	2147	2133	2133	2120	2120	2120	2120	2120	2120	2120	2120	2120	2120	2133	2133	2147	2160	2160	2160	2160	2160	2147	2147	2160	2160	2160	2160	2160	2160	2174	2160	2147	2133	2133	2147	2147	2147	2147	2160	2174	2174	2174	2174	2174	2174	2160	2147	2160	2160	2147	2147	2160	2174	2174	2174	2174	2174	2174	2174	2174	2160	2160	2147	2147	2120	2107	2095	2082	2082	2069	2082	2082	2095	2107	2107	2107	2107	2107	2107	2107	2095	2095	2082	2082	0	0	0	0	0	0	0	0	0	0	0	0	0	0	0	0	0	0	0	0	0	0	0	0	0	0	0	0	0	0	0	0	914	911	911	909	909	907	907	904	902	899	899	899	897	895	892	892	890	890	888	888	886	886	883	881	881	881	881	879	879	879	879	877	877	877	877	874	874	874	874	874	877	877	879	881	883	888	888	888	888	888	886	883	883	881	881	877	877	874	874	872	872	872	872	872	870	870	870	870	870	870	870	870	870	868	868	0	866	866	866	866	863	863	863	861	861	861	859	859	859	857	855	855	853	853	851	851	851	849	849	820	820	816	0	0	0	0	0	0	0	0	0	0	0	0	0	0	0	0	0	0	0	0	0	0	0	0	0	0	0	0	0	0	0	0	0	0	0	0	0	0	0	0	0	0	0	0	0	0	0	0	0	0	0	0	0	0	0	0	0	0	0	0	0	0	0	0	0	0	0	0	0	0	0	0	0	0	0	0	0	0	0	0	0	0	0	0	0	0	0	0	0	0	0	0	0	0	0	0	0	0	0	0	0	0	0	0	0	0	0	0	0	0	0	0	0	0	0	0	0	0	0	0	0	0	0	0	0	0	0	0	0	0	0	0	0	0	0	0	0	0	0	0	0	0	0	0	0	0	0	0	0	0	0	0	0	0	0	0	0	0	0	0	0	0	0	
0	0	0	0	0	0	0	0	0	0	0	0	0	0	0	0	0	0	0	0	0	0	0	0	0	0	0	0	0	0	0	0	0	0	0	0	1838	1848	1858	1858	1878	1878	1878	1888	1888	1899	1931	1941	1952	1964	1964	1975	1975	1986	1986	2009	2021	2045	2045	2057	2069	2069	2082	2082	2095	2133	2160	2160	2174	2201	2215	0	0	0	0	0	0	0	0	0	0	0	0	0	0	0	0	0	0	0	0	0	0	0	0	0	0	0	0	0	0	0	0	0	0	0	0	0	0	0	0	0	0	0	0	0	0	0	0	0	0	0	0	0	0	0	0	0	0	0	0	0	0	0	0	0	0	0	0	0	0	0	0	0	0	0	0	0	0	0	0	0	0	0	0	0	0	0	0	0	0	0	0	0	0	0	0	0	0	0	0	0	0	0	0	0	0	0	0	0	0	0	0	0	0	0	0	0	0	0	0	0	0	0	0	0	0	0	0	0	0	0	0	0	0	0	0	0	0	0	0	0	0	0	0	0	0	0	0	0	0	0	0	0	0	0	0	0	0	0	0	0	0	0	0	0	0	0	0	0	0	0	0	0	0	0	0	0	0	0	0	0	0	0	0	0	2201	2187	2147	2147	2147	2133	2120	2120	2120	2120	2120	2120	2120	2120	2120	2120	2133	2133	2147	2133	2147	2147	2147	2147	2147	2147	2160	2160	2160	2160	2160	2160	2160	2160	2133	2133	2147	2147	2147	2147	2147	2160	2160	2160	2174	2174	2174	2174	2147	2147	2147	2147	2147	2147	2160	2174	2174	2174	2174	2174	2174	2174	2174	2160	2160	2147	2147	2120	2107	2082	2082	2069	2069	2095	2095	2107	2107	2107	2120	2120	2120	2107	2107	2095	2095	2095	2082	0	0	0	0	0	0	0	0	0	0	0	0	0	0	0	0	0	0	0	0	0	0	0	0	0	0	0	0	0	0	0	0	911	911	911	909	907	907	904	904	902	899	897	897	895	892	892	890	890	890	888	886	886	883	883	881	881	879	879	879	879	879	877	877	877	874	874	874	874	874	874	874	877	877	879	881	881	888	888	888	888	888	888	883	883	881	881	877	877	874	872	872	872	872	870	870	870	870	870	870	870	870	870	870	870	868	868	0	866	866	866	866	863	863	863	861	861	861	859	859	861	857	857	855	853	853	851	851	851	851	851	818	818	816	816	0	0	0	0	0	0	0	0	0	0	0	0	0	0	0	0	0	0	0	0	0	0	0	0	0	0	0	0	0	0	0	0	0	0	0	0	0	0	0	0	0	0	0	0	0	0	0	0	0	0	0	0	0	0	0	0	0	0	0	0	0	0	0	0	0	0	0	0	0	0	0	0	0	0	0	0	0	0	0	0	0	0	0	0	0	0	0	0	0	0	0	0	0	0	0	0	0	0	0	0	0	0	0	0	0	0	0	0	0	0	0	0	0	0	0	0	0	0	0	0	0	0	0	0	0	0	0	0	0	0	0	0	0	0	0	0	0	0	0	0	0	0	0	0	0	0	0	0	0	0	0	0	0	0	0	0	0	0	0	0	0	0	
0	0	0	0	0	0	0	0	0	0	0	0	0	0	0	0	0	0	0	0	0	0	0	0	0	0	0	0	0	0	0	0	0	0	0	0	1838	1848	1858	1858	1878	1878	1878	1888	1899	1899	1931	1931	1941	1952	1952	1964	1975	1986	1986	2009	2021	2045	2057	2057	2069	2082	2082	2082	2107	2133	2160	2187	2201	2215	2215	2230	0	0	0	0	0	0	0	0	0	0	0	0	0	0	0	0	0	0	0	0	0	0	0	0	0	0	0	0	0	0	0	0	0	0	0	0	0	0	0	0	0	0	0	0	0	0	0	0	0	0	0	0	0	0	0	0	0	0	0	0	0	0	0	0	0	0	0	0	0	0	0	0	0	0	0	0	0	0	0	0	0	0	0	0	0	0	0	0	0	0	0	0	0	0	0	0	0	0	0	0	0	0	0	0	0	0	0	0	0	0	0	0	0	0	0	0	0	0	0	0	0	0	0	0	0	0	0	0	0	0	0	0	0	0	0	0	0	0	0	0	0	0	0	0	0	0	0	0	0	0	0	0	0	0	0	0	0	0	0	0	0	0	0	0	0	0	0	0	0	0	0	0	0	0	0	0	0	0	0	0	0	0	0	0	2201	2174	2147	2133	2133	2133	2133	2120	2120	2120	2120	2120	2120	2120	2120	2120	2133	2133	2133	2133	2147	2147	2147	2147	2147	2147	2147	2160	2160	2160	2160	2160	2160	2160	2133	2133	2133	2147	2147	2147	2160	2160	2174	2160	2174	2174	2174	2174	2147	2147	2147	2147	2147	2147	2174	2174	2174	2174	2174	2174	2174	2160	2174	2160	2160	2147	2147	2120	2095	2082	2082	2082	2082	2095	2095	2107	2107	2107	2120	2120	2120	2107	2107	2107	2107	2095	0	0	0	0	0	0	0	0	0	0	0	0	0	0	0	0	0	0	0	0	0	0	0	0	0	0	0	0	0	0	0	0	0	911	911	909	909	907	904	904	902	902	897	897	895	892	890	890	890	890	888	886	886	883	883	883	881	879	879	879	879	879	877	877	877	874	874	874	874	874	874	874	874	874	877	879	881	881	886	888	888	888	888	886	883	883	881	879	877	874	874	872	872	872	870	870	870	870	870	870	870	870	870	870	870	868	868	868	0	866	866	866	866	863	863	863	861	861	861	859	859	859	855	855	855	853	853	851	851	851	851	851	818	818	818	0	0	0	0	0	0	0	0	0	0	0	0	0	0	0	0	0	0	0	0	0	0	0	0	0	0	0	0	0	0	0	0	0	0	0	0	0	0	0	0	0	0	0	0	0	0	0	0	0	0	0	0	0	0	0	0	0	0	0	0	0	0	0	0	0	0	0	0	0	0	0	0	0	0	0	0	0	0	0	0	0	0	0	0	0	0	0	0	0	0	0	0	0	0	0	0	0	0	0	0	0	0	0	0	0	0	0	0	0	0	0	0	0	0	0	0	0	0	0	0	0	0	0	0	0	0	0	0	0	0	0	0	0	0	0	0	0	0	0	0	0	0	0	0	0	0	0	0	0	0	0	0	0	0	0	0	0	0	0	0	0	0	0	
0	0	0	0	0	0	0	0	0	0	0	0	0	0	0	0	0	0	0	0	0	0	0	0	0	0	0	0	0	0	0	0	0	0	0	0	1828	1848	1858	1858	1878	1888	1888	1888	1899	1899	1920	1920	1931	1952	1952	1964	1975	1986	2009	2009	2021	2045	2057	2057	2069	2082	2082	2095	2095	2133	2147	2187	2201	2201	2201	2215	0	0	0	0	0	0	0	0	0	0	0	0	0	0	0	0	0	0	0	0	0	0	0	0	0	0	0	0	0	0	0	0	0	0	0	0	0	0	0	0	0	0	0	0	0	0	0	0	0	0	0	0	0	0	0	0	0	0	0	0	0	0	0	0	0	0	0	0	0	0	0	0	0	0	0	0	0	0	0	0	0	0	0	0	0	0	0	0	0	0	0	0	0	0	0	0	0	0	0	0	0	0	0	0	0	0	0	0	0	0	0	0	0	0	0	0	0	0	0	0	0	0	0	0	0	0	0	0	0	0	0	0	0	0	0	0	0	0	0	0	0	0	0	0	0	0	0	0	0	0	0	0	0	0	0	0	0	0	0	0	0	0	0	0	0	0	0	0	0	0	0	0	0	0	0	0	0	0	0	0	0	0	0	0	2187	2174	2147	2133	2133	2133	2120	2120	2120	2120	2120	2120	2120	2120	2120	2133	2120	2120	2133	2133	2133	2133	2147	2147	2147	2147	2147	2160	2160	2160	2160	2160	2160	2147	2147	2147	2147	2133	2133	2147	2147	2160	2160	2147	2160	2160	2147	2147	2147	2147	2147	2147	2147	2160	2174	2174	2174	2174	2174	2160	2160	2160	2160	2160	2160	2147	2133	2107	2095	2082	2082	2082	2082	2095	2107	2107	2120	2107	2120	2120	2120	2107	2107	2107	2107	2107	0	0	0	0	0	0	0	0	0	0	0	0	0	0	0	0	0	0	0	0	0	0	0	0	0	0	0	0	0	0	0	0	0	911	911	909	907	907	904	902	902	899	897	895	892	892	890	890	890	888	888	883	883	883	883	883	879	879	879	879	879	877	877	874	874	874	874	874	872	872	872	874	874	874	877	879	879	881	886	886	888	888	888	886	883	881	881	879	877	874	872	872	872	870	870	870	870	870	870	870	870	870	870	870	868	868	868	866	866	866	866	866	866	863	863	863	861	861	861	859	859	859	855	855	855	853	853	851	851	853	851	851	818	818	0	0	0	0	0	0	0	0	0	0	0	0	0	0	0	0	0	0	0	0	0	0	0	0	0	0	0	0	0	0	0	0	0	0	0	0	0	0	0	0	0	0	0	0	0	0	0	0	0	0	0	0	0	0	0	0	0	0	0	0	0	0	0	0	0	0	0	0	0	0	0	0	0	0	0	0	0	0	0	0	0	0	0	0	0	0	0	0	0	0	0	0	0	0	0	0	0	0	0	0	0	0	0	0	0	0	0	0	0	0	0	0	0	0	0	0	0	0	0	0	0	0	0	0	0	0	0	0	0	0	0	0	0	0	0	0	0	0	0	0	0	0	0	0	0	0	0	0	0	0	0	0	0	0	0	0	0	0	0	0	0	0	0	0	
0	0	0	0	0	0	0	0	0	0	0	0	0	0	0	0	0	0	0	0	0	0	0	0	0	0	0	0	0	0	0	0	0	0	0	0	1828	1848	1858	1868	1878	1888	1888	1888	1888	1909	1920	1931	1931	1952	1952	1964	1975	1986	2009	2009	2033	2045	2057	2057	2069	2082	2082	2095	2107	2133	2147	2174	2201	2201	2201	0	0	0	0	0	0	0	0	0	0	0	0	0	0	0	0	0	0	0	0	0	0	0	0	0	0	0	0	0	0	0	0	0	0	0	0	0	0	0	0	0	0	0	0	0	0	0	0	0	0	0	0	0	0	0	0	0	0	0	0	0	0	0	0	0	0	0	0	0	0	0	0	0	0	0	0	0	0	0	0	0	0	0	0	0	0	0	0	0	0	0	0	0	0	0	0	0	0	0	0	0	0	0	0	0	0	0	0	0	0	0	0	0	0	0	0	0	0	0	0	0	0	0	0	0	0	0	0	0	0	0	0	0	0	0	0	0	0	0	0	0	0	0	0	0	0	0	0	0	0	0	0	0	0	0	0	0	0	0	0	0	0	0	0	0	0	0	0	0	0	0	0	0	0	0	0	0	0	0	0	0	0	0	0	0	2187	2174	2147	2133	2133	2133	2120	2120	2120	2120	2120	2120	2133	2133	2133	2133	2133	2133	2133	2133	2133	2133	2133	2133	2133	2133	2147	2147	2147	2147	2160	2160	2160	2147	2147	2147	2147	2147	2133	2147	2147	2160	2147	2133	2147	2147	2147	2147	2147	2147	2147	2147	2147	2160	2160	2174	2160	2174	2160	2160	2160	2160	2160	2160	2160	2147	2147	2120	2095	2082	2082	2082	2069	2095	2107	2107	2120	2107	2120	2120	2120	2107	2107	2107	2107	2107	0	0	0	0	0	0	0	0	0	0	0	0	0	0	0	0	0	0	0	0	0	0	0	0	0	0	0	0	0	0	0	0	0	909	909	909	907	904	904	902	902	899	897	895	892	890	890	888	888	888	886	883	883	883	883	883	879	879	879	879	877	877	877	874	874	874	872	872	872	872	872	872	874	874	877	879	879	879	886	888	888	888	888	886	883	881	881	879	874	874	872	872	870	870	870	870	870	870	870	870	870	870	870	868	868	868	868	866	866	866	866	866	863	863	863	863	861	861	861	859	859	859	855	855	853	853	853	851	851	851	849	849	818	818	0	0	0	0	0	0	0	0	0	0	0	0	0	0	0	0	0	0	0	0	0	0	0	0	0	0	0	0	0	0	0	0	0	0	0	0	0	0	0	0	0	0	0	0	0	0	0	0	0	0	0	0	0	0	0	0	0	0	0	0	0	0	0	0	0	0	0	0	0	0	0	0	0	0	0	0	0	0	0	0	0	0	0	0	0	0	0	0	0	0	0	0	0	0	0	0	0	0	0	0	0	0	0	0	0	0	0	0	0	0	0	0	0	0	0	0	0	0	0	0	0	0	0	0	0	0	0	0	0	0	0	0	0	0	0	0	0	0	0	0	0	0	0	0	0	0	0	0	0	0	0	0	0	0	0	0	0	0	0	0	0	0	0	0	
0	0	0	0	0	0	0	0	0	0	0	0	0	0	0	0	0	0	0	0	0	0	0	0	0	0	0	0	0	0	0	0	0	0	0	0	1819	1838	1848	1858	1878	1888	1888	1888	1888	1909	1920	1920	1931	1952	1952	1952	1975	1986	1998	2009	2021	2033	2057	2069	2069	2082	2082	2107	2107	2120	2147	2187	2201	2215	2201	0	0	0	0	0	0	0	0	0	0	0	0	0	0	0	0	0	0	0	0	0	0	0	0	0	0	0	0	0	0	0	0	0	0	0	0	0	0	0	0	0	0	0	0	0	0	0	0	0	0	0	0	0	0	0	0	0	0	0	0	0	0	0	0	0	0	0	0	0	0	0	0	0	0	0	0	0	0	0	0	0	0	0	0	0	0	0	0	0	0	0	0	0	0	0	0	0	0	0	0	0	0	0	0	0	0	0	0	0	0	0	0	0	0	0	0	0	0	0	0	0	0	0	0	0	0	0	0	0	0	0	0	0	0	0	0	0	0	0	0	0	0	0	0	0	0	0	0	0	0	0	0	0	0	0	0	0	0	0	0	0	0	0	0	0	0	0	0	0	0	0	0	0	0	0	0	0	0	0	0	0	0	0	0	0	2187	2174	2147	2133	2133	2120	2120	2120	2120	2120	2120	2120	2133	2133	2133	2133	2133	2133	2133	2133	2133	2133	2133	2133	2133	2133	2147	2160	2160	2160	2160	2160	2160	2147	2147	2147	2147	2147	2147	2147	2160	2160	2160	2147	2147	2147	2147	2147	2147	2147	2147	2160	2160	2160	2160	2160	2160	2160	2160	2160	2160	2147	2147	2160	2147	2147	2147	2120	2107	2082	2082	2082	2082	2107	2107	2107	2120	2120	2120	2120	2120	2120	2120	2107	2107	0	0	0	0	0	0	0	0	0	0	0	0	0	0	0	0	0	0	0	0	0	0	0	0	0	0	0	0	0	0	0	0	0	0	909	909	907	904	904	902	902	902	899	895	892	890	890	890	888	886	886	886	883	883	883	883	881	879	879	879	879	877	877	877	874	874	872	872	872	872	872	872	872	874	874	874	879	879	879	881	886	888	888	886	886	883	881	881	879	874	874	872	870	870	870	870	870	868	870	870	870	870	868	870	868	868	868	0	866	866	866	863	863	863	863	863	863	861	861	861	859	859	861	855	855	853	853	851	851	851	851	849	849	818	0	0	0	0	0	0	0	0	0	0	0	0	0	0	0	0	0	0	0	0	0	0	0	0	0	0	0	0	0	0	0	0	0	0	0	0	0	0	0	0	0	0	0	0	0	0	0	0	0	0	0	0	0	0	0	0	0	0	0	0	0	0	0	0	0	0	0	0	0	0	0	0	0	0	0	0	0	0	0	0	0	0	0	0	0	0	0	0	0	0	0	0	0	0	0	0	0	0	0	0	0	0	0	0	0	0	0	0	0	0	0	0	0	0	0	0	0	0	0	0	0	0	0	0	0	0	0	0	0	0	0	0	0	0	0	0	0	0	0	0	0	0	0	0	0	0	0	0	0	0	0	0	0	0	0	0	0	0	0	0	0	0	0	0	0	
0	0	0	0	0	0	0	0	0	0	0	0	0	0	0	0	0	0	0	0	0	0	0	0	0	0	0	0	0	0	0	0	0	0	0	0	1828	1838	1848	1858	1858	1878	1888	1878	1888	1899	1920	1920	1931	1941	1952	1952	1975	1986	1998	2009	2021	2033	2045	2057	2069	2069	2082	2107	2095	2120	2147	2187	2201	2215	2215	2215	0	0	0	0	0	0	0	0	0	0	0	0	0	0	0	0	0	0	0	0	0	0	0	0	0	0	0	0	0	0	0	0	0	0	0	0	0	0	0	0	0	0	0	0	0	0	0	0	0	0	0	0	0	0	0	0	0	0	0	0	0	0	0	0	0	0	0	0	0	0	0	0	0	0	0	0	0	0	0	0	0	0	0	0	0	0	0	0	0	0	0	0	0	0	0	0	0	0	0	0	0	0	0	0	0	0	0	0	0	0	0	0	0	0	0	0	0	0	0	0	0	0	0	0	0	0	0	0	0	0	0	0	0	0	0	0	0	0	0	0	0	0	0	0	0	0	0	0	0	0	0	0	0	0	0	0	0	0	0	0	0	0	0	0	0	0	0	0	0	0	0	0	0	0	0	0	0	0	0	0	0	0	0	0	2187	2187	2174	2133	2133	2120	2120	2120	2120	2120	2120	2120	2120	2133	2133	2133	2133	2133	2133	2133	2133	2133	2133	2133	2133	2133	2160	2160	2160	2160	2160	2174	2160	2160	2147	2160	2147	2147	2147	2147	2160	2160	2160	2147	2147	2147	2147	2147	2147	2147	2160	2160	2160	2160	2160	2160	2160	2160	2160	2160	2147	2147	2147	2160	2147	2147	2147	2120	2107	2095	2082	2082	2082	2107	2107	2107	2120	2120	2120	2120	2120	2120	2120	2107	2107	0	0	0	0	0	0	0	0	0	0	0	0	0	0	0	0	0	0	0	0	0	0	0	0	0	0	0	0	0	0	0	0	0	909	907	907	904	904	902	902	899	899	899	892	890	890	888	888	886	886	883	883	883	883	881	881	881	879	879	877	877	877	877	874	874	874	872	872	872	872	872	872	872	872	874	874	877	879	879	881	886	886	886	883	883	883	883	881	879	877	874	872	872	870	870	870	870	868	868	868	870	868	868	870	868	868	868	0	866	866	866	866	863	863	863	863	861	861	861	861	859	859	859	855	855	853	853	851	851	851	851	849	851	818	0	0	0	0	0	0	0	0	0	0	0	0	0	0	0	0	0	0	0	0	0	0	0	0	0	0	0	0	0	0	0	0	0	0	0	0	0	0	0	0	0	0	0	0	0	0	0	0	0	0	0	0	0	0	0	0	0	0	0	0	0	0	0	0	0	0	0	0	0	0	0	0	0	0	0	0	0	0	0	0	0	0	0	0	0	0	0	0	0	0	0	0	0	0	0	0	0	0	0	0	0	0	0	0	0	0	0	0	0	0	0	0	0	0	0	0	0	0	0	0	0	0	0	0	0	0	0	0	0	0	0	0	0	0	0	0	0	0	0	0	0	0	0	0	0	0	0	0	0	0	0	0	0	0	0	0	0	0	0	0	0	0	0	0	0	
0	0	0	0	0	0	0	0	0	0	0	0	0	0	0	0	0	0	0	0	0	0	0	0	0	0	0	0	0	0	0	0	0	0	0	0	1828	1838	1848	1858	1858	1878	1888	1878	1888	1899	1909	1920	1931	1941	1941	1952	1975	1975	1986	2009	2021	2033	2045	2057	2057	2069	2095	2107	2107	2107	2133	2201	2201	2215	2215	2215	0	0	0	0	0	0	0	0	0	0	0	0	0	0	0	0	0	0	0	0	0	0	0	0	0	0	0	0	0	0	0	0	0	0	0	0	0	0	0	0	0	0	0	0	0	0	0	0	0	0	0	0	0	0	0	0	0	0	0	0	0	0	0	0	0	0	0	0	0	0	0	0	0	0	0	0	0	0	0	0	0	0	0	0	0	0	0	0	0	0	0	0	0	0	0	0	0	0	0	0	0	0	0	0	0	0	0	0	0	0	0	0	0	0	0	0	0	0	0	0	0	0	0	0	0	0	0	0	0	0	0	0	0	0	0	0	0	0	0	0	0	0	0	0	0	0	0	0	0	0	0	0	0	0	0	0	0	0	0	0	0	0	0	0	0	0	0	0	0	0	0	0	0	0	0	0	0	0	0	0	0	0	0	0	2187	2174	2174	2133	2133	2120	2120	2120	2120	2120	2120	2120	2120	2133	2133	2133	2133	2133	2133	2133	2133	2133	2133	2133	2133	2147	2160	2160	2160	2174	2174	2174	2160	2160	2160	2160	2160	2147	2147	2160	2160	2160	2160	2147	2147	2147	2147	2147	2147	2147	2160	2160	2160	2160	2160	2160	2160	2160	2160	2147	2147	2147	2147	2160	2147	2147	2147	2133	2120	2095	2095	2082	2082	2107	2107	2107	2120	2120	2120	2120	2120	2120	2120	2120	2120	0	0	0	0	0	0	0	0	0	0	0	0	0	0	0	0	0	0	0	0	0	0	0	0	0	0	0	0	0	0	0	0	0	909	907	907	904	902	902	902	899	899	899	892	890	888	886	886	883	883	883	883	881	881	881	881	881	879	879	877	877	877	874	874	872	872	872	872	872	870	872	872	872	872	872	874	877	877	879	881	883	883	883	883	883	883	883	881	879	877	874	872	870	870	870	870	868	868	868	868	868	868	868	868	868	868	868	0	866	866	866	866	863	863	863	863	861	861	861	861	859	859	859	855	855	853	853	851	851	851	851	849	849	818	0	0	0	0	0	0	0	0	0	0	0	0	0	0	0	0	0	0	0	0	0	0	0	0	0	0	0	0	0	0	0	0	0	0	0	0	0	0	0	0	0	0	0	0	0	0	0	0	0	0	0	0	0	0	0	0	0	0	0	0	0	0	0	0	0	0	0	0	0	0	0	0	0	0	0	0	0	0	0	0	0	0	0	0	0	0	0	0	0	0	0	0	0	0	0	0	0	0	0	0	0	0	0	0	0	0	0	0	0	0	0	0	0	0	0	0	0	0	0	0	0	0	0	0	0	0	0	0	0	0	0	0	0	0	0	0	0	0	0	0	0	0	0	0	0	0	0	0	0	0	0	0	0	0	0	0	0	0	0	0	0	0	0	0	0	
0	0	0	0	0	0	0	0	0	0	0	0	0	0	0	0	0	0	0	0	0	0	0	0	0	0	0	0	0	0	0	0	0	0	0	0	1828	1838	1848	1848	1848	1868	1878	1878	1899	1909	1920	1920	1931	1941	1941	1952	1975	1986	1986	2009	2021	2033	2045	2045	2069	2069	2095	2107	2107	2120	2133	2187	2201	2215	2215	2215	2230	0	0	0	0	0	0	0	0	0	0	0	0	0	0	0	0	0	0	0	0	0	0	0	0	0	0	0	0	0	0	0	0	0	0	0	0	0	0	0	0	0	0	0	0	0	0	0	0	0	0	0	0	0	0	0	0	0	0	0	0	0	0	0	0	0	0	0	0	0	0	0	0	0	0	0	0	0	0	0	0	0	0	0	0	0	0	0	0	0	0	0	0	0	0	0	0	0	0	0	0	0	0	0	0	0	0	0	0	0	0	0	0	0	0	0	0	0	0	0	0	0	0	0	0	0	0	0	0	0	0	0	0	0	0	0	0	0	0	0	0	0	0	0	0	0	0	0	0	0	0	0	0	0	0	0	0	0	0	0	0	0	0	0	0	0	0	0	0	0	0	0	0	0	0	0	0	0	0	0	0	0	0	0	2187	2174	2147	2133	2133	2120	2120	2120	2120	2120	2120	2120	2120	2120	2120	2120	2133	2133	2133	2133	2133	2133	2147	2133	2133	2147	2160	2160	2160	2160	2174	2174	2174	2160	2160	2160	2160	2160	2147	2160	2160	2160	2160	2147	2147	2147	2147	2147	2147	2147	2160	2160	2160	2174	2174	2160	2160	2160	2160	2147	2147	2147	2147	2147	2147	2147	2147	2120	2120	2107	2095	2095	2095	2107	2107	2107	2120	2120	2120	2120	2120	2120	2107	2120	2120	0	0	0	0	0	0	0	0	0	0	0	0	0	0	0	0	0	0	0	0	0	0	0	0	0	0	0	0	0	0	0	0	0	907	907	904	902	902	902	899	899	897	895	890	888	886	883	883	881	881	881	881	881	879	881	879	879	877	877	874	874	874	874	874	872	872	872	872	872	870	872	872	872	872	872	872	874	874	877	881	883	883	883	883	883	881	881	881	879	877	874	872	870	870	870	870	868	868	868	868	868	868	868	868	868	0	866	866	866	866	866	866	863	863	863	863	861	861	861	861	859	859	859	855	855	855	853	851	851	851	851	849	849	820	818	0	0	0	0	0	0	0	0	0	0	0	0	0	0	0	0	0	0	0	0	0	0	0	0	0	0	0	0	0	0	0	0	0	0	0	0	0	0	0	0	0	0	0	0	0	0	0	0	0	0	0	0	0	0	0	0	0	0	0	0	0	0	0	0	0	0	0	0	0	0	0	0	0	0	0	0	0	0	0	0	0	0	0	0	0	0	0	0	0	0	0	0	0	0	0	0	0	0	0	0	0	0	0	0	0	0	0	0	0	0	0	0	0	0	0	0	0	0	0	0	0	0	0	0	0	0	0	0	0	0	0	0	0	0	0	0	0	0	0	0	0	0	0	0	0	0	0	0	0	0	0	0	0	0	0	0	0	0	0	0	0	0	0	0	
0	0	0	0	0	0	0	0	0	0	0	0	0	0	0	0	0	0	0	0	0	0	0	0	0	0	0	0	0	0	0	0	0	0	0	0	1828	1838	1848	1848	1858	1868	1878	1878	1899	1909	1920	1920	1931	1931	1952	1964	1975	1986	1986	1998	2009	2033	2045	2045	2057	2069	2082	2095	2095	2107	2147	2187	2201	2201	2215	2215	2230	0	0	0	0	0	0	0	0	0	0	0	0	0	0	0	0	0	0	0	0	0	0	0	0	0	0	0	0	0	0	0	0	0	0	0	0	0	0	0	0	0	0	0	0	0	0	0	0	0	0	0	0	0	0	0	0	0	0	0	0	0	0	0	0	0	0	0	0	0	0	0	0	0	0	0	0	0	0	0	0	0	0	0	0	0	0	0	0	0	0	0	0	0	0	0	0	0	0	0	0	0	0	0	0	0	0	0	0	0	0	0	0	0	0	0	0	0	0	0	0	0	0	0	0	0	0	0	0	0	0	0	0	0	0	0	0	0	0	0	0	0	0	0	0	0	0	0	0	0	0	0	0	0	0	0	0	0	0	0	0	0	0	0	0	0	0	0	0	0	0	0	0	0	0	0	0	0	0	0	0	0	0	0	2187	2174	2147	2147	2133	2133	2120	2120	2120	2120	2120	2120	2120	2120	2120	2120	2133	2133	2133	2133	2133	2133	2147	2133	2133	2147	2160	2160	2174	2174	2174	2174	2174	2160	2160	2160	2160	2147	2147	2160	2147	2160	2147	2147	2147	2147	2147	2147	2147	2160	2160	2160	2160	2174	2174	2160	2160	2160	2160	2147	2147	2147	2147	2147	2147	2147	2147	2120	2120	2107	2095	2095	2095	2107	2107	2120	2120	2120	2120	2120	2120	2120	2120	2120	2107	0	0	0	0	0	0	0	0	0	0	0	0	0	0	0	0	0	0	0	0	0	0	0	0	0	0	0	0	0	0	0	0	907	904	904	902	902	899	899	899	897	895	892	888	886	883	883	883	881	881	881	881	881	879	879	879	879	874	874	874	874	874	874	872	872	872	874	872	870	870	872	872	872	872	872	874	874	874	879	879	881	881	881	881	881	881	881	881	879	877	872	872	870	870	870	870	868	868	868	868	868	868	0	868	868	0	866	866	866	866	866	866	863	863	863	863	861	861	861	861	859	859	859	857	857	855	853	851	851	851	849	849	849	0	0	0	0	0	0	0	0	0	0	0	0	0	0	0	0	0	0	0	0	0	0	0	0	0	0	0	0	0	0	0	0	0	0	0	0	0	0	0	0	0	0	0	0	0	0	0	0	0	0	0	0	0	0	0	0	0	0	0	0	0	0	0	0	0	0	0	0	0	0	0	0	0	0	0	0	0	0	0	0	0	0	0	0	0	0	0	0	0	0	0	0	0	0	0	0	0	0	0	0	0	0	0	0	0	0	0	0	0	0	0	0	0	0	0	0	0	0	0	0	0	0	0	0	0	0	0	0	0	0	0	0	0	0	0	0	0	0	0	0	0	0	0	0	0	0	0	0	0	0	0	0	0	0	0	0	0	0	0	0	0	0	0	0	0	0	
0	0	0	0	0	0	0	0	0	0	0	0	0	0	0	0	0	0	0	0	0	0	0	0	0	0	0	0	0	0	0	0	0	0	0	0	1838	1838	1848	1848	1848	1868	1878	1878	1899	1909	1920	1920	1931	1941	1952	1964	1975	1986	1986	1998	2009	2021	2045	2057	2057	2082	2082	2095	2095	2095	2133	2174	2187	2201	2215	2215	2230	2230	0	0	0	0	0	0	0	0	0	0	0	0	0	0	0	0	0	0	0	0	0	0	0	0	0	0	0	0	0	0	0	0	0	0	0	0	0	0	0	0	0	0	0	0	0	0	0	0	0	0	0	0	0	0	0	0	0	0	0	0	0	0	0	0	0	0	0	0	0	0	0	0	0	0	0	0	0	0	0	0	0	0	0	0	0	0	0	0	0	0	0	0	0	0	0	0	0	0	0	0	0	0	0	0	0	0	0	0	0	0	0	0	0	0	0	0	0	0	0	0	0	0	0	0	0	0	0	0	0	0	0	0	0	0	0	0	0	0	0	0	0	0	0	0	0	0	0	0	0	0	0	0	0	0	0	0	0	0	0	0	0	0	0	0	0	0	0	0	0	0	0	0	0	0	0	0	0	0	0	0	0	2201	2187	2187	2147	2147	2133	2133	2120	2120	2120	2120	2120	2120	2120	2120	2120	2120	2133	2133	2133	2133	2133	2133	2133	2133	2147	2147	2160	2174	2174	2174	2174	2174	2160	2160	2160	2160	2160	2160	2160	2160	2160	2160	2160	2160	2160	2160	2160	2160	2147	2160	2160	2160	2174	2174	2174	2160	2160	2147	2147	2147	2147	2147	2147	2160	2160	2147	2147	2120	2120	2107	2107	2107	2107	2120	2120	2120	2120	2120	2133	2120	2120	2120	2107	2120	2107	0	0	0	0	0	0	0	0	0	0	0	0	0	0	0	0	0	0	0	0	0	0	0	0	0	0	0	0	0	0	0	904	904	902	902	902	902	899	899	897	895	895	892	888	886	883	883	881	881	881	881	881	879	879	879	877	874	872	872	872	872	872	872	872	872	872	870	872	870	870	872	872	872	872	872	872	874	874	877	879	881	881	881	881	881	881	881	879	879	877	872	872	870	870	868	868	0	866	868	868	0	868	0	866	866	866	866	866	866	866	866	866	863	863	863	863	861	861	859	861	859	859	859	857	857	855	853	851	851	851	849	849	849	849	0	0	0	0	0	0	0	0	0	0	0	0	0	0	0	0	0	0	0	0	0	0	0	0	0	0	0	0	0	0	0	0	0	0	0	0	0	0	0	0	0	0	0	0	0	0	0	0	0	0	0	0	0	0	0	0	0	0	0	0	0	0	0	0	0	0	0	0	0	0	0	0	0	0	0	0	0	0	0	0	0	0	0	0	0	0	0	0	0	0	0	0	0	0	0	0	0	0	0	0	0	0	0	0	0	0	0	0	0	0	0	0	0	0	0	0	0	0	0	0	0	0	0	0	0	0	0	0	0	0	0	0	0	0	0	0	0	0	0	0	0	0	0	0	0	0	0	0	0	0	0	0	0	0	0	0	0	0	0	0	0	0	0	0	0	
0	0	0	0	0	0	0	0	0	0	0	0	0	0	0	0	0	0	0	0	0	0	0	0	0	0	0	0	0	0	0	0	0	0	0	0	1838	1848	1848	1848	1848	1868	1868	1868	1899	1909	1920	1920	1931	1941	1975	1975	1986	1986	1986	1998	2009	2021	2033	2045	2057	2069	2069	2095	2082	2095	2120	2187	2174	2201	2215	2215	2230	2230	0	0	0	0	0	0	0	0	0	0	0	0	0	0	0	0	0	0	0	0	0	0	0	0	0	0	0	0	0	0	0	0	0	0	0	0	0	0	0	0	0	0	0	0	0	0	0	0	0	0	0	0	0	0	0	0	0	0	0	0	0	0	0	0	0	0	0	0	0	0	0	0	0	0	0	0	0	0	0	0	0	0	0	0	0	0	0	0	0	0	0	0	0	0	0	0	0	0	0	0	0	0	0	0	0	0	0	0	0	0	0	0	0	0	0	0	0	0	0	0	0	0	0	0	0	0	0	0	0	0	0	0	0	0	0	0	0	0	0	0	0	0	0	0	0	0	0	0	0	0	0	0	0	0	0	0	0	0	0	0	0	0	0	0	0	0	0	0	0	0	0	0	0	0	0	0	0	0	0	0	0	2201	2187	2187	2147	2133	2133	2133	2120	2120	2120	2120	2120	2120	2120	2120	2120	2120	2133	2133	2133	2133	2133	2133	2147	2133	2147	2160	2160	2160	2160	2160	2160	2160	2160	2160	2160	2160	2160	2160	2160	2160	2160	2174	2160	2160	2160	2160	2160	2160	2160	2160	2160	2174	2174	2174	2174	2160	2160	2147	2147	2147	2147	2147	2160	2160	2160	2147	2147	2120	2107	2107	2107	2107	2107	2120	2120	2120	2120	2120	2120	2133	2120	2120	2120	2120	2120	0	0	0	0	0	0	0	0	0	0	0	0	0	0	0	0	0	0	0	0	0	0	0	0	0	0	0	0	0	0	0	904	904	902	902	902	902	899	897	895	892	892	890	886	886	883	881	881	881	881	879	879	879	877	877	874	874	872	872	872	872	872	872	872	872	870	870	870	870	870	870	872	872	872	872	872	874	874	877	879	881	881	881	881	881	881	881	879	879	874	872	870	870	868	868	0	866	866	866	866	866	866	866	866	866	866	866	866	866	866	866	866	863	863	863	861	861	859	859	861	859	859	859	857	857	855	853	851	851	851	849	849	849	0	0	0	0	0	0	0	0	0	0	0	0	0	0	0	0	0	0	0	0	0	0	0	0	0	0	0	0	0	0	0	0	0	0	0	0	0	0	0	0	0	0	0	0	0	0	0	0	0	0	0	0	0	0	0	0	0	0	0	0	0	0	0	0	0	0	0	0	0	0	0	0	0	0	0	0	0	0	0	0	0	0	0	0	0	0	0	0	0	0	0	0	0	0	0	0	0	0	0	0	0	0	0	0	0	0	0	0	0	0	0	0	0	0	0	0	0	0	0	0	0	0	0	0	0	0	0	0	0	0	0	0	0	0	0	0	0	0	0	0	0	0	0	0	0	0	0	0	0	0	0	0	0	0	0	0	0	0	0	0	0	0	0	0	0	0	
0	0	0	0	0	0	0	0	0	0	0	0	0	0	0	0	0	0	0	0	0	0	0	0	0	0	0	0	0	0	0	0	0	0	0	0	1838	1838	1848	1848	1858	1868	1868	1878	1899	1909	1920	1909	1920	1931	1964	1975	1986	1986	1986	1998	2009	2009	2033	2033	2045	2057	2069	2082	2082	2095	2120	2174	2174	2187	2215	2215	2230	2230	0	0	0	0	0	0	0	0	0	0	0	0	0	0	0	0	0	0	0	0	0	0	0	0	0	0	0	0	0	0	0	0	0	0	0	0	0	0	0	0	0	0	0	0	0	0	0	0	0	0	0	0	0	0	0	0	0	0	0	0	0	0	0	0	0	0	0	0	0	0	0	0	0	0	0	0	0	0	0	0	0	0	0	0	0	0	0	0	0	0	0	0	0	0	0	0	0	0	0	0	0	0	0	0	0	0	0	0	0	0	0	0	0	0	0	0	0	0	0	0	0	0	0	0	0	0	0	0	0	0	0	0	0	0	0	0	0	0	0	0	0	0	0	0	0	0	0	0	0	0	0	0	0	0	0	0	0	0	0	0	0	0	0	0	0	0	0	0	0	0	0	0	0	0	0	0	0	0	0	0	0	2201	2174	2187	2147	2133	2133	2133	2120	2120	2120	2120	2120	2120	2120	2120	2120	2120	2133	2133	2133	2133	2133	2133	2147	2147	2147	2160	2160	2174	2160	2160	2160	2160	2160	2160	2160	2160	2160	2160	2160	2160	2160	2160	2160	2160	2160	2174	2174	2174	2160	2174	2174	2174	2174	2174	2174	0	0	0	1404	1404	1404	1404	1399	1399	0	1393	1393	1393	1393	1388	1388	1382	1376	1376	1376	2120	2120	2120	2120	2120	2120	2120	2107	2107	0	0	0	0	0	0	0	0	0	1376	0	0	0	0	0	0	0	0	0	0	0	0	0	0	0	0	0	0	0	0	0	0	904	904	902	902	902	899	899	897	895	892	892	890	886	883	881	881	881	879	879	879	879	877	877	874	874	872	870	870	872	872	872	872	870	870	872	872	870	870	870	870	870	870	872	872	872	872	874	874	877	881	881	881	881	881	881	879	879	877	874	872	870	870	868	868	0	866	866	866	866	866	866	866	866	866	866	866	868	866	866	866	866	863	863	863	861	861	859	859	859	859	859	859	857	857	855	853	0	851	851	849	849	0	0	0	0	0	0	0	0	0	0	0	0	0	0	0	0	0	0	0	0	0	0	0	0	0	0	0	0	0	0	0	0	0	0	0	0	0	0	0	0	0	0	0	0	0	0	0	0	0	0	0	0	0	0	0	0	0	0	0	0	0	0	0	0	0	0	0	0	0	0	0	0	0	0	0	0	0	0	0	0	0	0	0	0	0	0	0	0	0	0	0	0	0	0	0	0	0	0	0	0	0	0	0	0	0	0	0	0	0	0	0	0	0	0	0	0	0	0	0	0	0	0	0	0	0	0	0	0	0	0	0	0	0	0	0	0	0	0	0	0	0	0	0	0	0	0	0	0	0	0	0	0	0	0	0	0	0	0	0	0	0	0	0	0	0	0	0	
0	0	0	0	0	0	0	0	0	0	0	0	0	0	0	0	0	0	0	0	0	0	0	0	0	0	0	0	0	0	0	0	0	0	0	0	1838	1838	1848	1858	1858	1868	1868	1878	1899	1909	1920	1909	1920	1941	1952	1975	1986	1986	1986	1998	2009	2009	2033	2045	2057	2069	2069	2082	2082	2107	2133	2174	2187	2187	2215	2215	2230	0	0	0	0	0	0	0	0	0	0	0	0	0	0	0	0	0	0	0	0	0	0	0	0	0	0	0	0	0	0	0	0	0	0	0	0	0	0	0	0	0	0	0	0	0	0	0	0	0	0	0	0	0	0	0	0	0	0	0	0	0	0	0	0	0	0	0	0	0	0	0	0	0	0	0	0	0	0	0	0	0	0	0	0	0	0	0	0	0	0	0	0	0	0	0	0	0	0	0	0	0	0	0	0	0	0	0	0	0	0	0	0	0	0	0	0	0	0	0	0	0	0	0	0	0	0	0	0	0	0	0	0	0	0	0	0	0	0	0	0	0	0	0	0	0	0	0	0	0	0	0	0	0	0	0	0	0	0	0	0	0	0	0	0	0	0	0	0	0	0	0	0	0	0	0	0	0	0	0	0	0	0	2201	2187	2174	2147	2147	2133	2133	2120	2120	2120	2120	2120	2120	2120	2120	2120	2120	2120	2120	2120	2133	2133	2147	2147	2133	2160	2160	2160	2160	2160	2160	2160	2160	2160	2160	2147	2160	2160	2160	2160	2160	2160	2160	2160	2160	2174	2174	2174	0	0	2160	2160	2160	0	0	0	1399	1399	1404	1399	1404	1404	1399	1399	1399	1399	1399	1399	0	1393	1393	1388	1382	1382	1376	1376	1376	1382	1382	1388	1388	1393	1388	1388	1376	1388	1388	1388	1376	1376	1382	1382	1376	1382	1376	1376	0	0	0	0	0	0	0	0	0	0	0	0	0	0	0	0	0	0	0	0	904	904	904	902	902	902	899	899	897	895	892	890	888	883	883	881	881	879	879	879	877	877	877	872	874	874	872	870	870	870	870	870	870	870	870	872	870	870	870	870	870	870	870	870	870	872	872	872	874	877	881	881	881	881	881	881	879	879	877	872	870	870	868	0	866	866	866	863	863	866	866	866	866	866	866	866	866	868	0	866	866	866	863	863	863	863	861	861	859	859	859	859	859	857	855	855	853	851	0	0	0	0	0	0	0	0	0	0	0	0	0	0	0	0	0	0	0	0	0	0	0	0	0	0	0	0	0	0	0	0	0	0	0	0	0	0	0	0	0	0	0	0	0	0	0	0	0	0	0	0	0	0	0	0	0	0	0	0	0	0	0	0	0	0	0	0	0	0	0	0	0	0	0	0	0	0	0	0	0	0	0	0	0	0	0	0	0	0	0	0	0	0	0	0	0	0	0	0	0	0	0	0	0	0	0	0	0	0	0	0	0	0	0	0	0	0	0	0	0	0	0	0	0	0	0	0	0	0	0	0	0	0	0	0	0	0	0	0	0	0	0	0	0	0	0	0	0	0	0	0	0	0	0	0	0	0	0	0	0	0	0	0	0	0	0	0	0	0	0	
0	0	0	0	0	0	0	0	0	0	0	0	0	0	0	0	0	0	0	0	0	0	0	0	0	0	0	0	0	0	0	0	0	0	0	0	1838	1838	1858	1858	1858	1868	1868	1878	1899	1899	1920	1909	1920	1931	1952	1975	1975	1986	1986	1998	2009	2021	2033	2045	2057	2069	2069	2082	2082	2095	2107	2187	2187	2201	2215	2215	2230	0	0	0	0	0	0	0	0	0	0	0	0	0	0	0	0	0	0	0	0	0	0	0	0	0	0	0	0	0	0	0	0	0	0	0	0	0	0	0	0	0	0	0	0	0	0	0	0	0	0	0	0	0	0	0	0	0	0	0	0	0	0	0	0	0	0	0	0	0	0	0	0	0	0	0	0	0	0	0	0	0	0	0	0	0	0	0	0	0	0	0	0	0	0	0	0	0	0	0	0	0	0	0	0	0	0	0	0	0	0	0	0	0	0	0	0	0	0	0	0	0	0	0	0	0	0	0	0	0	0	0	0	0	0	0	0	0	0	0	0	0	0	0	0	0	0	0	0	0	0	0	0	0	0	0	0	0	0	0	0	0	0	0	0	0	0	0	0	0	0	0	0	0	0	0	0	0	0	0	0	0	0	2201	2187	2174	2147	2147	2133	2133	2120	2120	2120	2120	2120	2120	2120	2120	2120	2120	2120	2120	2133	2133	2133	2133	2147	2133	2160	2160	2160	2160	2160	2147	2160	2160	2160	2160	2147	2160	2160	2160	2160	2160	2160	2160	2160	2174	2160	0	0	0	0	0	0	0	0	0	0	1399	1399	1399	1399	1399	1399	1399	1399	1399	1399	1399	1399	1399	1393	1393	1388	1382	1382	1382	1382	1382	1382	1388	1388	1393	1388	1388	1393	1388	1388	1388	1388	1376	1376	1382	1376	1376	1376	1376	1376	0	0	0	0	0	0	0	0	0	0	0	0	0	0	0	0	0	0	0	0	904	904	904	902	902	899	899	897	895	892	890	888	886	883	881	881	879	879	877	877	877	877	874	872	874	872	872	870	870	870	870	870	870	870	870	870	870	870	870	870	870	870	870	870	870	872	872	872	874	877	881	881	881	881	881	881	879	879	877	872	870	870	868	0	866	866	863	863	863	866	866	866	866	866	866	866	868	868	868	866	866	866	863	863	863	863	861	861	861	861	859	859	859	857	855	855	851	851	0	0	0	0	0	0	0	0	0	0	0	0	0	0	0	0	0	0	0	0	0	0	0	0	0	0	0	0	0	0	0	0	0	0	0	0	0	0	0	0	0	0	0	0	0	0	0	0	0	0	0	0	0	0	0	0	0	0	0	0	0	0	0	0	0	0	0	0	0	0	0	0	0	0	0	0	0	0	0	0	0	0	0	0	0	0	0	0	0	0	0	0	0	0	0	0	0	0	0	0	0	0	0	0	0	0	0	0	0	0	0	0	0	0	0	0	0	0	0	0	0	0	0	0	0	0	0	0	0	0	0	0	0	0	0	0	0	0	0	0	0	0	0	0	0	0	0	0	0	0	0	0	0	0	0	0	0	0	0	0	0	0	0	0	0	0	0	0	0	0	0	
0	0	0	0	0	0	0	0	0	0	0	0	0	0	0	0	0	0	0	0	0	0	0	0	0	0	0	0	0	0	0	0	0	0	0	0	1828	1848	1858	1858	1858	1858	1868	1878	1888	1899	1909	1909	1920	1931	1952	1975	1975	1986	1986	2009	2009	2021	2033	2045	2057	2069	2069	2082	2082	2095	2107	2187	2174	2187	2215	2215	2230	0	0	0	0	0	0	0	0	0	0	0	0	0	0	0	0	0	0	0	0	0	0	0	0	0	0	0	0	0	0	0	0	0	0	0	0	0	0	0	0	0	0	0	0	0	0	0	0	0	0	0	0	0	0	0	0	0	0	0	0	0	0	0	0	0	0	0	0	0	0	0	0	0	0	0	0	0	0	0	0	0	0	0	0	0	0	0	0	0	0	0	0	0	0	0	0	0	0	0	0	0	0	0	0	0	0	0	0	0	0	0	0	0	0	0	0	0	0	0	0	0	0	0	0	0	0	0	0	0	0	0	0	0	0	0	0	0	0	0	0	0	0	0	0	0	0	0	0	0	0	0	0	0	0	0	0	0	0	0	0	0	0	0	0	0	0	0	0	0	0	0	0	0	0	0	0	0	0	0	0	0	0	2201	2187	2174	2147	2133	2133	2133	2120	2120	2120	2120	2120	2120	2120	2120	2120	2120	2120	2120	2133	2133	2133	2147	2147	2133	2147	2160	2160	2160	2147	2147	2147	2160	2147	2147	2147	2160	2160	2160	2160	2147	2160	2160	2160	2174	0	0	0	0	0	0	0	0	0	0	0	0	1399	1399	1399	1399	1399	1399	1399	1399	1399	1399	1399	1399	1393	1393	1393	1388	1382	1382	1382	1382	1382	1382	1388	1388	1388	1388	1388	1388	1388	1388	1388	1376	1376	1382	1376	1376	1382	1376	1376	1371	0	0	0	0	0	0	0	0	0	0	0	0	0	0	0	0	0	0	902	904	902	902	902	899	899	899	897	895	892	890	888	886	881	881	879	877	877	877	877	874	874	874	872	872	872	872	870	870	870	870	870	870	870	870	870	870	870	870	870	870	870	870	870	870	870	872	872	874	877	879	881	881	881	879	879	879	877	874	872	870	870	868	0	866	866	863	863	863	863	863	863	863	866	866	866	868	868	868	0	866	866	863	863	863	861	861	861	861	861	861	859	859	857	855	855	851	851	851	0	0	0	0	0	0	0	0	0	0	0	0	0	0	0	0	0	0	0	0	0	0	0	0	0	0	0	0	0	0	0	0	0	0	0	0	0	0	0	0	0	0	0	0	0	0	0	0	0	0	0	0	0	0	0	0	0	0	0	0	0	0	0	0	0	0	0	0	0	0	0	0	0	0	0	0	0	0	0	0	0	0	0	0	0	0	0	0	0	0	0	0	0	0	0	0	0	0	0	0	0	0	0	0	0	0	0	0	0	0	0	0	0	0	0	0	0	0	0	0	0	0	0	0	0	0	0	0	0	0	0	0	0	0	0	0	0	0	0	0	0	0	0	0	0	0	0	0	0	0	0	0	0	0	0	0	0	0	0	0	0	0	0	0	0	0	0	0	0	0	
0	0	0	0	0	0	0	0	0	0	0	0	0	0	0	0	0	0	0	0	0	0	0	0	0	0	0	0	0	0	0	0	0	0	0	0	1828	1828	1858	1858	1858	1868	1878	1878	1888	1899	1909	1909	1909	1931	1941	1975	1975	1986	1986	2009	2009	2021	2033	2045	2057	2069	2069	2082	2082	2107	2120	2174	2174	2187	2215	2215	2215	0	0	0	0	0	0	0	0	0	0	0	0	0	0	0	0	0	0	0	0	0	0	0	0	0	0	0	0	0	0	0	0	0	0	0	0	0	0	0	0	0	0	0	0	0	0	0	0	0	0	0	0	0	0	0	0	0	0	0	0	0	0	0	0	0	0	0	0	0	0	0	0	0	0	0	0	0	0	0	0	0	0	0	0	0	0	0	0	0	0	0	0	0	0	0	0	0	0	0	0	0	0	0	0	0	0	0	0	0	0	0	0	0	0	0	0	0	0	0	0	0	0	0	0	0	0	0	0	0	0	0	0	0	0	0	0	0	0	0	0	0	0	0	0	0	0	0	0	0	0	0	0	0	0	0	0	0	0	0	0	0	0	0	0	0	0	0	0	0	0	0	0	0	0	0	0	0	0	0	0	0	0	2201	2174	2160	2147	2133	2133	2133	2120	2120	2120	2120	2120	2120	2120	2120	2120	2120	2120	2120	2133	2133	2147	2147	2147	2147	2160	2160	2160	2160	2160	2147	2160	2160	2160	2147	2147	2160	2160	2160	2160	2160	2160	2160	2160	2174	0	0	0	0	0	0	0	0	0	0	1399	1399	1399	1399	1399	1399	1399	1399	1399	1399	1399	1399	1399	1399	1393	1393	1393	1388	1388	1382	1382	1382	1382	1382	1388	1388	1388	1388	1388	1388	1388	1382	1382	1376	1376	1382	1376	1382	1382	1382	1382	1376	1376	0	0	0	0	0	0	0	0	0	0	0	0	0	0	0	0	0	902	902	902	902	902	899	899	897	895	892	890	888	886	883	881	879	879	877	877	874	874	874	874	872	872	872	872	872	870	870	870	870	870	870	868	868	868	868	868	868	868	868	868	868	870	870	870	872	872	874	877	879	881	881	881	881	879	879	877	874	872	870	870	868	0	866	863	863	863	863	863	863	863	863	866	866	866	868	868	0	866	866	866	863	863	863	863	861	861	861	861	859	859	859	855	855	853	851	851	851	0	0	0	0	0	0	0	0	0	0	0	0	0	0	0	0	0	0	0	0	0	0	0	0	0	0	0	0	0	0	0	0	0	0	0	0	0	0	0	0	0	0	0	0	0	0	0	0	0	0	0	0	0	0	0	0	0	0	0	0	0	0	0	0	0	0	0	0	0	0	0	0	0	0	0	0	0	0	0	0	0	0	0	0	0	0	0	0	0	0	0	0	0	0	0	0	0	0	0	0	0	0	0	0	0	0	0	0	0	0	0	0	0	0	0	0	0	0	0	0	0	0	0	0	0	0	0	0	0	0	0	0	0	0	0	0	0	0	0	0	0	0	0	0	0	0	0	0	0	0	0	0	0	0	0	0	0	0	0	0	0	0	0	0	0	0	0	0	0	0	
0	0	0	0	0	0	0	0	0	0	0	0	0	0	0	0	0	0	0	0	0	0	0	0	0	0	0	0	0	0	0	0	0	0	0	0	1828	1828	1858	1858	1858	1868	1878	1878	1899	1899	1909	1909	1920	1931	1941	1975	1975	1986	2009	2021	2021	2033	2045	2045	2057	2069	2069	2082	2082	2095	2107	2160	2174	2201	2215	2215	0	0	0	0	0	0	0	0	0	0	0	0	0	0	0	0	0	0	0	0	0	0	0	0	0	0	0	0	0	0	0	0	0	0	0	0	0	0	0	0	0	0	0	0	0	0	0	0	0	0	0	0	0	0	0	0	0	0	0	0	0	0	0	0	0	0	0	0	0	0	0	0	0	0	0	0	0	0	0	0	0	0	0	0	0	0	0	0	0	0	0	0	0	0	0	0	0	0	0	0	0	0	0	0	0	0	0	0	0	0	0	0	0	0	0	0	0	0	0	0	0	0	0	0	0	0	0	0	0	0	0	0	0	0	0	0	0	0	0	0	0	0	0	0	0	0	0	0	0	0	0	0	0	0	0	0	0	0	0	0	0	0	0	0	0	0	0	0	0	0	0	0	0	0	0	0	0	0	0	0	0	0	0	0	2174	2160	2133	2133	2133	2120	2120	2120	2120	2120	2120	2120	2120	2120	2120	2133	2133	2120	2133	2147	2160	2160	2160	2160	2160	2160	2174	2174	2160	2160	2160	2160	2160	2160	2147	2147	2147	2147	2160	2147	2160	2160	2160	2174	0	0	0	0	0	0	0	0	0	0	1399	1399	1399	1399	1399	1399	1399	1399	1399	1399	1399	0	1393	1393	1393	1393	1393	1388	1388	1382	1382	1382	1382	1382	1388	1388	1388	1388	1388	1382	1382	1382	1382	1376	1382	1382	1382	1382	1382	1382	1382	0	0	0	0	0	0	0	0	0	0	0	0	0	0	0	0	0	0	0	902	902	902	902	902	899	897	895	892	892	888	886	883	881	879	877	874	874	874	874	874	872	872	872	872	872	872	872	870	870	870	870	870	868	868	868	868	868	868	868	868	868	868	868	870	870	870	872	872	874	877	879	881	881	881	879	879	879	877	874	870	870	870	868	0	866	863	863	863	863	863	863	863	863	863	866	866	868	868	0	866	866	866	863	863	863	863	861	861	861	861	859	859	859	855	853	853	851	851	851	0	0	0	0	0	0	0	0	0	0	0	0	0	0	0	0	0	0	0	0	0	0	0	0	0	0	0	0	0	0	0	0	0	0	0	0	0	0	0	0	0	0	0	0	0	0	0	0	0	0	0	0	0	0	0	0	0	0	0	0	0	0	0	0	0	0	0	0	0	0	0	0	0	0	0	0	0	0	0	0	0	0	0	0	0	0	0	0	0	0	0	0	0	0	0	0	0	0	0	0	0	0	0	0	0	0	0	0	0	0	0	0	0	0	0	0	0	0	0	0	0	0	0	0	0	0	0	0	0	0	0	0	0	0	0	0	0	0	0	0	0	0	0	0	0	0	0	0	0	0	0	0	0	0	0	0	0	0	0	0	0	0	0	0	0	0	0	0	0	0	
0	0	0	0	0	0	0	0	0	0	0	0	0	0	0	0	0	0	0	0	0	0	0	0	0	0	0	0	0	0	0	0	0	0	0	0	1819	1828	1858	1858	1858	1868	1878	1878	1888	1899	1909	1909	1920	1931	1931	1975	1975	1986	2009	2009	2021	2021	2033	2045	2057	2069	2069	2095	2095	2107	2107	2160	2201	2215	2215	2215	2215	2201	2201	0	0	0	0	0	0	0	0	0	0	0	0	0	0	0	0	0	0	0	0	0	0	0	0	0	0	0	0	0	0	0	0	0	0	0	0	0	0	0	0	0	0	0	0	0	0	0	0	0	0	0	0	0	0	0	0	0	0	0	0	0	0	0	0	0	0	0	0	0	0	0	0	0	0	0	0	0	0	0	0	0	0	0	0	0	0	0	0	0	0	0	0	0	0	0	0	0	0	0	0	0	0	0	0	0	0	0	0	0	0	0	0	0	0	0	0	0	0	0	0	0	0	0	0	0	0	0	0	0	0	0	0	0	0	0	0	0	0	0	0	0	0	0	0	0	0	0	0	0	0	0	0	0	0	0	0	0	0	0	0	0	0	0	0	0	0	0	0	0	0	0	0	0	0	0	0	0	0	0	0	0	2187	2160	2133	2133	2133	2120	2120	2120	2120	2120	2120	2120	2120	2120	2120	2120	2120	2120	2133	2133	2160	2160	2160	2147	2160	2174	2174	2174	2160	2160	2160	2160	2160	2160	2147	2147	2160	2160	2160	2147	2147	2160	2160	2160	2147	2133	2147	2147	0	0	0	0	0	0	1399	1399	1399	1399	1399	1399	1399	1399	1399	1399	1399	1393	1393	1393	1393	1393	1388	1382	1382	1382	1382	1382	1382	1382	1382	1388	1388	1382	1388	1382	1382	1382	1376	1376	1376	1376	1376	1376	1382	1382	1382	0	0	0	0	0	0	0	0	0	0	0	0	0	0	0	0	899	909	902	902	902	902	902	899	897	895	892	890	888	886	883	881	881	877	874	874	874	874	874	874	872	872	872	872	872	872	872	870	870	870	870	870	868	868	868	868	868	868	868	866	866	868	868	868	870	870	872	872	874	877	879	879	881	881	879	879	877	874	872	870	870	868	868	866	866	863	863	863	863	863	863	863	863	863	866	866	868	868	866	866	866	863	863	863	863	861	861	861	861	859	859	859	857	855	853	853	851	851	851	851	0	0	0	0	0	0	0	0	0	0	0	0	0	0	0	0	0	0	0	0	0	0	0	0	0	0	0	0	0	0	0	0	0	0	0	0	0	0	0	0	0	0	0	0	0	0	0	0	0	0	0	0	0	0	0	0	0	0	0	0	0	0	0	0	0	0	0	0	0	0	0	0	0	0	0	0	0	0	0	0	0	0	0	0	0	0	0	0	0	0	0	0	0	0	0	0	0	0	0	0	0	0	0	0	0	0	0	0	0	0	0	0	0	0	0	0	0	0	0	0	0	0	0	0	0	0	0	0	0	0	0	0	0	0	0	0	0	0	0	0	0	0	0	0	0	0	0	0	0	0	0	0	0	0	0	0	0	0	0	0	0	0	0	0	0	0	0	0	0	
0	0	0	0	0	0	0	0	0	0	0	0	0	0	0	0	0	0	0	0	0	0	0	0	0	0	0	0	0	0	0	0	0	0	0	0	1819	1828	1838	1838	1848	1868	1878	1878	1888	1899	1920	1920	1931	1941	1952	1964	1964	1975	2009	2009	2021	2021	2033	2045	2057	2069	2082	2107	2095	2107	2120	2174	2187	2215	2215	2215	2215	2215	2201	2201	0	0	0	0	0	0	0	0	0	0	0	0	0	0	0	0	0	0	0	0	0	0	0	0	0	0	0	0	0	0	0	0	0	0	0	0	0	0	0	0	0	0	0	0	0	0	0	0	0	0	0	0	0	0	0	0	0	0	0	0	0	0	0	0	0	0	0	0	0	0	0	0	0	0	0	0	0	0	0	0	0	0	0	0	0	0	0	0	0	0	0	0	0	0	0	0	0	0	0	0	0	0	0	0	0	0	0	0	0	0	0	0	0	0	0	0	0	0	0	0	0	0	0	0	0	0	0	0	0	0	0	0	0	0	0	0	0	0	0	0	0	0	0	0	0	0	0	0	0	0	0	0	0	0	0	0	0	0	0	0	0	0	0	0	0	0	0	0	0	0	0	0	0	0	0	0	0	0	0	0	2187	2160	2147	2133	2133	2120	2120	2120	2120	2120	2120	2120	2120	2120	2120	2120	2120	2120	2133	2133	2160	2160	2160	2160	2160	2174	2174	2174	2160	2160	2160	2160	2160	2160	2147	2147	2147	2147	2147	2147	2147	2160	2160	2160	2147	2187	2147	2147	0	0	0	0	0	0	1399	1399	1399	1399	1399	1399	1399	1399	1399	1399	1393	1393	1393	1393	1393	1393	1393	1388	1388	1382	1382	1382	1382	1382	1382	1388	1388	1382	1382	1382	1382	1376	1376	1376	1376	1376	1376	1376	1382	1382	1382	0	0	0	0	0	0	0	0	0	0	0	0	0	0	0	897	897	902	899	902	902	902	899	899	897	895	890	888	886	883	881	881	879	877	874	874	874	874	874	872	872	872	872	872	872	872	872	870	870	870	870	870	868	868	868	868	868	868	866	866	866	866	868	868	870	870	872	872	874	877	879	879	879	879	879	879	877	874	872	870	870	868	868	866	866	863	863	863	863	863	863	863	863	863	866	866	866	866	866	866	866	863	863	863	863	863	861	861	861	859	859	857	857	855	853	853	851	851	851	849	0	0	0	0	0	0	0	0	0	0	0	0	0	0	0	0	0	0	0	0	0	0	0	0	0	0	0	0	0	0	0	0	0	0	0	0	0	0	0	0	0	0	0	0	0	0	0	0	0	0	0	0	0	0	0	0	0	0	0	0	0	0	0	0	0	0	0	0	0	0	0	0	0	0	0	0	0	0	0	0	0	0	0	0	0	0	0	0	0	0	0	0	0	0	0	0	0	0	0	0	0	0	0	0	0	0	0	0	0	0	0	0	0	0	0	0	0	0	0	0	0	0	0	0	0	0	0	0	0	0	0	0	0	0	0	0	0	0	0	0	0	0	0	0	0	0	0	0	0	0	0	0	0	0	0	0	0	0	0	0	0	0	0	0	0	0	0	0	0	
0	0	0	0	0	0	0	0	0	0	0	0	0	0	0	0	0	0	0	0	0	0	0	0	0	0	0	0	0	0	0	0	0	0	0	0	1819	1828	1838	1848	1848	1868	1878	1878	1888	1899	1909	1920	1931	1941	1952	1964	1975	1975	2009	2009	2021	2021	2045	2045	2057	2069	2082	2095	2095	2107	2120	2160	2187	2215	2230	2230	2230	2244	2215	2201	0	0	0	0	0	0	0	0	0	0	0	0	0	0	0	0	0	0	0	0	0	0	0	0	0	0	0	0	0	0	0	0	0	0	0	0	0	0	0	0	0	0	0	0	0	0	0	0	0	0	0	0	0	0	0	0	0	0	0	0	0	0	0	0	0	0	0	0	0	0	0	0	0	0	0	0	0	0	0	0	0	0	0	0	0	0	0	0	0	0	0	0	0	0	0	0	0	0	0	0	0	0	0	0	0	0	0	0	0	0	0	0	0	0	0	0	0	0	0	0	0	0	0	0	0	0	0	0	0	0	0	0	0	0	0	0	0	0	0	0	0	0	0	0	0	0	0	0	0	0	0	0	0	0	0	0	0	0	0	0	0	0	0	0	0	0	0	0	0	0	0	0	0	0	0	0	0	0	0	0	2174	2160	2133	2133	2133	2120	2120	2120	2120	2120	2120	2120	2120	2120	2120	2120	2120	2133	2133	2133	2160	2160	2160	2160	2160	2160	2174	2160	2160	2160	2160	2160	2147	2147	2147	2147	2147	2147	2160	2160	2147	2160	2160	2160	2147	2174	2147	2147	2147	0	0	0	0	1404	1399	1399	1399	1399	1399	1399	1399	1399	1399	1399	1393	1393	1393	1393	1393	1393	1393	1388	1388	1382	1382	1382	1382	1382	1382	1382	1382	1382	1382	1382	1382	1376	1376	1376	1376	1376	1376	1376	1382	1382	0	0	0	0	0	0	0	0	0	0	0	0	0	0	0	0	902	899	902	899	902	902	902	899	899	895	892	890	886	886	883	881	879	879	874	874	874	872	872	872	872	872	872	872	872	872	872	872	870	870	870	870	870	868	868	868	868	868	866	866	866	866	866	866	866	868	870	872	872	874	879	879	879	879	879	879	879	877	874	872	870	870	868	868	863	863	863	863	861	861	863	863	863	863	863	866	866	866	866	866	866	863	863	863	863	863	861	861	861	859	859	859	857	857	855	853	853	853	851	851	851	0	0	0	0	0	0	0	0	0	0	0	0	0	0	0	0	0	0	0	0	0	0	0	0	0	0	0	0	0	0	0	0	0	0	0	0	0	0	0	0	0	0	0	0	0	0	0	0	0	0	0	0	0	0	0	0	0	0	0	0	0	0	0	0	0	0	0	0	0	0	0	0	0	0	0	0	0	0	0	0	0	0	0	0	0	0	0	0	0	0	0	0	0	0	0	0	0	0	0	0	0	0	0	0	0	0	0	0	0	0	0	0	0	0	0	0	0	0	0	0	0	0	0	0	0	0	0	0	0	0	0	0	0	0	0	0	0	0	0	0	0	0	0	0	0	0	0	0	0	0	0	0	0	0	0	0	0	0	0	0	0	0	0	0	0	0	0	0	0	
0	0	0	0	0	0	0	0	0	0	0	0	0	0	0	0	0	0	0	0	0	0	0	0	0	0	0	0	0	0	0	0	0	0	0	0	1819	1828	1838	1858	1858	1868	1868	1868	1878	1888	1909	1931	1941	1952	1964	1964	1975	1975	2009	2009	2021	2021	2045	2057	2069	2069	2082	2095	2095	2107	2107	2160	2187	2215	2230	2230	2230	2274	2215	2215	0	0	0	0	0	0	0	0	0	0	0	0	0	0	0	0	0	0	0	0	0	0	0	0	0	0	0	0	0	0	0	0	0	0	0	0	0	0	0	0	0	0	0	0	0	0	0	0	0	0	0	0	0	0	0	0	0	0	0	0	0	0	0	0	0	0	0	0	0	0	0	0	0	0	0	0	0	0	0	0	0	0	0	0	0	0	0	0	0	0	0	0	0	0	0	0	0	0	0	0	0	0	0	0	0	0	0	0	0	0	0	0	0	0	0	0	0	0	0	0	0	0	0	0	0	0	0	0	0	0	0	0	0	0	0	0	0	0	0	0	0	0	0	0	0	0	0	0	0	0	0	0	0	0	0	0	0	0	0	0	0	0	0	0	0	0	0	0	0	0	0	0	0	0	0	0	0	0	0	0	0	2174	2147	2133	2133	2120	2120	2120	2120	2120	2120	2120	2120	2120	2120	2120	2120	2133	2147	2147	2160	2160	2160	2160	2160	2160	2174	2160	2160	2160	2160	2147	2147	2147	2147	2147	2147	2147	2160	2160	2160	2160	2160	2160	2160	2174	2147	2147	2147	0	0	0	0	1404	1399	1399	1399	1399	1399	1399	1399	1399	1399	1399	1399	1399	1399	1399	1393	1393	1393	1388	1388	1382	1382	1382	1382	1382	1382	1382	1382	1382	1382	1382	1376	1376	1376	1376	1376	1376	1376	1376	1382	1382	0	0	0	0	0	0	0	0	0	0	0	0	0	0	0	0	902	899	899	899	899	902	899	899	897	892	892	888	886	883	881	881	879	877	874	874	872	872	872	872	872	872	872	872	872	872	872	872	870	870	870	870	868	868	868	866	866	866	866	866	866	866	866	866	866	868	870	870	872	874	877	879	879	879	879	879	877	874	874	872	870	870	868	866	866	863	863	861	861	861	863	863	863	863	863	866	866	866	866	866	866	863	863	863	863	861	861	861	861	859	859	859	857	857	853	853	853	853	851	851	851	849	0	0	0	0	0	0	0	0	0	0	0	0	0	0	0	0	0	0	0	0	0	0	0	0	0	0	0	0	0	0	0	0	0	0	0	0	0	0	0	0	0	0	0	0	0	0	0	0	0	0	0	0	0	0	0	0	0	0	0	0	0	0	0	0	0	0	0	0	0	0	0	0	0	0	0	0	0	0	0	0	0	0	0	0	0	0	0	0	0	0	0	0	0	0	0	0	0	0	0	0	0	0	0	0	0	0	0	0	0	0	0	0	0	0	0	0	0	0	0	0	0	0	0	0	0	0	0	0	0	0	0	0	0	0	0	0	0	0	0	0	0	0	0	0	0	0	0	0	0	0	0	0	0	0	0	0	0	0	0	0	0	0	0	0	0	0	0	0	
0	0	0	0	0	0	0	0	0	0	0	0	0	0	0	0	0	0	0	0	0	0	0	0	0	0	0	0	0	0	0	0	0	0	0	0	1819	1828	1848	1858	1858	1868	1878	1878	1888	1888	1909	1931	1941	1952	1952	1964	1975	1975	1986	2009	2021	2021	2033	2045	2069	2069	2069	2082	2095	2107	2107	2147	2174	2215	2230	2244	2259	2274	2274	2215	2215	0	0	0	0	0	0	0	0	0	0	0	0	0	0	0	0	0	0	0	0	0	0	0	0	0	0	0	0	0	0	0	0	0	0	0	0	0	0	0	0	0	0	0	0	0	0	0	0	0	0	0	0	0	0	0	0	0	0	0	0	0	0	0	0	0	0	0	0	0	0	0	0	0	0	0	0	0	0	0	0	0	0	0	0	0	0	0	0	0	0	0	0	0	0	0	0	0	0	0	0	0	0	0	0	0	0	0	0	0	0	0	0	0	0	0	0	0	0	0	0	0	0	0	0	0	0	0	0	0	0	0	0	0	0	0	0	0	0	0	0	0	0	0	0	0	0	0	0	0	0	0	0	0	0	0	0	0	0	0	0	0	0	0	0	0	0	0	0	0	0	0	0	0	0	0	0	0	0	0	0	2160	2133	2133	2133	2120	2120	2120	2120	2120	2120	2120	2120	2120	2120	2120	2120	2133	2147	2147	2160	2160	2160	2147	2160	2160	2174	2160	2160	2160	2160	2147	2147	2147	2147	2147	2147	2147	2160	2160	2160	2160	2160	2174	2174	2147	2147	2147	0	0	0	0	0	1410	1404	1404	1404	1399	1399	1399	1399	1399	1399	1399	1399	1399	1399	1399	1399	1393	1393	1388	1388	1388	1388	1388	1388	1382	1382	1388	1382	1382	1382	1376	1376	1376	1376	1376	1376	1376	1376	1376	1382	1376	0	0	0	0	0	0	0	0	0	0	0	0	0	0	0	0	899	899	899	899	899	899	899	897	895	892	890	888	886	883	881	879	877	877	874	874	872	872	872	872	872	872	872	872	872	872	870	870	868	868	868	868	868	868	868	866	866	866	866	866	866	866	866	866	866	868	870	870	872	874	877	879	879	879	879	879	877	874	874	872	870	870	868	866	866	863	863	861	861	861	863	863	863	863	863	863	863	866	863	863	863	863	863	863	863	861	861	861	861	859	859	857	857	857	853	853	853	853	851	851	851	0	0	0	0	0	0	0	0	0	0	0	0	0	0	0	0	0	0	0	0	0	0	0	0	0	0	0	0	0	0	0	0	0	0	0	0	0	0	0	0	0	0	0	0	0	0	0	0	0	0	0	0	0	0	0	0	0	0	0	0	0	0	0	0	0	0	0	0	0	0	0	0	0	0	0	0	0	0	0	0	0	0	0	0	0	0	0	0	0	0	0	0	0	0	0	0	0	0	0	0	0	0	0	0	0	0	0	0	0	0	0	0	0	0	0	0	0	0	0	0	0	0	0	0	0	0	0	0	0	0	0	0	0	0	0	0	0	0	0	0	0	0	0	0	0	0	0	0	0	0	0	0	0	0	0	0	0	0	0	0	0	0	0	0	0	0	0	0	0	
0	0	0	0	0	0	0	0	0	0	0	0	0	0	0	0	0	0	0	0	0	0	0	0	0	0	0	0	0	0	0	0	0	0	0	0	1819	1828	1848	1848	1858	1858	1868	1868	1878	1888	1909	1931	1941	1952	1952	1964	1975	1975	1986	2009	2021	2021	2033	2045	2069	2069	2069	2082	2107	2120	2120	2160	2187	2215	2230	2230	2259	2274	2274	2215	2215	0	0	0	0	0	0	0	0	0	0	0	0	0	0	0	0	0	0	0	0	0	0	0	0	0	0	0	0	0	0	0	0	0	0	0	0	0	0	0	0	0	0	0	0	0	0	0	0	0	0	0	0	0	0	0	0	0	0	0	0	0	0	0	0	0	0	0	0	0	0	0	0	0	0	0	0	0	0	0	0	0	0	0	0	0	0	0	0	0	0	0	0	0	0	0	0	0	0	0	0	0	0	0	0	0	0	0	0	0	0	0	0	0	0	0	0	0	0	0	0	0	0	0	0	0	0	0	0	0	0	0	0	0	0	0	0	0	0	0	0	0	0	0	0	0	0	0	0	0	0	0	0	0	0	0	0	0	0	0	0	0	0	0	0	0	0	0	0	0	0	0	0	0	0	0	0	0	0	0	0	2174	2160	2147	2133	2133	2120	2120	2120	2120	2120	2120	2120	2120	2120	2120	2120	2133	2133	2133	2160	2160	2160	2147	2147	2160	2160	2160	2160	2160	2160	2147	2147	2147	2147	2147	2147	2147	2160	2160	2160	2160	2174	2174	2174	2160	2147	0	0	0	0	0	0	1416	1410	1404	1404	1404	1399	1399	1399	1404	1399	1399	1399	1399	1399	1399	1399	1399	1399	1393	1388	1388	1388	1388	1388	1388	1388	1388	1388	1388	1382	1382	1382	1376	1376	1376	1382	1376	1376	1376	1376	1376	0	0	0	0	0	0	0	0	0	0	0	0	0	0	0	0	902	899	899	897	899	899	897	895	892	890	888	886	883	881	879	879	874	874	874	872	872	872	872	872	872	872	872	872	872	872	870	870	868	868	868	868	868	868	868	866	866	866	866	866	863	866	863	866	866	868	870	870	872	874	877	879	879	879	879	877	877	874	872	872	870	870	868	866	866	863	861	861	861	861	861	863	863	863	863	863	863	863	863	863	863	863	863	863	861	861	861	861	861	859	857	857	857	857	853	853	853	853	851	851	851	0	0	0	0	0	0	0	0	0	0	0	0	0	0	0	0	0	0	0	0	0	0	0	0	0	0	0	0	0	0	0	0	0	0	0	0	0	0	0	0	0	0	0	0	0	0	0	0	0	0	0	0	0	0	0	0	0	0	0	0	0	0	0	0	0	0	0	0	0	0	0	0	0	0	0	0	0	0	0	0	0	0	0	0	0	0	0	0	0	0	0	0	0	0	0	0	0	0	0	0	0	0	0	0	0	0	0	0	0	0	0	0	0	0	0	0	0	0	0	0	0	0	0	0	0	0	0	0	0	0	0	0	0	0	0	0	0	0	0	0	0	0	0	0	0	0	0	0	0	0	0	0	0	0	0	0	0	0	0	0	0	0	0	0	0	0	0	0	0	
0	0	0	0	0	0	0	0	0	0	0	0	0	0	0	0	0	0	0	0	0	0	0	0	0	0	0	0	0	0	0	0	0	0	0	0	1819	1828	1848	1848	1858	1858	1878	1868	1888	1899	1909	1931	1941	1952	1952	1964	1964	1975	1986	1998	2021	2021	2033	2033	2057	2069	2069	2082	2107	2120	2120	2174	2201	2215	2230	2215	2230	2230	2215	2215	2230	0	0	0	0	0	0	0	0	0	0	0	0	0	0	0	0	0	0	0	0	0	0	0	0	0	0	0	0	0	0	0	0	0	0	0	0	0	0	0	0	0	0	0	0	0	0	0	0	0	0	0	0	0	0	0	0	0	0	0	0	0	0	0	0	0	0	0	0	0	0	0	0	0	0	0	0	0	0	0	0	0	0	0	0	0	0	0	0	0	0	0	0	0	0	0	0	0	0	0	0	0	0	0	0	0	0	0	0	0	0	0	0	0	0	0	0	0	0	0	0	0	0	0	0	0	0	0	0	0	0	0	0	0	0	0	0	0	0	0	0	0	0	0	0	0	0	0	0	0	0	0	0	0	0	0	0	0	0	0	0	0	0	0	0	0	0	0	0	0	0	0	0	0	0	0	0	0	0	0	0	2174	2160	2147	2133	2133	2120	2120	2120	2120	2133	2120	2120	2120	2120	2120	2120	2133	2133	2133	2147	2160	2147	2147	2147	2160	2160	2160	2160	2160	2160	2147	2147	2147	2147	2147	2147	2147	2147	2160	2160	2160	2160	2160	2133	2160	2174	0	0	0	0	0	1416	1422	1416	1416	1410	1410	1404	1404	1404	1404	1404	1404	1404	1404	1404	1404	1399	1399	1399	1393	1393	1393	1393	1393	1393	1393	1388	1393	1388	1388	1388	1382	1382	1382	1382	1382	1382	1382	1376	1376	1376	1371	0	0	0	0	0	0	0	0	0	0	0	0	0	0	0	0	902	899	899	897	897	897	895	895	892	888	886	883	883	881	879	877	874	874	874	874	872	872	872	872	872	872	872	872	870	870	868	868	868	866	866	866	866	866	866	866	866	866	866	863	863	863	863	866	866	868	868	870	872	874	877	879	879	879	879	877	877	874	874	872	870	868	868	866	863	861	861	861	859	859	861	861	861	863	863	863	863	863	863	863	863	863	863	863	861	861	861	861	861	859	857	857	857	857	853	853	853	853	851	851	851	0	0	0	0	0	0	0	0	0	0	0	0	0	0	0	0	0	0	0	0	0	0	0	0	0	0	0	0	0	0	0	0	0	0	0	0	0	0	0	0	0	0	0	0	0	0	0	0	0	0	0	0	0	0	0	0	0	0	0	0	0	0	0	0	0	0	0	0	0	0	0	0	0	0	0	0	0	0	0	0	0	0	0	0	0	0	0	0	0	0	0	0	0	0	0	0	0	0	0	0	0	0	0	0	0	0	0	0	0	0	0	0	0	0	0	0	0	0	0	0	0	0	0	0	0	0	0	0	0	0	0	0	0	0	0	0	0	0	0	0	0	0	0	0	0	0	0	0	0	0	0	0	0	0	0	0	0	0	0	0	0	0	0	0	0	0	0	0	0	
0	0	0	0	0	0	0	0	0	0	0	0	0	0	0	0	0	0	0	0	0	0	0	0	0	0	0	0	0	0	0	0	0	0	0	0	1819	1828	1848	1848	1848	1858	1878	1878	1888	1899	1909	1931	1941	1941	1952	1952	1964	1975	2009	2009	2021	2021	2033	2033	2057	2069	2057	2069	2095	2120	2120	2187	2201	2215	2230	2230	2230	2230	2230	2230	2230	0	0	0	0	0	0	0	0	0	0	0	0	0	0	0	0	0	0	0	0	0	0	0	0	0	0	0	0	0	0	0	0	0	0	0	0	0	0	0	0	0	0	0	0	0	0	0	0	0	0	0	0	0	0	0	0	0	0	0	0	0	0	0	0	0	0	0	0	0	0	0	0	0	0	0	0	0	0	0	0	0	0	0	0	0	0	0	0	0	0	0	0	0	0	0	0	0	0	0	0	0	0	0	0	0	0	0	0	0	0	0	0	0	0	0	0	0	0	0	0	0	0	0	0	0	0	0	0	0	0	0	0	0	0	0	0	0	0	0	0	0	0	0	0	0	0	0	0	0	0	0	0	0	0	0	0	0	0	0	0	0	0	0	0	0	0	0	0	0	0	0	0	0	0	0	0	0	0	0	0	2174	2160	2147	2147	2133	2133	2120	2133	2120	2133	2133	2133	2120	2120	2120	2133	2133	2133	2133	2147	2147	2147	2147	2147	2147	2147	2147	2160	2160	2147	2160	2147	2147	2147	2147	2147	2147	2160	2174	2160	2174	2174	2174	2215	2215	0	0	0	0	0	0	1422	1422	1422	1416	1410	1410	1410	1404	1404	1404	1404	1404	1404	1404	1404	1404	1404	1404	1399	1399	1399	1393	1393	1393	1393	1393	1393	1393	1393	1393	1388	1388	1388	1382	1388	1382	1382	1382	1382	1382	1376	1371	0	0	0	0	0	0	0	0	0	0	0	0	0	0	0	0	899	902	899	897	897	897	895	892	890	888	886	883	881	879	877	877	874	874	874	872	872	872	872	872	872	872	872	872	870	868	868	868	866	866	863	863	863	863	863	866	863	863	863	863	863	863	863	866	866	868	868	870	872	874	877	877	879	879	879	877	877	874	872	872	870	868	866	863	863	861	859	859	859	859	861	861	861	863	863	863	863	863	863	863	863	863	863	863	861	861	861	861	861	859	857	857	857	857	853	853	853	853	853	851	851	0	0	0	0	0	0	0	0	0	0	0	0	0	0	0	0	0	0	0	0	0	0	0	0	0	0	0	0	0	0	0	0	0	0	0	0	0	0	0	0	0	0	0	0	0	0	0	0	0	0	0	0	0	0	0	0	0	0	0	0	0	0	0	0	0	0	0	0	0	0	0	0	0	0	0	0	0	0	0	0	0	0	0	0	0	0	0	0	0	0	0	0	0	0	0	0	0	0	0	0	0	0	0	0	0	0	0	0	0	0	0	0	0	0	0	0	0	0	0	0	0	0	0	0	0	0	0	0	0	0	0	0	0	0	0	0	0	0	0	0	0	0	0	0	0	0	0	0	0	0	0	0	0	0	0	0	0	0	0	0	0	0	0	0	0	0	0	0	0	
0	0	0	0	0	0	0	0	0	0	0	0	0	0	0	0	0	0	0	0	0	0	0	0	0	0	0	0	0	0	0	0	0	0	0	0	1819	1828	1848	1848	1848	1858	1888	1878	1888	1899	1920	1931	1941	1941	1952	1952	1964	1975	1986	2009	2021	2021	2033	2045	2057	2069	2069	2069	2082	2107	2082	2201	2215	2215	2230	2230	2230	2201	2230	2230	2230	0	0	0	0	0	0	0	0	0	0	0	0	0	0	0	0	0	0	0	0	0	0	0	0	0	0	0	0	0	0	0	0	0	0	0	0	0	0	0	0	0	0	0	0	0	0	0	0	0	0	0	0	0	0	0	0	0	0	0	0	0	0	0	0	0	0	0	0	0	0	0	0	0	0	0	0	0	0	0	0	0	0	0	0	0	0	0	0	0	0	0	0	0	0	0	0	0	0	0	0	0	0	0	0	0	0	0	0	0	0	0	0	0	0	0	0	0	0	0	0	0	0	0	0	0	0	0	0	0	0	0	0	0	0	0	0	0	0	0	0	0	0	0	0	0	0	0	0	0	0	0	0	0	0	0	0	0	0	0	0	0	0	0	0	0	0	0	0	0	0	0	0	0	0	0	0	0	0	0	0	2187	2160	2147	2147	2133	2133	2133	2133	2133	2133	2120	2133	2120	2120	2133	2133	2133	2133	2133	2147	2147	2147	2133	2147	2147	2147	2147	2160	2160	2147	2160	2147	2147	2147	2147	2147	2147	2160	2174	2160	2160	2174	2174	2160	0	0	0	0	0	0	1428	1428	1428	1422	1422	1416	1416	1410	1410	1410	1410	1404	1410	1404	1404	1404	1404	1404	1404	1399	1399	1399	1399	1399	1399	1399	1399	1399	1393	1393	1393	1393	1388	1388	1388	1388	1382	1382	1382	1382	1382	1382	1371	0	0	0	0	0	0	0	0	0	0	0	0	0	0	0	0	899	899	899	897	897	895	892	892	890	886	883	881	879	877	874	874	872	872	872	872	872	872	872	872	872	872	872	870	868	868	866	866	866	863	861	863	863	863	863	863	863	863	863	863	863	863	863	863	866	868	868	870	872	874	877	877	879	877	879	877	877	874	872	872	868	868	866	863	861	859	859	859	859	859	859	861	861	861	863	863	863	863	863	863	863	863	863	863	861	861	861	861	861	859	857	857	857	857	855	853	853	853	853	853	851	0	0	0	0	0	0	0	0	0	0	0	0	0	0	0	0	0	0	0	0	0	0	0	0	0	0	0	0	0	0	0	0	0	0	0	0	0	0	0	0	0	0	0	0	0	0	0	0	0	0	0	0	0	0	0	0	0	0	0	0	0	0	0	0	0	0	0	0	0	0	0	0	0	0	0	0	0	0	0	0	0	0	0	0	0	0	0	0	0	0	0	0	0	0	0	0	0	0	0	0	0	0	0	0	0	0	0	0	0	0	0	0	0	0	0	0	0	0	0	0	0	0	0	0	0	0	0	0	0	0	0	0	0	0	0	0	0	0	0	0	0	0	0	0	0	0	0	0	0	0	0	0	0	0	0	0	0	0	0	0	0	0	0	0	0	0	0	0	0	
0	0	0	0	0	0	0	0	0	0	0	0	0	0	0	0	0	0	0	0	0	0	0	0	0	0	0	0	0	0	0	0	0	0	0	0	1819	1828	1848	1848	1848	1858	1888	1878	1888	1899	1909	1920	1931	1941	1941	1952	1964	1975	2009	2009	2021	2021	2033	2045	2057	2069	2069	2069	2069	2107	2082	2201	2215	2215	2230	2230	2230	2187	2244	2244	0	0	0	0	0	0	0	0	0	0	0	0	0	0	0	0	0	0	0	0	0	0	0	0	0	0	0	0	0	0	0	0	0	0	0	0	0	0	0	0	0	0	0	0	0	0	0	0	0	0	0	0	0	0	0	0	0	0	0	0	0	0	0	0	0	0	0	0	0	0	0	0	0	0	0	0	0	0	0	0	0	0	0	0	0	0	0	0	0	0	0	0	0	0	0	0	0	0	0	0	0	0	0	0	0	0	0	0	0	0	0	0	0	0	0	0	0	0	0	0	0	0	0	0	0	0	0	0	0	0	0	0	0	0	0	0	0	0	0	0	0	0	0	0	0	0	0	0	0	0	0	0	0	0	0	0	0	0	0	0	0	0	0	0	0	0	0	0	0	0	0	0	0	0	0	0	0	0	0	0	2187	2174	2147	2147	2133	2133	2133	2133	2133	2133	2133	2120	2133	2120	2120	2133	2133	2133	2133	2133	2147	2147	2147	2147	2147	2160	2160	2160	2160	2147	2160	2160	2147	2147	2147	2147	2147	2147	2133	2174	2133	2187	2160	2160	0	0	0	0	0	0	0	1434	1434	1428	1428	1422	1422	1422	1416	1416	1416	1410	1410	1410	1410	1410	1410	1410	1404	1404	1399	1399	1404	1399	1399	1399	1399	1399	1399	1399	1393	1393	1393	1393	1393	1393	1393	1388	1388	1388	1388	1388	1382	1376	0	0	0	0	0	0	0	0	0	0	0	0	0	0	0	0	897	897	897	895	892	892	890	890	888	886	881	879	877	874	874	872	872	872	872	872	872	872	872	872	872	872	870	870	868	866	866	863	863	861	861	861	863	863	863	863	863	863	863	863	863	863	863	863	866	868	868	870	872	872	874	877	877	877	877	874	874	872	872	872	868	868	866	863	861	859	857	857	857	857	857	859	861	861	861	863	863	863	863	863	863	863	863	861	861	861	861	859	859	857	857	857	855	857	853	853	853	853	851	851	851	0	0	0	0	0	0	0	0	0	0	0	0	0	0	0	0	0	0	0	0	0	0	0	0	0	0	0	0	0	0	0	0	0	0	0	0	0	0	0	0	0	0	0	0	0	0	0	0	0	0	0	0	0	0	0	0	0	0	0	0	0	0	0	0	0	0	0	0	0	0	0	0	0	0	0	0	0	0	0	0	0	0	0	0	0	0	0	0	0	0	0	0	0	0	0	0	0	0	0	0	0	0	0	0	0	0	0	0	0	0	0	0	0	0	0	0	0	0	0	0	0	0	0	0	0	0	0	0	0	0	0	0	0	0	0	0	0	0	0	0	0	0	0	0	0	0	0	0	0	0	0	0	0	0	0	0	0	0	0	0	0	0	0	0	0	0	0	0	0	
0	0	0	0	0	0	0	0	0	0	0	0	0	0	0	0	0	0	0	0	0	0	0	0	0	0	0	0	0	0	0	0	0	0	0	0	1819	1828	1848	1848	1858	1858	1888	1878	1888	1899	1909	1920	1931	1941	1941	1941	1975	1986	2009	2021	2021	2021	2033	2045	2057	2069	2069	2082	2069	2107	2095	2187	2201	2201	2230	2230	2215	2230	2230	2244	0	0	0	0	0	0	0	0	0	0	0	0	0	0	0	0	0	0	0	0	0	0	0	0	0	0	0	0	0	0	0	0	0	0	0	0	0	0	0	0	0	0	0	0	0	0	0	0	0	0	0	0	0	0	0	0	0	0	0	0	0	0	0	0	0	0	0	0	0	0	0	0	0	0	0	0	0	0	0	0	0	0	0	0	0	0	0	0	0	0	0	0	0	0	0	0	0	0	0	0	0	0	0	0	0	0	0	0	0	0	0	0	0	0	0	0	0	0	0	0	0	0	0	0	0	0	0	0	0	0	0	0	0	0	0	0	0	0	0	0	0	0	0	0	0	0	0	0	0	0	0	0	0	0	0	0	0	0	0	0	0	0	0	0	0	0	0	0	0	0	0	0	0	0	0	0	0	0	0	0	0	2174	2147	2147	2133	2133	2133	2133	2133	2133	2133	2120	2133	2120	2120	2120	2120	2133	2133	2133	2147	2147	2147	2147	2147	2160	2160	2160	2160	2147	2160	2160	2160	2160	2160	2160	2160	2147	2147	2133	2174	2120	2160	0	0	0	0	0	0	0	1440	1434	1434	1428	1428	1428	1422	1422	1422	1416	1416	1416	1416	1410	1410	1410	1410	1410	1410	1404	1404	1399	1404	1399	1404	1404	1404	1399	1399	1399	1399	1399	1393	1393	1393	1393	1393	1393	1388	1393	1393	1393	1388	1382	1376	0	0	0	0	0	0	0	0	0	0	0	0	0	0	0	899	897	895	895	892	892	890	888	886	883	879	877	874	874	872	872	872	872	872	872	872	872	872	872	870	870	870	868	868	866	866	863	863	861	859	861	861	861	861	861	861	863	861	861	863	863	863	863	863	868	870	870	872	872	874	877	877	877	877	874	874	872	872	872	868	868	866	863	861	859	859	857	857	857	859	859	861	861	861	863	863	863	863	863	863	863	863	861	861	861	861	859	859	857	857	857	855	855	853	853	853	853	851	851	851	0	0	0	0	0	0	0	0	0	0	0	0	0	0	0	0	0	0	0	0	0	0	0	0	0	0	0	0	0	0	0	0	0	0	0	0	0	0	0	0	0	0	0	0	0	0	0	0	0	0	0	0	0	0	0	0	0	0	0	0	0	0	0	0	0	0	0	0	0	0	0	0	0	0	0	0	0	0	0	0	0	0	0	0	0	0	0	0	0	0	0	0	0	0	0	0	0	0	0	0	0	0	0	0	0	0	0	0	0	0	0	0	0	0	0	0	0	0	0	0	0	0	0	0	0	0	0	0	0	0	0	0	0	0	0	0	0	0	0	0	0	0	0	0	0	0	0	0	0	0	0	0	0	0	0	0	0	0	0	0	0	0	0	0	0	0	0	0	0	
0	0	0	0	0	0	0	0	0	0	0	0	0	0	0	0	0	0	0	0	0	0	0	0	0	0	0	0	0	0	0	0	0	0	0	0	1828	1828	1848	1848	1858	1868	1888	1888	1888	1899	1909	1920	1931	1931	1941	1941	1975	1986	2009	2009	2021	2021	2033	2045	2045	2069	2069	2082	2082	2107	2120	2187	2215	2215	2215	2215	2230	2174	2215	2244	0	0	0	0	0	0	0	0	0	0	0	0	0	0	0	0	0	0	0	0	0	0	0	0	0	0	0	0	0	0	0	0	0	0	0	0	0	0	0	0	0	0	0	0	0	0	0	0	0	0	0	0	0	0	0	0	0	0	0	0	0	0	0	0	0	0	0	0	0	0	0	0	0	0	0	0	0	0	0	0	0	0	0	0	0	0	0	0	0	0	0	0	0	0	0	0	0	0	0	0	0	0	0	0	0	0	0	0	0	0	0	0	0	0	0	0	0	0	0	0	0	0	0	0	0	0	0	0	0	0	0	0	0	0	0	0	0	0	0	0	0	0	0	0	0	0	0	0	0	0	0	0	0	0	0	0	0	0	0	0	0	0	0	0	0	0	0	0	0	0	0	0	0	0	0	0	0	0	0	0	2187	2174	2147	2147	2147	2133	2133	2133	2133	2133	2133	2120	2133	2120	2120	2120	2133	2133	2133	2133	2147	2147	2147	2147	2147	2160	2160	2160	2160	2160	2160	2160	2160	2174	2174	2160	2160	2147	2147	2174	2160	2107	2082	0	0	0	0	0	0	0	1440	1434	1434	1434	1434	1428	1428	1428	1422	1422	1422	1422	1416	1422	1416	1410	1410	1410	1410	1410	1404	1404	1404	1404	1404	1404	1399	1399	1399	1399	1399	1399	1393	1393	1393	1393	1393	1393	1393	1393	1393	1393	1393	0	0	0	0	0	0	0	0	0	0	0	0	0	0	0	0	902	897	897	895	895	892	892	890	888	883	883	877	874	874	872	872	872	870	870	870	870	870	870	870	870	870	870	870	868	866	863	863	861	861	859	859	859	859	861	861	861	861	861	861	861	861	861	861	863	863	868	868	870	872	872	874	874	877	877	874	874	872	872	872	870	868	866	863	863	861	859	857	857	857	857	857	859	861	861	863	863	863	863	863	863	863	863	863	861	861	861	861	859	859	857	857	857	855	855	853	853	853	853	851	851	851	0	0	0	0	0	0	0	0	0	0	0	0	0	0	0	0	0	0	0	0	0	0	0	0	0	0	0	0	0	0	0	0	0	0	0	0	0	0	0	0	0	0	0	0	0	0	0	0	0	0	0	0	0	0	0	0	0	0	0	0	0	0	0	0	0	0	0	0	0	0	0	0	0	0	0	0	0	0	0	0	0	0	0	0	0	0	0	0	0	0	0	0	0	0	0	0	0	0	0	0	0	0	0	0	0	0	0	0	0	0	0	0	0	0	0	0	0	0	0	0	0	0	0	0	0	0	0	0	0	0	0	0	0	0	0	0	0	0	0	0	0	0	0	0	0	0	0	0	0	0	0	0	0	0	0	0	0	0	0	0	0	0	0	0	0	0	0	0	0	
0	0	0	0	0	0	0	0	0	0	0	0	0	0	0	0	0	0	0	0	0	0	0	0	0	0	0	0	0	0	0	0	0	0	0	0	1828	1838	1848	1858	1858	1868	1888	1888	1899	1899	1931	1920	1941	1941	1941	1952	1975	1986	2009	2009	2021	2021	2033	2045	2057	2057	2069	2082	2082	2107	2107	2215	2215	2215	2215	2215	2215	2201	2215	2244	0	0	0	0	0	0	0	0	0	0	0	0	0	0	0	0	0	0	0	0	0	0	0	0	0	0	0	0	0	0	0	0	0	0	0	0	0	0	0	0	0	0	0	0	0	0	0	0	0	0	0	0	0	0	0	0	0	0	0	0	0	0	0	0	0	0	0	0	0	0	0	0	0	0	0	0	0	0	0	0	0	0	0	0	0	0	0	0	0	0	0	0	0	0	0	0	0	0	0	0	0	0	0	0	0	0	0	0	0	0	0	0	0	0	0	0	0	0	0	0	0	0	0	0	0	0	0	0	0	0	0	0	0	0	0	0	0	0	0	0	0	0	0	0	0	0	0	0	0	0	0	0	0	0	0	0	0	0	0	0	0	0	0	0	0	0	0	0	0	0	0	0	0	0	0	0	0	0	0	0	2187	2174	2147	2147	2133	2133	2120	2120	2133	2133	2133	2120	2120	2120	2120	2120	2133	2133	2133	2133	2147	2147	2147	2147	2147	2160	2160	2160	2160	2160	2160	2160	2160	2160	2160	2160	2174	2174	2160	2174	2160	2107	2160	2133	2147	0	0	0	0	0	1446	1434	1434	1434	1434	1428	1428	1428	1422	1422	1422	1422	1416	1416	1416	1410	1410	1410	1410	1410	1404	1404	1404	1404	1399	1404	1399	1399	1399	1399	1399	1399	1393	1393	1393	1393	1393	1393	1388	1393	1393	1393	1393	0	0	0	0	0	0	0	0	0	0	0	0	0	0	0	0	899	897	897	895	892	892	890	888	886	883	881	877	874	874	872	872	870	870	870	870	870	870	870	870	870	870	868	868	868	866	863	861	861	859	857	857	857	857	859	859	861	861	861	861	861	861	861	861	863	863	868	868	870	872	872	874	874	874	877	874	874	872	872	872	870	868	866	863	861	861	859	857	857	857	857	857	859	861	861	863	863	863	863	863	863	863	863	863	861	861	861	859	859	857	857	857	857	855	855	853	853	853	853	851	851	0	0	0	0	0	0	0	0	0	0	0	0	0	0	0	0	0	0	0	0	0	0	0	0	0	0	0	0	0	0	0	0	0	0	0	0	0	0	0	0	0	0	0	0	0	0	0	0	0	0	0	0	0	0	0	0	0	0	0	0	0	0	0	0	0	0	0	0	0	0	0	0	0	0	0	0	0	0	0	0	0	0	0	0	0	0	0	0	0	0	0	0	0	0	0	0	0	0	0	0	0	0	0	0	0	0	0	0	0	0	0	0	0	0	0	0	0	0	0	0	0	0	0	0	0	0	0	0	0	0	0	0	0	0	0	0	0	0	0	0	0	0	0	0	0	0	0	0	0	0	0	0	0	0	0	0	0	0	0	0	0	0	0	0	0	0	0	0	0	0	
0	0	0	0	0	0	0	0	0	0	0	0	0	0	0	0	0	0	0	0	0	0	0	0	0	0	0	0	0	0	0	0	0	0	0	0	1828	1838	1848	1858	1858	1878	1888	1888	1899	1899	1931	1931	1941	1941	1952	1964	1975	1986	2009	2009	2021	2021	2033	2045	2057	2069	2069	2082	2082	2107	2107	2147	2215	2215	2230	2230	2230	2215	2215	0	0	0	0	0	0	0	0	0	0	0	0	0	0	0	0	0	0	0	0	0	0	0	0	0	0	0	0	0	0	0	0	0	0	0	0	0	0	0	0	0	0	0	0	0	0	0	0	0	0	0	0	0	0	0	0	0	0	0	0	0	0	0	0	0	0	0	0	0	0	0	0	0	0	0	0	0	0	0	0	0	0	0	0	0	0	0	0	0	0	0	0	0	0	0	0	0	0	0	0	0	0	0	0	0	0	0	0	0	0	0	0	0	0	0	0	0	0	0	0	0	0	0	0	0	0	0	0	0	0	0	0	0	0	0	0	0	0	0	0	0	0	0	0	0	0	0	0	0	0	0	0	0	0	0	0	0	0	0	0	0	0	0	0	0	0	0	0	0	0	0	0	0	0	0	0	0	0	0	0	0	2187	2174	2147	2133	2133	2120	2120	2120	2120	2120	2120	2120	2120	2120	2120	2120	2133	2133	2133	2147	2147	2147	2160	2147	2147	2147	2147	2147	2160	2160	2160	2160	2160	2160	2160	2147	2160	2160	2160	2174	2160	2147	2160	2133	2147	2147	2147	2147	0	0	1440	1440	1440	1434	1434	1428	1428	1428	1422	1422	1422	1416	1416	1416	1410	1410	1404	1410	1404	1404	1399	1399	1399	1399	1399	1399	1399	1399	1399	1399	1399	1393	1393	1393	1393	1393	1393	1393	1388	1388	1393	1393	0	0	0	0	0	0	0	0	0	0	0	0	0	0	0	0	899	899	897	895	892	892	890	890	886	883	881	879	874	874	872	872	872	870	870	870	870	870	868	868	870	868	868	868	868	866	866	861	859	859	857	855	855	855	857	857	859	859	859	859	861	861	861	861	861	863	863	868	868	870	872	872	872	874	874	874	872	872	872	872	870	870	868	866	863	861	861	859	857	857	857	857	857	859	861	861	863	863	863	863	863	863	863	861	861	861	861	861	861	859	859	857	857	857	855	855	855	853	853	853	851	0	0	0	0	0	0	0	0	0	0	0	0	0	0	0	0	0	0	0	0	0	0	0	0	0	0	0	0	0	0	0	0	0	0	0	0	0	0	0	0	0	0	0	0	0	0	0	0	0	0	0	0	0	0	0	0	0	0	0	0	0	0	0	0	0	0	0	0	0	0	0	0	0	0	0	0	0	0	0	0	0	0	0	0	0	0	0	0	0	0	0	0	0	0	0	0	0	0	0	0	0	0	0	0	0	0	0	0	0	0	0	0	0	0	0	0	0	0	0	0	0	0	0	0	0	0	0	0	0	0	0	0	0	0	0	0	0	0	0	0	0	0	0	0	0	0	0	0	0	0	0	0	0	0	0	0	0	0	0	0	0	0	0	0	0	0	0	0	0	0	0	
0	0	0	0	0	0	0	0	0	0	0	0	0	0	0	0	0	0	0	0	0	0	0	0	0	0	0	0	0	0	0	0	0	0	0	0	1828	1838	1848	1858	1858	1878	1888	1888	1888	1899	1909	1920	1931	1941	1941	1964	1975	1986	1986	2009	2021	2021	2033	2045	2057	2069	2069	2082	2082	2095	2107	2120	2215	2201	2215	2215	2230	2230	2215	0	0	0	0	0	0	0	0	0	0	0	0	0	0	0	0	0	0	0	0	0	0	0	0	0	0	0	0	0	0	0	0	0	0	0	0	0	0	0	0	0	0	0	0	0	0	0	0	0	0	0	0	0	0	0	0	0	0	0	0	0	0	0	0	0	0	0	0	0	0	0	0	0	0	0	0	0	0	0	0	0	0	0	0	0	0	0	0	0	0	0	0	0	0	0	0	0	0	0	0	0	0	0	0	0	0	0	0	0	0	0	0	0	0	0	0	0	0	0	0	0	0	0	0	0	0	0	0	0	0	0	0	0	0	0	0	0	0	0	0	0	0	0	0	0	0	0	0	0	0	0	0	0	0	0	0	0	0	0	0	0	0	0	0	0	0	0	0	0	0	0	0	0	0	0	0	0	0	0	0	0	0	2174	2147	2147	2133	2120	2120	2120	2120	2120	2120	2120	2120	2120	2120	2120	2133	2133	2133	2147	2160	2160	2160	2147	2147	2147	2147	2147	2147	2147	2147	2160	2147	2160	2160	2147	2147	2147	2147	2147	2147	2147	2147	2133	2147	2147	2147	2147	2174	0	1428	1440	1428	1428	1428	1428	1428	1428	1422	1422	1422	1416	1410	1410	1410	1404	1404	1404	1404	1404	1399	1399	1399	1399	1399	1399	1399	1399	1399	1399	1393	1393	1393	1393	1393	1393	1393	1393	1393	1388	1393	1393	0	0	0	0	0	0	0	0	0	0	0	0	0	0	0	0	899	899	897	895	892	890	890	888	886	881	879	877	874	872	872	872	872	870	870	870	868	868	868	868	868	868	868	868	866	866	863	859	857	857	857	855	855	855	855	855	857	857	857	859	859	859	861	861	861	863	863	868	870	870	872	872	872	874	872	872	872	872	872	870	870	870	868	866	863	861	861	859	857	857	857	857	857	859	861	861	863	863	863	863	863	863	863	861	861	861	861	861	859	859	859	857	857	857	855	857	855	853	853	853	0	0	0	0	0	0	0	0	0	0	0	0	0	0	0	0	0	0	0	0	0	0	0	0	0	0	0	0	0	0	0	0	0	0	0	0	0	0	0	0	0	0	0	0	0	0	0	0	0	0	0	0	0	0	0	0	0	0	0	0	0	0	0	0	0	0	0	0	0	0	0	0	0	0	0	0	0	0	0	0	0	0	0	0	0	0	0	0	0	0	0	0	0	0	0	0	0	0	0	0	0	0	0	0	0	0	0	0	0	0	0	0	0	0	0	0	0	0	0	0	0	0	0	0	0	0	0	0	0	0	0	0	0	0	0	0	0	0	0	0	0	0	0	0	0	0	0	0	0	0	0	0	0	0	0	0	0	0	0	0	0	0	0	0	0	0	0	0	0	0	0	0	
0	0	0	0	0	0	0	0	0	0	0	0	0	0	0	0	0	0	0	0	0	0	0	0	0	0	0	0	0	0	0	0	0	0	0	0	1838	1838	1848	1858	1858	1878	1888	1888	1888	1899	1899	1909	1920	1941	1952	1964	1975	1986	1986	2009	2021	2021	2033	2045	2057	2069	2082	2082	2082	2107	2120	2120	2187	2187	2201	2215	2215	2230	2215	0	0	0	0	0	0	0	0	0	0	0	0	0	0	0	0	0	0	0	0	0	0	0	0	0	0	0	0	0	0	0	0	0	0	0	0	0	0	0	0	0	0	0	0	0	0	0	0	0	0	0	0	0	0	0	0	0	0	0	0	0	0	0	0	0	0	0	0	0	0	0	0	0	0	0	0	0	0	0	0	0	0	0	0	0	0	0	0	0	0	0	0	0	0	0	0	0	0	0	0	0	0	0	0	0	0	0	0	0	0	0	0	0	0	0	0	0	0	0	0	0	0	0	0	0	0	0	0	0	0	0	0	0	0	0	0	0	0	0	0	0	0	0	0	0	0	0	0	0	0	0	0	0	0	0	0	0	0	0	0	0	0	0	0	0	0	0	0	0	0	0	0	0	0	0	0	0	0	0	0	0	0	2160	2147	2147	2133	2120	2120	2120	2120	2120	2120	2120	2120	2120	2120	2120	2120	2133	2133	2147	2160	2160	2160	2147	2147	2147	2133	2147	2147	2147	2147	2147	2147	2160	2160	2147	2147	2147	2160	2160	2160	2147	2160	2147	2160	2147	2160	2174	2201	2201	2215	2215	1416	0	1382	1388	1393	1410	1410	1416	1416	1410	1404	1404	1404	1404	1404	1404	1404	1404	1399	1399	1399	1399	1399	1399	1399	1399	1393	1393	1393	1393	1393	1393	1393	1393	1393	1393	1393	1393	1393	1393	0	0	0	0	0	0	0	0	0	0	0	0	0	0	892	899	899	897	897	892	890	888	888	886	883	881	877	877	874	872	872	872	870	870	870	870	868	868	868	868	868	868	866	866	866	863	861	857	857	857	855	853	853	853	853	855	855	855	855	857	857	859	859	859	859	861	863	863	868	870	872	872	872	872	872	872	872	872	870	870	870	868	868	866	863	861	861	859	857	857	857	857	857	859	861	861	861	863	863	863	863	863	863	861	861	861	861	861	859	859	859	857	857	855	855	855	853	853	853	853	0	0	0	0	0	0	0	0	0	0	0	0	0	0	0	0	0	0	0	0	0	0	0	0	0	0	0	0	0	0	0	0	0	0	0	0	0	0	0	0	0	0	0	0	0	0	0	0	0	0	0	0	0	0	0	0	0	0	0	0	0	0	0	0	0	0	0	0	0	0	0	0	0	0	0	0	0	0	0	0	0	0	0	0	0	0	0	0	0	0	0	0	0	0	0	0	0	0	0	0	0	0	0	0	0	0	0	0	0	0	0	0	0	0	0	0	0	0	0	0	0	0	0	0	0	0	0	0	0	0	0	0	0	0	0	0	0	0	0	0	0	0	0	0	0	0	0	0	0	0	0	0	0	0	0	0	0	0	0	0	0	0	0	0	0	0	0	0	0	0	0	0	
0	0	0	0	0	0	0	0	0	0	0	0	0	0	0	0	0	0	0	0	0	0	0	0	0	0	0	0	0	0	0	0	0	0	0	0	1828	1838	1848	1858	1868	1878	1888	1888	1899	1899	1899	1920	1920	1941	1941	1964	1986	1986	1986	2009	2033	2033	2033	2045	2057	2069	2082	2082	2095	2107	2120	2133	2174	2187	2201	2201	2230	2230	2230	0	0	0	0	0	0	0	0	0	0	0	0	0	0	0	0	0	0	0	0	0	0	0	0	0	0	0	0	0	0	0	0	0	0	0	0	0	0	0	0	0	0	0	0	0	0	0	0	0	0	0	0	0	0	0	0	0	0	0	0	0	0	0	0	0	0	0	0	0	0	0	0	0	0	0	0	0	0	0	0	0	0	0	0	0	0	0	0	0	0	0	0	0	0	0	0	0	0	0	0	0	0	0	0	0	0	0	0	0	0	0	0	0	0	0	0	0	0	0	0	0	0	0	0	0	0	0	0	0	0	0	0	0	0	0	0	0	0	0	0	0	0	0	0	0	0	0	0	0	0	0	0	0	0	0	0	0	0	0	0	0	0	0	0	0	0	0	0	0	0	0	0	0	0	0	0	0	0	0	0	0	0	2174	2147	2147	2133	2120	2120	2120	2120	2120	2120	2120	2120	2120	2120	2120	2120	2133	2133	2133	2147	2147	2147	2147	2147	2147	2133	2133	2147	2147	2147	2160	2133	2160	2160	2147	2160	2160	2160	2160	2174	2147	2160	2160	2160	2160	2160	2174	2215	2201	2215	2215	1388	1382	1382	1388	1393	1393	1404	1404	1404	1404	1399	1399	1399	1399	1399	1399	1399	1399	1399	1393	1393	1399	1393	1393	1393	1393	1393	1393	1393	1393	1393	1393	1393	1393	1393	1393	1393	1393	1393	0	0	0	0	0	0	0	0	0	0	0	0	0	0	0	0	899	899	897	895	892	890	888	886	883	881	879	877	874	872	872	872	870	870	870	870	868	868	868	868	868	866	866	866	866	863	863	861	857	855	855	853	851	851	851	853	853	853	855	855	855	855	857	859	859	859	861	863	868	868	870	872	872	872	872	872	872	872	872	870	870	870	868	868	866	863	861	861	859	857	857	857	855	857	859	861	861	861	863	863	863	863	863	863	861	861	861	861	861	859	859	859	857	857	857	855	855	853	853	853	0	0	0	0	0	0	0	0	0	0	0	0	0	0	0	0	0	0	0	0	0	0	0	0	0	0	0	0	0	0	0	0	0	0	0	0	0	0	0	0	0	0	0	0	0	0	0	0	0	0	0	0	0	0	0	0	0	0	0	0	0	0	0	0	0	0	0	0	0	0	0	0	0	0	0	0	0	0	0	0	0	0	0	0	0	0	0	0	0	0	0	0	0	0	0	0	0	0	0	0	0	0	0	0	0	0	0	0	0	0	0	0	0	0	0	0	0	0	0	0	0	0	0	0	0	0	0	0	0	0	0	0	0	0	0	0	0	0	0	0	0	0	0	0	0	0	0	0	0	0	0	0	0	0	0	0	0	0	0	0	0	0	0	0	0	0	0	0	0	0	0	0	0	
0	0	0	0	0	0	0	0	0	0	0	0	0	0	0	0	0	0	0	0	0	0	0	0	0	0	0	0	0	0	0	0	0	0	0	0	1838	1848	1848	1858	1868	1878	1888	1888	1888	1899	1899	1909	1909	1941	1941	1975	1975	1986	1986	2009	2021	2021	2033	2045	2057	2069	2082	2095	2095	2107	2120	2133	2187	2174	2187	2201	2230	2244	2215	0	0	0	0	0	0	0	0	0	0	0	0	0	0	0	0	0	0	0	0	0	0	0	0	0	0	0	0	0	0	0	0	0	0	0	0	0	0	0	0	0	0	0	0	0	0	0	0	0	0	0	0	0	0	0	0	0	0	0	0	0	0	0	0	0	0	0	0	0	0	0	0	0	0	0	0	0	0	0	0	0	0	0	0	0	0	0	0	0	0	0	0	0	0	0	0	0	0	0	0	0	0	0	0	0	0	0	0	0	0	0	0	0	0	0	0	0	0	0	0	0	0	0	0	0	0	0	0	0	0	0	0	0	0	0	0	0	0	0	0	0	0	0	0	0	0	0	0	0	0	0	0	0	0	0	0	0	0	0	0	0	0	0	0	0	0	0	0	0	0	0	0	0	0	0	0	0	0	0	0	0	0	2160	2147	2147	2133	2133	2120	2120	2120	2120	2120	2120	2120	2133	2133	2133	2133	2133	2133	2133	2133	2147	2147	2147	2147	2133	2133	2133	2147	2147	2133	2133	2133	2147	2147	2147	2147	2147	2174	2160	2160	2160	2160	2174	2174	2160	2174	2201	2215	2215	2215	2215	1388	1382	1382	1388	1393	1393	1388	1399	1399	1399	1399	1399	1399	1399	1399	1399	1399	1399	1399	1393	1393	1393	1393	1393	1393	1393	1393	1393	1393	1393	1393	1393	1388	1393	1393	1393	1393	1393	1393	0	0	0	0	0	0	0	0	0	0	0	0	0	0	0	0	899	895	897	895	892	888	886	883	883	881	877	874	874	872	872	872	870	870	870	870	868	868	868	866	866	866	866	863	863	861	859	857	855	853	853	853	849	849	851	851	851	853	853	855	855	855	857	857	859	859	861	863	863	868	870	870	872	872	872	872	872	872	872	870	870	870	868	868	866	861	861	859	857	857	855	855	855	857	859	861	861	861	861	863	863	863	863	863	861	861	861	861	861	859	859	859	857	857	857	857	855	853	853	853	0	0	0	0	0	0	0	0	0	0	0	0	0	0	0	0	0	0	0	0	0	0	0	0	0	0	0	0	0	0	0	0	0	0	0	0	0	0	0	0	0	0	0	0	0	0	0	0	0	0	0	0	0	0	0	0	0	0	0	0	0	0	0	0	0	0	0	0	0	0	0	0	0	0	0	0	0	0	0	0	0	0	0	0	0	0	0	0	0	0	0	0	0	0	0	0	0	0	0	0	0	0	0	0	0	0	0	0	0	0	0	0	0	0	0	0	0	0	0	0	0	0	0	0	0	0	0	0	0	0	0	0	0	0	0	0	0	0	0	0	0	0	0	0	0	0	0	0	0	0	0	0	0	0	0	0	0	0	0	0	0	0	0	0	0	0	0	0	0	0	0	0	0	
0	0	0	0	0	0	0	0	0	0	0	0	0	0	0	0	0	0	0	0	0	0	0	0	0	0	0	0	0	0	0	0	0	0	0	0	1848	1848	1848	1858	1868	1868	1878	1888	1888	1899	1899	1909	1920	1941	1952	1964	1975	1986	1986	2021	2021	2033	2033	2045	2057	2069	2082	2095	2095	2107	2120	2133	2201	2187	2201	2215	2230	2230	2215	0	0	0	0	0	0	0	0	0	0	0	0	0	0	0	0	0	0	0	0	0	0	0	0	0	0	0	0	0	0	0	0	0	0	0	0	0	0	0	0	0	0	0	0	0	0	0	0	0	0	0	0	0	0	0	0	0	0	0	0	0	0	0	0	0	0	0	0	0	0	0	0	0	0	0	0	0	0	0	0	0	0	0	0	0	0	0	0	0	0	0	0	0	0	0	0	0	0	0	0	0	0	0	0	0	0	0	0	0	0	0	0	0	0	0	0	0	0	0	0	0	0	0	0	0	0	0	0	0	0	0	0	0	0	0	0	0	0	0	0	0	0	0	0	0	0	0	0	0	0	0	0	0	0	0	0	0	0	0	0	0	0	0	0	0	0	0	0	0	0	0	0	0	0	0	0	0	0	0	0	0	0	2174	2147	2147	2133	2133	2120	2120	2120	2120	2120	2120	2120	2120	2120	2120	2120	2133	2133	2133	2133	2147	2147	2147	2147	2147	2133	2133	2147	2147	2133	2133	2133	2133	2147	2147	2147	2147	2174	2160	2160	2160	2160	2160	2174	2174	2174	2215	2230	2215	1399	1382	1388	1382	1382	1382	1388	1388	1388	1393	1399	1399	1399	1399	1399	1399	1399	1393	1393	1399	1393	1393	1393	1393	1393	1393	1393	1393	1393	1393	1393	1388	1388	1388	1388	1388	1388	1388	1393	1393	0	0	0	0	0	0	0	0	0	0	0	0	0	0	0	0	899	895	892	895	892	888	886	883	881	879	877	874	874	872	872	872	872	870	868	868	868	868	868	868	866	866	866	866	863	863	861	859	857	853	853	851	851	849	849	849	851	851	851	853	853	853	855	855	857	859	859	861	863	863	868	870	870	872	872	872	872	872	872	872	870	870	870	868	868	866	861	861	859	857	857	855	855	855	857	859	861	861	861	861	863	863	863	863	861	861	861	861	861	859	859	859	859	857	857	857	855	855	853	853	853	851	0	0	0	0	0	0	0	0	0	0	0	0	0	0	0	0	0	0	0	0	0	0	0	0	0	0	0	0	0	0	0	0	0	0	0	0	0	0	0	0	0	0	0	0	0	0	0	0	0	0	0	0	0	0	0	0	0	0	0	0	0	0	0	0	0	0	0	0	0	0	0	0	0	0	0	0	0	0	0	0	0	0	0	0	0	0	0	0	0	0	0	0	0	0	0	0	0	0	0	0	0	0	0	0	0	0	0	0	0	0	0	0	0	0	0	0	0	0	0	0	0	0	0	0	0	0	0	0	0	0	0	0	0	0	0	0	0	0	0	0	0	0	0	0	0	0	0	0	0	0	0	0	0	0	0	0	0	0	0	0	0	0	0	0	0	0	0	0	0	0	0	0	
0	0	0	0	0	0	0	0	0	0	0	0	0	0	0	0	0	0	0	0	0	0	0	0	0	0	0	0	0	0	0	0	0	0	0	0	1848	1848	1848	1858	1858	1868	1878	1878	1888	1899	1899	1909	1931	1941	1941	1964	1964	1986	2009	2021	2021	2033	2033	2057	2069	2069	2082	2095	2095	2107	2120	2160	2201	2201	2201	2230	2230	2230	2215	0	0	0	0	0	0	0	0	0	0	0	0	0	0	0	0	0	0	0	0	0	0	0	0	0	0	0	0	0	0	0	0	0	0	0	0	0	0	0	0	0	0	0	0	0	0	0	0	0	0	0	0	0	0	0	0	0	0	0	0	0	0	0	0	0	0	0	0	0	0	0	0	0	0	0	0	0	0	0	0	0	0	0	0	0	0	0	0	0	0	0	0	0	0	0	0	0	0	0	0	0	0	0	0	0	0	0	0	0	0	0	0	0	0	0	0	0	0	0	0	0	0	0	0	0	0	0	0	0	0	0	0	0	0	0	0	0	0	0	0	0	0	0	0	0	0	0	0	0	0	0	0	0	0	0	0	0	0	0	0	0	0	0	0	0	0	0	0	0	0	0	0	0	0	0	0	0	0	0	0	0	0	2187	2160	2160	2133	2133	2120	2120	2120	2120	2120	2120	2120	2120	2120	2120	2120	2133	2133	2133	2147	2147	2147	2147	2147	2147	2133	2133	2133	2133	2133	2133	2133	2147	2147	2147	2147	0	0	0	2160	2160	0	0	0	1399	1399	1399	1399	1399	1399	1393	1393	1388	1388	1388	1388	1388	1388	1393	1393	1393	1393	1393	1399	1393	1399	1399	1393	1399	1393	1393	1388	1388	1393	1393	1393	1393	1382	1382	1382	1382	1382	1382	1376	1382	1382	1388	1388	1388	0	0	0	0	0	0	0	0	0	0	0	0	0	0	0	0	0	897	892	892	890	888	886	883	881	879	877	874	874	872	872	872	872	870	870	870	870	868	868	868	866	866	866	866	863	861	859	857	855	851	851	851	849	846	846	849	849	849	851	851	853	853	853	855	857	859	859	861	863	863	868	870	870	872	872	872	872	872	872	872	872	870	870	868	866	866	861	861	859	857	857	855	855	855	855	859	861	861	861	861	863	863	863	863	861	861	861	861	861	859	859	859	857	857	857	855	855	855	853	853	853	851	0	0	0	0	0	0	0	0	0	0	0	0	0	0	0	0	0	0	0	0	0	0	0	0	0	0	0	0	0	0	0	0	0	0	0	0	0	0	0	0	0	0	0	0	0	0	0	0	0	0	0	0	0	0	0	0	0	0	0	0	0	0	0	0	0	0	0	0	0	0	0	0	0	0	0	0	0	0	0	0	0	0	0	0	0	0	0	0	0	0	0	0	0	0	0	0	0	0	0	0	0	0	0	0	0	0	0	0	0	0	0	0	0	0	0	0	0	0	0	0	0	0	0	0	0	0	0	0	0	0	0	0	0	0	0	0	0	0	0	0	0	0	0	0	0	0	0	0	0	0	0	0	0	0	0	0	0	0	0	0	0	0	0	0	0	0	0	0	0	0	0	0	
0	0	0	0	0	0	0	0	0	0	0	0	0	0	0	0	0	0	0	0	0	0	0	0	0	0	0	0	0	0	0	0	0	0	0	0	1848	1848	1848	1858	1858	1868	1878	1888	1888	1899	1899	1909	1931	1941	1941	1941	1952	1975	2009	2021	2021	2021	2033	2057	2069	2069	2082	2107	2107	2107	2133	2147	2187	2201	2215	2215	2215	2230	0	0	0	0	0	0	0	0	0	0	0	0	0	0	0	0	0	0	0	0	0	0	0	0	0	0	0	0	0	0	0	0	0	0	0	0	0	0	0	0	0	0	0	0	0	0	0	0	0	0	0	0	0	0	0	0	0	0	0	0	0	0	0	0	0	0	0	0	0	0	0	0	0	0	0	0	0	0	0	0	0	0	0	0	0	0	0	0	0	0	0	0	0	0	0	0	0	0	0	0	0	0	0	0	0	0	0	0	0	0	0	0	0	0	0	0	0	0	0	0	0	0	0	0	0	0	0	0	0	0	0	0	0	0	0	0	0	0	0	0	0	0	0	0	0	0	0	0	0	0	0	0	0	0	0	0	0	0	0	0	0	0	0	0	0	0	0	0	0	0	0	0	0	0	0	0	0	0	0	0	0	0	0	2187	2160	2160	2133	2133	2120	2120	2120	2120	2120	2107	2107	2120	2120	2120	2120	2120	2133	2133	2147	2147	2147	2147	2147	2147	2133	2133	2133	2133	2133	2133	2133	1828	1828	1828	0	0	0	0	0	0	0	0	0	0	1399	1399	1399	1399	1399	1393	1393	1388	1388	1393	1388	1388	1393	1393	1393	1393	1388	1388	1388	1388	1388	1388	1388	1388	1388	1393	1388	1388	1388	1388	1393	1393	1382	1382	1382	1376	1376	1376	1376	1382	1376	1382	1382	0	0	0	0	0	0	0	0	0	0	0	0	0	0	0	0	0	0	897	892	892	890	886	883	881	879	877	874	874	872	872	872	872	870	870	868	870	868	868	868	866	866	866	866	863	863	861	859	857	855	851	851	849	849	846	846	846	849	849	849	851	851	853	853	855	855	857	857	861	863	866	868	870	870	872	872	872	872	872	872	872	872	870	870	868	866	866	861	859	857	855	855	855	855	855	855	859	859	861	861	861	863	863	863	863	861	861	861	861	861	859	859	857	857	855	855	855	855	855	853	853	853	851	0	0	0	0	0	0	0	0	0	0	0	0	0	0	0	0	0	0	0	0	0	0	0	0	0	0	0	0	0	0	0	0	0	0	0	0	0	0	0	0	0	0	0	0	0	0	0	0	0	0	0	0	0	0	0	0	0	0	0	0	0	0	0	0	0	0	0	0	0	0	0	0	0	0	0	0	0	0	0	0	0	0	0	0	0	0	0	0	0	0	0	0	0	0	0	0	0	0	0	0	0	0	0	0	0	0	0	0	0	0	0	0	0	0	0	0	0	0	0	0	0	0	0	0	0	0	0	0	0	0	0	0	0	0	0	0	0	0	0	0	0	0	0	0	0	0	0	0	0	0	0	0	0	0	0	0	0	0	0	0	0	0	0	0	0	0	0	0	0	0	0	0	
0	0	0	0	0	0	0	0	0	0	0	0	0	0	0	0	0	0	0	0	0	0	0	0	0	0	0	0	0	0	0	0	0	0	0	0	1848	1848	1858	1858	1858	1868	1878	1888	1899	1899	1899	1920	1931	1941	1941	1941	1952	1975	1986	2009	2021	2021	2021	2057	2069	2069	2095	2107	2095	2107	2133	2147	2201	2215	2201	2201	2201	2187	0	0	0	0	0	0	0	0	0	0	0	0	0	0	0	0	0	0	0	0	0	0	0	0	0	0	0	0	0	0	0	0	0	0	0	0	0	0	0	0	0	0	0	0	0	0	0	0	0	0	0	0	0	0	0	0	0	0	0	0	0	0	0	0	0	0	0	0	0	0	0	0	0	0	0	0	0	0	0	0	0	0	0	0	0	0	0	0	0	0	0	0	0	0	0	0	0	0	0	0	0	0	0	0	0	0	0	0	0	0	0	0	0	0	0	0	0	0	0	0	0	0	0	0	0	0	0	0	0	0	0	0	0	0	0	0	0	0	0	0	0	0	0	0	0	0	0	0	0	0	0	0	0	0	0	0	0	0	0	0	0	0	0	0	0	0	0	0	0	0	0	0	0	0	0	0	0	0	0	0	0	0	2187	2174	2160	2147	2133	2133	2120	2120	2120	2120	2120	2107	2120	2120	2120	2120	2120	2120	2133	2133	2133	2133	2147	2147	2147	2133	2133	2133	2133	2147	2133	2133	2147	1828	1828	1828	0	0	0	0	0	0	0	0	0	1404	1399	1399	1399	1399	1399	1393	1393	1388	1388	1388	1388	1388	1393	1393	1393	1393	1393	1388	1388	1388	1388	1388	1388	1388	1388	1382	1382	1382	1382	1382	1382	1382	1382	1376	1376	1376	1376	1376	1376	1376	1376	1376	1376	0	0	0	0	0	0	0	0	0	0	0	0	0	0	0	0	0	899	895	895	892	888	886	883	881	877	874	874	874	872	872	872	872	870	870	868	868	868	868	868	866	866	866	866	863	863	861	857	855	853	849	849	849	849	846	846	846	846	846	849	849	851	851	853	855	855	857	857	861	861	866	868	870	870	870	870	872	872	872	872	872	870	870	870	868	866	866	861	859	857	855	855	855	855	855	855	857	859	861	861	861	863	863	863	863	863	861	861	861	861	859	857	857	857	857	855	855	855	855	853	851	851	851	851	0	0	0	0	0	0	0	0	0	0	0	0	0	0	0	0	0	0	0	0	0	0	0	0	0	0	0	0	0	0	0	0	0	0	0	0	0	0	0	0	0	0	0	0	0	0	0	0	0	0	0	0	0	0	0	0	0	0	0	0	0	0	0	0	0	0	0	0	0	0	0	0	0	0	0	0	0	0	0	0	0	0	0	0	0	0	0	0	0	0	0	0	0	0	0	0	0	0	0	0	0	0	0	0	0	0	0	0	0	0	0	0	0	0	0	0	0	0	0	0	0	0	0	0	0	0	0	0	0	0	0	0	0	0	0	0	0	0	0	0	0	0	0	0	0	0	0	0	0	0	0	0	0	0	0	0	0	0	0	0	0	0	0	0	0	0	0	0	0	0	0	
0	0	0	0	0	0	0	0	0	0	0	0	0	0	0	0	0	0	0	0	0	0	0	0	0	0	0	0	0	0	0	0	0	0	0	0	1838	1848	1848	1858	1858	1868	1868	1878	1899	1899	1909	1920	1931	1941	1941	1952	1952	1975	1986	2009	2009	2021	2021	2069	2069	2069	2095	2107	2095	2107	2133	2147	2215	2215	2215	2201	2215	2201	2201	0	0	0	0	0	0	0	0	0	0	0	0	0	0	0	0	0	0	0	0	0	0	0	0	0	0	0	0	0	0	0	0	0	0	0	0	0	0	0	0	0	0	0	0	0	0	0	0	0	0	0	0	0	0	0	0	0	0	0	0	0	0	0	0	0	0	0	0	0	0	0	0	0	0	0	0	0	0	0	0	0	0	0	0	0	0	0	0	0	0	0	0	0	0	0	0	0	0	0	0	0	0	0	0	0	0	0	0	0	0	0	0	0	0	0	0	0	0	0	0	0	0	0	0	0	0	0	0	0	0	0	0	0	0	0	0	0	0	0	0	0	0	0	0	0	0	0	0	0	0	0	0	0	0	0	0	0	0	0	0	0	0	0	0	0	0	0	0	0	0	0	0	0	0	0	0	0	0	0	0	0	2187	2174	2147	2147	2133	2120	2107	2107	2107	2107	2107	2095	2107	2120	2120	2120	2120	2120	2133	2133	2133	2133	2147	2147	2133	2133	2133	2133	2133	2147	2147	2133	1838	1828	1828	0	0	0	0	0	0	0	0	0	0	1404	1399	1399	1399	1399	1399	1393	1393	1393	1393	1388	1388	1388	1393	1393	1393	1393	1393	1393	1393	1393	1388	1388	1388	1388	1388	1382	1382	1382	1382	1382	1382	1382	1382	1376	1376	1376	1376	1376	1376	1376	1376	1376	1376	0	0	0	0	0	0	0	0	0	0	0	0	0	0	0	0	0	897	897	892	890	886	883	881	879	877	874	874	872	872	872	872	872	870	870	868	868	868	868	866	866	866	866	863	863	861	859	855	853	851	849	849	849	849	844	844	846	846	846	846	849	851	851	853	853	855	857	857	861	863	868	868	870	870	870	870	870	872	872	872	870	870	870	868	868	866	863	859	859	857	855	855	855	855	855	855	857	859	859	861	861	863	863	863	863	861	861	861	861	859	859	857	857	857	855	855	855	855	855	853	851	851	851	849	0	0	0	0	0	0	0	0	0	0	0	0	0	0	0	0	0	0	0	0	0	0	0	0	0	0	0	0	0	0	0	0	0	0	0	0	0	0	0	0	0	0	0	0	0	0	0	0	0	0	0	0	0	0	0	0	0	0	0	0	0	0	0	0	0	0	0	0	0	0	0	0	0	0	0	0	0	0	0	0	0	0	0	0	0	0	0	0	0	0	0	0	0	0	0	0	0	0	0	0	0	0	0	0	0	0	0	0	0	0	0	0	0	0	0	0	0	0	0	0	0	0	0	0	0	0	0	0	0	0	0	0	0	0	0	0	0	0	0	0	0	0	0	0	0	0	0	0	0	0	0	0	0	0	0	0	0	0	0	0	0	0	0	0	0	0	0	0	0	0	0	
0	0	0	0	0	0	0	0	0	0	0	0	0	0	0	0	0	0	0	0	0	0	0	0	0	0	0	0	0	0	0	0	0	0	0	0	1848	1848	1858	1858	1858	1858	1868	1878	1899	1899	1909	1920	1931	1931	1941	1952	1952	1964	1975	2009	2009	2009	2021	2057	2069	2069	2082	2095	2082	2107	2147	2160	2215	2201	2215	2215	2215	2201	2201	0	0	0	0	0	0	0	0	0	0	0	0	0	0	0	0	0	0	0	0	0	0	0	0	0	0	0	0	0	0	0	0	0	0	0	0	0	0	0	0	0	0	0	0	0	0	0	0	0	0	0	0	0	0	0	0	0	0	0	0	0	0	0	0	0	0	0	0	0	0	0	0	0	0	0	0	0	0	0	0	0	0	0	0	0	0	0	0	0	0	0	0	0	0	0	0	0	0	0	0	0	0	0	0	0	0	0	0	0	0	0	0	0	0	0	0	0	0	0	0	0	0	0	0	0	0	0	0	0	0	0	0	0	0	0	0	0	0	0	0	0	0	0	0	0	0	0	0	0	0	0	0	0	0	0	0	0	0	0	0	0	0	0	0	0	0	0	0	0	0	0	0	0	0	0	0	0	0	0	0	0	2187	2174	2147	2133	2133	2120	2107	2120	2120	2107	2107	2107	2107	2120	2107	2107	2107	2120	2120	2133	2133	2133	2133	2133	2133	2133	2133	2133	2133	2147	2147	2187	1828	1819	1819	0	0	0	0	0	0	0	0	0	0	1404	1399	1399	1399	1399	1399	1393	1393	1388	1388	1388	1388	1388	1388	1393	1393	1393	1393	1393	1393	1393	1388	1388	1388	1388	1388	1382	1382	1382	1382	1382	1382	1382	1382	1376	1376	1376	1382	1376	1376	1382	1376	1376	1376	0	0	0	0	0	0	0	0	0	0	0	0	0	0	0	0	0	902	892	890	886	883	883	879	877	877	874	874	872	872	872	872	872	870	870	868	868	868	868	866	866	866	863	863	861	861	857	851	851	849	849	846	846	846	844	844	844	846	846	846	846	849	851	851	853	855	857	857	859	861	863	868	868	870	870	870	870	872	872	872	870	870	870	868	866	866	863	859	857	855	855	855	855	853	855	855	857	857	859	859	861	861	861	861	861	861	861	861	861	861	859	859	857	857	855	855	855	855	855	853	851	853	851	851	0	0	0	0	0	0	0	0	0	0	0	0	0	0	0	0	0	0	0	0	0	0	0	0	0	0	0	0	0	0	0	0	0	0	0	0	0	0	0	0	0	0	0	0	0	0	0	0	0	0	0	0	0	0	0	0	0	0	0	0	0	0	0	0	0	0	0	0	0	0	0	0	0	0	0	0	0	0	0	0	0	0	0	0	0	0	0	0	0	0	0	0	0	0	0	0	0	0	0	0	0	0	0	0	0	0	0	0	0	0	0	0	0	0	0	0	0	0	0	0	0	0	0	0	0	0	0	0	0	0	0	0	0	0	0	0	0	0	0	0	0	0	0	0	0	0	0	0	0	0	0	0	0	0	0	0	0	0	0	0	0	0	0	0	0	0	0	0	0	0	0	
0	0	0	0	0	0	0	0	0	0	0	0	0	0	0	0	0	0	0	0	0	0	0	0	0	0	0	0	0	0	0	0	0	0	0	0	1848	1848	1848	1858	1858	1858	1858	1878	1899	1899	1909	1931	1931	1931	1941	1952	1952	1975	1975	2009	2009	2009	2021	2045	2045	2057	2082	2095	2082	2095	2133	2160	2230	2215	2215	2215	2215	2201	2215	0	0	0	0	0	0	0	0	0	0	0	0	0	0	0	0	0	0	0	0	0	0	0	0	0	0	0	0	0	0	0	0	0	0	0	0	0	0	0	0	0	0	0	0	0	0	0	0	0	0	0	0	0	0	0	0	0	0	0	0	0	0	0	0	0	0	0	0	0	0	0	0	0	0	0	0	0	0	0	0	0	0	0	0	0	0	0	0	0	0	0	0	0	0	0	0	0	0	0	0	0	0	0	0	0	0	0	0	0	0	0	0	0	0	0	0	0	0	0	0	0	0	0	0	0	0	0	0	0	0	0	0	0	0	0	0	0	0	0	0	0	0	0	0	0	0	0	0	0	0	0	0	0	0	0	0	0	0	0	0	0	0	0	0	0	0	0	0	0	0	0	0	0	0	0	0	0	0	0	0	0	2187	2174	2147	2133	2133	2120	2107	2120	2107	2107	2107	2107	2120	2120	2107	2107	2107	2120	2120	2133	2133	2133	2133	2133	2133	2133	2133	2133	2133	2147	2147	2187	1828	1819	1819	0	0	0	0	0	0	0	0	0	0	1404	1399	1399	1399	1399	1393	1393	1393	1393	1388	1388	1388	1388	1388	1388	1393	1393	1388	1393	1388	1388	1388	1388	1382	1388	1388	1382	1382	1382	1382	1382	1382	1376	1376	1376	1376	1376	1376	1376	1376	1376	1376	1376	1376	0	0	0	0	0	0	0	0	0	0	0	0	0	0	0	0	0	897	892	888	883	881	881	879	877	874	874	874	872	872	872	872	872	870	870	868	868	868	866	866	866	863	863	861	861	857	853	849	849	849	846	846	846	846	844	844	844	844	844	846	846	849	849	851	853	855	855	857	857	861	863	868	868	870	870	870	870	870	870	870	870	868	868	868	866	863	861	859	857	855	855	855	855	853	853	855	855	857	859	861	861	861	861	863	861	861	861	861	861	861	859	859	857	857	855	855	855	855	855	851	851	851	851	849	0	0	0	0	0	0	0	0	0	0	0	0	0	0	0	0	0	0	0	0	0	0	0	0	0	0	0	0	0	0	0	0	0	0	0	0	0	0	0	0	0	0	0	0	0	0	0	0	0	0	0	0	0	0	0	0	0	0	0	0	0	0	0	0	0	0	0	0	0	0	0	0	0	0	0	0	0	0	0	0	0	0	0	0	0	0	0	0	0	0	0	0	0	0	0	0	0	0	0	0	0	0	0	0	0	0	0	0	0	0	0	0	0	0	0	0	0	0	0	0	0	0	0	0	0	0	0	0	0	0	0	0	0	0	0	0	0	0	0	0	0	0	0	0	0	0	0	0	0	0	0	0	0	0	0	0	0	0	0	0	0	0	0	0	0	0	0	0	0	0	0	
0	0	0	0	0	0	0	0	0	0	0	0	0	0	0	0	0	0	0	0	0	0	0	0	0	0	0	0	0	0	0	0	0	0	0	0	1838	1848	1848	1858	1858	1858	1868	1878	1899	1909	1909	1920	1931	1931	1941	1941	1952	1975	1986	2009	2009	2021	2021	2057	2057	2069	2082	2082	2069	2082	2120	2147	2201	2215	2215	2215	2215	2201	2215	0	0	0	0	0	0	0	0	0	0	0	0	0	0	0	0	0	0	0	0	0	0	0	0	0	0	0	0	0	0	0	0	0	0	0	0	0	0	0	0	0	0	0	0	0	0	0	0	0	0	0	0	0	0	0	0	0	0	0	0	0	0	0	0	0	0	0	0	0	0	0	0	0	0	0	0	0	0	0	0	0	0	0	0	0	0	0	0	0	0	0	0	0	0	0	0	0	0	0	0	0	0	0	0	0	0	0	0	0	0	0	0	0	0	0	0	0	0	0	0	0	0	0	0	0	0	0	0	0	0	0	0	0	0	0	0	0	0	0	0	0	0	0	0	0	0	0	0	0	0	0	0	0	0	0	0	0	0	0	0	0	0	0	0	0	0	0	0	0	0	0	0	0	0	0	0	0	0	0	0	0	2174	2174	2147	2133	2133	2120	2107	2120	2107	2107	2120	2107	2120	2120	2107	2107	2107	2120	2120	2133	2133	2133	2133	2133	2133	2133	2133	2133	2133	2147	2174	2230	1819	1819	0	0	0	0	0	0	0	0	0	0	0	1399	1399	1399	1399	1399	1393	1393	1393	1393	1388	1388	1388	1388	1388	1388	1388	1388	1388	1388	1388	1388	1388	1388	1388	1388	1388	1382	1382	1382	1382	1376	1382	1376	1376	1376	1376	1376	1376	1376	1376	1376	1376	1376	1376	0	0	0	0	0	0	0	0	0	0	0	0	0	0	0	0	0	892	888	886	881	881	879	877	874	874	874	872	872	872	872	872	870	870	870	868	868	866	866	866	863	863	861	859	857	853	849	849	846	846	844	842	844	844	842	842	842	844	844	844	846	846	849	851	853	853	855	855	855	859	863	868	868	868	868	870	870	870	870	870	870	868	868	866	866	863	861	857	857	855	855	855	853	853	853	853	855	857	859	859	861	861	861	863	863	861	861	861	861	861	859	859	857	857	855	855	855	855	855	851	851	851	851	851	0	0	0	0	0	0	0	0	0	0	0	0	0	0	0	0	0	0	0	0	0	0	0	0	0	0	0	0	0	0	0	0	0	0	0	0	0	0	0	0	0	0	0	0	0	0	0	0	0	0	0	0	0	0	0	0	0	0	0	0	0	0	0	0	0	0	0	0	0	0	0	0	0	0	0	0	0	0	0	0	0	0	0	0	0	0	0	0	0	0	0	0	0	0	0	0	0	0	0	0	0	0	0	0	0	0	0	0	0	0	0	0	0	0	0	0	0	0	0	0	0	0	0	0	0	0	0	0	0	0	0	0	0	0	0	0	0	0	0	0	0	0	0	0	0	0	0	0	0	0	0	0	0	0	0	0	0	0	0	0	0	0	0	0	0	0	0	0	0	0	0	
0	0	0	0	0	0	0	0	0	0	0	0	0	0	0	0	0	0	0	0	0	0	0	0	0	0	0	0	0	0	0	0	0	0	0	0	1838	1848	1848	1858	1858	1858	1868	1888	1899	1909	1909	1920	1920	1931	1931	1931	1952	1975	1975	1986	2009	2021	2033	2057	2057	2069	2082	2082	2069	2082	2120	2133	2201	2215	2215	2215	2230	2201	2215	2215	0	0	0	0	0	0	0	0	0	0	0	0	0	0	0	0	0	0	0	0	0	0	0	0	0	0	0	0	0	0	0	0	0	0	0	0	0	0	0	0	0	0	0	0	0	0	0	0	0	0	0	0	0	0	0	0	0	0	0	0	0	0	0	0	0	0	0	0	0	0	0	0	0	0	0	0	0	0	0	0	0	0	0	0	0	0	0	0	0	0	0	0	0	0	0	0	0	0	0	0	0	0	0	0	0	0	0	0	0	0	0	0	0	0	0	0	0	0	0	0	0	0	0	0	0	0	0	0	0	0	0	0	0	0	0	0	0	0	0	0	0	0	0	0	0	0	0	0	0	0	0	0	0	0	0	0	0	0	0	0	0	0	0	0	0	0	0	0	0	0	0	0	0	0	0	0	0	0	0	0	2174	2160	2133	2133	2120	2120	2120	2120	2120	2120	2120	2107	2120	2120	2107	2107	2107	2107	2120	2120	2133	2133	2133	2133	2133	2133	2133	2133	2133	2147	2133	2133	1819	1819	0	0	0	0	0	0	0	0	0	0	0	1399	1399	1399	1399	1399	1393	1393	1393	1388	1388	1388	1388	1388	1388	1388	1393	1393	1388	1393	1388	1388	1388	1388	1382	1388	1388	1382	1382	1382	1382	1376	1376	1376	1376	1376	1376	1376	1376	1376	1376	1376	1376	1376	0	0	0	0	0	0	0	0	0	0	0	0	0	0	0	0	0	0	892	886	883	881	879	877	877	874	874	872	872	872	872	870	870	870	870	868	868	868	866	866	863	863	857	853	851	849	846	846	844	844	842	842	842	842	842	840	842	842	842	842	844	846	846	849	851	853	853	855	855	857	861	863	868	868	868	868	868	870	870	870	870	868	868	868	866	866	863	861	857	857	855	855	855	853	853	853	853	855	857	857	861	861	861	861	863	861	861	861	861	861	861	859	859	857	857	855	855	855	855	855	853	853	851	851	851	0	0	0	0	0	0	0	0	0	0	0	0	0	0	0	0	0	0	0	0	0	0	0	0	0	0	0	0	0	0	0	0	0	0	0	0	0	0	0	0	0	0	0	0	0	0	0	0	0	0	0	0	0	0	0	0	0	0	0	0	0	0	0	0	0	0	0	0	0	0	0	0	0	0	0	0	0	0	0	0	0	0	0	0	0	0	0	0	0	0	0	0	0	0	0	0	0	0	0	0	0	0	0	0	0	0	0	0	0	0	0	0	0	0	0	0	0	0	0	0	0	0	0	0	0	0	0	0	0	0	0	0	0	0	0	0	0	0	0	0	0	0	0	0	0	0	0	0	0	0	0	0	0	0	0	0	0	0	0	0	0	0	0	0	0	0	0	0	0	0	0	
0	0	0	0	0	0	0	0	0	0	0	0	0	0	0	0	0	0	0	0	0	0	0	0	0	0	0	0	0	0	0	0	0	0	0	0	1838	1848	1848	1848	1848	1858	1868	1878	1899	1909	1909	1920	1920	1931	1931	1941	1964	1975	1986	1986	2009	2021	2021	2057	2057	2069	2082	2082	2069	2082	2107	2120	2187	2201	2215	2215	2230	2201	2201	0	0	0	0	0	0	0	0	0	0	0	0	0	0	0	0	0	0	0	0	0	0	0	0	0	0	0	0	0	0	0	0	0	0	0	0	0	0	0	0	0	0	0	0	0	0	0	0	0	0	0	0	0	0	0	0	0	0	0	0	0	0	0	0	0	0	0	0	0	0	0	0	0	0	0	0	0	0	0	0	0	0	0	0	0	0	0	0	0	0	0	0	0	0	0	0	0	0	0	0	0	0	0	0	0	0	0	0	0	0	0	0	0	0	0	0	0	0	0	0	0	0	0	0	0	0	0	0	0	0	0	0	0	0	0	0	0	0	0	0	0	0	0	0	0	0	0	0	0	0	0	0	0	0	0	0	0	0	0	0	0	0	0	0	0	0	0	0	0	0	0	0	0	0	0	0	0	0	0	0	0	0	2160	2133	2133	2133	2120	2120	2120	2120	2120	2120	2120	2120	2120	2107	2120	2120	2120	2120	2120	2133	2133	2133	2133	2133	2133	2133	2133	2133	2133	2133	2133	1828	1819	0	0	0	0	0	0	0	0	0	0	0	1399	1399	1399	1393	1393	1393	1393	1393	1388	1388	1388	1388	1388	1388	1388	1393	1393	1393	1393	1393	1388	1388	1388	1388	1388	1388	1382	1382	1382	1376	1376	1376	1376	1376	1376	1376	1376	1376	1376	1376	1376	1376	1376	0	0	0	0	0	0	0	0	0	0	0	0	0	0	0	0	0	888	892	888	881	879	877	874	874	872	872	872	872	872	872	870	870	870	868	868	866	866	866	863	863	861	855	851	849	849	846	846	844	842	842	840	840	840	840	840	840	840	840	842	842	844	846	849	851	853	853	855	855	855	861	863	863	868	868	868	868	870	870	870	868	868	868	868	866	866	863	861	857	855	855	853	853	853	853	853	853	855	855	857	859	861	861	861	861	861	861	861	861	861	861	859	859	857	857	855	855	855	855	855	853	853	851	851	851	851	0	0	0	0	0	0	0	0	0	0	0	0	0	0	0	0	0	0	0	0	0	0	0	0	0	0	0	0	0	0	0	0	0	0	0	0	0	0	0	0	0	0	0	0	0	0	0	0	0	0	0	0	0	0	0	0	0	0	0	0	0	0	0	0	0	0	0	0	0	0	0	0	0	0	0	0	0	0	0	0	0	0	0	0	0	0	0	0	0	0	0	0	0	0	0	0	0	0	0	0	0	0	0	0	0	0	0	0	0	0	0	0	0	0	0	0	0	0	0	0	0	0	0	0	0	0	0	0	0	0	0	0	0	0	0	0	0	0	0	0	0	0	0	0	0	0	0	0	0	0	0	0	0	0	0	0	0	0	0	0	0	0	0	0	0	0	0	0	0	0	
0	0	0	0	0	0	0	0	0	0	0	0	0	0	0	0	0	0	0	0	0	0	0	0	0	0	0	0	0	0	0	0	0	0	0	0	1838	1848	1848	1848	1848	1858	1858	1888	1888	1909	1909	1909	1920	1931	1931	1941	1975	1975	1975	1986	2009	2021	2033	2045	2057	2069	2082	2082	2069	2095	2107	2120	2187	2215	2215	2215	2230	2201	2201	0	0	0	0	0	0	0	0	0	0	0	0	0	0	0	0	0	0	0	0	0	0	0	0	0	0	0	0	0	0	0	0	0	0	0	0	0	0	0	0	0	0	0	0	0	0	0	0	0	0	0	0	0	0	0	0	0	0	0	0	0	0	0	0	0	0	0	0	0	0	0	0	0	0	0	0	0	0	0	0	0	0	0	0	0	0	0	0	0	0	0	0	0	0	0	0	0	0	0	0	0	0	0	0	0	0	0	0	0	0	0	0	0	0	0	0	0	0	0	0	0	0	0	0	0	0	0	0	0	0	0	0	0	0	0	0	0	0	0	0	0	0	0	0	0	0	0	0	0	0	0	0	0	0	0	0	0	0	0	0	0	0	0	0	0	0	0	0	0	0	0	0	0	0	0	0	0	0	0	0	0	0	2160	2133	2133	2133	2120	2120	2120	2120	2120	2120	2120	2120	2120	2107	2120	2120	2120	2120	2133	2133	2133	2133	2133	2133	2133	2133	2133	2133	2133	2133	2160	2147	1809	0	0	0	0	0	0	0	0	0	0	0	0	0	1393	1393	1393	1393	1393	1393	1388	1388	1388	1388	1388	1388	1388	1393	1393	1388	1388	1388	1388	1388	1382	1382	1382	1388	1376	1376	1382	1376	1376	1376	1376	1376	1376	1376	1376	1376	1376	1376	1371	1376	1376	0	0	0	0	0	0	0	0	0	0	0	0	0	0	0	0	0	888	890	886	883	877	877	874	874	872	872	872	872	870	870	870	868	868	868	872	866	866	863	863	861	859	853	851	849	846	846	844	842	842	840	840	840	840	840	838	840	840	840	840	842	844	846	849	851	853	853	855	855	855	861	861	863	868	868	868	868	870	870	870	868	868	868	868	866	866	863	861	857	855	855	853	853	853	853	853	853	855	855	857	859	861	861	861	861	861	861	861	861	861	861	861	859	857	857	855	855	855	855	855	853	853	851	851	851	851	0	0	0	0	0	0	0	0	0	0	0	0	0	0	0	0	0	0	0	0	0	0	0	0	0	0	0	0	0	0	0	0	0	0	0	0	0	0	0	0	0	0	0	0	0	0	0	0	0	0	0	0	0	0	0	0	0	0	0	0	0	0	0	0	0	0	0	0	0	0	0	0	0	0	0	0	0	0	0	0	0	0	0	0	0	0	0	0	0	0	0	0	0	0	0	0	0	0	0	0	0	0	0	0	0	0	0	0	0	0	0	0	0	0	0	0	0	0	0	0	0	0	0	0	0	0	0	0	0	0	0	0	0	0	0	0	0	0	0	0	0	0	0	0	0	0	0	0	0	0	0	0	0	0	0	0	0	0	0	0	0	0	0	0	0	0	0	0	0	0	
0	0	0	0	0	0	0	0	0	0	0	0	0	0	0	0	0	0	0	0	0	0	0	0	0	0	0	0	0	0	0	0	0	0	0	0	1838	1848	1848	1848	1848	1848	1858	1878	1899	1909	1909	1920	1920	1931	1931	1941	1964	1975	1975	1986	2009	2033	2045	2057	2069	2069	2082	2082	2082	2107	2107	2120	2201	2215	2215	2215	2244	2187	0	0	0	0	0	0	0	0	0	0	0	0	0	0	0	0	0	0	0	0	0	0	0	0	0	0	0	0	0	0	0	0	0	0	0	0	0	0	0	0	0	0	0	0	0	0	0	0	0	0	0	0	0	0	0	0	0	0	0	0	0	0	0	0	0	0	0	0	0	0	0	0	0	0	0	0	0	0	0	0	0	0	0	0	0	0	0	0	0	0	0	0	0	0	0	0	0	0	0	0	0	0	0	0	0	0	0	0	0	0	0	0	0	0	0	0	0	0	0	0	0	0	0	0	0	0	0	0	0	0	0	0	0	0	0	0	0	0	0	0	0	0	0	0	0	0	0	0	0	0	0	0	0	0	0	0	0	0	0	0	0	0	0	0	0	0	0	0	0	0	0	0	0	0	0	0	0	0	0	0	0	0	0	2160	2133	2133	2133	2120	2120	2120	2120	2120	2120	2120	2107	2120	2107	2107	2120	2120	2120	2133	2133	2133	2133	2133	2133	2133	2133	2133	2133	2133	2120	2133	2147	1819	1809	0	0	0	0	0	0	0	0	0	0	0	0	1393	1393	1388	1388	1388	1388	1388	1388	1388	1388	1382	1388	1382	1388	1388	1388	1388	1388	1388	1388	1382	1382	1382	1388	1376	1376	1382	1376	1376	1376	1376	1376	1376	1376	1376	1376	1371	1371	1371	1371	1376	0	0	0	0	0	0	0	0	0	0	0	0	0	0	0	0	892	890	888	886	883	879	877	874	872	872	872	870	870	870	870	870	868	868	868	866	866	863	863	861	859	857	851	849	849	846	844	844	842	840	840	840	840	840	840	838	838	838	838	838	840	844	846	849	851	853	853	855	855	855	861	861	863	863	868	868	868	868	870	870	868	868	868	868	866	866	863	861	857	855	853	853	853	853	853	853	853	855	855	857	859	861	861	861	861	861	861	861	861	861	861	861	859	859	857	857	855	855	855	855	853	851	851	851	851	851	851	849	0	0	0	0	0	0	0	0	0	0	0	0	0	0	0	0	0	0	0	0	0	0	0	0	0	0	0	0	0	0	0	0	0	0	0	0	0	0	0	0	0	0	0	0	0	0	0	0	0	0	0	0	0	0	0	0	0	0	0	0	0	0	0	0	0	0	0	0	0	0	0	0	0	0	0	0	0	0	0	0	0	0	0	0	0	0	0	0	0	0	0	0	0	0	0	0	0	0	0	0	0	0	0	0	0	0	0	0	0	0	0	0	0	0	0	0	0	0	0	0	0	0	0	0	0	0	0	0	0	0	0	0	0	0	0	0	0	0	0	0	0	0	0	0	0	0	0	0	0	0	0	0	0	0	0	0	0	0	0	0	0	0	0	0	0	0	0	0	
0	0	0	0	0	0	0	0	0	0	0	0	0	0	0	0	0	0	0	0	0	0	0	0	0	0	0	0	0	0	0	0	0	0	0	0	1828	1838	1848	1848	1848	1858	1868	1888	1899	1920	1920	1920	1931	1941	1941	1941	1952	1975	1975	1986	2009	2033	2045	2069	2069	2069	2082	2082	2082	2107	2107	2120	2133	2215	2215	2215	2230	2187	0	0	0	0	0	0	0	0	0	0	0	0	0	0	0	0	0	0	0	0	0	0	0	0	0	0	0	0	0	0	0	0	0	0	0	0	0	0	0	0	0	0	0	0	0	0	0	0	0	0	0	0	0	0	0	0	0	0	0	0	0	0	0	0	0	0	0	0	0	0	0	0	0	0	0	0	0	0	0	0	0	0	0	0	0	0	0	0	0	0	0	0	0	0	0	0	0	0	0	0	0	0	0	0	0	0	0	0	0	0	0	0	0	0	0	0	0	0	0	0	0	0	0	0	0	0	0	0	0	0	0	0	0	0	0	0	0	0	0	0	0	0	0	0	0	0	0	0	0	0	0	0	0	0	0	0	0	0	0	0	0	0	0	0	0	0	0	0	0	0	0	0	0	0	0	0	0	0	0	0	0	0	0	2147	2133	2133	2133	2120	2120	2120	2120	2120	2120	2120	2120	2120	2107	2120	2120	2120	2120	2133	2133	2133	2133	2133	2133	2133	2133	2133	2133	2133	2120	2107	2133	1809	0	0	0	0	0	0	0	0	0	0	0	0	1388	1393	1388	1388	1388	1388	1388	1388	1388	1388	1388	1382	1382	1382	1382	1382	1382	1388	1382	1382	1382	1382	1382	1382	1382	1376	1376	1376	1376	1376	1376	1376	1376	1376	1376	1376	1376	1371	1371	1371	1371	1371	0	0	0	0	0	0	0	0	0	0	0	0	0	0	0	0	0	890	888	883	881	877	877	874	872	872	872	870	870	870	870	868	868	868	868	866	866	863	861	859	857	853	849	849	846	844	842	842	840	840	840	838	838	838	838	838	838	838	838	838	840	840	844	846	851	853	853	855	855	857	861	863	863	863	866	866	866	868	868	870	868	868	868	868	866	866	863	861	857	855	853	853	853	853	853	853	853	855	855	857	859	861	861	861	861	861	861	861	861	861	861	859	859	857	857	855	855	855	855	855	853	851	851	851	851	851	851	851	0	0	0	0	0	0	0	0	0	0	0	0	0	0	0	0	0	0	0	0	0	0	0	0	0	0	0	0	0	0	0	0	0	0	0	0	0	0	0	0	0	0	0	0	0	0	0	0	0	0	0	0	0	0	0	0	0	0	0	0	0	0	0	0	0	0	0	0	0	0	0	0	0	0	0	0	0	0	0	0	0	0	0	0	0	0	0	0	0	0	0	0	0	0	0	0	0	0	0	0	0	0	0	0	0	0	0	0	0	0	0	0	0	0	0	0	0	0	0	0	0	0	0	0	0	0	0	0	0	0	0	0	0	0	0	0	0	0	0	0	0	0	0	0	0	0	0	0	0	0	0	0	0	0	0	0	0	0	0	0	0	0	0	0	0	0	0	0	
0	0	0	0	0	0	0	0	0	0	0	0	0	0	0	0	0	0	0	0	0	0	0	0	0	0	0	0	0	0	0	0	0	0	0	0	1819	1848	1848	1848	1848	1858	1868	1888	1909	1920	1920	1920	1931	1941	1941	1941	1964	1975	1975	1986	2009	2033	2045	2057	2069	2069	2082	2095	2082	2107	2107	2120	2133	2201	2215	2215	2230	2187	0	0	0	0	0	0	0	0	0	0	0	0	0	0	0	0	0	0	0	0	0	0	0	0	0	0	0	0	0	0	0	0	0	0	0	0	0	0	0	0	0	0	0	0	0	0	0	0	0	0	0	0	0	0	0	0	0	0	0	0	0	0	0	0	0	0	0	0	0	0	0	0	0	0	0	0	0	0	0	0	0	0	0	0	0	0	0	0	0	0	0	0	0	0	0	0	0	0	0	0	0	0	0	0	0	0	0	0	0	0	0	0	0	0	0	0	0	0	0	0	0	0	0	0	0	0	0	0	0	0	0	0	0	0	0	0	0	0	0	0	0	0	0	0	0	0	0	0	0	0	0	0	0	0	0	0	0	0	0	0	0	0	0	0	0	0	0	0	0	0	0	0	0	0	0	0	0	0	0	0	0	0	0	2160	2133	2133	2133	2120	2120	2120	2120	2120	2107	2120	2120	2120	2107	2133	2133	2133	2133	2133	2133	2133	2133	2133	2133	2133	2133	2133	2133	2133	2120	2120	2095	2069	0	0	0	0	0	0	0	0	0	0	0	0	1388	1388	1388	1382	1382	1388	1388	1388	1382	1388	1388	1382	1382	1382	1382	1382	1382	1382	1382	1382	1382	1382	1382	1382	1382	1376	1376	1376	1376	1376	1382	1376	1376	1376	1376	1376	1376	1371	1371	1371	1371	1376	0	0	0	0	0	0	0	0	0	0	0	0	0	0	0	0	890	890	883	881	879	877	874	872	872	872	870	870	870	870	870	868	868	866	866	866	863	861	859	855	853	851	846	846	844	844	842	840	840	838	838	838	838	838	838	836	838	838	838	838	838	840	844	846	851	853	853	855	855	857	861	863	863	863	866	866	866	868	868	868	868	868	868	866	866	866	863	861	855	855	853	853	853	853	853	853	853	855	855	857	859	859	861	861	861	861	861	861	861	861	861	859	859	857	857	855	855	855	855	855	853	853	851	851	0	0	0	0	0	0	0	0	0	0	0	0	0	0	0	0	0	0	0	0	0	0	0	0	0	0	0	0	0	0	0	0	0	0	0	0	0	0	0	0	0	0	0	0	0	0	0	0	0	0	0	0	0	0	0	0	0	0	0	0	0	0	0	0	0	0	0	0	0	0	0	0	0	0	0	0	0	0	0	0	0	0	0	0	0	0	0	0	0	0	0	0	0	0	0	0	0	0	0	0	0	0	0	0	0	0	0	0	0	0	0	0	0	0	0	0	0	0	0	0	0	0	0	0	0	0	0	0	0	0	0	0	0	0	0	0	0	0	0	0	0	0	0	0	0	0	0	0	0	0	0	0	0	0	0	0	0	0	0	0	0	0	0	0	0	0	0	0	0	0	0	0	
0	0	0	0	0	0	0	0	0	0	0	0	0	0	0	0	0	0	0	0	0	0	0	0	0	0	0	0	0	0	0	0	0	0	0	0	1838	1848	1848	1848	1848	1858	1868	1888	1899	1920	1920	1931	1931	1941	1941	1941	1964	1975	1975	1986	1986	2021	2033	2057	2069	2069	2082	2095	2095	2107	2120	2120	3930	3885	3885	3975	2230	2187	0	0	0	0	0	0	0	0	0	0	0	0	0	0	0	0	0	0	0	0	0	0	0	0	0	0	0	0	0	0	0	0	0	0	0	0	0	0	0	0	0	0	0	0	0	0	0	0	0	0	0	0	0	0	0	0	0	0	0	0	0	0	0	0	0	0	0	0	0	0	0	0	0	0	0	0	0	0	0	0	0	0	0	0	0	0	0	0	0	0	0	0	0	0	0	0	0	0	0	0	0	0	0	0	0	0	0	0	0	0	0	0	0	0	0	0	0	0	0	0	0	0	0	0	0	0	0	0	0	0	0	0	0	0	0	0	0	0	0	0	0	0	0	0	0	0	0	0	0	0	0	0	0	0	0	0	0	0	0	0	0	0	0	0	0	0	0	0	0	0	0	0	0	0	0	0	0	0	0	0	0	0	0	0	2133	2133	2133	2120	2120	2120	2120	2107	2107	2107	2120	2120	2120	2120	2133	2133	2133	2133	2133	2133	2133	2133	2133	2133	2133	2133	2133	2120	2107	2107	2095	2069	0	0	0	0	0	0	0	0	0	0	0	0	1382	1382	1382	1382	1376	1382	1382	1382	1382	1382	1382	1382	1382	1382	1382	1382	1382	1382	1382	1382	1382	1382	1382	1382	1382	1376	1376	1376	1376	1376	1376	1376	1376	1376	1376	1376	1371	1371	1371	1371	1371	1371	0	0	0	0	0	0	0	0	0	0	0	0	0	0	0	0	890	892	886	881	879	874	874	872	872	870	870	870	870	868	868	868	866	866	866	863	861	859	857	853	851	849	846	844	844	842	840	840	838	838	838	838	838	838	838	836	836	838	838	838	838	840	844	846	851	853	853	855	855	857	861	863	863	863	866	866	868	868	868	870	868	868	868	868	866	866	863	861	855	855	853	853	851	851	853	853	853	855	855	855	857	859	859	861	861	861	861	861	861	861	859	859	857	857	857	855	855	855	855	855	853	853	851	851	0	0	0	0	0	0	0	0	0	0	0	0	0	0	0	0	0	0	0	0	0	0	0	0	0	0	0	0	0	0	0	0	0	0	0	0	0	0	0	0	0	0	0	0	0	0	0	0	0	0	0	0	0	0	0	0	0	0	0	0	0	0	0	0	0	0	0	0	0	0	0	0	0	0	0	0	0	0	0	0	0	0	0	0	0	0	0	0	0	0	0	0	0	0	0	0	0	0	0	0	0	0	0	0	0	0	0	0	0	0	0	0	0	0	0	0	0	0	0	0	0	0	0	0	0	0	0	0	0	0	0	0	0	0	0	0	0	0	0	0	0	0	0	0	0	0	0	0	0	0	0	0	0	0	0	0	0	0	0	0	0	0	0	0	0	0	0	0	0	0	0	0	
0	0	0	0	0	0	0	0	0	0	0	0	0	0	0	0	0	0	0	0	0	0	0	0	0	0	0	0	0	0	0	0	0	0	0	0	1838	1848	1848	1848	1858	1858	1868	1888	1899	1920	1920	1931	1931	1941	1941	1952	1964	1975	1975	1986	2009	2021	2033	2045	2069	2069	2082	2095	2095	2107	2107	2133	3930	3930	3930	3975	2215	2201	0	0	0	0	0	0	0	0	0	0	0	0	0	0	0	0	0	0	0	0	0	0	0	0	0	0	0	0	0	0	0	0	0	0	0	0	0	0	0	0	0	0	0	0	0	0	0	0	0	0	0	0	0	0	0	0	0	0	0	0	0	0	0	0	0	0	0	0	0	0	0	0	0	0	0	0	0	0	0	0	0	0	0	0	0	0	0	0	0	0	0	0	0	0	0	0	0	0	0	0	0	0	0	0	0	0	0	0	0	0	0	0	0	0	0	0	0	0	0	0	0	0	0	0	0	0	0	0	0	0	0	0	0	0	0	0	0	0	0	0	0	0	0	0	0	0	0	0	0	0	0	0	0	0	0	0	0	0	0	0	0	0	0	0	0	0	0	0	0	0	0	0	0	0	0	0	0	0	0	0	0	0	0	0	2133	2133	2133	2120	2120	2120	2107	2107	2107	2107	2120	2120	2120	2120	2120	2133	2120	2120	2120	2120	2120	2133	2133	2133	2133	2120	2120	2120	2107	2082	2095	2082	2133	0	0	0	0	0	0	0	0	0	0	0	1376	1376	1376	1376	1376	1376	1382	1382	1382	1382	1382	1382	1382	1382	1382	1376	1376	1382	1376	1376	1376	1376	1382	1376	1382	1376	1376	1376	1376	1376	1376	1376	1376	1376	1376	1376	1371	1371	1371	1371	1371	1366	0	0	0	0	0	0	0	0	0	0	0	0	0	0	0	0	888	892	883	881	877	874	874	872	872	870	870	868	868	868	868	866	866	866	863	863	861	857	855	853	851	849	844	842	842	840	840	838	838	838	838	838	838	838	838	836	836	836	836	838	838	840	842	846	849	853	853	855	855	857	861	861	863	863	866	866	868	868	868	868	868	868	868	866	866	863	861	859	855	853	853	851	851	851	853	853	853	855	855	855	855	857	859	861	861	861	861	861	861	861	859	859	857	855	855	855	855	855	855	855	853	853	851	851	851	0	0	0	0	0	0	0	0	0	0	0	0	0	0	0	0	0	0	0	0	0	0	0	0	0	0	0	0	0	0	0	0	0	0	0	0	0	0	0	0	0	0	0	0	0	0	0	0	0	0	0	0	0	0	0	0	0	0	0	0	0	0	0	0	0	0	0	0	0	0	0	0	0	0	0	0	0	0	0	0	0	0	0	0	0	0	0	0	0	0	0	0	0	0	0	0	0	0	0	0	0	0	0	0	0	0	0	0	0	0	0	0	0	0	0	0	0	0	0	0	0	0	0	0	0	0	0	0	0	0	0	0	0	0	0	0	0	0	0	0	0	0	0	0	0	0	0	0	0	0	0	0	0	0	0	0	0	0	0	0	0	0	0	0	0	0	0	0	0	0	0	
0	0	0	0	0	0	0	0	0	0	0	0	0	0	0	0	0	0	0	0	0	0	0	0	0	0	0	0	0	0	0	0	0	0	0	0	1828	1838	1848	1848	1858	1858	1868	1888	1899	1920	1931	1931	1931	1941	1941	1952	1964	1964	1975	1986	1998	2021	2033	2045	2057	2069	2069	2095	2095	2120	2107	2133	3930	3930	3975	2201	2215	2187	0	0	0	0	0	0	0	0	0	0	0	0	0	0	0	0	0	0	0	0	0	0	0	0	0	0	0	0	0	0	0	0	0	0	0	0	0	0	0	0	0	0	0	0	0	0	0	0	0	0	0	0	0	0	0	0	0	0	0	0	0	0	0	0	0	0	0	0	0	0	0	0	0	0	0	0	0	0	0	0	0	0	0	0	0	0	0	0	0	0	0	0	0	0	0	0	0	0	0	0	0	0	0	0	0	0	0	0	0	0	0	0	0	0	0	0	0	0	0	0	0	0	0	0	0	0	0	0	0	0	0	0	0	0	0	0	0	0	0	0	0	0	0	0	0	0	0	0	0	0	0	0	0	0	0	0	0	0	0	0	0	0	0	0	0	0	0	0	0	0	0	0	0	0	0	0	0	0	0	0	0	0	0	2160	2133	2133	2133	2120	2120	2120	2107	2107	2107	2107	2120	2120	2107	2120	2120	2120	2120	2120	2120	2120	2120	2133	2133	2133	2120	2120	2120	2120	2133	2107	2133	2133	0	0	0	0	0	0	0	0	0	0	0	1376	1376	1376	1371	1371	1371	1376	1376	1376	1376	1376	1376	1376	1376	1376	1376	1376	1376	1376	1376	1376	1376	1376	1376	1376	1376	1371	1371	1376	1371	1371	1376	1376	1371	1376	1371	1371	1371	1371	1371	1371	1366	1360	0	0	0	0	0	0	0	0	0	0	0	0	0	0	0	886	886	883	883	881	877	874	874	872	872	870	870	868	868	868	868	866	866	863	863	861	859	855	853	851	849	846	844	842	840	840	838	838	836	834	834	834	836	836	836	836	836	836	836	836	836	838	840	842	846	851	853	853	855	855	859	861	863	863	866	866	866	866	868	868	866	866	866	866	863	863	861	859	853	853	851	851	851	851	851	851	853	855	855	855	855	857	859	861	861	861	861	861	861	859	859	859	857	855	855	855	855	855	855	855	853	853	851	0	0	0	0	0	0	0	0	0	0	0	0	0	0	0	0	0	0	0	0	0	0	0	0	0	0	0	0	0	0	0	0	0	0	0	0	0	0	0	0	0	0	0	0	0	0	0	0	0	0	0	0	0	0	0	0	0	0	0	0	0	0	0	0	0	0	0	0	0	0	0	0	0	0	0	0	0	0	0	0	0	0	0	0	0	0	0	0	0	0	0	0	0	0	0	0	0	0	0	0	0	0	0	0	0	0	0	0	0	0	0	0	0	0	0	0	0	0	0	0	0	0	0	0	0	0	0	0	0	0	0	0	0	0	0	0	0	0	0	0	0	0	0	0	0	0	0	0	0	0	0	0	0	0	0	0	0	0	0	0	0	0	0	0	0	0	0	0	0	0	0	0	0	
0	0	0	0	0	0	0	0	0	0	0	0	0	0	0	0	0	0	0	0	0	0	0	0	0	0	0	0	0	0	0	0	0	0	0	0	1828	1838	1848	1848	1858	1858	1868	1888	1899	1909	1920	1931	1931	1941	1941	1952	1964	1964	1975	1986	1998	2021	2033	2045	2057	2069	2069	2095	2082	2095	2107	2120	2174	2187	2187	2187	2187	2187	0	0	0	0	0	0	0	0	0	0	0	0	0	0	0	0	0	0	0	0	0	0	0	0	0	0	0	0	0	0	0	0	0	0	0	0	0	0	0	0	0	0	0	0	0	0	0	0	0	0	0	0	0	0	0	0	0	0	0	0	0	0	0	0	0	0	0	0	0	0	0	0	0	0	0	0	0	0	0	0	0	0	0	0	0	0	0	0	0	0	0	0	0	0	0	0	0	0	0	0	0	0	0	0	0	0	0	0	0	0	0	0	0	0	0	0	0	0	0	0	0	0	0	0	0	0	0	0	0	0	0	0	0	0	0	0	0	0	0	0	0	0	0	0	0	0	0	0	0	0	0	0	0	0	0	0	0	0	0	0	0	0	0	0	0	0	0	0	0	0	0	0	0	0	0	0	0	0	0	0	0	0	0	2160	2133	2133	2120	2120	2120	2120	2107	2107	2107	2107	2107	2120	2107	2120	2120	2120	2120	2120	2120	2120	2120	2120	2120	2133	2120	2120	2120	2120	2133	2095	2082	2120	0	0	0	0	0	0	0	0	0	0	1376	1371	1371	1371	1371	1371	1371	1371	1376	1376	1376	1376	1376	1376	1376	1376	1376	1376	1376	1376	1371	1371	1376	1376	1376	1376	1376	1371	1371	1371	1371	1371	1371	1371	1371	1371	1371	1371	1371	1371	1371	1366	1366	0	0	0	0	0	0	0	0	0	0	0	0	0	0	0	0	0	886	883	883	877	874	874	872	872	870	870	868	868	868	868	866	866	863	861	861	857	853	851	849	846	844	842	840	838	838	836	836	834	834	834	834	834	836	836	836	834	836	836	836	836	836	838	840	842	846	851	853	853	855	855	859	861	863	863	863	866	863	866	866	866	866	866	866	863	863	861	859	857	853	851	851	851	851	851	851	851	853	853	855	855	855	857	859	859	861	861	861	861	861	859	859	857	855	855	855	855	855	855	855	855	853	851	0	0	0	0	0	0	0	0	0	0	0	0	0	0	0	0	0	0	0	0	0	0	0	0	0	0	0	0	0	0	0	0	0	0	0	0	0	0	0	0	0	0	0	0	0	0	0	0	0	0	0	0	0	0	0	0	0	0	0	0	0	0	0	0	0	0	0	0	0	0	0	0	0	0	0	0	0	0	0	0	0	0	0	0	0	0	0	0	0	0	0	0	0	0	0	0	0	0	0	0	0	0	0	0	0	0	0	0	0	0	0	0	0	0	0	0	0	0	0	0	0	0	0	0	0	0	0	0	0	0	0	0	0	0	0	0	0	0	0	0	0	0	0	0	0	0	0	0	0	0	0	0	0	0	0	0	0	0	0	0	0	0	0	0	0	0	0	0	0	0	0	0	0	0	
0	0	0	0	0	0	0	0	0	0	0	0	0	0	0	0	0	0	0	0	0	0	0	0	0	0	0	0	0	0	0	0	0	0	0	0	1828	1838	1848	1848	1858	1868	1878	1888	1899	1909	1920	1931	1931	1941	1941	1952	1964	1975	1975	1986	2009	2021	2033	2033	2057	2057	2069	2082	2082	2095	2107	2120	2174	2174	2187	2174	2201	2187	0	0	0	0	0	0	0	0	0	0	0	0	0	0	0	0	0	0	0	0	0	0	0	0	0	0	0	0	0	0	0	0	0	0	0	0	0	0	0	0	0	0	0	0	0	0	0	0	0	0	0	0	0	0	0	0	0	0	0	0	0	0	0	0	0	0	0	0	0	0	0	0	0	0	0	0	0	0	0	0	0	0	0	0	0	0	0	0	0	0	0	0	0	0	0	0	0	0	0	0	0	0	0	0	0	0	0	0	0	0	0	0	0	0	0	0	0	0	0	0	0	0	0	0	0	0	0	0	0	0	0	0	0	0	0	0	0	0	0	0	0	0	0	0	0	0	0	0	0	0	0	0	0	0	0	0	0	0	0	0	0	0	0	0	0	0	0	0	0	0	0	0	0	0	0	0	0	0	0	0	0	0	0	2160	2133	2133	2133	2120	2120	2120	2107	2107	2107	2107	2120	2120	2120	2120	2120	2120	2120	2120	2120	2120	2120	2120	2133	2133	2133	2120	2120	2120	2133	2120	2120	2120	0	0	0	0	0	0	0	0	0	1382	1376	1376	1376	1376	1371	1371	1371	1371	1376	1376	1371	1376	1376	1376	1376	1376	1376	1371	1376	1371	1371	1371	1371	1371	1371	1371	1371	1371	1366	1371	1371	1371	1371	1371	1371	1371	1371	1371	1366	1366	1366	1360	1360	0	0	0	0	0	0	0	0	0	0	0	0	0	0	0	890	888	881	881	877	874	874	874	872	872	870	870	868	868	868	866	866	866	863	861	859	855	851	849	846	844	842	840	840	838	836	836	834	834	832	832	832	832	834	834	834	834	834	834	836	836	836	838	840	842	846	851	853	853	855	855	859	861	861	863	863	863	863	866	866	866	866	866	866	863	863	861	859	857	853	851	851	851	849	851	851	851	853	853	855	855	855	857	859	859	859	861	861	861	861	859	857	857	855	855	855	855	855	855	855	855	853	851	0	0	0	0	0	0	0	0	0	0	0	0	0	0	0	0	0	0	0	0	0	0	0	0	0	0	0	0	0	0	0	0	0	0	0	0	0	0	0	0	0	0	0	0	0	0	0	0	0	0	0	0	0	0	0	0	0	0	0	0	0	0	0	0	0	0	0	0	0	0	0	0	0	0	0	0	0	0	0	0	0	0	0	0	0	0	0	0	0	0	0	0	0	0	0	0	0	0	0	0	0	0	0	0	0	0	0	0	0	0	0	0	0	0	0	0	0	0	0	0	0	0	0	0	0	0	0	0	0	0	0	0	0	0	0	0	0	0	0	0	0	0	0	0	0	0	0	0	0	0	0	0	0	0	0	0	0	0	0	0	0	0	0	0	0	0	0	0	0	0	0	0	0	0	
0	0	0	0	0	0	0	0	0	0	0	0	0	0	0	0	0	0	0	0	0	0	0	0	0	0	0	0	0	0	0	0	0	0	0	0	1819	1838	1848	1848	1858	1858	1878	1888	1899	1899	1920	1931	1931	1941	1941	1952	1964	1975	1986	1998	2009	2021	2033	2033	2057	2057	2069	2095	2082	2095	2107	2133	2174	2174	2187	2187	2187	2187	2187	0	0	0	0	0	0	0	0	0	0	0	0	0	0	0	0	0	0	0	0	0	0	0	0	0	0	0	0	0	0	0	0	0	0	0	0	0	0	0	0	0	0	0	0	0	0	0	0	0	0	0	0	0	0	0	0	0	0	0	0	0	0	0	0	0	0	0	0	0	0	0	0	0	0	0	0	0	0	0	0	0	0	0	0	0	0	0	0	0	0	0	0	0	0	0	0	0	0	0	0	0	0	0	0	0	0	0	0	0	0	0	0	0	0	0	0	0	0	0	0	0	0	0	0	0	0	0	0	0	0	0	0	0	0	0	0	0	0	0	0	0	0	0	0	0	0	0	0	0	0	0	0	0	0	0	0	0	0	0	0	0	0	0	0	0	0	0	0	0	0	0	0	0	0	0	0	0	0	0	0	0	2160	2160	2133	2133	2133	2120	2120	2120	2107	2107	2107	2107	2120	2120	2120	2120	2120	2120	2107	2120	2120	2120	2120	2120	2120	2133	2133	2120	2120	2133	2133	2133	2120	2133	0	0	0	0	0	0	0	0	1382	1376	1376	1371	1371	1371	1371	1371	1371	1371	1371	1376	1371	1371	1371	1376	1376	1376	1376	1371	1376	1371	1371	1371	1371	1371	1371	1371	1371	1366	1366	1366	1366	1366	1366	1366	1366	1366	1366	1366	1360	1360	1360	1360	1355	0	0	0	0	0	0	0	0	0	0	0	0	0	0	0	890	883	881	881	877	874	874	872	872	870	870	868	868	866	866	866	866	863	863	861	857	855	851	846	844	842	840	840	838	836	836	834	834	832	832	832	832	832	834	832	834	832	834	834	834	834	836	838	840	842	846	851	853	853	855	855	857	861	861	863	863	863	863	866	866	866	866	866	863	863	863	861	859	857	853	851	849	849	849	849	851	851	853	853	855	855	855	857	859	859	859	859	861	861	859	859	857	857	857	855	855	855	855	855	855	855	851	851	851	0	0	0	0	0	0	0	0	0	0	0	0	0	0	0	0	0	0	0	0	0	0	0	0	0	0	0	0	0	0	0	0	0	0	0	0	0	0	0	0	0	0	0	0	0	0	0	0	0	0	0	0	0	0	0	0	0	0	0	0	0	0	0	0	0	0	0	0	0	0	0	0	0	0	0	0	0	0	0	0	0	0	0	0	0	0	0	0	0	0	0	0	0	0	0	0	0	0	0	0	0	0	0	0	0	0	0	0	0	0	0	0	0	0	0	0	0	0	0	0	0	0	0	0	0	0	0	0	0	0	0	0	0	0	0	0	0	0	0	0	0	0	0	0	0	0	0	0	0	0	0	0	0	0	0	0	0	0	0	0	0	0	0	0	0	0	0	0	0	0	0	0	0	
0	0	0	0	0	0	0	0	0	0	0	0	0	0	0	0	0	0	0	0	0	0	0	0	0	0	0	0	0	0	0	0	0	0	0	0	1819	1838	1848	1848	1858	1858	1878	1888	1899	1899	1909	1920	1931	1941	1941	1952	1964	1975	1986	1998	2009	2021	2021	2033	2045	2069	2069	2095	2082	2095	2107	2133	2160	2174	2174	2187	2174	2174	2187	0	0	0	0	0	0	0	0	0	0	0	0	0	0	0	0	0	0	0	0	0	0	0	0	0	0	0	0	0	0	0	0	0	0	0	0	0	0	0	0	0	0	0	0	0	0	0	0	0	0	0	0	0	0	0	0	0	0	0	0	0	0	0	0	0	0	0	0	0	0	0	0	0	0	0	0	0	0	0	0	0	0	0	0	0	0	0	0	0	0	0	0	0	0	0	0	0	0	0	0	0	0	0	0	0	0	0	0	0	0	0	0	0	0	0	0	0	0	0	0	0	0	0	0	0	0	0	0	0	0	0	0	0	0	0	0	0	0	0	0	0	0	0	0	0	0	0	0	0	0	0	0	0	0	0	0	0	0	0	0	0	0	0	0	0	0	0	0	0	0	0	0	0	0	0	0	0	0	0	0	0	2160	2160	2133	2133	2133	2120	2120	2120	2107	2120	2107	2120	2120	2120	2120	2120	2120	2120	2120	2120	2120	2133	2133	2133	2133	2133	2120	2120	2120	2120	2120	2120	2120	2133	0	0	0	0	0	0	0	0	0	1376	1376	1371	1371	1376	1371	1371	1371	1371	1371	1366	1366	1371	1371	1371	1371	1371	1376	1376	1376	1371	1371	1371	1371	1371	1371	1371	1371	1366	1366	1366	1366	1366	1366	1366	1366	1366	1366	1360	1360	1360	1366	0	0	0	0	0	0	0	0	0	0	0	0	0	0	0	0	0	0	881	881	877	874	874	874	872	872	870	868	868	868	866	866	866	866	863	861	861	855	853	849	846	842	840	838	838	838	834	834	832	832	832	832	832	832	832	832	832	832	832	832	832	832	834	834	838	838	840	846	851	853	853	855	855	857	859	861	861	863	863	863	866	866	866	866	866	863	863	861	861	859	857	853	851	849	849	849	849	849	849	851	853	855	855	855	857	857	859	859	859	859	859	859	859	857	857	857	855	855	855	855	855	855	853	851	851	0	0	0	0	0	0	0	0	0	0	0	0	0	0	0	0	0	0	0	0	0	0	0	0	0	0	0	0	0	0	0	0	0	0	0	0	0	0	0	0	0	0	0	0	0	0	0	0	0	0	0	0	0	0	0	0	0	0	0	0	0	0	0	0	0	0	0	0	0	0	0	0	0	0	0	0	0	0	0	0	0	0	0	0	0	0	0	0	0	0	0	0	0	0	0	0	0	0	0	0	0	0	0	0	0	0	0	0	0	0	0	0	0	0	0	0	0	0	0	0	0	0	0	0	0	0	0	0	0	0	0	0	0	0	0	0	0	0	0	0	0	0	0	0	0	0	0	0	0	0	0	0	0	0	0	0	0	0	0	0	0	0	0	0	0	0	0	0	0	0	0	0	0	0	
0	0	0	0	0	0	0	0	0	0	0	0	0	0	0	0	0	0	0	0	0	0	0	0	0	0	0	0	0	0	0	0	0	0	0	0	1819	1828	1848	1848	1858	1858	1878	1878	1888	1899	1909	1920	1931	1931	1941	1941	1964	1975	1986	2009	2009	2021	2033	2033	2045	2069	2069	2082	2082	2095	2107	2133	2160	2174	2187	2201	2160	2174	0	0	0	0	0	0	0	0	0	0	0	0	0	0	0	0	0	0	0	0	0	0	0	0	0	0	0	0	0	0	0	0	0	0	0	0	0	0	0	0	0	0	0	0	0	0	0	0	0	0	0	0	0	0	0	0	0	0	0	0	0	0	0	0	0	0	0	0	0	0	0	0	0	0	0	0	0	0	0	0	0	0	0	0	0	0	0	0	0	0	0	0	0	0	0	0	0	0	0	0	0	0	0	0	0	0	0	0	0	0	0	0	0	0	0	0	0	0	0	0	0	0	0	0	0	0	0	0	0	0	0	0	0	0	0	0	0	0	0	0	0	0	0	0	0	0	0	0	0	0	0	0	0	0	0	0	0	0	0	0	0	0	0	0	0	0	0	0	0	0	0	0	0	0	0	0	0	0	0	0	0	0	2147	2160	2133	2133	2133	2120	2120	2120	2107	2120	2120	2107	2120	2107	2120	2107	2107	2120	2120	2120	2133	2133	2133	2133	2133	2133	2120	2120	2133	2120	2120	2107	2120	2120	2120	0	0	0	0	0	0	0	0	1376	1376	1376	1376	1376	1371	1371	1371	1371	1371	1371	1371	1371	1371	1371	1376	1376	1376	1371	1376	1371	1371	1371	1371	1371	1371	1371	1371	1366	1366	1366	1366	1366	1366	1366	1366	1366	1366	1360	1360	1360	1360	0	0	0	0	0	0	0	0	0	0	0	0	0	0	0	0	0	0	879	881	874	874	874	872	872	872	870	868	868	866	866	866	866	863	861	861	859	853	849	846	842	840	838	836	836	836	834	832	832	832	832	832	832	832	832	832	832	832	830	832	832	832	834	834	836	838	840	846	851	853	853	855	855	857	859	861	861	863	863	863	863	866	866	863	863	863	861	861	859	859	857	853	851	849	849	846	849	849	849	851	853	855	855	855	857	857	859	859	859	859	859	859	857	857	857	857	857	855	855	855	855	855	853	851	851	0	0	0	0	0	0	0	0	0	0	0	0	0	0	0	0	0	0	0	0	0	0	0	0	0	0	0	0	0	0	0	0	0	0	0	0	0	0	0	0	0	0	0	0	0	0	0	0	0	0	0	0	0	0	0	0	0	0	0	0	0	0	0	0	0	0	0	0	0	0	0	0	0	0	0	0	0	0	0	0	0	0	0	0	0	0	0	0	0	0	0	0	0	0	0	0	0	0	0	0	0	0	0	0	0	0	0	0	0	0	0	0	0	0	0	0	0	0	0	0	0	0	0	0	0	0	0	0	0	0	0	0	0	0	0	0	0	0	0	0	0	0	0	0	0	0	0	0	0	0	0	0	0	0	0	0	0	0	0	0	0	0	0	0	0	0	0	0	0	0	0	0	0	0	
0	0	0	0	0	0	0	0	0	0	0	0	0	0	0	0	0	0	0	0	0	0	0	0	0	0	0	0	0	0	0	0	0	0	0	0	1819	1828	1848	1848	1858	1858	1868	1878	1888	1899	1899	1920	1931	1931	1931	1941	1964	1986	2009	2009	2021	2021	2033	2033	2045	2057	2069	2082	2082	2095	2107	2133	2160	2174	2187	2187	2160	2174	0	0	0	0	0	0	0	0	0	0	0	0	0	0	0	0	0	0	0	0	0	0	0	0	0	0	0	0	0	0	0	0	0	0	0	0	0	0	0	0	0	0	0	0	0	0	0	0	0	0	0	0	0	0	0	0	0	0	0	0	0	0	0	0	0	0	0	0	0	0	0	0	0	0	0	0	0	0	0	0	0	0	0	0	0	0	0	0	0	0	0	0	0	0	0	0	0	0	0	0	0	0	0	0	0	0	0	0	0	0	0	0	0	0	0	0	0	0	0	0	0	0	0	0	0	0	0	0	0	0	0	0	0	0	0	0	0	0	0	0	0	0	0	0	0	0	0	0	0	0	0	0	0	0	0	0	0	0	0	0	0	0	0	0	0	0	0	0	0	0	0	0	0	0	0	0	0	0	0	0	0	0	2160	2160	2147	2147	2133	2120	2120	2120	2107	2120	2107	2107	2107	2107	2107	2107	2107	2120	2120	2120	2133	2133	2133	2133	2133	2133	2120	2120	2120	2120	2120	2120	2133	2133	2133	2133	0	0	0	0	0	0	0	1382	1382	1376	1376	1376	1376	1371	1371	1371	1366	1371	1371	1371	1371	1376	1376	1376	1376	1371	1371	1371	1366	1366	1371	1371	1371	1371	1371	1366	1366	1366	1366	1366	1366	1366	1366	1360	1360	1360	1360	1360	0	0	0	0	0	0	0	0	0	0	0	0	0	0	0	0	0	0	0	874	872	874	872	872	872	872	870	868	868	866	866	866	866	863	863	861	857	857	851	846	842	840	838	836	834	834	834	832	832	830	830	830	830	830	830	830	832	832	832	830	830	832	832	832	834	836	836	838	844	851	853	853	855	855	857	859	861	861	863	863	863	863	863	863	863	863	863	861	861	859	859	857	853	851	849	846	846	846	849	849	849	853	855	855	855	857	857	859	859	859	859	857	857	857	857	857	855	855	855	855	855	853	853	853	851	849	849	0	0	0	0	0	0	0	0	0	0	0	0	0	0	0	0	0	0	0	0	0	0	0	0	0	0	0	0	0	0	0	0	0	0	0	0	0	0	0	0	0	0	0	0	0	0	0	0	0	0	0	0	0	0	0	0	0	0	0	0	0	0	0	0	0	0	0	0	0	0	0	0	0	0	0	0	0	0	0	0	0	0	0	0	0	0	0	0	0	0	0	0	0	0	0	0	0	0	0	0	0	0	0	0	0	0	0	0	0	0	0	0	0	0	0	0	0	0	0	0	0	0	0	0	0	0	0	0	0	0	0	0	0	0	0	0	0	0	0	0	0	0	0	0	0	0	0	0	0	0	0	0	0	0	0	0	0	0	0	0	0	0	0	0	0	0	0	0	0	0	0	0	0	
0	0	0	0	0	0	0	0	0	0	0	0	0	0	0	0	0	0	0	0	0	0	0	0	0	0	0	0	0	0	0	0	0	0	0	0	1828	1828	1848	1848	1848	1858	1868	1878	1888	1899	1909	1920	1931	1931	1931	1941	1964	1986	2009	2009	2021	2021	2033	2033	2045	2057	2069	2082	2069	2082	2095	2120	2160	2201	2201	2201	2160	2174	0	0	0	0	0	0	0	0	0	0	0	0	0	0	0	0	0	0	0	0	0	0	0	0	0	0	0	0	0	0	0	0	0	0	0	0	0	0	0	0	0	0	0	0	0	0	0	0	0	0	0	0	0	0	0	0	0	0	0	0	0	0	0	0	0	0	0	0	0	0	0	0	0	0	0	0	0	0	0	0	0	0	0	0	0	0	0	0	0	0	0	0	0	0	0	0	0	0	0	0	0	0	0	0	0	0	0	0	0	0	0	0	0	0	0	0	0	0	0	0	0	0	0	0	0	0	0	0	0	0	0	0	0	0	0	0	0	0	0	0	0	0	0	0	0	0	0	0	0	0	0	0	0	0	0	0	0	0	0	0	0	0	0	0	0	0	0	0	0	0	0	0	0	0	0	0	0	0	0	0	0	0	2174	2174	2160	2147	2133	2120	2120	2120	2107	2120	2107	2107	2107	2107	2107	2107	2107	2120	2120	2120	2133	2133	2133	2133	2120	2120	2120	2120	2120	2120	2120	2120	2120	2120	2120	2133	2133	2133	2133	0	0	0	0	1382	1382	1382	1376	1376	1376	1371	1371	1371	1366	1371	1371	1371	1371	1376	1382	1376	1376	1371	1371	1366	1360	1360	1360	1360	1360	1366	1371	1366	1366	1371	1371	1366	1366	1366	1366	1360	1360	1360	1360	0	0	0	0	0	0	0	0	0	0	0	0	0	0	0	0	0	0	0	0	874	874	872	872	872	870	870	868	868	868	866	866	863	863	863	861	859	855	855	849	844	840	840	838	836	832	832	832	832	830	830	830	830	830	830	830	830	832	832	832	830	830	832	832	832	834	836	836	838	844	851	853	853	855	855	857	857	859	861	861	863	863	863	863	863	863	863	863	863	861	861	859	857	853	851	849	846	846	846	846	849	849	853	855	855	855	857	857	859	859	859	859	859	859	857	857	857	855	855	855	855	855	853	853	853	849	849	849	0	0	0	0	0	0	0	0	0	0	0	0	0	0	0	0	0	0	0	0	0	0	0	0	0	0	0	0	0	0	0	0	0	0	0	0	0	0	0	0	0	0	0	0	0	0	0	0	0	0	0	0	0	0	0	0	0	0	0	0	0	0	0	0	0	0	0	0	0	0	0	0	0	0	0	0	0	0	0	0	0	0	0	0	0	0	0	0	0	0	0	0	0	0	0	0	0	0	0	0	0	0	0	0	0	0	0	0	0	0	0	0	0	0	0	0	0	0	0	0	0	0	0	0	0	0	0	0	0	0	0	0	0	0	0	0	0	0	0	0	0	0	0	0	0	0	0	0	0	0	0	0	0	0	0	0	0	0	0	0	0	0	0	0	0	0	0	0	0	0	0	0	0	
0	0	0	0	0	0	0	0	0	0	0	0	0	0	0	0	0	0	0	0	0	0	0	0	0	0	0	0	0	0	0	0	0	0	0	0	1819	1828	1848	1848	1848	1858	1858	1868	1888	1899	1909	1920	1931	1931	1931	1941	1952	1986	2009	2021	2021	2021	2033	2033	2045	2057	2057	2082	2069	2082	2095	2120	2160	2201	2201	2215	2160	2174	0	0	0	0	0	0	0	0	0	0	0	0	0	0	0	0	0	0	0	0	0	0	0	0	0	0	0	0	0	0	0	0	0	0	0	0	0	0	0	0	0	0	0	0	0	0	0	0	0	0	0	0	0	0	0	0	0	0	0	0	0	0	0	0	0	0	0	0	0	0	0	0	0	0	0	0	0	0	0	0	0	0	0	0	0	0	0	0	0	0	0	0	0	0	0	0	0	0	0	0	0	0	0	0	0	0	0	0	0	0	0	0	0	0	0	0	0	0	0	0	0	0	0	0	0	0	0	0	0	0	0	0	0	0	0	0	0	0	0	0	0	0	0	0	0	0	0	0	0	0	0	0	0	0	0	0	0	0	0	0	0	0	0	0	0	0	0	0	0	0	0	0	0	0	0	0	0	0	0	0	0	0	2187	2174	2147	2147	2133	2120	2120	2120	2120	2120	2120	2120	2107	2107	2107	2107	2107	2120	2120	2120	2133	2133	2133	2133	2120	2120	2120	2120	2120	2120	2133	2133	2133	2133	2133	2133	2133	2133	2147	2160	0	0	0	1382	1382	1382	1376	1376	1376	1371	1371	1371	1371	1371	1371	1376	1376	1376	1382	1382	1376	1371	1371	1952	1952	1952	1952	1941	1931	1366	1371	1371	1371	1371	1371	1371	1366	1366	1366	1366	1366	1360	0	0	0	0	0	0	0	0	0	0	0	0	0	0	0	0	0	0	0	0	877	874	874	872	872	872	870	870	868	868	866	866	866	863	863	861	859	857	855	853	846	842	838	838	836	834	832	832	832	830	828	828	828	828	828	828	828	828	830	830	832	830	830	832	832	832	834	834	836	838	846	849	853	853	853	855	857	857	859	861	861	863	863	863	863	863	863	863	863	861	861	859	857	855	853	851	849	846	846	846	846	849	849	853	853	855	855	857	857	857	859	859	859	859	857	857	857	857	855	855	855	855	853	853	853	853	849	849	849	0	0	0	0	0	0	0	0	0	0	0	0	0	0	0	0	0	0	0	0	0	0	0	0	0	0	0	0	0	0	0	0	0	0	0	0	0	0	0	0	0	0	0	0	0	0	0	0	0	0	0	0	0	0	0	0	0	0	0	0	0	0	0	0	0	0	0	0	0	0	0	0	0	0	0	0	0	0	0	0	0	0	0	0	0	0	0	0	0	0	0	0	0	0	0	0	0	0	0	0	0	0	0	0	0	0	0	0	0	0	0	0	0	0	0	0	0	0	0	0	0	0	0	0	0	0	0	0	0	0	0	0	0	0	0	0	0	0	0	0	0	0	0	0	0	0	0	0	0	0	0	0	0	0	0	0	0	0	0	0	0	0	0	0	0	0	0	0	0	0	0	0	0	
0	0	0	0	0	0	0	0	0	0	0	0	0	0	0	0	0	0	0	0	0	0	0	0	0	0	0	0	0	0	0	0	0	0	0	0	1819	1838	1848	1848	1848	1858	1858	1858	1888	1899	1909	1920	1931	1931	1931	1941	1952	1975	2009	2009	2021	2021	2033	2033	2045	2057	2057	2082	2069	2082	2082	2120	2160	2244	2244	2230	2230	2187	0	0	0	0	0	0	0	0	0	0	0	0	0	0	0	0	0	0	0	0	0	0	0	0	0	0	0	0	0	0	0	0	0	0	0	0	0	0	0	0	0	0	0	0	0	0	0	0	0	0	0	0	0	0	0	0	0	0	0	0	0	0	0	0	0	0	0	0	0	0	0	0	0	0	0	0	0	0	0	0	0	0	0	0	0	0	0	0	0	0	0	0	0	0	0	0	0	0	0	0	0	0	0	0	0	0	0	0	0	0	0	0	0	0	0	0	0	0	0	0	0	0	0	0	0	0	0	0	0	0	0	0	0	0	0	0	0	0	0	0	0	0	0	0	0	0	0	0	0	0	0	0	0	0	0	0	0	0	0	0	0	0	0	0	0	0	0	0	0	0	0	0	0	0	0	0	0	0	0	0	0	0	2187	2187	2147	2147	2133	2120	2120	2120	2107	2120	2120	2107	2107	2107	2107	2095	2107	2107	2107	2120	2120	2133	2133	2120	2120	2120	2120	2120	2120	2120	2120	2133	2133	2133	2133	2133	2133	2133	2133	2160	2133	2174	1399	1404	1382	1382	1382	1376	1376	0	0	0	1371	1428	1428	1382	1428	1428	1382	1376	1376	1371	1371	1941	1941	1941	1941	1941	1931	1920	1920	1920	1920	1920	1376	1376	1371	0	0	0	0	0	0	0	0	0	0	0	0	0	0	0	0	0	0	0	0	0	0	0	0	0	877	874	872	872	872	872	870	868	868	866	866	866	866	863	863	861	859	857	853	849	842	840	836	834	834	832	830	830	830	828	826	826	824	824	824	824	826	826	830	830	830	830	830	830	830	832	832	832	832	834	844	849	853	853	853	855	857	857	859	861	861	861	863	863	863	863	863	863	863	861	861	859	857	855	853	851	849	846	846	846	846	846	849	851	853	855	855	855	857	857	859	859	859	859	857	857	857	857	855	855	855	855	855	853	853	853	849	849	0	0	0	0	0	0	0	0	0	0	0	0	0	0	0	0	0	0	0	0	0	0	0	0	0	0	0	0	0	0	0	0	0	0	0	0	0	0	0	0	0	0	0	0	0	0	0	0	0	0	0	0	0	0	0	0	0	0	0	0	0	0	0	0	0	0	0	0	0	0	0	0	0	0	0	0	0	0	0	0	0	0	0	0	0	0	0	0	0	0	0	0	0	0	0	0	0	0	0	0	0	0	0	0	0	0	0	0	0	0	0	0	0	0	0	0	0	0	0	0	0	0	0	0	0	0	0	0	0	0	0	0	0	0	0	0	0	0	0	0	0	0	0	0	0	0	0	0	0	0	0	0	0	0	0	0	0	0	0	0	0	0	0	0	0	0	0	0	0	0	0	0	0	0	
0	0	0	0	0	0	0	0	0	0	0	0	0	0	0	0	0	0	0	0	0	0	0	0	0	0	0	0	0	0	0	0	0	0	0	0	1828	1838	1848	1848	1848	1858	1858	1858	1899	1899	1920	1920	1931	1941	1931	1941	1952	1975	2009	2009	2021	2021	2033	2033	2033	2057	2057	2069	2069	2069	2082	2107	2147	2230	2230	2230	2230	2187	2187	0	0	0	0	0	0	0	0	0	0	0	0	0	0	0	0	0	0	0	0	0	0	0	0	0	0	0	0	0	0	0	0	0	0	0	0	0	0	0	0	0	0	0	0	0	0	0	0	0	0	0	0	0	0	0	0	0	0	0	0	0	0	0	0	0	0	0	0	0	0	0	0	0	0	0	0	0	0	0	0	0	0	0	0	0	0	0	0	0	0	0	0	0	0	0	0	0	0	0	0	0	0	0	0	0	0	0	0	0	0	0	0	0	0	0	0	0	0	0	0	0	0	0	0	0	0	0	0	0	0	0	0	0	0	0	0	0	0	0	0	0	0	0	0	0	0	0	0	0	0	0	0	0	0	0	0	0	0	0	0	0	0	0	0	0	0	0	0	0	0	0	0	0	0	0	0	0	0	0	0	0	2187	2174	2147	2147	2133	2120	2120	2120	2107	2107	2107	2107	2107	2107	2107	2095	2107	2107	2120	2120	2120	2133	2133	2133	2120	2120	2120	2133	2120	2120	2133	2133	2133	2133	2133	2120	2133	2133	2133	2147	2120	2174	2174	1404	1388	0	0	0	0	0	0	0	0	1428	1428	1428	1428	1422	1422	1941	1941	1941	1941	1941	1941	1941	1941	1941	1931	1920	1920	1920	1920	1920	1376	1376	0	0	0	0	0	0	0	0	0	0	0	0	0	0	0	0	0	0	0	0	0	0	0	0	0	0	874	874	872	872	870	870	870	868	868	866	866	866	863	861	859	857	857	853	844	842	838	836	834	832	832	830	828	828	826	824	824	824	824	824	824	824	824	826	828	830	830	830	830	830	830	830	832	830	830	832	840	849	853	853	853	853	855	855	857	859	861	861	863	863	863	863	863	863	863	861	859	857	855	855	851	851	849	846	846	846	846	846	849	851	853	855	855	855	857	859	859	859	859	859	857	857	857	857	855	855	855	855	853	853	853	853	0	0	0	0	0	0	0	0	0	0	0	0	0	0	0	0	0	0	0	0	0	0	0	0	0	0	0	0	0	0	0	0	0	0	0	0	0	0	0	0	0	0	0	0	0	0	0	0	0	0	0	0	0	0	0	0	0	0	0	0	0	0	0	0	0	0	0	0	0	0	0	0	0	0	0	0	0	0	0	0	0	0	0	0	0	0	0	0	0	0	0	0	0	0	0	0	0	0	0	0	0	0	0	0	0	0	0	0	0	0	0	0	0	0	0	0	0	0	0	0	0	0	0	0	0	0	0	0	0	0	0	0	0	0	0	0	0	0	0	0	0	0	0	0	0	0	0	0	0	0	0	0	0	0	0	0	0	0	0	0	0	0	0	0	0	0	0	0	0	0	0	0	0	0	0	0	
0	0	0	0	0	0	0	0	0	0	0	0	0	0	0	0	0	0	0	0	0	0	0	0	0	0	0	0	0	0	0	0	0	0	0	0	1828	1838	1848	1848	1848	1858	1858	1858	1899	1909	1920	1931	1931	1941	1931	1941	1952	1975	1986	2009	2021	2021	2033	2033	2033	2057	2069	2082	2069	2069	2082	2095	2147	2230	2230	2230	2215	2187	2187	2187	0	0	0	0	0	0	0	0	0	0	0	0	0	0	0	0	0	0	0	0	0	0	0	0	0	0	0	0	0	0	0	0	0	0	0	0	0	0	0	0	0	0	0	0	0	0	0	0	0	0	0	0	0	0	0	0	0	0	0	0	0	0	0	0	0	0	0	0	0	0	0	0	0	0	0	0	0	0	0	0	0	0	0	0	0	0	0	0	0	0	0	0	0	0	0	0	0	0	0	0	0	0	0	0	0	0	0	0	0	0	0	0	0	0	0	0	0	0	0	0	0	0	0	0	0	0	0	0	0	0	0	0	0	0	0	0	0	0	0	0	0	0	0	0	0	0	0	0	0	0	0	0	0	0	0	0	0	0	0	0	0	0	0	0	0	0	0	0	0	0	0	0	0	0	0	0	0	0	0	2187	2187	2187	2147	2147	2133	2120	2120	2120	2107	2107	2107	2107	2107	2095	2095	2095	2095	2107	2107	2120	2120	2133	2133	2133	2120	2133	2133	2133	2133	2133	2133	2133	2133	2133	2133	2120	2133	2120	2133	2133	2120	2133	1404	1404	1393	0	0	0	0	0	0	0	0	1428	1428	1428	1428	1428	1941	1941	1941	1931	1931	1931	1931	1931	1931	1931	1920	1920	1920	1920	1920	1920	1376	1376	1371	0	0	0	0	0	0	0	0	0	0	0	0	0	0	0	0	0	0	0	0	0	0	0	0	0	874	872	872	870	870	870	868	868	866	866	866	863	863	861	859	857	855	849	840	840	834	834	832	830	830	828	826	826	824	824	824	824	824	824	824	824	824	826	828	830	830	830	830	830	830	830	830	830	830	830	830	851	853	853	853	853	855	855	857	859	861	861	861	861	863	863	863	863	861	861	859	859	855	855	853	851	849	846	846	846	846	846	849	851	853	853	855	855	857	859	859	859	859	859	857	857	857	857	855	855	855	855	853	853	853	853	851	0	0	0	0	0	0	0	0	0	0	0	0	0	0	0	0	0	0	0	0	0	0	0	0	0	0	0	0	0	0	0	0	0	0	0	0	0	0	0	0	0	0	0	0	0	0	0	0	0	0	0	0	0	0	0	0	0	0	0	0	0	0	0	0	0	0	0	0	0	0	0	0	0	0	0	0	0	0	0	0	0	0	0	0	0	0	0	0	0	0	0	0	0	0	0	0	0	0	0	0	0	0	0	0	0	0	0	0	0	0	0	0	0	0	0	0	0	0	0	0	0	0	0	0	0	0	0	0	0	0	0	0	0	0	0	0	0	0	0	0	0	0	0	0	0	0	0	0	0	0	0	0	0	0	0	0	0	0	0	0	0	0	0	0	0	0	0	0	0	0	0	0	0	0	0	
0	0	0	0	0	0	0	0	0	0	0	0	0	0	0	0	0	0	0	0	0	0	0	0	0	0	0	0	0	0	0	0	0	0	0	0	1819	1838	1838	1848	1848	1858	1858	1858	1899	1909	1920	1931	1931	1941	1941	1952	1964	1975	1986	1998	2021	2021	2033	2033	2045	2057	2069	2082	2069	2069	2082	2095	2147	2215	2230	2230	2215	2215	2187	2187	0	0	0	0	0	0	0	0	0	0	0	0	0	0	0	0	0	0	0	0	0	0	0	0	0	0	0	0	0	0	0	0	0	0	0	0	0	0	0	0	0	0	0	0	0	0	0	0	0	0	0	0	0	0	0	0	0	0	0	0	0	0	0	0	0	0	0	0	0	0	0	0	0	0	0	0	0	0	0	0	0	0	0	0	0	0	0	0	0	0	0	0	0	0	0	0	0	0	0	0	0	0	0	0	0	0	0	0	0	0	0	0	0	0	0	0	0	0	0	0	0	0	0	0	0	0	0	0	0	0	0	0	0	0	0	0	0	0	0	0	0	0	0	0	0	0	0	0	0	0	0	0	0	0	0	0	0	0	0	0	0	0	0	0	0	0	0	0	0	0	0	0	0	0	0	0	0	0	0	2201	2187	2187	2147	2147	2133	2120	2120	2120	2107	2107	2107	2107	2107	2095	2095	2095	2095	2107	2107	2120	2120	2133	2133	2133	2120	2120	2133	2133	2133	2133	2133	2133	2133	2133	2133	2133	2133	2133	2133	2133	2133	2120	2147	1399	1376	0	0	0	0	0	0	0	1434	1428	1428	1428	1428	1941	1941	1941	1941	1931	1931	1931	1931	1931	1931	1931	1920	1920	1920	1920	1920	1920	1376	1371	0	0	0	0	0	0	0	0	0	0	0	0	0	0	0	0	0	0	0	0	0	0	0	0	0	0	874	872	872	870	868	868	868	866	866	866	863	863	861	859	857	855	853	842	838	838	834	832	830	830	828	826	826	824	824	824	824	824	824	824	824	824	824	826	828	828	830	828	830	830	830	830	830	830	830	830	830	851	853	853	853	853	855	855	857	859	861	861	861	861	861	863	863	861	861	861	859	857	855	855	851	849	849	846	846	846	846	846	849	851	853	853	855	855	857	859	859	859	859	859	859	857	857	857	855	855	855	855	855	853	853	853	851	0	0	0	0	0	0	0	0	0	0	0	0	0	0	0	0	0	0	0	0	0	0	0	0	0	0	0	0	0	0	0	0	0	0	0	0	0	0	0	0	0	0	0	0	0	0	0	0	0	0	0	0	0	0	0	0	0	0	0	0	0	0	0	0	0	0	0	0	0	0	0	0	0	0	0	0	0	0	0	0	0	0	0	0	0	0	0	0	0	0	0	0	0	0	0	0	0	0	0	0	0	0	0	0	0	0	0	0	0	0	0	0	0	0	0	0	0	0	0	0	0	0	0	0	0	0	0	0	0	0	0	0	0	0	0	0	0	0	0	0	0	0	0	0	0	0	0	0	0	0	0	0	0	0	0	0	0	0	0	0	0	0	0	0	0	0	0	0	0	0	0	0	0	0	0	
0	0	0	0	0	0	0	0	0	0	0	0	0	0	0	0	0	0	0	0	0	0	0	0	0	0	0	0	0	0	0	0	0	0	0	0	1819	1838	1838	1848	1858	1858	1858	1858	1899	1899	1920	1931	1941	1941	1941	1952	1964	1975	1975	1986	2009	2033	2033	2033	2045	2069	2082	2082	2069	2082	2082	2120	2174	2201	2215	2215	2201	2201	2201	0	0	0	0	0	0	0	0	0	0	0	0	0	0	0	0	0	0	0	0	0	0	0	0	0	0	0	0	0	0	0	0	0	0	0	0	0	0	0	0	0	0	0	0	0	0	0	0	0	0	0	0	0	0	0	0	0	0	0	0	0	0	0	0	0	0	0	0	0	0	0	0	0	0	0	0	0	0	0	0	0	0	0	0	0	0	0	0	0	0	0	0	0	0	0	0	0	0	0	0	0	0	0	0	0	0	0	0	0	0	0	0	0	0	0	0	0	0	0	0	0	0	0	0	0	0	0	0	0	0	0	0	0	0	0	0	0	0	0	0	0	0	0	0	0	0	0	0	0	0	0	0	0	0	0	0	0	0	0	0	0	0	0	0	0	0	0	0	0	0	0	0	0	0	0	0	0	0	0	0	0	2201	2187	2133	2133	2133	2120	2120	2120	2107	2107	2107	2107	2107	2107	2107	2107	2107	2107	2120	2120	2120	2133	2133	2133	2133	2133	2133	2133	2133	2133	2133	2133	2133	2133	2133	2133	2133	2133	2133	2133	2120	2120	1371	1376	1371	0	0	0	0	0	0	1428	1434	1428	1428	1428	1941	1941	1941	1941	1931	1931	1931	1931	1931	1931	1920	1931	1920	1920	1920	1920	1920	1920	1376	0	0	0	0	0	0	0	0	0	0	0	0	0	0	0	0	0	0	0	0	0	0	0	0	0	0	0	874	872	870	870	868	868	872	866	866	863	863	861	861	857	855	849	842	840	838	838	834	832	830	828	828	826	824	824	824	824	824	824	822	824	824	824	824	826	828	828	830	828	828	828	830	830	830	828	828	830	830	851	853	853	853	853	855	855	857	859	859	861	861	861	861	863	863	861	861	859	859	857	855	853	851	849	849	846	846	846	846	846	849	851	853	853	855	857	857	859	859	859	859	859	857	857	857	857	855	855	855	855	855	853	853	853	851	0	0	0	0	0	0	0	0	0	0	0	0	0	0	0	0	0	0	0	0	0	0	0	0	0	0	0	0	0	0	0	0	0	0	0	0	0	0	0	0	0	0	0	0	0	0	0	0	0	0	0	0	0	0	0	0	0	0	0	0	0	0	0	0	0	0	0	0	0	0	0	0	0	0	0	0	0	0	0	0	0	0	0	0	0	0	0	0	0	0	0	0	0	0	0	0	0	0	0	0	0	0	0	0	0	0	0	0	0	0	0	0	0	0	0	0	0	0	0	0	0	0	0	0	0	0	0	0	0	0	0	0	0	0	0	0	0	0	0	0	0	0	0	0	0	0	0	0	0	0	0	0	0	0	0	0	0	0	0	0	0	0	0	0	0	0	0	0	0	0	0	0	0	0	0	
0	0	0	0	0	0	0	0	0	0	0	0	0	0	0	0	0	0	0	0	0	0	0	0	0	0	0	0	0	0	0	0	0	0	0	0	1819	1828	1838	1848	1848	1858	1858	1868	1899	1899	1920	1931	1931	1931	1941	1941	1964	1975	1986	1986	1986	2021	2021	2033	2045	2069	2082	2082	2069	2082	2082	2120	2174	2201	2215	2215	2201	2201	2201	0	0	0	0	0	0	0	0	0	0	0	0	0	0	0	0	0	0	0	0	0	0	0	0	0	0	0	0	0	0	0	0	0	0	0	0	0	0	0	0	0	0	0	0	0	0	0	0	0	0	0	0	0	0	0	0	0	0	0	0	0	0	0	0	0	0	0	0	0	0	0	0	0	0	0	0	0	0	0	0	0	0	0	0	0	0	0	0	0	0	0	0	0	0	0	0	0	0	0	0	0	0	0	0	0	0	0	0	0	0	0	0	0	0	0	0	0	0	0	0	0	0	0	0	0	0	0	0	0	0	0	0	0	0	0	0	0	0	0	0	0	0	0	0	0	0	0	0	0	0	0	0	0	0	0	0	0	0	0	0	0	0	0	0	0	0	0	0	0	0	0	0	0	0	0	0	0	0	0	0	0	2201	2201	2160	2133	2120	2120	2120	2120	2107	2107	2107	2107	2107	2095	2095	2095	2095	2107	2120	2120	2120	2133	2133	2133	2133	2133	2133	2133	2133	2133	2133	2133	2120	2133	2120	2133	2133	2120	2133	2133	2133	2107	2107	1371	1371	0	0	0	0	0	0	1428	1434	1428	1428	1428	1941	1941	1941	1931	1931	1931	1931	1931	1920	1920	1920	1931	1920	1920	1920	1920	1920	1371	1371	0	0	0	0	0	0	0	0	0	0	0	0	0	0	0	0	0	0	0	0	0	0	0	0	0	0	874	872	872	870	868	868	868	866	866	866	863	863	861	857	855	851	846	842	838	836	836	832	830	828	828	826	824	824	824	822	822	822	822	822	824	824	824	824	826	828	828	828	828	828	828	828	828	830	828	828	828	851	853	853	853	853	853	855	855	857	857	859	861	861	861	861	861	861	861	861	859	857	855	855	853	851	849	846	846	846	846	846	846	849	851	853	853	855	855	857	857	859	859	859	859	859	857	857	857	855	855	855	855	855	853	853	853	0	0	0	0	0	0	0	0	0	0	0	0	0	0	0	0	0	0	0	0	0	0	0	0	0	0	0	0	0	0	0	0	0	0	0	0	0	0	0	0	0	0	0	0	0	0	0	0	0	0	0	0	0	0	0	0	0	0	0	0	0	0	0	0	0	0	0	0	0	0	0	0	0	0	0	0	0	0	0	0	0	0	0	0	0	0	0	0	0	0	0	0	0	0	0	0	0	0	0	0	0	0	0	0	0	0	0	0	0	0	0	0	0	0	0	0	0	0	0	0	0	0	0	0	0	0	0	0	0	0	0	0	0	0	0	0	0	0	0	0	0	0	0	0	0	0	0	0	0	0	0	0	0	0	0	0	0	0	0	0	0	0	0	0	0	0	0	0	0	0	0	0	0	0	0	0	
0	0	0	0	0	0	0	0	0	0	0	0	0	0	0	0	0	0	0	0	0	0	0	0	0	0	0	0	0	0	0	0	0	0	0	0	1819	1828	1838	1848	1848	1858	1868	1868	1899	1909	1920	1920	1931	1931	1931	1941	1964	1986	1986	1986	1998	2021	2021	2033	2045	2069	2082	2082	2069	2082	2082	2147	2174	2201	2201	2215	2201	2201	2201	0	0	0	0	0	0	0	0	0	0	0	0	0	0	0	0	0	0	0	0	0	0	0	0	0	0	0	0	0	0	0	0	0	0	0	0	0	0	0	0	0	0	0	0	0	0	0	0	0	0	0	0	0	0	0	0	0	0	0	0	0	0	0	0	0	0	0	0	0	0	0	0	0	0	0	0	0	0	0	0	0	0	0	0	0	0	0	0	0	0	0	0	0	0	0	0	0	0	0	0	0	0	0	0	0	0	0	0	0	0	0	0	0	0	0	0	0	0	0	0	0	0	0	0	0	0	0	0	0	0	0	0	0	0	0	0	0	0	0	0	0	0	0	0	0	0	0	0	0	0	0	0	0	0	0	0	0	0	0	0	0	0	0	0	0	0	0	0	0	0	0	0	0	0	0	0	0	0	0	0	0	2201	2187	2187	2147	2133	2120	2120	2120	2107	2107	2095	2095	2095	2095	2095	2095	2095	2107	2120	2120	2120	2133	2133	2133	2133	2133	2147	2133	2133	2133	2133	2133	2133	2133	2133	2133	2133	2133	2133	2133	2133	2107	2120	1371	1366	0	0	0	0	0	0	1434	1434	1434	1428	1428	1941	1941	1941	1931	1931	1931	1931	1931	1920	1920	1920	1920	1920	1920	1920	1920	1371	1371	1371	0	0	0	0	0	0	0	0	0	0	0	0	0	0	0	0	0	0	0	0	0	0	0	0	0	0	874	872	870	870	868	868	866	866	866	863	863	861	859	855	851	849	844	840	838	836	834	830	830	828	826	824	824	822	822	822	822	822	822	822	822	822	822	824	824	828	828	828	826	828	828	828	828	828	828	828	828	851	853	853	853	853	853	855	855	857	857	859	859	861	861	861	861	861	861	859	859	857	855	855	853	851	849	846	846	846	846	846	846	849	851	853	853	855	855	857	857	859	859	859	857	857	857	855	855	855	855	855	855	855	855	855	853	851	0	0	0	0	0	0	0	0	0	0	0	0	0	0	0	0	0	0	0	0	0	0	0	0	0	0	0	0	0	0	0	0	0	0	0	0	0	0	0	0	0	0	0	0	0	0	0	0	0	0	0	0	0	0	0	0	0	0	0	0	0	0	0	0	0	0	0	0	0	0	0	0	0	0	0	0	0	0	0	0	0	0	0	0	0	0	0	0	0	0	0	0	0	0	0	0	0	0	0	0	0	0	0	0	0	0	0	0	0	0	0	0	0	0	0	0	0	0	0	0	0	0	0	0	0	0	0	0	0	0	0	0	0	0	0	0	0	0	0	0	0	0	0	0	0	0	0	0	0	0	0	0	0	0	0	0	0	0	0	0	0	0	0	0	0	0	0	0	0	0	0	0	0	0	0	
0	0	0	0	0	0	0	0	0	0	0	0	0	0	0	0	0	0	0	0	0	0	0	0	0	0	0	0	0	0	0	0	0	0	0	0	1819	1828	1838	1848	1848	1858	1868	1878	1899	1899	1909	1931	1931	1931	1941	1941	1975	1986	1986	1986	2009	2021	2021	2033	2045	2069	2082	2082	2069	2082	2095	2160	2187	2201	2215	2215	2215	2215	2201	0	0	0	0	0	0	0	0	0	0	0	0	0	0	0	0	0	0	0	0	0	0	0	0	0	0	0	0	0	0	0	0	0	0	0	0	0	0	0	0	0	0	0	0	0	0	0	0	0	0	0	0	0	0	0	0	0	0	0	0	0	0	0	0	0	0	0	0	0	0	0	0	0	0	0	0	0	0	0	0	0	0	0	0	0	0	0	0	0	0	0	0	0	0	0	0	0	0	0	0	0	0	0	0	0	0	0	0	0	0	0	0	0	0	0	0	0	0	0	0	0	0	0	0	0	0	0	0	0	0	0	0	0	0	0	0	0	0	0	0	0	0	0	0	0	0	0	0	0	0	0	0	0	0	0	0	0	0	0	0	0	0	0	0	0	0	0	0	0	0	0	0	0	0	0	0	0	0	0	0	0	2201	2187	2187	2160	2147	2133	2120	2120	2107	2107	2095	2095	2095	2095	2095	2095	2095	2107	2120	2120	2133	2133	2147	2147	2147	2133	2147	2147	2133	2133	2133	2133	2133	2133	2133	2133	2133	2120	2133	2133	2133	2120	2095	1366	1366	0	0	0	0	0	0	1434	1434	1434	1428	1428	1941	1941	1941	1931	1931	1931	1931	1931	1931	1931	1920	1931	1920	1920	1920	1920	1366	1366	0	0	0	0	0	0	0	0	0	0	0	0	0	0	0	0	0	0	0	0	0	0	0	0	0	0	0	872	872	870	868	868	866	866	866	863	863	861	859	855	853	851	846	844	840	838	834	832	830	828	826	824	824	822	822	822	822	822	822	822	820	822	822	822	822	824	826	826	826	826	828	828	828	828	828	828	828	828	853	853	853	853	853	853	855	857	857	857	859	859	861	861	861	861	861	859	859	857	857	855	853	853	851	846	846	846	846	846	846	846	849	849	853	853	855	855	857	857	857	857	859	857	857	857	855	855	855	855	855	855	855	853	853	853	0	0	0	0	0	0	0	0	0	0	0	0	0	0	0	0	0	0	0	0	0	0	0	0	0	0	0	0	0	0	0	0	0	0	0	0	0	0	0	0	0	0	0	0	0	0	0	0	0	0	0	0	0	0	0	0	0	0	0	0	0	0	0	0	0	0	0	0	0	0	0	0	0	0	0	0	0	0	0	0	0	0	0	0	0	0	0	0	0	0	0	0	0	0	0	0	0	0	0	0	0	0	0	0	0	0	0	0	0	0	0	0	0	0	0	0	0	0	0	0	0	0	0	0	0	0	0	0	0	0	0	0	0	0	0	0	0	0	0	0	0	0	0	0	0	0	0	0	0	0	0	0	0	0	0	0	0	0	0	0	0	0	0	0	0	0	0	0	0	0	0	0	0	0	0	0	
0	0	0	0	0	0	0	0	0	0	0	0	0	0	0	0	0	0	0	0	0	0	0	0	0	0	0	0	0	0	0	0	0	0	0	0	1819	1828	1838	1848	1858	1868	1868	1878	1888	1899	1899	1909	1920	1931	1941	1941	1952	1986	1986	1998	2009	2009	2021	2033	2045	2069	2082	2082	2082	2082	2095	2160	2187	2201	2215	2215	2215	2201	2215	0	0	0	0	0	0	0	0	0	0	0	0	0	0	0	0	0	0	0	0	0	0	0	0	0	0	0	0	0	0	0	0	0	0	0	0	0	0	0	0	0	0	0	0	0	0	0	0	0	0	0	0	0	0	0	0	0	0	0	0	0	0	0	0	0	0	0	0	0	0	0	0	0	0	0	0	0	0	0	0	0	0	0	0	0	0	0	0	0	0	0	0	0	0	0	0	0	0	0	0	0	0	0	0	0	0	0	0	0	0	0	0	0	0	0	0	0	0	0	0	0	0	0	0	0	0	0	0	0	0	0	0	0	0	0	0	0	0	0	0	0	0	0	0	0	0	0	0	0	0	0	0	0	0	0	0	0	0	0	0	0	0	0	0	0	0	0	0	0	0	0	0	0	0	0	0	0	0	0	0	0	2201	2187	2187	2133	2133	2120	2120	2120	2107	2107	2095	2107	2095	2095	2082	2095	2095	2107	2107	2120	2133	2133	2133	2133	2133	2133	2133	2133	2133	2133	2133	2133	2133	2133	2133	2133	2133	2133	2133	2133	2120	2120	1366	1366	0	0	0	0	0	0	0	1428	1428	1428	1428	1428	1931	1941	1941	1931	1931	1931	1931	1931	1931	1931	1920	1931	1920	1920	1920	1920	1366	1366	0	0	0	0	0	0	0	0	0	0	0	0	0	0	0	0	0	0	0	0	0	0	0	0	0	0	0	872	870	870	868	868	866	866	866	863	861	861	859	853	851	849	846	842	838	836	834	830	828	826	824	824	822	822	820	820	820	820	820	820	820	820	820	820	822	822	824	826	826	824	826	826	828	826	828	828	826	828	853	853	853	853	853	853	855	857	857	857	859	859	861	861	861	861	859	859	857	857	855	855	853	851	849	846	846	846	846	846	846	846	846	849	853	853	853	855	855	857	857	857	857	857	857	857	857	857	857	857	855	855	855	853	853	853	849	0	0	0	0	0	0	0	0	0	0	0	0	0	0	0	0	0	0	0	0	0	0	0	0	0	0	0	0	0	0	0	0	0	0	0	0	0	0	0	0	0	0	0	0	0	0	0	0	0	0	0	0	0	0	0	0	0	0	0	0	0	0	0	0	0	0	0	0	0	0	0	0	0	0	0	0	0	0	0	0	0	0	0	0	0	0	0	0	0	0	0	0	0	0	0	0	0	0	0	0	0	0	0	0	0	0	0	0	0	0	0	0	0	0	0	0	0	0	0	0	0	0	0	0	0	0	0	0	0	0	0	0	0	0	0	0	0	0	0	0	0	0	0	0	0	0	0	0	0	0	0	0	0	0	0	0	0	0	0	0	0	0	0	0	0	0	0	0	0	0	0	0	0	0	0	
0	0	0	0	0	0	0	0	0	0	0	0	0	0	0	0	0	0	0	0	0	0	0	0	0	0	0	0	0	0	0	0	0	0	0	0	1819	1819	1828	1838	1848	1858	1868	1878	1888	1899	1899	1909	1909	1931	1931	1941	1952	1986	1986	1986	1998	2009	2021	2033	2033	2069	2082	2095	2082	2082	2120	2174	2187	2201	2215	2230	2215	2201	2215	0	0	0	0	0	0	0	0	0	0	0	0	0	0	0	0	0	0	0	0	0	0	0	0	0	0	0	0	0	0	0	0	0	0	0	0	0	0	0	0	0	0	0	0	0	0	0	0	0	0	0	0	0	0	0	0	0	0	0	0	0	0	0	0	0	0	0	0	0	0	0	0	0	0	0	0	0	0	0	0	0	0	0	0	0	0	0	0	0	0	0	0	0	0	0	0	0	0	0	0	0	0	0	0	0	0	0	0	0	0	0	0	0	0	0	0	0	0	0	0	0	0	0	0	0	0	0	0	0	0	0	0	0	0	0	0	0	0	0	0	0	0	0	0	0	0	0	0	0	0	0	0	0	0	0	0	0	0	0	0	0	0	0	0	0	0	0	0	0	0	0	0	0	0	0	0	0	0	0	0	0	2201	2201	2187	2133	2133	2120	2120	2107	2107	2107	2095	2095	2095	2082	2082	2095	2095	2095	2133	2120	2133	2133	2133	2133	2133	2133	2133	2133	2133	2133	2133	2120	2120	2133	2133	2133	2133	2133	2133	2120	2120	1366	1366	1366	0	0	0	0	0	0	0	1434	1434	1434	1428	1428	1428	1941	1941	1931	1931	1931	1931	1931	1931	1931	1920	1920	1909	1909	1909	1920	1366	0	0	0	0	0	0	0	0	0	0	0	0	0	0	0	0	0	0	0	0	0	0	0	0	0	0	0	874	872	870	868	868	866	866	866	863	863	861	859	857	853	849	846	844	840	836	834	832	830	826	824	824	822	820	820	820	820	818	818	818	818	818	818	818	820	820	822	824	824	824	824	824	826	826	826	826	828	826	828	853	851	853	853	853	853	855	857	857	859	859	859	861	861	861	861	859	859	857	855	855	853	853	851	849	846	846	844	844	844	846	846	846	849	853	853	853	855	855	857	857	857	857	857	857	857	857	857	857	857	855	855	855	853	853	851	849	0	0	0	0	0	0	0	0	0	0	0	0	0	0	0	0	0	0	0	0	0	0	0	0	0	0	0	0	0	0	0	0	0	0	0	0	0	0	0	0	0	0	0	0	0	0	0	0	0	0	0	0	0	0	0	0	0	0	0	0	0	0	0	0	0	0	0	0	0	0	0	0	0	0	0	0	0	0	0	0	0	0	0	0	0	0	0	0	0	0	0	0	0	0	0	0	0	0	0	0	0	0	0	0	0	0	0	0	0	0	0	0	0	0	0	0	0	0	0	0	0	0	0	0	0	0	0	0	0	0	0	0	0	0	0	0	0	0	0	0	0	0	0	0	0	0	0	0	0	0	0	0	0	0	0	0	0	0	0	0	0	0	0	0	0	0	0	0	0	0	0	0	0	0	0	
0	0	0	0	0	0	0	0	0	0	0	0	0	0	0	0	0	0	0	0	0	0	0	0	0	0	0	0	0	0	0	0	0	0	0	0	1819	1819	1828	1838	1848	1858	1858	1868	1888	1888	1899	1909	1909	1920	1931	1931	1941	1975	1986	1986	2009	2009	2021	2021	2033	2057	2069	2095	2082	2082	2095	2187	2201	2215	2230	2230	2201	2201	2201	0	0	0	0	0	0	0	0	0	0	0	0	0	0	0	0	0	0	0	0	0	0	0	0	0	0	0	0	0	0	0	0	0	0	0	0	0	0	0	0	0	0	0	0	0	0	0	0	0	0	0	0	0	0	0	0	0	0	0	0	0	0	0	0	0	0	0	0	0	0	0	0	0	0	0	0	0	0	0	0	0	0	0	0	0	0	0	0	0	0	0	0	0	0	0	0	0	0	0	0	0	0	0	0	0	0	0	0	0	0	0	0	0	0	0	0	0	0	0	0	0	0	0	0	0	0	0	0	0	0	0	0	0	0	0	0	0	0	0	0	0	0	0	0	0	0	0	0	0	0	0	0	0	0	0	0	0	0	0	0	0	0	0	0	0	0	0	0	0	0	0	0	0	0	0	0	0	0	0	0	0	0	2201	2187	2133	2120	2120	2120	2120	2107	2107	2107	2107	2095	2095	2082	2095	2095	2095	2133	2120	2120	2133	2133	2133	2133	2133	2133	2133	2133	2133	2133	2133	2133	2133	2133	2133	2133	2120	2120	2120	2120	1366	1360	1366	0	0	0	0	0	0	0	1434	1434	1428	1428	1428	1428	1941	1931	1931	1931	1931	1931	1920	1931	1931	1920	1931	1909	1909	1909	1360	1366	0	0	0	0	0	0	0	0	0	0	0	0	0	0	0	0	0	0	0	0	0	0	0	0	0	0	0	874	872	870	868	868	866	866	863	863	861	859	855	853	849	846	842	840	838	834	832	830	828	824	822	822	820	818	818	818	816	816	816	816	818	818	818	818	818	820	822	822	824	824	822	824	824	824	824	826	828	826	828	853	851	851	853	853	853	855	857	857	859	859	859	861	861	861	861	859	859	857	855	855	853	853	851	849	846	844	844	844	844	844	846	846	849	853	853	853	855	855	857	857	857	857	857	857	857	857	857	857	855	855	855	853	851	851	851	846	0	0	0	0	0	0	0	0	0	0	0	0	0	0	0	0	0	0	0	0	0	0	0	0	0	0	0	0	0	0	0	0	0	0	0	0	0	0	0	0	0	0	0	0	0	0	0	0	0	0	0	0	0	0	0	0	0	0	0	0	0	0	0	0	0	0	0	0	0	0	0	0	0	0	0	0	0	0	0	0	0	0	0	0	0	0	0	0	0	0	0	0	0	0	0	0	0	0	0	0	0	0	0	0	0	0	0	0	0	0	0	0	0	0	0	0	0	0	0	0	0	0	0	0	0	0	0	0	0	0	0	0	0	0	0	0	0	0	0	0	0	0	0	0	0	0	0	0	0	0	0	0	0	0	0	0	0	0	0	0	0	0	0	0	0	0	0	0	0	0	0	0	0	0	0	
0	0	0	0	0	0	0	0	0	0	0	0	0	0	0	0	0	0	0	0	0	0	0	0	0	0	0	0	0	0	0	0	0	0	0	0	1828	1828	1828	1838	1848	1868	1868	1878	1888	1899	1899	1909	1909	1920	1931	1941	1952	1975	1986	1986	2009	2009	2009	2021	2033	2057	2069	2095	2082	2082	2095	2174	2187	2201	2230	2230	2201	2201	2215	0	0	0	0	0	0	0	0	0	0	0	0	0	0	0	0	0	0	0	0	0	0	0	0	0	0	0	0	0	0	0	0	0	0	0	0	0	0	0	0	0	0	0	0	0	0	0	0	0	0	0	0	0	0	0	0	0	0	0	0	0	0	0	0	0	0	0	0	0	0	0	0	0	0	0	0	0	0	0	0	0	0	0	0	0	0	0	0	0	0	0	0	0	0	0	0	0	0	0	0	0	0	0	0	0	0	0	0	0	0	0	0	0	0	0	0	0	0	0	0	0	0	0	0	0	0	0	0	0	0	0	0	0	0	0	0	0	0	0	0	0	0	0	0	0	0	0	0	0	0	0	0	0	0	0	0	0	0	0	0	0	0	0	0	0	0	0	0	0	0	0	0	0	0	0	0	0	0	0	0	0	0	2187	2147	2133	2133	2120	2120	2120	2107	2107	2107	2107	2095	2082	2082	2095	2095	2095	2133	2120	2120	2133	2133	2133	2133	2133	2133	2133	2133	2133	2133	2133	2133	2133	2133	2133	2133	2120	2120	2120	2082	1360	1360	1366	0	0	0	0	0	0	0	1434	1434	1428	1428	1428	1428	1422	1931	1931	1931	1920	1920	1920	1920	1931	1920	1920	1909	1920	1920	1360	1360	0	0	0	0	0	0	0	0	0	0	0	0	0	0	0	0	0	0	0	0	0	0	0	0	0	0	0	872	868	868	868	866	866	863	863	861	859	857	855	851	846	844	840	838	836	832	830	828	826	824	822	820	820	818	816	816	816	816	816	816	816	818	818	816	818	818	820	822	822	822	822	822	824	824	824	824	826	826	826	853	851	851	851	853	853	855	857	857	859	859	859	861	861	861	859	859	859	857	855	855	853	853	851	849	846	844	844	844	844	844	846	846	849	851	851	853	853	855	855	857	857	857	859	859	857	857	857	857	857	855	855	853	851	851	849	846	846	0	0	0	0	0	0	0	0	0	0	0	0	0	0	0	0	0	0	0	0	0	0	0	0	0	0	0	0	0	0	0	0	0	0	0	0	0	0	0	0	0	0	0	0	0	0	0	0	0	0	0	0	0	0	0	0	0	0	0	0	0	0	0	0	0	0	0	0	0	0	0	0	0	0	0	0	0	0	0	0	0	0	0	0	0	0	0	0	0	0	0	0	0	0	0	0	0	0	0	0	0	0	0	0	0	0	0	0	0	0	0	0	0	0	0	0	0	0	0	0	0	0	0	0	0	0	0	0	0	0	0	0	0	0	0	0	0	0	0	0	0	0	0	0	0	0	0	0	0	0	0	0	0	0	0	0	0	0	0	0	0	0	0	0	0	0	0	0	0	0	0	0	0	0	
0	0	0	0	0	0	0	0	0	0	0	0	0	0	0	0	0	0	0	0	0	0	0	0	0	0	0	0	0	0	0	0	0	0	0	0	1828	1828	1838	1848	1848	1858	1858	1868	1878	1888	1899	1909	1909	1920	1931	1941	1941	1964	1986	1986	2009	2009	2021	2009	2021	2045	2069	2082	2082	2069	2107	2174	2187	2201	2215	2215	2187	2187	2187	0	0	0	0	0	0	0	0	0	0	0	0	0	0	0	0	0	0	0	0	0	0	0	0	0	0	0	0	0	0	0	0	0	0	0	0	0	0	0	0	0	0	0	0	0	0	0	0	0	0	0	0	0	0	0	0	0	0	0	0	0	0	0	0	0	0	0	0	0	0	0	0	0	0	0	0	0	0	0	0	0	0	0	0	0	0	0	0	0	0	0	0	0	0	0	0	0	0	0	0	0	0	0	0	0	0	0	0	0	0	0	0	0	0	0	0	0	0	0	0	0	0	0	0	0	0	0	0	0	0	0	0	0	0	0	0	0	0	0	0	0	0	0	0	0	0	0	0	0	0	0	0	0	0	0	0	0	0	0	0	0	0	0	0	0	0	0	0	0	0	0	0	0	0	0	0	0	0	0	0	0	0	0	2147	2133	2133	2120	2120	2120	2120	2107	2107	2107	2095	2095	2095	2095	2095	2095	2107	2120	2133	2133	2133	2133	2133	2133	2133	2133	2133	2133	2133	2133	2133	2133	2133	2133	2133	2120	2120	2120	2107	0	1360	1366	0	0	0	0	0	0	0	1434	1428	1428	1428	1428	1422	1422	1931	1931	1931	1931	1920	1931	1931	1931	1931	1931	1920	1920	1920	1888	1360	0	0	0	0	0	0	0	0	0	0	0	0	0	0	0	0	0	0	0	0	0	0	0	0	0	0	0	872	868	868	866	866	863	863	861	859	857	855	853	849	844	842	838	836	834	832	830	826	826	822	822	820	818	816	816	816	816	816	816	816	816	818	818	816	816	818	820	822	822	822	822	822	822	824	822	824	826	824	826	853	851	851	851	851	853	853	855	857	857	859	859	861	861	861	859	859	859	857	855	855	853	853	851	849	846	844	844	844	844	844	844	846	846	851	851	853	853	855	857	857	857	857	859	859	857	857	857	857	857	855	855	853	853	851	851	846	846	0	0	0	0	0	0	0	0	0	0	0	0	0	0	0	0	0	0	0	0	0	0	0	0	0	0	0	0	0	0	0	0	0	0	0	0	0	0	0	0	0	0	0	0	0	0	0	0	0	0	0	0	0	0	0	0	0	0	0	0	0	0	0	0	0	0	0	0	0	0	0	0	0	0	0	0	0	0	0	0	0	0	0	0	0	0	0	0	0	0	0	0	0	0	0	0	0	0	0	0	0	0	0	0	0	0	0	0	0	0	0	0	0	0	0	0	0	0	0	0	0	0	0	0	0	0	0	0	0	0	0	0	0	0	0	0	0	0	0	0	0	0	0	0	0	0	0	0	0	0	0	0	0	0	0	0	0	0	0	0	0	0	0	0	0	0	0	0	0	0	0	0	0	0	
0	0	0	0	0	0	0	0	0	0	0	0	0	0	0	0	0	0	0	0	0	0	0	0	0	0	0	0	0	0	0	0	0	0	0	0	1838	1828	1838	1848	1848	1858	1858	1868	1878	1888	1899	1899	1899	1909	1920	1941	1941	1952	1964	1975	2009	2009	2021	2021	2033	2045	2069	2082	2082	2082	2133	2160	2201	2201	2215	2230	2215	2201	2201	0	0	0	0	0	0	0	0	0	0	0	0	0	0	0	0	0	0	0	0	0	0	0	0	0	0	0	0	0	0	0	0	0	0	0	0	0	0	0	0	0	0	0	0	0	0	0	0	0	0	0	0	0	0	0	0	0	0	0	0	0	0	0	0	0	0	0	0	0	0	0	0	0	0	0	0	0	0	0	0	0	0	0	0	0	0	0	0	0	0	0	0	0	0	0	0	0	0	0	0	0	0	0	0	0	0	0	0	0	0	0	0	0	0	0	0	0	0	0	0	0	0	0	0	0	0	0	0	0	0	0	0	0	0	0	0	0	0	0	0	0	0	0	0	0	0	0	0	0	0	0	0	0	0	0	0	0	0	0	0	0	0	0	0	0	0	0	0	0	0	0	0	0	0	0	0	0	0	0	0	0	0	2147	2147	2133	2133	2120	2120	2120	2120	2107	2107	2107	2095	2095	2095	2095	2095	2095	2107	2120	2133	2133	2133	2133	2133	2133	2133	2133	2133	2133	2133	2133	2133	2133	2133	2133	2133	2120	2120	2107	2107	2133	2133	1366	0	0	0	0	0	0	0	1434	1428	1428	1428	1428	1428	1422	1941	1931	1931	1931	1931	1931	1931	1931	1931	1931	1920	1920	1888	1355	0	0	0	0	0	0	0	0	0	0	0	0	0	0	0	0	0	0	0	0	0	0	0	0	0	0	0	0	870	868	866	866	863	863	861	859	857	857	855	853	849	842	840	838	836	832	830	828	826	824	822	820	818	816	816	816	816	816	816	816	816	816	818	816	816	816	816	818	820	822	822	820	822	822	822	822	824	826	824	826	851	849	849	851	851	851	853	855	857	857	859	859	861	861	861	861	859	859	857	855	855	853	851	849	846	846	844	844	844	844	844	844	844	846	849	851	853	853	855	857	857	857	857	859	859	857	857	857	857	857	855	855	853	851	851	849	844	0	0	0	0	0	0	0	0	0	0	0	0	0	0	0	0	0	0	0	0	0	0	0	0	0	0	0	0	0	0	0	0	0	0	0	0	0	0	0	0	0	0	0	0	0	0	0	0	0	0	0	0	0	0	0	0	0	0	0	0	0	0	0	0	0	0	0	0	0	0	0	0	0	0	0	0	0	0	0	0	0	0	0	0	0	0	0	0	0	0	0	0	0	0	0	0	0	0	0	0	0	0	0	0	0	0	0	0	0	0	0	0	0	0	0	0	0	0	0	0	0	0	0	0	0	0	0	0	0	0	0	0	0	0	0	0	0	0	0	0	0	0	0	0	0	0	0	0	0	0	0	0	0	0	0	0	0	0	0	0	0	0	0	0	0	0	0	0	0	0	0	0	0	0	0	
0	0	0	0	0	0	0	0	0	0	0	0	0	0	0	0	0	0	0	0	0	0	0	0	0	0	0	0	0	0	0	0	0	0	0	0	1838	1828	1838	1848	1848	1858	1858	1868	1878	1888	1899	1899	1909	1920	1931	1931	1941	1952	1964	1975	2009	2009	2021	2033	2033	2057	2069	2082	2082	2082	2147	2187	2201	2201	2201	2230	2187	2187	2201	0	0	0	0	0	0	0	0	0	0	0	0	0	0	0	0	0	0	0	0	0	0	0	0	0	0	0	0	0	0	0	0	0	0	0	0	0	0	0	0	0	0	0	0	0	0	0	0	0	0	0	0	0	0	0	0	0	0	0	0	0	0	0	0	0	0	0	0	0	0	0	0	0	0	0	0	0	0	0	0	0	0	0	0	0	0	0	0	0	0	0	0	0	0	0	0	0	0	0	0	0	0	0	0	0	0	0	0	0	0	0	0	0	0	0	0	0	0	0	0	0	0	0	0	0	0	0	0	0	0	0	0	0	0	0	0	0	0	0	0	0	0	0	0	0	0	0	0	0	0	0	0	0	0	0	0	0	0	0	0	0	0	0	0	0	0	0	0	0	0	0	0	0	0	0	0	0	0	0	0	0	0	2147	2147	2133	2120	2120	2120	2120	2120	2120	2120	2107	2107	2095	2095	2095	2107	2107	2120	2120	2120	2133	2133	2133	2133	2133	2133	2133	2133	2133	2133	2133	2133	2133	2133	2133	2133	2120	2120	2107	2120	2107	2120	2120	0	0	0	0	0	0	0	1434	1428	1428	1428	1428	1428	1422	1422	1931	1931	1931	1931	1931	1931	1931	1931	1931	1920	1920	1920	1355	0	0	0	0	0	0	0	0	0	0	0	0	0	0	0	0	0	0	0	0	0	0	0	0	0	0	0	868	868	866	866	866	863	863	861	859	857	855	851	849	846	840	838	836	834	832	830	828	826	824	820	818	816	816	816	816	815	815	816	816	816	816	816	816	816	816	816	818	820	820	820	820	820	822	822	822	822	824	824	824	851	849	849	851	851	851	853	855	855	857	857	859	861	861	861	861	859	859	857	855	853	853	851	849	846	844	844	844	842	842	844	844	844	846	849	851	853	853	855	857	857	857	857	859	857	857	857	857	857	857	857	855	853	851	849	849	844	0	0	0	0	0	0	0	0	0	0	0	0	0	0	0	0	0	0	0	0	0	0	0	0	0	0	0	0	0	0	0	0	0	0	0	0	0	0	0	0	0	0	0	0	0	0	0	0	0	0	0	0	0	0	0	0	0	0	0	0	0	0	0	0	0	0	0	0	0	0	0	0	0	0	0	0	0	0	0	0	0	0	0	0	0	0	0	0	0	0	0	0	0	0	0	0	0	0	0	0	0	0	0	0	0	0	0	0	0	0	0	0	0	0	0	0	0	0	0	0	0	0	0	0	0	0	0	0	0	0	0	0	0	0	0	0	0	0	0	0	0	0	0	0	0	0	0	0	0	0	0	0	0	0	0	0	0	0	0	0	0	0	0	0	0	0	0	0	0	0	0	0	0	0	0	
0	0	0	0	0	0	0	0	0	0	0	0	0	0	0	0	0	0	0	0	0	0	0	0	0	0	0	0	0	0	0	0	0	0	0	0	1828	1828	1838	1848	1848	1858	1858	1868	1868	1888	1899	1899	1909	1920	1931	1941	1941	1952	1964	1975	1986	2009	2021	2021	2033	2057	2069	2082	2082	2082	2147	2160	2187	2201	2187	2215	2187	2187	2201	0	0	0	0	0	0	0	0	0	0	0	0	0	0	0	0	0	0	0	0	0	0	0	0	0	0	0	0	0	0	0	0	0	0	0	0	0	0	0	0	0	0	0	0	0	0	0	0	0	0	0	0	0	0	0	0	0	0	0	0	0	0	0	0	0	0	0	0	0	0	0	0	0	0	0	0	0	0	0	0	0	0	0	0	0	0	0	0	0	0	0	0	0	0	0	0	0	0	0	0	0	0	0	0	0	0	0	0	0	0	0	0	0	0	0	0	0	0	0	0	0	0	0	0	0	0	0	0	0	0	0	0	0	0	0	0	0	0	0	0	0	0	0	0	0	0	0	0	0	0	0	0	0	0	0	0	0	0	0	0	0	0	0	0	0	0	0	0	0	0	0	0	0	0	0	0	0	0	0	0	0	2147	2147	2133	2133	2120	2120	2120	2120	2107	2107	2120	2107	2107	2107	2107	2120	2120	2120	2120	2120	2133	2133	2133	2133	2133	2133	2133	2133	2133	2133	2133	2133	2133	2133	2133	2133	2120	2120	2120	2107	2095	2095	2082	2069	1366	0	0	0	0	0	0	1434	1434	1428	1428	1428	1428	1428	1428	1931	1931	1931	1931	1931	1931	1931	1931	1931	1920	1920	1931	1909	0	0	0	0	0	0	0	0	0	0	0	0	0	0	0	0	0	0	0	0	0	0	0	0	0	0	0	868	868	866	866	863	861	861	857	855	855	851	846	846	842	840	838	836	834	830	828	826	826	824	820	818	816	816	815	815	815	815	816	816	815	816	816	816	816	816	816	816	818	820	820	820	820	822	822	822	822	824	824	834	846	846	849	849	851	851	853	853	855	857	857	859	861	861	861	861	859	859	857	855	853	853	851	849	846	844	844	842	842	842	842	844	844	846	849	851	853	855	855	855	857	857	855	857	857	855	855	855	855	855	855	853	851	851	849	849	844	0	0	0	0	0	0	0	0	0	0	0	0	0	0	0	0	0	0	0	0	0	0	0	0	0	0	0	0	0	0	0	0	0	0	0	0	0	0	0	0	0	0	0	0	0	0	0	0	0	0	0	0	0	0	0	0	0	0	0	0	0	0	0	0	0	0	0	0	0	0	0	0	0	0	0	0	0	0	0	0	0	0	0	0	0	0	0	0	0	0	0	0	0	0	0	0	0	0	0	0	0	0	0	0	0	0	0	0	0	0	0	0	0	0	0	0	0	0	0	0	0	0	0	0	0	0	0	0	0	0	0	0	0	0	0	0	0	0	0	0	0	0	0	0	0	0	0	0	0	0	0	0	0	0	0	0	0	0	0	0	0	0	0	0	0	0	0	0	0	0	0	0	0	0	0	
0	0	0	0	0	0	0	0	0	0	0	0	0	0	0	0	0	0	0	0	0	0	0	0	0	0	0	0	0	0	0	0	0	0	0	0	1838	1838	1838	1848	1848	1858	1858	1868	1868	1888	1888	1899	1909	1920	1931	1941	1941	1952	1964	1975	2009	2009	2021	2033	2033	2045	2069	2082	2082	2095	2133	2147	2174	2187	2187	2201	2187	2187	2187	0	0	0	0	0	0	0	0	0	0	0	0	0	0	0	0	0	0	0	0	0	0	0	0	0	0	0	0	0	0	0	0	0	0	0	0	0	0	0	0	0	0	0	0	0	0	0	0	0	0	0	0	0	0	0	0	0	0	0	0	0	0	0	0	0	0	0	0	0	0	0	0	0	0	0	0	0	0	0	0	0	0	0	0	0	0	0	0	0	0	0	0	0	0	0	0	0	0	0	0	0	0	0	0	0	0	0	0	0	0	0	0	0	0	0	0	0	0	0	0	0	0	0	0	0	0	0	0	0	0	0	0	0	0	0	0	0	0	0	0	0	0	0	0	0	0	0	0	0	0	0	0	0	0	0	0	0	0	0	0	0	0	0	0	0	0	0	0	0	0	0	0	0	0	0	0	0	0	0	0	0	2147	2147	2147	2133	2120	2120	2120	2120	2107	2107	2120	2107	2107	2107	2107	2107	2120	2120	2120	2120	2133	2133	2133	2133	2133	2133	2133	2133	2133	2133	2133	2133	2133	2133	2133	2133	2120	2120	2120	2120	2107	2133	2082	2082	2120	0	0	0	0	0	0	1440	1428	1428	1428	1428	1428	1428	1428	1931	1931	1931	1931	1931	1931	1931	1931	1920	1920	1920	1920	1909	0	0	0	0	0	0	0	0	0	0	0	0	0	0	0	0	0	0	0	0	0	0	0	0	0	0	0	868	866	866	863	863	861	859	857	853	851	849	844	842	842	838	838	836	832	830	828	826	824	822	818	816	816	815	815	815	815	815	815	815	815	815	816	816	816	816	816	816	818	818	820	820	820	822	822	822	822	824	824	844	846	846	846	849	851	851	853	853	855	855	857	859	859	859	861	859	859	859	855	855	853	851	849	846	846	844	842	842	842	842	842	844	844	846	851	851	853	855	855	857	857	857	857	857	857	855	855	855	855	855	855	855	851	851	849	849	844	0	0	0	0	0	0	0	0	0	0	0	0	0	0	0	0	0	0	0	0	0	0	0	0	0	0	0	0	0	0	0	0	0	0	0	0	0	0	0	0	0	0	0	0	0	0	0	0	0	0	0	0	0	0	0	0	0	0	0	0	0	0	0	0	0	0	0	0	0	0	0	0	0	0	0	0	0	0	0	0	0	0	0	0	0	0	0	0	0	0	0	0	0	0	0	0	0	0	0	0	0	0	0	0	0	0	0	0	0	0	0	0	0	0	0	0	0	0	0	0	0	0	0	0	0	0	0	0	0	0	0	0	0	0	0	0	0	0	0	0	0	0	0	0	0	0	0	0	0	0	0	0	0	0	0	0	0	0	0	0	0	0	0	0	0	0	0	0	0	0	0	0	0	0	0	
0	0	0	0	0	0	0	0	0	0	0	0	0	0	0	0	0	0	0	0	0	0	0	0	0	0	0	0	0	0	0	0	0	0	0	0	1838	1838	1848	1848	1848	1858	1868	1868	1878	1888	1888	1899	1909	1920	1931	1941	1941	1952	1964	1975	1986	2009	2021	2033	2033	2045	2069	2082	2082	2095	2133	2160	2174	2187	2187	2187	2174	2187	2187	2174	0	0	0	0	0	0	0	0	0	0	0	0	0	0	0	0	0	0	0	0	0	0	0	0	0	0	0	0	0	0	0	0	0	0	0	0	0	0	0	0	0	0	0	0	0	0	0	0	0	0	0	0	0	0	0	0	0	0	0	0	0	0	0	0	0	0	0	0	0	0	0	0	0	0	0	0	0	0	0	0	0	0	0	0	0	0	0	0	0	0	0	0	0	0	0	0	0	0	0	0	0	0	0	0	0	0	0	0	0	0	0	0	0	0	0	0	0	0	0	0	0	0	0	0	0	0	0	0	0	0	0	0	0	0	0	0	0	0	0	0	0	0	0	0	0	0	0	0	0	0	0	0	0	0	0	0	0	0	0	0	0	0	0	0	0	0	0	0	0	0	0	0	0	0	0	0	0	0	0	0	2147	2147	2147	2133	2120	2120	2107	2107	2107	2107	2107	2107	2107	2120	2120	2120	2120	2120	2120	2120	2133	2133	2133	2133	2133	2133	2133	2133	2133	2133	2133	2133	2120	2133	2120	2133	2120	2120	2120	2120	2107	2095	2082	2082	2107	0	0	0	0	0	0	1440	1434	1428	1428	1428	1428	1428	1428	1931	1931	1931	1931	1931	1931	1931	1931	1931	1920	1920	1920	1931	0	0	0	0	0	0	0	0	0	0	0	0	0	0	0	0	0	0	0	0	0	0	0	0	0	0	0	868	866	866	866	863	859	857	855	851	849	846	842	842	840	838	836	836	832	828	824	824	822	820	816	816	815	813	813	813	813	815	815	815	815	815	815	815	815	815	815	816	816	818	818	818	820	820	822	822	822	824	824	844	844	846	846	846	849	849	851	853	853	855	855	855	859	859	859	857	857	857	855	855	853	851	849	846	844	842	842	840	840	840	842	842	844	846	849	851	853	855	855	855	855	855	855	855	855	855	855	855	855	855	855	855	851	851	849	849	846	0	0	0	0	0	0	0	0	0	0	0	0	0	0	0	0	0	0	0	0	0	0	0	0	0	0	0	0	0	0	0	0	0	0	0	0	0	0	0	0	0	0	0	0	0	0	0	0	0	0	0	0	0	0	0	0	0	0	0	0	0	0	0	0	0	0	0	0	0	0	0	0	0	0	0	0	0	0	0	0	0	0	0	0	0	0	0	0	0	0	0	0	0	0	0	0	0	0	0	0	0	0	0	0	0	0	0	0	0	0	0	0	0	0	0	0	0	0	0	0	0	0	0	0	0	0	0	0	0	0	0	0	0	0	0	0	0	0	0	0	0	0	0	0	0	0	0	0	0	0	0	0	0	0	0	0	0	0	0	0	0	0	0	0	0	0	0	0	0	0	0	0	0	0	0	
0	0	0	0	0	0	0	0	0	0	0	0	0	0	0	0	0	0	0	0	0	0	0	0	0	0	0	0	0	0	0	0	0	0	0	0	1838	1838	1838	1848	1848	1858	1858	1868	1868	1888	1888	1899	1909	1931	1931	1941	1952	1964	1964	1975	2009	2021	2021	2033	2033	2045	2069	2082	2082	2095	2133	2160	2174	2187	2201	2201	2201	2174	2187	2147	0	0	0	0	0	0	0	0	0	0	0	0	0	0	0	0	0	0	0	0	0	0	0	0	0	0	0	0	0	0	0	0	0	0	0	0	0	0	0	0	0	0	0	0	0	0	0	0	0	0	0	0	0	0	0	0	0	0	0	0	0	0	0	0	0	0	0	0	0	0	0	0	0	0	0	0	0	0	0	0	0	0	0	0	0	0	0	0	0	0	0	0	0	0	0	0	0	0	0	0	0	0	0	0	0	0	0	0	0	0	0	0	0	0	0	0	0	0	0	0	0	0	0	0	0	0	0	0	0	0	0	0	0	0	0	0	0	0	0	0	0	0	0	0	0	0	0	0	0	0	0	0	0	0	0	0	0	0	0	0	0	0	0	0	0	0	0	0	0	0	0	0	0	0	0	0	0	0	0	2187	2160	2160	2147	2133	2120	2120	2107	2107	2107	2107	2107	2107	2120	2120	2120	2120	2120	2120	2120	2120	2133	2133	2133	2133	2133	2133	2133	2133	2133	2133	2133	2133	2120	2133	2120	2133	2120	2120	2107	2120	2107	2107	2082	2069	2120	0	0	0	0	0	0	0	1434	1428	1428	1428	1428	1428	1920	1931	1931	1931	1931	1931	1931	1931	1931	1931	1920	1920	1920	1920	0	0	0	0	0	0	0	0	0	0	0	0	0	0	0	0	0	0	0	0	0	0	0	0	0	0	0	868	866	866	863	861	857	855	851	849	846	844	842	840	840	836	836	832	830	826	824	822	822	818	816	815	813	813	811	813	813	813	813	813	813	811	809	811	813	813	813	813	815	816	818	818	820	820	822	822	822	824	838	844	844	846	846	846	849	849	851	853	853	853	855	855	857	857	857	857	857	855	855	853	851	851	846	846	844	842	840	840	840	840	842	842	844	846	849	851	853	855	855	855	855	855	855	855	855	855	855	855	855	855	855	853	851	851	849	849	846	0	0	0	0	0	0	0	0	0	0	0	0	0	0	0	0	0	0	0	0	0	0	0	0	0	0	0	0	0	0	0	0	0	0	0	0	0	0	0	0	0	0	0	0	0	0	0	0	0	0	0	0	0	0	0	0	0	0	0	0	0	0	0	0	0	0	0	0	0	0	0	0	0	0	0	0	0	0	0	0	0	0	0	0	0	0	0	0	0	0	0	0	0	0	0	0	0	0	0	0	0	0	0	0	0	0	0	0	0	0	0	0	0	0	0	0	0	0	0	0	0	0	0	0	0	0	0	0	0	0	0	0	0	0	0	0	0	0	0	0	0	0	0	0	0	0	0	0	0	0	0	0	0	0	0	0	0	0	0	0	0	0	0	0	0	0	0	0	0	0	0	0	0	0	0	
0	0	0	0	0	0	0	0	0	0	0	0	0	0	0	0	0	0	0	0	0	0	0	0	0	0	0	0	0	0	0	0	0	0	0	0	1828	1838	1838	1848	1848	1858	1858	1868	1878	1888	1888	1899	1909	1931	1931	1952	1952	1964	1975	1975	2009	2021	2021	2033	2033	2045	2069	2082	2082	2095	2133	2147	2174	2187	2187	2201	2201	2187	2187	2160	0	0	0	0	0	0	0	0	0	0	0	0	0	0	0	0	0	0	0	0	0	0	0	0	0	0	0	0	0	0	0	0	0	0	0	0	0	0	0	0	0	0	0	0	0	0	0	0	0	0	0	0	0	0	0	0	0	0	0	0	0	0	0	0	0	0	0	0	0	0	0	0	0	0	0	0	0	0	0	0	0	0	0	0	0	0	0	0	0	0	0	0	0	0	0	0	0	0	0	0	0	0	0	0	0	0	0	0	0	0	0	0	0	0	0	0	0	0	0	0	0	0	0	0	0	0	0	0	0	0	0	0	0	0	0	0	0	0	0	0	0	0	0	0	0	0	0	0	0	0	0	0	0	0	0	0	0	0	0	0	0	0	0	0	0	0	0	0	0	0	0	0	0	0	0	0	0	0	0	2201	2174	2174	2160	2133	2133	2120	2107	2107	2107	2107	2107	2107	2107	2120	2120	2120	2120	2120	2120	2120	2120	2133	2133	2133	2133	2133	2133	2133	2120	2133	2133	2133	2120	2133	2120	2120	2120	2120	2107	2107	2107	2120	2095	2120	2120	0	0	0	0	0	0	0	1428	1428	1428	1428	1428	1428	1920	1931	1931	1931	1931	1931	1931	1931	1931	1931	1931	1920	1920	1899	0	0	0	0	0	0	0	0	0	0	0	0	0	0	0	0	0	0	0	0	0	0	0	0	0	0	866	868	866	866	863	861	857	853	851	849	844	842	840	838	838	834	832	830	828	824	822	820	818	816	815	813	811	809	809	809	809	811	811	811	811	809	809	809	811	811	811	811	813	816	818	818	820	820	822	822	822	824	842	844	844	846	846	846	849	851	851	853	853	855	855	855	857	857	857	857	857	855	855	853	851	849	846	846	844	842	840	840	840	842	842	842	844	846	849	851	853	853	855	855	855	855	855	855	855	855	855	855	855	855	855	853	851	851	849	849	846	0	0	0	0	0	0	0	0	0	0	0	0	0	0	0	0	0	0	0	0	0	0	0	0	0	0	0	0	0	0	0	0	0	0	0	0	0	0	0	0	0	0	0	0	0	0	0	0	0	0	0	0	0	0	0	0	0	0	0	0	0	0	0	0	0	0	0	0	0	0	0	0	0	0	0	0	0	0	0	0	0	0	0	0	0	0	0	0	0	0	0	0	0	0	0	0	0	0	0	0	0	0	0	0	0	0	0	0	0	0	0	0	0	0	0	0	0	0	0	0	0	0	0	0	0	0	0	0	0	0	0	0	0	0	0	0	0	0	0	0	0	0	0	0	0	0	0	0	0	0	0	0	0	0	0	0	0	0	0	0	0	0	0	0	0	0	0	0	0	0	0	0	0	0	0	
0	0	0	0	0	0	0	0	0	0	0	0	0	0	0	0	0	0	0	0	0	0	0	0	0	0	0	0	0	0	0	0	0	0	0	0	1828	1828	1838	1838	1848	1858	1858	1868	1878	1888	1888	1899	1920	1931	1931	1941	1952	1964	1975	1986	2009	2021	2021	2033	2045	2045	2082	2095	2095	2095	2120	2147	2160	2174	2187	2201	2201	2187	2187	2187	0	0	0	0	0	0	0	0	0	0	0	0	0	0	0	0	0	0	0	0	0	0	0	0	0	0	0	0	0	0	0	0	0	0	0	0	0	0	0	0	0	0	0	0	0	0	0	0	0	0	0	0	0	0	0	0	0	0	0	0	0	0	0	0	0	0	0	0	0	0	0	0	0	0	0	0	0	0	0	0	0	0	0	0	0	0	0	0	0	0	0	0	0	0	0	0	0	0	0	0	0	0	0	0	0	0	0	0	0	0	0	0	0	0	0	0	0	0	0	0	0	0	0	0	0	0	0	0	0	0	0	0	0	0	0	0	0	0	0	0	0	0	0	0	0	0	0	0	0	0	0	0	0	0	0	0	0	0	0	0	0	0	0	0	0	0	0	0	0	0	0	0	0	0	0	0	0	0	0	2187	2174	2160	2160	2133	2120	2120	2107	2107	2095	2095	2107	2107	2120	2120	2120	2120	2120	2120	2120	2120	2120	2133	2133	2133	2133	2133	2133	2133	2133	2133	2133	2133	2133	2133	2120	2120	2120	2120	2120	2107	2120	2120	2133	2107	0	0	0	0	0	0	0	1434	1428	1428	1428	1428	1428	1428	1920	1931	1931	1931	1931	1931	1931	1931	1931	1931	1931	1909	1909	0	0	0	0	0	0	0	0	0	0	0	0	0	0	0	0	0	0	0	0	0	0	0	0	0	0	866	866	868	866	863	861	859	855	851	849	846	844	842	840	838	836	832	832	830	826	824	822	820	816	815	813	811	811	809	809	809	809	811	811	811	811	809	809	809	809	809	811	811	811	816	818	818	820	820	820	822	822	822	842	844	844	846	846	846	849	849	851	853	853	855	855	855	855	855	855	855	855	855	853	853	849	846	846	844	844	842	840	840	840	840	840	842	844	846	851	853	853	853	855	855	855	855	855	855	855	855	855	855	855	855	855	853	853	851	851	851	849	846	0	0	0	0	0	0	0	0	0	0	0	0	0	0	0	0	0	0	0	0	0	0	0	0	0	0	0	0	0	0	0	0	0	0	0	0	0	0	0	0	0	0	0	0	0	0	0	0	0	0	0	0	0	0	0	0	0	0	0	0	0	0	0	0	0	0	0	0	0	0	0	0	0	0	0	0	0	0	0	0	0	0	0	0	0	0	0	0	0	0	0	0	0	0	0	0	0	0	0	0	0	0	0	0	0	0	0	0	0	0	0	0	0	0	0	0	0	0	0	0	0	0	0	0	0	0	0	0	0	0	0	0	0	0	0	0	0	0	0	0	0	0	0	0	0	0	0	0	0	0	0	0	0	0	0	0	0	0	0	0	0	0	0	0	0	0	0	0	0	0	0	0	0	0	
0	0	0	0	0	0	0	0	0	0	0	0	0	0	0	0	0	0	0	0	0	0	0	0	0	0	0	0	0	0	0	0	0	0	0	0	1828	1828	1838	1838	1848	1848	1858	1868	1878	1899	1899	1909	1920	1931	1941	1952	1952	1964	1975	1986	1986	2021	2021	2033	2033	2045	2082	2082	2082	2095	2133	2160	2160	2174	2187	2215	2215	2187	2187	2187	0	0	0	0	0	0	0	0	0	0	0	0	0	0	0	0	0	0	0	0	0	0	0	0	0	0	0	0	0	0	0	0	0	0	0	0	0	0	0	0	0	0	0	0	0	0	0	0	0	0	0	0	0	0	0	0	0	0	0	0	0	0	0	0	0	0	0	0	0	0	0	0	0	0	0	0	0	0	0	0	0	0	0	0	0	0	0	0	0	0	0	0	0	0	0	0	0	0	0	0	0	0	0	0	0	0	0	0	0	0	0	0	0	0	0	0	0	0	0	0	0	0	0	0	0	0	0	0	0	0	0	0	0	0	0	0	0	0	0	0	0	0	0	0	0	0	0	0	0	0	0	0	0	0	0	0	0	0	0	0	0	0	0	0	0	0	0	0	0	0	0	0	0	0	0	0	0	0	0	2201	2187	2174	2160	2133	2133	2120	2107	2107	2095	2095	2107	2107	2107	2120	2120	2120	2120	2120	2120	2120	2120	2133	2133	2133	2120	2120	2133	2133	2133	2133	2133	2133	2120	2120	2120	2120	2120	2120	2120	2120	2120	2120	2120	2120	0	0	0	0	0	0	0	1434	1428	1428	1428	1428	1428	1920	1920	1931	1931	1931	1931	1931	1931	1931	1931	1931	1931	1909	1909	1909	0	0	0	0	0	0	0	0	0	0	0	0	0	0	0	0	0	0	0	0	0	0	0	0	0	863	866	866	866	863	861	859	853	851	846	844	842	840	838	838	836	830	830	826	824	822	820	818	816	815	811	811	809	809	809	809	809	809	809	811	811	809	809	809	809	811	811	811	811	816	818	818	820	820	820	822	822	822	844	844	844	846	846	846	849	849	851	853	853	853	855	855	855	855	855	855	855	855	853	851	849	849	846	844	844	840	840	840	838	840	840	840	844	844	851	853	853	853	855	855	855	855	855	855	855	855	855	855	855	855	855	853	853	853	851	851	849	846	0	0	0	0	0	0	0	0	0	0	0	0	0	0	0	0	0	0	0	0	0	0	0	0	0	0	0	0	0	0	0	0	0	0	0	0	0	0	0	0	0	0	0	0	0	0	0	0	0	0	0	0	0	0	0	0	0	0	0	0	0	0	0	0	0	0	0	0	0	0	0	0	0	0	0	0	0	0	0	0	0	0	0	0	0	0	0	0	0	0	0	0	0	0	0	0	0	0	0	0	0	0	0	0	0	0	0	0	0	0	0	0	0	0	0	0	0	0	0	0	0	0	0	0	0	0	0	0	0	0	0	0	0	0	0	0	0	0	0	0	0	0	0	0	0	0	0	0	0	0	0	0	0	0	0	0	0	0	0	0	0	0	0	0	0	0	0	0	0	0	0	0	0	0	
0	0	0	0	0	0	0	0	0	0	0	0	0	0	0	0	0	0	0	0	0	0	0	0	0	0	0	0	0	0	0	0	0	0	0	0	0	1828	1838	1848	1848	1858	1858	1868	1878	1899	1899	1920	1931	1941	1941	1941	1952	1964	1975	1986	2009	2009	2021	2021	2033	2045	2082	2082	2082	2082	2120	2147	2160	2174	2187	2215	2230	2201	2187	2187	0	0	0	0	0	0	0	0	0	0	0	0	0	0	0	0	0	0	0	0	0	0	0	0	0	0	0	0	0	0	0	0	0	0	0	0	0	0	0	0	0	0	0	0	0	0	0	0	0	0	0	0	0	0	0	0	0	0	0	0	0	0	0	0	0	0	0	0	0	0	0	0	0	0	0	0	0	0	0	0	0	0	0	0	0	0	0	0	0	0	0	0	0	0	0	0	0	0	0	0	0	0	0	0	0	0	0	0	0	0	0	0	0	0	0	0	0	0	0	0	0	0	0	0	0	0	0	0	0	0	0	0	0	0	0	0	0	0	0	0	0	0	0	0	0	0	0	0	0	0	0	0	0	0	0	0	0	0	0	0	0	0	0	0	0	0	0	0	0	0	0	0	0	0	0	0	0	0	0	2201	2187	2174	2174	2133	2133	2120	2107	2095	2095	2095	2107	2107	2107	2120	2120	2120	2120	2120	2120	2120	2120	2133	2133	2133	2120	2120	2133	2133	2133	2133	2120	2133	2120	2120	2120	2120	2120	2120	2120	2120	2120	2120	2120	2107	0	0	0	0	0	0	0	0	1428	1428	1422	1422	1920	1931	1920	1931	1931	1920	1931	1931	1931	1931	1931	1931	1931	1909	1909	0	0	0	0	0	0	0	0	0	0	0	0	0	0	0	0	0	0	0	0	0	0	0	0	0	0	866	866	866	863	863	861	857	853	849	844	842	840	840	838	836	834	830	826	824	824	820	818	816	815	815	811	809	809	807	807	809	809	809	809	809	811	809	809	809	809	809	809	809	811	816	818	818	820	820	822	822	822	822	844	844	844	846	846	846	849	849	851	853	853	853	853	855	855	855	855	855	853	853	853	851	849	846	846	844	844	840	840	838	838	840	840	840	842	844	851	851	853	853	853	855	855	855	855	855	855	855	855	855	855	855	855	855	853	853	851	851	849	0	0	0	0	0	0	0	0	0	0	0	0	0	0	0	0	0	0	0	0	0	0	0	0	0	0	0	0	0	0	0	0	0	0	0	0	0	0	0	0	0	0	0	0	0	0	0	0	0	0	0	0	0	0	0	0	0	0	0	0	0	0	0	0	0	0	0	0	0	0	0	0	0	0	0	0	0	0	0	0	0	0	0	0	0	0	0	0	0	0	0	0	0	0	0	0	0	0	0	0	0	0	0	0	0	0	0	0	0	0	0	0	0	0	0	0	0	0	0	0	0	0	0	0	0	0	0	0	0	0	0	0	0	0	0	0	0	0	0	0	0	0	0	0	0	0	0	0	0	0	0	0	0	0	0	0	0	0	0	0	0	0	0	0	0	0	0	0	0	0	0	0	0	0	0	
0	0	0	0	0	0	0	0	0	0	0	0	0	0	0	0	0	0	0	0	0	0	0	0	0	0	0	0	0	0	0	0	0	0	0	0	0	1828	1838	1848	1848	1858	1858	1868	1878	1899	1909	1931	1931	1941	1941	1941	1952	1964	1975	1986	2009	2021	2021	2033	2033	2045	2069	2082	2069	2082	2107	2147	2160	2187	2201	2230	2230	2244	2187	2187	0	0	0	0	0	0	0	0	0	0	0	0	0	0	0	0	0	0	0	0	0	0	0	0	0	0	0	0	0	0	0	0	0	0	0	0	0	0	0	0	0	0	0	0	0	0	0	0	0	0	0	0	0	0	0	0	0	0	0	0	0	0	0	0	0	0	0	0	0	0	0	0	0	0	0	0	0	0	0	0	0	0	0	0	0	0	0	0	0	0	0	0	0	0	0	0	0	0	0	0	0	0	0	0	0	0	0	0	0	0	0	0	0	0	0	0	0	0	0	0	0	0	0	0	0	0	0	0	0	0	0	0	0	0	0	0	0	0	0	0	0	0	0	0	0	0	0	0	0	0	0	0	0	0	0	0	0	0	0	0	0	0	0	0	0	0	0	0	0	0	0	0	0	0	0	0	0	0	0	2201	2187	2174	2174	2147	2133	2120	2120	2107	2095	2095	2107	2107	2107	2120	2120	2120	2120	2120	2120	2120	2120	2120	2120	2120	2120	2120	2120	2120	2120	2120	2120	2120	2120	2120	2120	2120	2120	2120	2120	2120	2120	2120	2120	2107	0	0	0	0	0	0	0	0	1428	1422	1422	1422	1931	1931	1920	1931	1931	1920	1931	1931	1931	1920	1931	1931	1920	1909	1909	0	0	0	0	0	0	0	0	0	0	0	0	0	0	0	0	0	0	0	0	0	0	0	0	0	0	866	866	863	863	863	861	859	851	846	844	840	840	838	836	834	832	828	826	824	822	820	818	816	815	813	811	809	809	809	809	809	809	811	811	811	811	809	809	809	809	809	811	809	811	811	818	818	820	820	820	822	822	822	844	844	846	846	846	846	846	849	849	853	853	853	853	853	853	855	853	853	853	853	853	851	849	846	846	844	844	840	838	838	838	838	840	840	840	844	849	851	853	853	853	855	855	855	855	855	855	855	855	855	855	855	855	853	853	853	853	851	0	0	0	0	0	0	0	0	0	0	0	0	0	0	0	0	0	0	0	0	0	0	0	0	0	0	0	0	0	0	0	0	0	0	0	0	0	0	0	0	0	0	0	0	0	0	0	0	0	0	0	0	0	0	0	0	0	0	0	0	0	0	0	0	0	0	0	0	0	0	0	0	0	0	0	0	0	0	0	0	0	0	0	0	0	0	0	0	0	0	0	0	0	0	0	0	0	0	0	0	0	0	0	0	0	0	0	0	0	0	0	0	0	0	0	0	0	0	0	0	0	0	0	0	0	0	0	0	0	0	0	0	0	0	0	0	0	0	0	0	0	0	0	0	0	0	0	0	0	0	0	0	0	0	0	0	0	0	0	0	0	0	0	0	0	0	0	0	0	0	0	0	0	0	0	0	
0	0	0	0	0	0	0	0	0	0	0	0	0	0	0	0	0	0	0	0	0	0	0	0	0	0	0	0	0	0	0	0	0	0	0	0	0	1828	1838	1848	1848	1858	1858	1868	1878	1899	1920	1931	1931	1931	1941	1941	1952	1952	1975	1986	1986	2009	2021	2033	2033	2045	2069	2082	2069	2069	2120	2147	2160	2187	2201	2230	2230	2244	2201	2201	0	0	0	0	0	0	0	0	0	0	0	0	0	0	0	0	0	0	0	0	0	0	0	0	0	0	0	0	0	0	0	0	0	0	0	0	0	0	0	0	0	0	0	0	0	0	0	0	0	0	0	0	0	0	0	0	0	0	0	0	0	0	0	0	0	0	0	0	0	0	0	0	0	0	0	0	0	0	0	0	0	0	0	0	0	0	0	0	0	0	0	0	0	0	0	0	0	0	0	0	0	0	0	0	0	0	0	0	0	0	0	0	0	0	0	0	0	0	0	0	0	0	0	0	0	0	0	0	0	0	0	0	0	0	0	0	0	0	0	0	0	0	0	0	0	0	0	0	0	0	0	0	0	0	0	0	0	0	0	0	0	0	0	0	0	0	0	0	0	0	0	0	0	0	0	0	0	0	0	2215	2201	2187	2174	2147	2133	2120	2120	2107	2095	2095	2107	2107	2107	2120	2107	2120	2120	2120	2120	2120	2120	2120	2120	2120	2120	2120	2120	2120	2120	2120	2120	2133	2120	2120	2120	2120	2120	2120	2120	2120	2133	2133	2120	2107	0	0	0	0	0	0	0	0	1428	1422	1422	1422	1422	1931	1931	1931	1931	1920	1931	1931	1931	1931	1931	1931	1899	1909	1899	0	0	0	0	0	0	0	0	0	0	0	0	0	0	0	0	0	0	0	0	0	0	0	0	0	0	866	866	863	863	861	859	857	851	844	842	840	840	838	836	834	832	826	824	824	822	820	816	816	815	813	811	809	809	809	809	811	811	811	813	813	813	811	811	809	809	809	809	811	811	811	818	818	820	820	820	822	822	822	844	844	846	846	846	846	846	849	851	853	853	853	853	853	853	853	853	853	853	853	853	851	849	846	846	844	844	840	838	838	838	838	838	840	840	842	849	851	851	853	853	853	853	855	855	855	855	855	855	855	855	855	855	853	853	853	853	851	849	0	0	0	0	0	0	0	0	0	0	0	0	0	0	0	0	0	0	0	0	0	0	0	0	0	0	0	0	0	0	0	0	0	0	0	0	0	0	0	0	0	0	0	0	0	0	0	0	0	0	0	0	0	0	0	0	0	0	0	0	0	0	0	0	0	0	0	0	0	0	0	0	0	0	0	0	0	0	0	0	0	0	0	0	0	0	0	0	0	0	0	0	0	0	0	0	0	0	0	0	0	0	0	0	0	0	0	0	0	0	0	0	0	0	0	0	0	0	0	0	0	0	0	0	0	0	0	0	0	0	0	0	0	0	0	0	0	0	0	0	0	0	0	0	0	0	0	0	0	0	0	0	0	0	0	0	0	0	0	0	0	0	0	0	0	0	0	0	0	0	0	0	0	0	0	
0	0	0	0	0	0	0	0	0	0	0	0	0	0	0	0	0	0	0	0	0	0	0	0	0	0	0	0	0	0	0	0	0	0	0	0	0	1828	1838	1848	1848	1858	1858	1878	1878	1888	1909	1920	1931	1931	1941	1941	1952	1964	1975	1986	2009	2009	2021	2021	2033	2045	2069	2082	2069	2082	2120	2147	2160	2187	2201	2230	2230	2244	2244	2201	0	0	0	0	0	0	0	0	0	0	0	0	0	0	0	0	0	0	0	0	0	0	0	0	0	0	0	0	0	0	0	0	0	0	0	0	0	0	0	0	0	0	0	0	0	0	0	0	0	0	0	0	0	0	0	0	0	0	0	0	0	0	0	0	0	0	0	0	0	0	0	0	0	0	0	0	0	0	0	0	0	0	0	0	0	0	0	0	0	0	0	0	0	0	0	0	0	0	0	0	0	0	0	0	0	0	0	0	0	0	0	0	0	0	0	0	0	0	0	0	0	0	0	0	0	0	0	0	0	3975	0	0	0	0	0	0	0	0	0	0	0	0	0	0	0	0	0	0	0	0	0	0	0	0	0	0	0	0	0	0	0	0	0	0	0	0	0	0	0	0	0	0	0	0	0	0	0	0	0	2215	2201	2187	2174	2147	2133	2120	2107	2107	2095	2095	2095	2107	2107	2107	2107	2107	2120	2120	2120	2120	2120	2120	2120	2120	2120	2120	2120	2120	2120	2120	2120	2133	2120	2120	2120	2120	2120	2120	2120	2120	2120	2120	2120	2107	0	0	0	0	0	0	0	1428	1428	1422	1422	1422	1422	1931	1931	1931	1931	1931	1931	1931	1931	1931	1931	1931	1899	1909	1899	0	0	0	0	0	0	0	0	0	0	0	0	0	0	0	0	0	0	0	0	0	0	0	0	868	863	866	866	863	863	861	859	857	849	842	842	840	838	838	836	834	830	826	824	822	822	818	816	815	813	811	809	809	809	809	811	813	813	813	815	815	815	811	811	811	809	809	811	811	811	813	818	818	820	820	820	822	822	822	844	844	846	846	846	846	846	849	849	853	853	853	853	853	853	853	853	853	853	853	851	851	849	846	846	844	844	840	838	838	838	838	838	838	840	842	849	851	853	853	853	855	855	855	855	855	855	855	855	855	855	855	853	853	853	853	853	851	0	0	0	0	0	0	0	0	0	0	0	0	0	0	0	0	0	0	0	0	0	0	0	0	0	0	0	0	0	0	0	0	0	0	0	0	0	0	0	0	0	0	0	0	0	0	0	0	0	0	0	0	0	0	0	0	0	0	0	0	0	0	0	0	0	0	0	0	0	0	0	0	0	0	0	0	0	0	0	0	0	0	0	0	0	0	0	0	0	0	0	0	0	0	0	0	0	0	0	0	0	0	0	0	0	0	0	0	0	0	0	0	0	0	0	0	0	0	0	0	0	0	0	0	0	0	0	0	0	0	0	0	0	0	0	0	0	0	0	0	0	0	0	0	0	0	0	0	0	0	0	0	0	0	0	0	0	0	0	0	0	0	0	0	0	0	0	0	0	0	0	0	0	0	0	0	
0	0	0	0	0	0	0	0	0	0	0	0	0	0	0	0	0	0	0	0	0	0	0	0	0	0	0	0	0	0	0	0	0	0	0	0	0	1828	1838	1848	1848	1858	1858	1868	1868	1888	1909	1920	1931	1931	1941	1941	1952	1952	1975	1986	2009	2021	2021	2021	2033	2045	2069	2069	2069	2082	2120	2147	2160	2201	2201	2215	2230	2230	2244	0	0	0	0	0	0	0	0	0	0	0	0	0	0	0	0	0	0	0	0	0	0	0	0	0	0	0	0	0	0	0	0	0	0	0	0	0	0	0	0	0	0	0	0	0	0	0	0	0	0	0	0	0	0	0	0	0	0	0	0	0	0	0	0	0	0	0	0	0	0	0	0	0	0	0	0	0	0	0	0	0	0	0	0	0	0	0	0	0	0	0	0	0	0	0	0	0	0	0	0	0	0	0	0	0	0	0	0	0	0	0	0	0	0	0	0	0	0	0	0	0	0	0	0	0	0	0	0	0	0	0	0	0	0	0	0	0	0	0	0	0	0	0	0	0	0	0	0	0	0	0	0	0	0	0	0	0	0	0	0	0	0	0	0	0	0	0	0	0	0	0	0	0	0	0	0	0	0	0	0	0	2201	2187	2174	2147	2133	2120	2107	2107	2095	2095	2095	2107	2107	2107	2107	2107	2107	2120	2120	2120	2120	2120	2120	2120	2120	2120	2120	2120	2120	2120	2120	2120	2120	2120	2133	2133	2133	2120	2120	2120	2133	2120	2120	2107	2095	0	0	0	0	0	0	1428	1428	1422	1422	1422	1422	1931	1931	1931	1931	1920	1920	1931	1931	1931	1920	1920	1931	1899	0	0	0	0	0	0	0	0	0	0	0	0	0	0	0	0	0	0	0	0	0	0	0	0	0	868	866	866	866	863	863	861	859	857	846	842	840	840	838	838	836	832	830	826	822	822	820	816	826	815	813	811	809	809	811	811	815	815	815	815	816	815	815	811	811	811	811	809	811	811	813	816	818	816	818	820	820	822	822	822	844	844	844	844	844	844	846	846	849	851	853	853	853	853	853	853	853	853	853	853	851	851	846	846	844	844	842	840	838	838	838	838	838	838	840	842	846	851	853	853	853	855	855	855	855	855	855	853	855	853	855	855	853	853	853	853	851	851	0	0	0	0	0	0	0	0	0	0	0	0	0	0	0	0	0	0	0	0	0	0	0	0	0	0	0	0	0	0	0	0	0	0	0	0	0	0	0	0	0	0	0	0	0	0	0	0	0	0	0	0	0	0	0	0	0	0	0	0	0	0	0	0	0	0	0	0	0	0	0	0	0	0	0	0	0	0	0	0	0	0	0	0	0	0	0	0	0	0	0	0	0	0	0	0	0	0	0	0	0	0	0	0	0	0	0	0	0	0	0	0	0	0	0	0	0	0	0	0	0	0	0	0	0	0	0	0	0	0	0	0	0	0	0	0	0	0	0	0	0	0	0	0	0	0	0	0	0	0	0	0	0	0	0	0	0	0	0	0	0	0	0	0	0	0	0	0	0	0	0	0	0	0	0	0	
0	0	0	0	0	0	0	0	0	0	0	0	0	0	0	0	0	0	0	0	0	0	0	0	0	0	0	0	0	0	0	0	0	0	0	0	0	1828	1838	1848	1848	1858	1858	1868	1868	1878	1899	1920	1931	1931	1941	1941	1952	1952	1975	1986	2009	2021	2021	2021	2033	2033	2057	2069	2069	2082	2133	2147	2160	2201	2201	2215	2230	2230	2230	0	0	0	0	0	0	0	0	0	0	0	0	0	0	0	0	0	0	0	0	0	0	0	0	0	0	0	0	0	0	0	0	0	0	0	0	0	0	0	0	0	0	0	0	0	0	0	0	0	0	0	0	0	0	0	0	0	0	0	0	0	0	0	0	0	0	0	0	0	0	0	0	0	0	0	0	0	0	0	0	0	0	0	0	0	0	0	0	0	0	0	0	0	0	0	0	0	0	0	0	0	0	0	0	0	0	0	0	0	0	0	0	0	0	0	0	0	0	0	0	0	0	0	0	0	0	0	0	0	0	0	0	0	0	0	0	0	0	0	0	0	0	0	0	0	0	0	0	0	0	0	0	0	0	0	0	0	0	0	0	0	0	0	0	0	0	0	0	0	0	0	0	0	0	0	0	0	0	0	0	0	2187	2174	2160	2147	2120	2120	2107	2107	2095	2095	2095	2095	2095	2095	2095	2095	2107	2107	2107	2107	2107	2107	2120	2120	2120	2120	2120	2120	2120	2120	2120	2120	2120	2120	2133	2133	2133	2133	2133	2133	2133	2120	2120	2120	2120	0	0	0	0	0	0	1428	1428	1422	1422	1428	1428	1931	1931	1931	1931	1931	1931	1931	1931	1931	1920	1920	1909	1920	0	0	0	0	0	0	0	0	0	0	0	0	0	0	0	0	0	0	0	0	0	0	0	0	0	868	866	866	866	863	863	861	859	855	844	842	840	838	838	836	834	832	828	826	822	820	818	816	815	815	811	811	809	809	811	816	816	818	818	818	816	816	816	813	813	811	811	811	811	813	813	816	816	816	818	820	820	820	820	820	844	844	844	844	844	844	846	846	849	851	851	853	853	853	853	853	853	853	853	853	851	849	849	846	844	844	842	840	838	838	838	838	838	840	840	842	846	849	851	853	853	855	855	855	855	853	853	853	853	853	853	853	853	853	853	853	851	851	0	0	0	0	0	0	0	0	0	0	0	0	0	0	0	0	0	0	0	0	0	0	0	0	0	0	0	0	0	0	0	0	0	0	0	0	0	0	0	0	0	0	0	0	0	0	0	0	0	0	0	0	0	0	0	0	0	0	0	0	0	0	0	0	0	0	0	0	0	0	0	0	0	0	0	0	0	0	0	0	0	0	0	0	0	0	0	0	0	0	0	0	0	0	0	0	0	0	0	0	0	0	0	0	0	0	0	0	0	0	0	0	0	0	0	0	0	0	0	0	0	0	0	0	0	0	0	0	0	0	0	0	0	0	0	0	0	0	0	0	0	0	0	0	0	0	0	0	0	0	0	0	0	0	0	0	0	0	0	0	0	0	0	0	0	0	0	0	0	0	0	0	0	0	0	0	
0	0	0	0	0	0	0	0	0	0	0	0	0	0	0	0	0	0	0	0	0	0	0	0	0	0	0	0	0	0	0	0	0	0	0	0	0	1828	1838	1848	1848	1858	1858	1868	1868	1878	1899	1909	1931	1931	1941	1941	1952	1964	1975	1986	2009	2021	2021	2033	2033	2033	2057	2069	2069	2082	2133	2133	2147	2201	2215	2215	2230	2230	2201	0	0	0	0	0	0	0	0	0	0	0	0	0	0	0	0	0	0	0	0	0	0	0	0	0	0	0	0	0	0	0	0	0	0	0	0	0	0	0	0	0	0	0	0	0	0	0	0	0	0	0	0	0	0	0	0	0	0	0	0	0	0	0	0	0	0	0	0	0	0	0	0	0	0	0	0	0	0	0	0	0	0	0	0	0	0	0	0	0	0	0	0	0	0	0	0	0	0	0	0	0	0	0	0	0	0	0	0	0	0	0	0	0	0	0	0	0	0	0	0	0	0	0	0	0	0	0	0	0	0	0	0	0	0	0	0	0	0	0	0	0	0	0	0	0	0	0	0	0	0	0	0	0	0	0	0	0	0	0	0	0	0	0	0	0	0	0	0	0	0	0	0	0	0	0	0	0	0	0	0	0	2187	2174	2160	2147	2120	2107	2107	2107	2095	2095	2095	2095	2095	2095	2095	2082	2095	2095	2107	2107	2120	2120	2120	2120	2120	2120	2120	2120	2120	2120	2120	2120	2120	2120	2133	2133	2133	2133	2133	2120	2133	2133	2120	2120	2095	0	0	0	0	0	0	1428	1428	1422	1422	1428	1428	1931	1931	1931	1931	1931	1931	1931	1931	1931	1920	1899	1888	1909	0	0	0	0	0	0	0	0	0	0	0	0	0	0	0	0	0	0	0	0	0	0	0	0	881	868	866	866	866	863	863	861	859	855	844	842	840	838	836	834	832	830	828	824	820	818	816	816	815	811	811	809	809	809	813	816	818	818	818	818	818	816	816	813	813	813	811	811	811	813	813	816	816	816	818	820	820	820	820	820	844	844	844	844	844	844	844	846	846	851	851	851	851	853	853	853	853	851	853	851	851	849	846	844	844	842	842	840	838	838	838	838	838	840	840	842	846	849	851	853	853	853	855	855	855	853	853	853	853	853	853	853	853	853	853	853	851	851	0	0	0	0	0	0	0	0	0	0	0	0	0	0	0	0	0	0	0	0	0	0	0	0	0	0	0	0	0	0	0	0	0	0	0	0	0	0	0	0	0	0	0	0	0	0	0	0	0	0	0	0	0	0	0	0	0	0	0	0	0	0	0	0	0	0	0	0	0	0	0	0	0	0	0	0	0	0	0	0	0	0	0	0	0	0	0	0	0	0	0	0	0	0	0	0	0	0	0	0	0	0	0	0	0	0	0	0	0	0	0	0	0	0	0	0	0	0	0	0	0	0	0	0	0	0	0	0	0	0	0	0	0	0	0	0	0	0	0	0	0	0	0	0	0	0	0	0	0	0	0	0	0	0	0	0	0	0	0	0	0	0	0	0	0	0	0	0	0	0	0	0	0	0	0	0	
0	0	0	0	0	0	0	0	0	0	0	0	0	0	0	0	0	0	0	0	0	0	0	0	0	0	0	0	0	0	0	0	0	0	0	0	0	1828	1838	1848	1848	1858	1858	1868	1868	1878	1899	1909	1931	1931	1941	1941	1952	1964	1975	1986	2009	2021	2021	2033	2033	2033	2057	2069	2069	2082	2133	2133	2147	2201	2201	2201	2215	2215	2201	0	0	0	0	0	0	0	0	0	0	0	0	0	0	0	0	0	0	0	0	0	0	0	0	0	0	0	0	0	0	0	0	0	0	0	0	0	0	0	0	0	0	0	0	0	0	0	0	0	0	0	0	0	0	0	0	0	0	0	0	0	0	0	0	0	0	0	0	0	0	0	0	0	0	0	0	0	0	0	0	0	0	0	0	0	0	0	0	0	0	0	0	0	0	0	0	0	0	0	0	0	0	0	0	0	0	0	0	0	0	0	0	0	0	0	0	0	0	0	0	0	0	0	0	0	0	0	0	0	0	0	0	0	0	0	0	0	0	0	0	0	0	0	0	0	0	0	0	0	0	0	0	0	0	0	0	0	0	0	0	0	0	0	0	0	0	0	0	0	0	0	0	0	0	0	0	0	0	0	0	0	2187	2160	2147	2133	2120	2107	2095	2095	2095	2095	2095	2095	2095	2095	2095	2082	2095	2095	2107	2107	2107	2120	2120	2120	2120	2120	2120	2120	2120	2120	2120	2120	2120	2120	2133	2133	2133	2133	2133	2120	2120	2133	2133	2120	2082	0	0	0	0	0	0	1422	1422	1422	1422	1422	1428	1428	1931	1931	1931	1931	1931	1931	1931	1920	1920	1899	1888	0	0	0	0	0	0	0	0	0	0	0	0	0	0	0	0	0	0	0	0	0	0	0	0	0	870	868	868	866	866	863	863	861	857	853	849	842	840	838	836	834	830	828	826	824	820	818	816	815	813	811	809	809	809	809	813	816	816	818	818	818	818	818	818	815	815	813	813	813	813	813	815	816	818	816	818	820	818	818	840	840	844	844	844	844	844	844	844	846	846	851	851	851	851	853	853	853	853	851	851	851	851	849	846	844	844	842	840	838	838	838	838	838	840	840	840	842	846	849	851	853	853	853	855	855	855	853	855	855	853	855	853	853	853	853	853	853	851	851	0	0	0	0	0	0	0	0	0	0	0	0	0	0	0	0	0	0	0	0	0	0	0	0	0	0	0	0	0	0	0	0	0	0	0	0	0	0	0	0	0	0	0	0	0	0	0	0	0	0	0	0	0	0	0	0	0	0	0	0	0	0	0	0	0	0	0	0	0	0	0	0	0	0	0	0	0	0	0	0	0	0	0	0	0	0	0	0	0	0	0	0	0	0	0	0	0	0	0	0	0	0	0	0	0	0	0	0	0	0	0	0	0	0	0	0	0	0	0	0	0	0	0	0	0	0	0	0	0	0	0	0	0	0	0	0	0	0	0	0	0	0	0	0	0	0	0	0	0	0	0	0	0	0	0	0	0	0	0	0	0	0	0	0	0	0	0	0	0	0	0	0	0	0	0	0	
0	0	0	0	0	0	0	0	0	0	0	0	0	0	0	0	0	0	0	0	0	0	0	0	0	0	0	0	0	0	0	0	0	0	0	0	0	1828	1838	1848	1848	1858	1858	1868	1868	1878	1899	1899	1931	1931	1941	1952	1964	1964	1975	1986	2009	2021	2033	2033	2033	2033	2045	2057	2069	2082	2133	2133	2160	2201	2201	2201	2215	2215	2187	0	0	0	0	0	0	0	0	0	0	0	0	0	0	0	0	0	0	0	0	0	0	0	0	0	0	0	0	0	0	0	0	0	0	0	0	0	0	0	0	0	0	0	0	0	0	0	0	0	0	0	0	0	0	0	0	0	0	0	0	0	0	0	0	0	0	0	0	0	0	0	0	0	0	0	0	0	0	0	0	0	0	0	0	0	0	0	0	0	0	0	0	0	0	0	0	0	0	0	0	0	0	0	0	0	0	0	0	0	0	0	0	0	0	0	0	0	0	0	0	0	0	0	0	0	0	0	0	0	0	0	0	0	0	0	0	0	0	0	0	0	0	0	0	0	0	0	0	0	0	0	0	0	0	0	0	0	0	0	0	0	0	0	0	0	0	0	0	0	0	0	0	0	0	0	0	0	0	0	0	0	0	2160	2147	2133	2120	2095	2095	2095	2095	2095	2095	2095	2095	2095	2095	2082	2082	2082	2095	2107	2107	2107	2120	2120	2120	2120	2120	2120	2120	2120	2120	2133	2133	2133	2133	2133	2133	2133	2133	2120	2133	2133	2133	2120	2095	0	0	0	0	0	0	1422	1428	1422	1422	1422	1428	1428	1941	1931	1931	1931	1931	1931	1931	1920	1920	1909	1899	0	0	0	0	0	0	0	0	0	0	0	0	0	0	0	0	0	0	0	0	0	0	0	0	0	0	868	868	866	866	863	863	859	855	851	846	842	840	838	836	832	830	828	826	824	820	816	822	815	813	811	809	809	809	809	816	816	818	818	818	818	818	818	818	816	816	816	815	815	815	815	816	816	818	818	820	820	820	838	838	840	844	844	844	844	844	844	844	844	846	849	851	851	851	853	853	853	851	851	849	849	846	846	844	844	842	840	840	838	838	838	838	838	840	840	840	844	846	849	851	853	853	853	855	855	853	853	855	855	855	855	855	853	853	853	853	853	851	851	0	0	0	0	0	0	0	0	0	0	0	0	0	0	0	0	0	0	0	0	0	0	0	0	0	0	0	0	0	0	0	0	0	0	0	0	0	0	0	0	0	0	0	0	0	0	0	0	0	0	0	0	0	0	0	0	0	0	0	0	0	0	0	0	0	0	0	0	0	0	0	0	0	0	0	0	0	0	0	0	0	0	0	0	0	0	0	0	0	0	0	0	0	0	0	0	0	0	0	0	0	0	0	0	0	0	0	0	0	0	0	0	0	0	0	0	0	0	0	0	0	0	0	0	0	0	0	0	0	0	0	0	0	0	0	0	0	0	0	0	0	0	0	0	0	0	0	0	0	0	0	0	0	0	0	0	0	0	0	0	0	0	0	0	0	0	0	0	0	0	0	0	0	0	0	0	
0	0	0	0	0	0	0	0	0	0	0	0	0	0	0	0	0	0	0	0	0	0	0	0	0	0	0	0	0	0	0	0	0	0	0	0	0	1828	1838	1838	1848	1858	1858	1858	1868	1868	1888	1888	1899	1920	1952	1964	1964	1975	1975	1986	2009	2021	2033	2033	2033	2045	2057	2069	2069	2082	2120	2133	2187	2201	2201	2187	2201	2215	2201	0	0	0	0	0	0	0	0	0	0	0	0	0	0	0	0	0	0	0	0	0	0	0	0	0	0	0	0	0	0	0	0	0	0	0	0	0	0	0	0	0	0	0	0	0	0	0	0	0	0	0	0	0	0	0	0	0	0	0	0	0	0	0	0	0	0	0	0	0	0	0	0	0	0	0	0	0	0	0	0	0	0	0	0	0	0	0	0	0	0	0	0	0	0	0	0	0	0	0	0	0	0	0	0	0	0	0	0	0	0	0	0	0	0	0	0	0	0	0	0	0	0	0	0	0	0	0	0	0	0	0	0	0	0	0	0	0	0	0	0	0	0	0	0	0	0	0	0	0	0	0	0	0	0	0	0	0	0	0	0	0	0	0	0	0	0	0	0	0	0	0	0	0	0	0	0	0	0	0	0	0	0	2147	2147	2120	2120	2095	2095	2095	2095	2095	2095	2095	2095	2095	2095	2082	2082	2082	2095	2107	2107	2107	2120	2120	2120	2120	2120	2120	2120	2120	2120	2133	2133	2133	2120	2133	2133	2133	2133	2133	2133	2133	2147	2095	2095	0	0	0	0	0	0	1428	1428	1428	1428	1428	1428	1428	1941	1931	1931	1931	1920	1931	1920	1920	1920	1920	1899	0	0	0	0	0	0	0	0	0	0	0	0	0	0	0	0	0	0	0	0	0	0	0	0	0	0	868	868	866	863	863	861	859	855	851	846	842	840	838	834	832	830	826	824	822	818	816	822	815	811	809	809	809	809	809	811	816	818	818	820	818	818	818	818	816	818	816	816	816	816	816	818	818	820	820	824	824	838	838	838	840	842	842	842	844	844	844	844	844	846	849	851	851	851	851	851	853	851	849	849	846	846	846	844	844	842	840	840	838	838	838	838	838	840	840	842	844	849	849	851	853	853	853	855	855	855	855	855	855	855	855	855	853	853	853	853	853	851	851	0	0	0	0	0	0	0	0	0	0	0	0	0	0	0	0	0	0	0	0	0	0	0	0	0	0	0	0	0	0	0	0	0	0	0	0	0	0	0	0	0	0	0	0	0	0	0	0	0	0	0	0	0	0	0	0	0	0	0	0	0	0	0	0	0	0	0	0	0	0	0	0	0	0	0	0	0	0	0	0	0	0	0	0	0	0	0	0	0	0	0	0	0	0	0	0	0	0	0	0	0	0	0	0	0	0	0	0	0	0	0	0	0	0	0	0	0	0	0	0	0	0	0	0	0	0	0	0	0	0	0	0	0	0	0	0	0	0	0	0	0	0	0	0	0	0	0	0	0	0	0	0	0	0	0	0	0	0	0	0	0	0	0	0	0	0	0	0	0	0	0	0	0	0	0	0	
0	0	0	0	0	0	0	0	0	0	0	0	0	0	0	0	0	0	0	0	0	0	0	0	0	0	0	0	0	0	0	0	0	0	0	0	0	1828	1838	1848	1848	1858	1858	1858	1868	1868	1888	1888	1899	1920	1941	1964	1964	1975	1975	1986	1986	2021	2033	2033	2045	2045	2045	2069	2069	2082	2133	2133	2174	2187	2187	2187	2187	2187	2201	0	0	0	0	0	0	0	0	0	0	0	0	0	0	0	0	0	0	0	0	0	0	0	0	0	0	0	0	0	0	0	0	0	0	0	0	0	0	0	0	0	0	0	0	0	0	0	0	0	0	0	0	0	0	0	0	0	0	0	0	0	0	0	0	0	0	0	0	0	0	0	0	0	0	0	0	0	0	0	0	0	0	0	0	0	0	0	0	0	0	0	0	0	0	0	0	0	0	0	0	0	0	0	0	0	0	0	0	0	0	0	0	0	0	0	0	0	0	0	0	0	0	0	0	0	0	0	0	0	0	0	0	0	0	0	0	0	0	0	0	0	0	0	0	0	0	0	0	0	0	0	0	0	0	0	0	0	0	0	0	0	0	0	0	0	0	0	0	0	0	0	0	0	0	0	0	0	0	0	0	0	2160	2147	2133	2120	2120	2107	2095	2095	2095	2095	2095	2082	2082	2095	2082	2082	2082	2082	2095	2095	2107	2107	2120	2120	2120	2120	2120	2120	2120	2120	2120	2133	2133	2133	2120	2120	2133	2133	2133	2133	2133	2133	2120	2107	2107	0	0	0	0	0	0	1422	1428	1428	1428	1428	1428	1428	1931	1931	1920	1920	1920	1920	1920	1920	1920	1899	1909	1899	0	0	0	0	0	0	0	0	0	0	0	0	0	0	0	0	0	0	0	0	0	0	0	0	0	0	866	866	863	863	859	857	855	853	849	842	840	836	834	830	828	826	824	822	818	816	820	815	811	809	809	807	807	809	811	816	818	818	820	818	818	818	818	824	824	818	818	818	818	820	820	822	824	834	834	836	838	838	838	842	844	844	842	844	844	844	844	844	846	849	851	851	851	851	851	851	851	851	849	846	846	844	844	842	842	840	840	838	838	838	838	838	840	840	842	844	846	849	851	851	853	853	853	853	855	855	855	855	855	855	853	853	855	853	853	853	853	853	0	0	0	0	0	0	0	0	0	0	0	0	0	0	0	0	0	0	0	0	0	0	0	0	0	0	0	0	0	0	0	0	0	0	0	0	0	0	0	0	0	0	0	0	0	0	0	0	0	0	0	0	0	0	0	0	0	0	0	0	0	0	0	0	0	0	0	0	0	0	0	0	0	0	0	0	0	0	0	0	0	0	0	0	0	0	0	0	0	0	0	0	0	0	0	0	0	0	0	0	0	0	0	0	0	0	0	0	0	0	0	0	0	0	0	0	0	0	0	0	0	0	0	0	0	0	0	0	0	0	0	0	0	0	0	0	0	0	0	0	0	0	0	0	0	0	0	0	0	0	0	0	0	0	0	0	0	0	0	0	0	0	0	0	0	0	0	0	0	0	0	0	0	0	0	0	
0	0	0	0	0	0	0	0	0	0	0	0	0	0	0	0	0	0	0	0	0	0	0	0	0	0	0	0	0	0	0	0	0	0	0	0	0	1828	1838	1848	1848	1858	1858	1858	1868	1878	1899	1899	1909	1931	1941	1964	1975	1975	1975	1986	1986	2009	2021	2033	2045	2045	2057	2069	2069	2082	2133	2147	2174	2187	2187	2187	2187	2174	2201	0	0	0	0	0	0	0	0	0	0	0	0	0	0	0	0	0	0	0	0	0	0	0	0	0	0	0	0	0	0	0	0	0	0	0	0	0	0	0	0	0	0	0	0	0	0	0	0	0	0	0	0	0	0	0	0	0	0	0	0	0	0	0	0	0	0	0	0	0	0	0	0	0	0	0	0	0	0	0	0	0	0	0	0	0	0	0	0	0	0	0	0	0	0	0	0	0	0	0	0	0	0	0	0	0	0	0	0	0	0	0	0	0	0	0	0	0	0	0	0	0	0	0	0	0	0	0	0	0	0	0	0	0	0	0	0	0	0	0	0	0	0	0	0	0	0	0	0	0	0	0	0	0	0	0	0	0	0	0	0	0	0	0	0	0	0	0	0	0	0	0	0	0	0	0	0	0	0	0	0	0	2174	2160	2147	2133	2120	2107	2095	2095	2082	2082	2082	2082	2082	2082	2082	2082	2082	2082	2095	2107	2107	2107	2120	2120	2120	2120	2120	2120	2120	2120	2120	2133	2133	2133	2120	2120	2133	2133	2133	2120	2120	2120	2095	2107	1428	0	0	0	0	0	0	1416	1428	1428	1428	1428	1428	1931	1931	1931	1920	1920	1920	1931	1920	1920	1920	1920	1909	1909	0	0	0	0	0	0	0	0	0	0	0	0	0	0	0	0	0	0	0	0	0	0	0	0	0	0	866	863	861	863	859	857	855	853	849	842	840	836	834	830	828	826	824	820	818	816	815	815	813	811	809	807	807	809	809	816	816	818	818	818	818	820	828	828	828	828	828	826	826	828	822	832	836	836	836	838	838	838	838	842	844	844	842	842	844	844	844	844	846	849	849	851	851	851	851	851	851	851	849	846	846	844	844	842	840	840	838	838	838	838	838	838	840	842	842	844	849	849	851	851	853	853	855	855	855	855	855	855	855	853	853	853	853	853	853	853	853	0	0	0	0	0	0	0	0	0	0	0	0	0	0	0	0	0	0	0	0	0	0	0	0	0	0	0	0	0	0	0	0	0	0	0	0	0	0	0	0	0	0	0	0	0	0	0	0	0	0	0	0	0	0	0	0	0	0	0	0	0	0	0	0	0	0	0	0	0	0	0	0	0	0	0	0	0	0	0	0	0	0	0	0	0	0	0	0	0	0	0	0	0	0	0	0	0	0	0	0	0	0	0	0	0	0	0	0	0	0	0	0	0	0	0	0	0	0	0	0	0	0	0	0	0	0	0	0	0	0	0	0	0	0	0	0	0	0	0	0	0	0	0	0	0	0	0	0	0	0	0	0	0	0	0	0	0	0	0	0	0	0	0	0	0	0	0	0	0	0	0	0	0	0	0	0	0	
0	0	0	0	0	0	0	0	0	0	0	0	0	0	0	0	0	0	0	0	0	0	0	0	0	0	0	0	0	0	0	0	0	0	0	0	0	1838	1838	1848	1848	1858	1868	1858	1868	1878	1899	1899	1909	1931	1941	1964	1964	1975	1975	1986	1986	2009	2021	2033	2045	2045	2057	2069	2069	2082	2120	2147	2174	2187	2187	2187	2187	2174	2201	0	0	0	0	0	0	0	0	0	0	0	0	0	0	0	0	0	0	0	0	0	0	0	0	0	0	0	0	0	0	0	0	0	0	0	0	0	0	0	0	0	0	0	0	0	0	0	0	0	0	0	0	0	0	0	0	0	0	0	0	0	0	0	0	0	0	0	0	0	0	0	0	0	0	0	0	0	0	0	0	0	0	0	0	0	0	0	0	0	0	0	0	0	0	0	0	0	0	0	0	0	0	0	0	0	0	0	0	0	0	0	0	0	0	0	0	0	0	0	0	0	0	0	0	0	0	0	0	0	0	0	0	0	0	0	0	0	0	0	0	0	0	0	0	0	0	0	0	0	0	0	0	0	0	0	0	0	0	0	0	0	0	0	0	0	0	0	0	0	0	0	0	0	0	0	0	0	0	0	0	0	2174	2160	2147	2133	2120	2095	2095	2082	2082	2082	2082	2082	2082	2082	2082	2082	2082	2095	2095	2107	2107	2107	2120	2120	2107	2107	2107	2120	2120	2120	2120	2120	2120	2120	2120	2120	2120	2133	2120	2120	2120	2133	2133	2107	1428	0	0	0	0	0	0	0	1428	1428	1428	1422	1428	1920	1931	1920	1920	1920	1920	1920	1920	1931	1920	1920	1909	0	0	0	0	0	0	0	0	0	0	0	0	0	0	0	0	0	0	0	0	0	0	0	0	0	0	0	866	863	861	859	859	857	855	853	846	842	840	836	834	830	828	824	822	820	816	816	815	815	813	809	809	807	807	809	809	813	816	816	818	818	822	824	830	830	830	830	830	828	830	830	828	836	836	836	836	838	838	838	838	840	842	842	842	842	844	844	844	844	846	846	849	849	851	851	849	851	851	849	846	846	844	844	842	842	840	838	838	838	838	838	838	838	840	842	844	844	849	849	851	851	853	853	855	855	855	855	855	855	855	853	853	853	853	853	853	853	0	0	0	0	0	0	0	0	0	0	0	0	0	0	0	0	0	0	0	0	0	0	0	0	0	0	0	0	0	0	0	0	0	0	0	0	0	0	0	0	0	0	0	0	0	0	0	0	0	0	0	0	0	0	0	0	0	0	0	0	0	0	0	0	0	0	0	0	0	0	0	0	0	0	0	0	0	0	0	0	0	0	0	0	0	0	0	0	0	0	0	0	0	0	0	0	0	0	0	0	0	0	0	0	0	0	0	0	0	0	0	0	0	0	0	0	0	0	0	0	0	0	0	0	0	0	0	0	0	0	0	0	0	0	0	0	0	0	0	0	0	0	0	0	0	0	0	0	0	0	0	0	0	0	0	0	0	0	0	0	0	0	0	0	0	0	0	0	0	0	0	0	0	0	0	0	0	0	
0	0	0	0	0	0	0	0	0	0	0	0	0	0	0	0	0	0	0	0	0	0	0	0	0	0	0	0	0	0	0	0	0	0	0	0	0	1828	1838	1848	1848	1858	1868	1868	1868	1878	1899	1899	1909	1931	1941	1952	1964	1975	1975	1986	1986	2009	2021	2033	2045	2045	2057	2069	2069	2082	2120	2147	2160	2174	2187	2187	2187	2187	2201	0	0	0	0	0	0	0	0	0	0	0	0	0	0	0	0	0	0	0	0	0	0	0	0	0	0	0	0	0	0	0	0	0	0	0	0	0	0	0	0	0	0	0	0	0	0	0	0	0	0	0	0	0	0	0	0	0	0	0	0	0	0	0	0	0	0	0	0	0	0	0	0	0	0	0	0	0	0	0	0	0	0	0	0	0	0	0	0	0	0	0	0	0	0	0	0	0	0	0	0	0	0	0	0	0	0	0	0	0	0	0	0	0	0	0	0	0	0	0	0	0	0	0	0	0	0	0	0	0	0	0	0	0	0	0	0	0	0	0	0	0	0	0	0	0	0	0	0	0	0	0	0	0	0	0	0	0	0	0	0	0	0	0	0	0	0	0	0	0	0	0	0	0	0	0	0	0	0	0	0	0	2187	2160	2147	2133	2120	2107	2095	2082	2082	2082	2082	2082	2082	2082	2082	2082	2082	2095	2095	2107	2107	2107	2120	2120	2107	2107	2107	2120	2120	2120	2120	2120	2120	2120	2120	2120	2120	2120	2133	2120	2120	2133	2120	2107	1428	0	0	0	0	0	0	0	1428	1428	1428	1422	1422	1920	1920	1920	1920	1920	1920	1920	1920	1920	1909	1920	1909	0	0	0	0	0	0	0	0	0	0	0	0	0	0	0	0	0	0	0	0	0	0	0	0	0	0	868	866	863	859	859	857	855	853	851	846	840	838	834	832	830	828	824	822	818	816	816	815	815	813	809	809	807	807	807	809	813	816	818	818	818	822	826	832	832	830	830	830	830	832	832	832	838	838	836	838	838	838	838	838	842	844	842	840	840	842	842	844	844	846	846	849	849	849	849	849	849	849	849	846	846	844	844	842	842	840	838	838	838	838	838	838	838	840	840	844	844	849	849	851	851	853	853	855	855	855	855	855	855	855	853	853	853	853	853	853	853	0	0	0	0	0	0	0	0	0	0	0	0	0	0	0	0	0	0	0	0	0	0	0	0	0	0	0	0	0	0	0	0	0	0	0	0	0	0	0	0	0	0	0	0	0	0	0	0	0	0	0	0	0	0	0	0	0	0	0	0	0	0	0	0	0	0	0	0	0	0	0	0	0	0	0	0	0	0	0	0	0	0	0	0	0	0	0	0	0	0	0	0	0	0	0	0	0	0	0	0	0	0	0	0	0	0	0	0	0	0	0	0	0	0	0	0	0	0	0	0	0	0	0	0	0	0	0	0	0	0	0	0	0	0	0	0	0	0	0	0	0	0	0	0	0	0	0	0	0	0	0	0	0	0	0	0	0	0	0	0	0	0	0	0	0	0	0	0	0	0	0	0	0	0	0	0	0	0	
0	0	0	0	0	0	0	0	0	0	0	0	0	0	0	0	0	0	0	0	0	0	0	0	0	0	0	0	0	0	0	0	0	0	0	0	0	1819	1838	1838	1848	1858	1858	1868	1868	1888	1899	1899	1909	1931	1931	1952	1964	1975	1975	1986	1986	1998	2021	2033	2033	2045	2057	2069	2069	2082	2133	2147	2160	2174	2187	2187	2187	2187	2201	0	0	0	0	0	0	0	0	0	0	0	0	0	0	0	0	0	0	0	0	0	0	0	0	0	0	0	0	0	0	0	0	0	0	0	0	0	0	0	0	0	0	0	0	0	0	0	0	0	0	0	0	0	0	0	0	0	0	0	0	0	0	0	0	0	0	0	0	0	0	0	0	0	0	0	0	0	0	0	0	0	0	0	0	0	0	0	0	0	0	0	0	0	0	0	0	0	0	0	0	0	0	0	0	0	0	0	0	0	0	0	0	0	0	0	0	0	0	0	0	0	0	0	0	0	0	0	0	0	0	0	0	0	0	0	0	0	0	0	0	0	0	0	0	0	0	0	0	0	0	0	0	0	0	0	0	0	0	0	0	0	0	0	0	0	0	0	0	0	0	0	0	0	0	0	0	0	0	0	0	0	2187	2174	2160	2147	2120	2107	2095	2095	2082	2095	2095	2082	2082	2082	2082	2082	2082	2095	2107	2107	2107	2107	2120	2120	2120	2107	2107	2120	2120	2120	2120	2120	2120	2120	2120	2120	2120	2120	2120	2120	2120	2133	2120	2120	2107	0	0	0	0	0	0	1428	1428	1428	1428	1428	1428	1428	1920	1920	1920	1920	1920	1920	1920	1920	1899	1920	1920	0	0	0	0	0	0	0	0	0	0	0	0	0	0	0	0	0	0	0	0	0	0	0	0	0	0	0	863	863	859	859	857	855	853	851	846	840	838	834	832	830	828	822	820	818	816	816	815	815	813	809	809	807	807	807	807	816	820	822	824	824	826	830	834	834	834	832	832	834	834	834	836	838	838	836	838	838	838	838	838	840	842	842	840	840	842	842	844	844	844	846	846	846	849	849	849	849	849	849	846	846	844	844	842	842	840	838	838	838	838	838	838	838	840	840	844	844	849	849	851	851	853	853	853	853	855	855	855	855	855	853	853	851	853	853	853	853	0	0	0	0	0	0	0	0	0	0	0	0	0	0	0	0	0	0	0	0	0	0	0	0	0	0	0	0	0	0	0	0	0	0	0	0	0	0	0	0	0	0	0	0	0	0	0	0	0	0	0	0	0	0	0	0	0	0	0	0	0	0	0	0	0	0	0	0	0	0	0	0	0	0	0	0	0	0	0	0	0	0	0	0	0	0	0	0	0	0	0	0	0	0	0	0	0	0	0	0	0	0	0	0	0	0	0	0	0	0	0	0	0	0	0	0	0	0	0	0	0	0	0	0	0	0	0	0	0	0	0	0	0	0	0	0	0	0	0	0	0	0	0	0	0	0	0	0	0	0	0	0	0	0	0	0	0	0	0	0	0	0	0	0	0	0	0	0	0	0	0	0	0	0	0	0	0	0	
0	0	0	0	0	0	0	0	0	0	0	0	0	0	0	0	0	0	0	0	0	0	0	0	0	0	0	0	0	0	0	0	0	0	0	0	0	1819	1838	1838	1848	1848	1858	1868	1868	1888	1899	1899	1909	1920	1931	1941	1964	1975	1975	1986	1986	1998	2021	2033	2033	2045	2045	2069	2069	2095	2147	2160	2160	2174	2187	2187	2187	2187	2201	0	0	0	0	0	0	0	0	0	0	0	0	0	0	0	0	0	0	0	0	0	0	0	0	0	0	0	0	0	0	0	0	0	0	0	0	0	0	0	0	0	0	0	0	0	0	0	0	0	0	0	0	0	0	0	0	0	0	0	0	0	0	0	0	0	0	0	0	0	0	0	0	0	0	0	0	0	0	0	0	0	0	0	0	0	0	0	0	0	0	0	0	0	0	0	0	0	0	0	0	0	0	0	0	0	0	0	0	0	0	0	0	0	0	0	0	0	0	0	0	0	0	0	0	0	0	0	0	0	0	0	0	0	0	0	0	0	0	0	0	0	0	0	0	0	0	0	0	0	0	0	0	0	0	0	0	0	0	0	0	0	0	0	0	0	0	0	0	0	0	0	0	0	0	0	0	0	0	0	0	0	2187	2174	2147	2133	2120	2107	2107	2095	2095	2095	2082	2082	2082	2082	2082	2082	2082	2095	2107	2107	2107	2107	2120	2120	2120	2120	2120	2120	2120	2120	2120	2120	2120	2120	2120	2120	2120	2120	2120	2120	2120	2147	2120	2120	2120	0	0	0	0	0	0	1428	1428	1428	1428	1428	1428	1931	1920	1920	1920	1920	1920	1931	1920	1920	1899	1920	0	0	0	0	0	0	0	0	0	0	0	0	0	0	0	0	0	0	0	0	0	0	0	0	0	0	0	0	863	861	859	857	857	855	853	851	846	838	834	832	830	828	826	822	820	818	816	815	815	815	811	809	809	807	807	807	807	820	822	824	824	828	826	830	834	834	834	834	834	836	836	836	836	838	838	836	838	838	840	838	840	842	842	842	840	842	842	842	844	844	846	846	846	846	849	849	849	849	849	849	846	844	844	842	840	840	838	838	838	838	838	838	838	838	838	840	842	844	849	849	851	851	853	853	855	855	855	855	855	853	853	851	851	851	853	853	853	0	0	0	0	0	0	0	0	0	0	0	0	0	0	0	0	0	0	0	0	0	0	0	0	0	0	0	0	0	0	0	0	0	0	0	0	0	0	0	0	0	0	0	0	0	0	0	0	0	0	0	0	0	0	0	0	0	0	0	0	0	0	0	0	0	0	0	0	0	0	0	0	0	0	0	0	0	0	0	0	0	0	0	0	0	0	0	0	0	0	0	0	0	0	0	0	0	0	0	0	0	0	0	0	0	0	0	0	0	0	0	0	0	0	0	0	0	0	0	0	0	0	0	0	0	0	0	0	0	0	0	0	0	0	0	0	0	0	0	0	0	0	0	0	0	0	0	0	0	0	0	0	0	0	0	0	0	0	0	0	0	0	0	0	0	0	0	0	0	0	0	0	0	0	0	0	0	0	0	
0	0	0	0	0	0	0	0	0	0	0	0	0	0	0	0	0	0	0	0	0	0	0	0	0	0	0	0	0	0	0	0	0	0	0	0	0	1819	1838	1838	1848	1848	1858	1858	1868	1888	1899	1899	1909	1920	1931	1941	1952	1964	1975	1986	1986	1998	2009	2033	2033	2033	2045	2069	2069	2095	2147	2160	2160	2174	2187	2187	2187	2187	0	0	0	0	0	0	0	0	0	0	0	0	0	0	0	0	0	0	0	0	0	0	0	0	0	0	0	0	0	0	0	0	0	0	0	0	0	0	0	0	0	0	0	0	0	0	0	0	0	0	0	0	0	0	0	0	0	0	0	0	0	0	0	0	0	0	0	0	0	0	0	0	0	0	0	0	0	0	0	0	0	0	0	0	0	0	0	0	0	0	0	0	0	0	0	0	0	0	0	0	0	0	0	0	0	0	0	0	0	0	0	0	0	0	0	0	0	0	0	0	0	0	0	0	0	0	0	0	0	0	0	0	0	0	0	0	0	0	0	0	0	0	0	0	0	0	0	0	0	0	0	0	0	0	0	0	0	0	0	0	0	0	0	0	0	0	0	0	0	0	0	0	0	0	0	0	0	0	0	0	0	0	2187	2174	2160	2147	2120	2107	2107	2095	2095	2095	2095	2082	2082	2082	2082	2082	2082	2095	2107	2107	2107	2107	2120	2120	2120	2120	2120	2120	2120	2120	2120	2120	2120	2120	2120	2120	2120	2120	2120	2120	2107	2120	2120	2120	2120	0	0	0	0	0	0	1422	1428	1428	1428	1428	1428	1931	1920	1920	1931	1920	1920	1931	1920	1920	1920	1909	0	0	0	0	0	0	0	0	0	0	0	0	0	0	0	0	0	0	0	0	0	0	0	0	0	0	0	868	863	861	859	857	857	855	853	849	846	836	834	832	830	828	826	822	820	818	816	815	815	815	813	811	809	809	807	807	809	820	822	824	826	828	828	830	834	836	836	836	836	836	838	836	838	838	838	836	838	838	840	838	840	842	842	842	840	840	842	842	844	844	844	846	846	846	849	849	849	849	849	849	846	844	844	842	840	840	838	838	838	838	838	838	838	838	838	842	842	844	846	846	849	849	851	851	855	855	855	855	855	853	853	851	853	853	853	853	853	0	0	0	0	0	0	0	0	0	0	0	0	0	0	0	0	0	0	0	0	0	0	0	0	0	0	0	0	0	0	0	0	0	0	0	0	0	0	0	0	0	0	0	0	0	0	0	0	0	0	0	0	0	0	0	0	0	0	0	0	0	0	0	0	0	0	0	0	0	0	0	0	0	0	0	0	0	0	0	0	0	0	0	0	0	0	0	0	0	0	0	0	0	0	0	0	0	0	0	0	0	0	0	0	0	0	0	0	0	0	0	0	0	0	0	0	0	0	0	0	0	0	0	0	0	0	0	0	0	0	0	0	0	0	0	0	0	0	0	0	0	0	0	0	0	0	0	0	0	0	0	0	0	0	0	0	0	0	0	0	0	0	0	0	0	0	0	0	0	0	0	0	0	0	0	0	0	0	0	
0	0	0	0	0	0	0	0	0	0	0	0	0	0	0	0	0	0	0	0	0	0	0	0	0	0	0	0	0	0	0	0	0	0	0	0	0	1819	1828	1838	1838	1848	1858	1868	1878	1888	1899	1909	1920	1931	1931	1941	1952	1964	1975	1986	1986	1998	2009	2021	2033	2021	2033	2069	2069	2095	2147	2160	2160	2160	2174	2187	2187	2187	0	0	0	0	0	0	0	0	0	0	0	0	0	0	0	0	0	0	0	0	0	0	0	0	0	0	0	0	0	0	0	0	0	0	0	0	0	0	0	0	0	0	0	0	0	0	0	0	0	0	0	0	0	0	0	0	0	0	0	0	0	0	0	0	0	0	0	0	0	0	0	0	0	0	0	0	0	0	0	0	0	0	0	0	0	0	0	0	0	0	0	0	0	0	0	0	0	0	0	0	0	0	0	0	0	0	0	0	0	0	0	0	0	0	0	0	0	0	0	0	0	0	0	0	0	0	0	0	0	0	0	0	0	0	0	0	0	0	0	0	0	0	0	0	0	0	0	0	0	0	0	0	0	0	0	0	0	0	0	0	0	0	0	0	0	0	0	0	0	0	0	0	0	0	0	0	0	0	0	0	0	0	2187	2174	2160	2133	2107	2107	2107	2095	2095	2095	2095	2095	2082	2082	2082	2082	2082	2095	2107	2120	2120	2120	2120	2120	2120	2120	2120	2120	2120	2120	2120	2120	2120	2133	2120	2120	2120	2120	2120	2120	2107	2120	2120	2120	2120	0	0	0	0	0	0	0	1422	1428	1428	1422	1428	1428	1920	1920	1920	1920	1920	1931	1920	1920	1920	1909	0	0	0	0	0	0	0	0	0	0	0	0	0	0	0	0	0	0	0	0	0	0	0	0	0	0	868	866	863	861	859	859	857	855	853	849	846	836	834	832	830	828	824	822	818	816	816	815	815	813	811	809	809	809	807	807	809	816	822	828	828	830	830	832	836	836	836	836	836	838	838	838	838	838	840	838	838	838	840	840	840	842	842	840	840	840	840	842	844	844	844	846	846	846	846	846	846	846	846	846	846	844	844	842	840	840	838	838	838	838	838	838	838	838	838	842	842	844	846	846	849	849	851	851	853	853	855	853	853	853	853	851	851	851	851	853	853	851	0	0	0	0	0	0	0	0	0	0	0	0	0	0	0	0	0	0	0	0	0	0	0	0	0	0	0	0	0	0	0	0	0	0	0	0	0	0	0	0	0	0	0	0	0	0	0	0	0	0	0	0	0	0	0	0	0	0	0	0	0	0	0	0	0	0	0	0	0	0	0	0	0	0	0	0	0	0	0	0	0	0	0	0	0	0	0	0	0	0	0	0	0	0	0	0	0	0	0	0	0	0	0	0	0	0	0	0	0	0	0	0	0	0	0	0	0	0	0	0	0	0	0	0	0	0	0	0	0	0	0	0	0	0	0	0	0	0	0	0	0	0	0	0	0	0	0	0	0	0	0	0	0	0	0	0	0	0	0	0	0	0	0	0	0	0	0	0	0	0	0	0	0	0	0	0	0	0	
0	0	0	0	0	0	0	0	0	0	0	0	0	0	0	0	0	0	0	0	0	0	0	0	0	0	0	0	0	0	0	0	0	0	0	0	0	1819	1828	1838	1838	1848	1858	1858	1868	1878	1888	1909	1920	1931	1931	1941	1941	1952	1975	1986	2009	2009	2021	2033	2033	2021	2033	2057	2069	2095	2147	2160	2147	2147	2187	2201	2201	2133	0	0	0	0	0	0	0	0	0	0	0	0	0	0	0	0	0	0	0	0	0	0	0	0	0	0	0	0	0	0	0	0	0	0	0	0	0	0	0	0	0	0	0	0	0	0	0	0	0	0	0	0	0	0	0	0	0	0	0	0	0	0	0	0	0	0	0	0	0	0	0	0	0	0	0	0	0	0	0	0	0	0	0	0	0	0	0	0	0	0	0	0	0	0	0	0	0	0	0	0	0	0	0	0	0	0	0	0	0	0	0	0	0	0	0	0	0	0	0	0	0	0	0	0	0	0	0	0	0	0	0	0	0	0	0	0	0	0	0	0	0	0	0	0	0	0	0	0	0	0	0	0	0	0	0	0	0	0	0	0	0	0	0	0	0	0	0	0	0	0	0	0	0	0	0	0	0	0	0	0	0	0	2187	2174	2160	2133	2107	2107	2095	2095	2095	2095	2095	2095	2082	2082	2082	2082	2082	2095	2107	2120	2120	2120	2120	2120	2120	2120	2120	2120	2120	2120	2120	2133	2133	2133	2133	2120	2120	2120	2120	2120	2107	2107	2120	2120	1416	0	0	0	0	0	0	1422	1422	1428	1428	1422	1428	1428	1920	1920	1920	1920	1920	1920	1920	1931	1899	1920	0	0	0	0	0	0	0	0	0	0	0	0	0	0	0	0	0	0	0	0	0	0	0	0	0	0	868	866	863	861	859	859	857	855	853	849	844	834	832	830	830	826	824	822	818	816	816	815	813	813	811	809	809	807	807	807	809	809	822	830	830	830	830	832	838	838	838	838	838	838	838	838	838	838	840	838	838	840	840	840	840	842	840	840	840	840	840	842	844	844	844	846	846	846	846	846	846	846	846	846	846	844	844	842	840	840	838	838	838	836	838	838	838	838	838	842	842	844	846	846	849	849	851	851	853	853	853	853	853	853	853	851	851	851	851	851	851	851	0	0	0	0	0	0	0	0	0	0	0	0	0	0	0	0	0	0	0	0	0	0	0	0	0	0	0	0	0	0	0	0	0	0	0	0	0	0	0	0	0	0	0	0	0	0	0	0	0	0	0	0	0	0	0	0	0	0	0	0	0	0	0	0	0	0	0	0	0	0	0	0	0	0	0	0	0	0	0	0	0	0	0	0	0	0	0	0	0	0	0	0	0	0	0	0	0	0	0	0	0	0	0	0	0	0	0	0	0	0	0	0	0	0	0	0	0	0	0	0	0	0	0	0	0	0	0	0	0	0	0	0	0	0	0	0	0	0	0	0	0	0	0	0	0	0	0	0	0	0	0	0	0	0	0	0	0	0	0	0	0	0	0	0	0	0	0	0	0	0	0	0	0	0	0	0	0	0	
0	0	0	0	0	0	0	0	0	0	0	0	0	0	0	0	0	0	0	0	0	0	0	0	0	0	0	0	0	0	0	0	0	0	0	0	0	1819	1838	1838	1838	1848	1848	1858	1868	1878	1888	1920	1920	1931	1941	1941	1941	1952	1975	1986	2009	2009	2021	2033	2033	2033	2033	2045	2057	2069	2160	2174	2174	2160	2201	2201	2201	2133	0	0	0	0	0	0	0	0	0	0	0	0	0	0	0	0	0	0	0	0	0	0	0	0	0	0	0	0	0	0	0	0	0	0	0	0	0	0	0	0	0	0	0	0	0	0	0	0	0	0	0	0	0	0	0	0	0	0	0	0	0	0	0	0	0	0	0	0	0	0	0	0	0	0	0	0	0	0	0	0	0	0	0	0	0	0	0	0	0	0	0	0	0	0	0	0	0	0	0	0	0	0	0	0	0	0	0	0	0	0	0	0	0	0	0	0	0	0	0	0	0	0	0	0	0	0	0	0	0	0	0	0	0	0	0	0	0	0	0	0	0	0	0	0	0	0	0	0	0	0	0	0	0	0	0	0	0	0	0	0	0	0	0	0	0	0	0	0	0	0	0	0	0	0	0	0	0	0	0	0	0	0	2187	2174	2147	2133	2107	2107	2107	2095	2095	2095	2095	2095	2082	2082	2082	2082	2082	2095	2107	2107	2107	2120	2120	2120	2120	2120	2120	2120	2133	2133	2133	2133	2133	2133	2133	2120	2120	2120	2120	2107	2107	2107	2120	2120	1416	0	0	0	0	0	0	0	1428	1428	1428	1428	1428	1428	1920	1920	1920	1920	1920	1920	1920	1888	1920	1920	0	0	0	0	0	0	0	0	0	0	0	0	0	0	0	0	0	0	0	0	0	0	0	0	0	0	868	866	863	861	859	859	857	855	851	846	844	836	832	830	828	826	824	822	818	816	816	815	813	811	809	809	807	807	807	807	809	809	830	830	830	830	832	832	838	838	838	838	838	838	838	838	838	838	840	838	838	838	840	840	840	842	840	840	840	840	840	842	842	844	844	846	846	846	846	846	846	846	846	846	844	844	842	840	838	838	838	838	836	836	836	836	838	838	838	842	842	844	846	846	849	849	851	851	851	851	853	853	853	853	853	853	851	851	851	851	851	851	851	0	0	0	0	0	0	0	0	0	0	0	0	0	0	0	0	0	0	0	0	0	0	0	0	0	0	0	0	0	0	0	0	0	0	0	0	0	0	0	0	0	0	0	0	0	0	0	0	0	0	0	0	0	0	0	0	0	0	0	0	0	0	0	0	0	0	0	0	0	0	0	0	0	0	0	0	0	0	0	0	0	0	0	0	0	0	0	0	0	0	0	0	0	0	0	0	0	0	0	0	0	0	0	0	0	0	0	0	0	0	0	0	0	0	0	0	0	0	0	0	0	0	0	0	0	0	0	0	0	0	0	0	0	0	0	0	0	0	0	0	0	0	0	0	0	0	0	0	0	0	0	0	0	0	0	0	0	0	0	0	0	0	0	0	0	0	0	0	0	0	0	0	0	0	0	0	0	
0	0	0	0	0	0	0	0	0	0	0	0	0	0	0	0	0	0	0	0	0	0	0	0	0	0	0	0	0	0	0	0	0	0	0	0	0	1819	1838	1838	1848	1848	1848	1858	1858	1868	1888	1920	1920	1931	1941	1941	1941	1941	1975	1975	2009	2009	2021	2033	2033	2033	2033	2057	2057	2069	2147	2174	2174	2174	2187	2201	2201	2147	0	0	0	0	0	0	0	0	0	0	0	0	0	0	0	0	0	0	0	0	0	0	0	0	0	0	0	0	0	0	0	0	0	0	0	0	0	0	0	0	0	0	0	0	0	0	0	0	0	0	0	0	0	0	0	0	0	0	0	0	0	0	0	0	0	0	0	0	0	0	0	0	0	0	0	0	0	0	0	0	0	0	0	0	0	0	0	0	0	0	0	0	0	0	0	0	0	0	0	0	0	0	0	0	0	0	0	0	0	0	0	0	0	0	0	0	0	0	0	0	0	0	0	0	0	0	0	0	0	0	0	0	0	0	0	0	0	0	0	0	0	0	0	0	0	0	0	0	0	0	0	0	0	0	0	0	0	0	0	0	0	0	0	0	0	0	0	0	0	0	0	0	0	0	0	0	0	0	0	0	0	0	0	2160	2147	2120	2095	2095	2095	2095	2095	2095	2082	2082	2082	2082	2082	2082	2082	2095	2107	2107	2107	2120	2120	2120	2120	2120	2120	2120	2133	2133	2133	2133	2133	2133	2133	2120	2120	2120	2120	2107	2107	2107	2120	2120	0	0	0	0	0	0	0	0	1428	1428	1428	1428	1428	1428	1920	1909	1920	1920	1920	1920	1920	1909	1920	1920	0	0	0	0	0	0	0	0	0	0	0	0	0	0	0	0	0	0	0	0	0	0	0	0	0	0	868	866	863	861	861	859	857	855	851	844	840	834	832	830	828	826	824	820	818	816	816	815	813	811	809	809	807	807	807	807	809	809	828	830	830	830	830	832	840	840	840	838	838	838	838	838	838	838	840	838	838	840	840	840	840	840	840	840	840	840	840	842	842	844	844	846	846	846	846	849	846	846	846	846	844	844	842	840	838	838	836	836	836	836	836	836	838	838	838	840	840	842	844	846	846	849	851	851	851	851	851	851	851	853	853	851	851	851	851	851	851	851	849	849	0	0	0	0	0	0	0	0	0	0	0	0	0	0	0	0	0	0	0	0	0	0	0	0	0	0	0	0	0	0	0	0	0	0	0	0	0	0	0	0	0	0	0	0	0	0	0	0	0	0	0	0	0	0	0	0	0	0	0	0	0	0	0	0	0	0	0	0	0	0	0	0	0	0	0	0	0	0	0	0	0	0	0	0	0	0	0	0	0	0	0	0	0	0	0	0	0	0	0	0	0	0	0	0	0	0	0	0	0	0	0	0	0	0	0	0	0	0	0	0	0	0	0	0	0	0	0	0	0	0	0	0	0	0	0	0	0	0	0	0	0	0	0	0	0	0	0	0	0	0	0	0	0	0	0	0	0	0	0	0	0	0	0	0	0	0	0	0	0	0	0	0	0	0	0	0	
0	0	0	0	0	0	0	0	0	0	0	0	0	0	0	0	0	0	0	0	0	0	0	0	0	0	0	0	0	0	0	0	0	0	0	0	0	1819	1838	1838	1848	1848	1858	1858	1858	1868	1888	1920	1931	1931	1941	1941	1941	1952	1975	2009	2009	2009	2021	2033	2033	2033	2033	2069	2069	2069	2107	2187	2187	2187	2201	2201	2201	2160	2174	0	0	0	0	0	0	0	0	0	0	0	0	0	0	0	0	0	0	0	0	0	0	0	0	0	0	0	0	0	0	0	0	0	0	0	0	0	0	0	0	0	0	0	0	0	0	0	0	0	0	0	0	0	0	0	0	0	0	0	0	0	0	0	0	0	0	0	0	0	0	0	0	0	0	0	0	0	0	0	0	0	0	0	0	0	0	0	0	0	0	0	0	0	0	0	0	0	0	0	0	0	0	0	0	0	0	0	0	0	0	0	0	0	0	0	0	0	0	0	0	0	0	0	0	0	0	0	0	0	0	0	0	0	0	0	0	0	0	0	0	0	0	0	0	0	0	0	0	0	0	0	0	0	0	0	0	0	0	0	0	0	0	0	0	0	0	0	0	0	0	0	0	0	0	0	0	0	0	0	0	0	0	2160	2147	2120	2107	2095	2095	2095	2082	2082	2082	2082	2082	2082	2082	2082	2082	2095	2107	2107	2107	2120	2120	2120	2120	2120	2133	2133	2133	2133	2133	2133	2133	2133	2120	2120	2120	2120	2120	2107	2107	2107	2120	2120	0	0	0	0	0	0	0	0	1428	1428	1422	1422	1422	1920	1920	1909	1920	1920	1920	1920	1909	1909	1920	0	0	0	0	0	0	0	0	0	0	0	0	0	0	0	0	0	0	0	0	0	0	0	0	0	0	0	868	866	863	861	861	861	857	855	851	842	840	834	832	830	828	826	822	820	818	816	816	815	813	811	809	809	807	807	807	807	809	809	811	828	828	830	830	832	840	840	840	840	840	840	840	840	838	838	840	838	840	840	840	840	840	840	840	838	838	840	840	842	842	842	844	844	846	846	846	846	846	846	846	846	844	842	840	838	838	836	836	836	836	836	836	836	838	838	838	840	840	842	844	846	846	849	851	851	851	851	851	851	853	855	855	851	851	851	851	851	851	851	851	849	0	0	0	0	0	0	0	0	0	0	0	0	0	0	0	0	0	0	0	0	0	0	0	0	0	0	0	0	0	0	0	0	0	0	0	0	0	0	0	0	0	0	0	0	0	0	0	0	0	0	0	0	0	0	0	0	0	0	0	0	0	0	0	0	0	0	0	0	0	0	0	0	0	0	0	0	0	0	0	0	0	0	0	0	0	0	0	0	0	0	0	0	0	0	0	0	0	0	0	0	0	0	0	0	0	0	0	0	0	0	0	0	0	0	0	0	0	0	0	0	0	0	0	0	0	0	0	0	0	0	0	0	0	0	0	0	0	0	0	0	0	0	0	0	0	0	0	0	0	0	0	0	0	0	0	0	0	0	0	0	0	0	0	0	0	0	0	0	0	0	0	0	0	0	0	0	
0	0	0	0	0	0	0	0	0	0	0	0	0	0	0	0	0	0	0	0	0	0	0	0	0	0	0	0	0	0	0	0	0	0	0	0	0	1819	1838	1848	1848	1848	1858	1858	1868	1868	1878	1920	1931	1931	1941	1941	1941	1952	1975	2009	2009	2009	2021	2021	2033	2033	2033	2069	2069	2069	2082	2120	2174	2187	2201	2215	2215	2174	2174	0	0	0	0	0	0	0	0	0	0	0	0	0	0	0	0	0	0	0	0	0	0	0	0	0	0	0	0	0	0	0	0	0	0	0	0	0	0	0	0	0	0	0	0	0	0	0	0	0	0	0	0	0	0	0	0	0	0	0	0	0	0	0	0	0	0	0	0	0	0	0	0	0	0	0	0	0	0	0	0	0	0	0	0	0	0	0	0	0	0	0	0	0	0	0	0	0	0	0	0	0	0	0	0	0	0	0	0	0	0	0	0	0	0	0	0	0	0	0	0	0	0	0	0	0	0	0	0	0	0	0	0	0	0	0	0	0	0	0	0	0	0	0	0	0	0	0	0	0	0	0	0	0	0	0	0	0	0	0	0	0	0	0	0	0	0	0	0	0	0	0	0	0	0	0	0	0	0	0	0	0	0	2147	2147	2120	2107	2095	2095	2095	2095	2082	2082	2082	2082	2095	2082	2082	2082	2095	2107	2107	2107	2120	2120	2120	2120	2120	2120	2133	2133	2133	2133	2133	2133	2133	2133	2120	2120	2120	2120	2120	2107	2107	2082	2120	0	0	0	0	0	0	0	0	1428	1428	1422	1422	1422	1422	1909	1909	1920	1920	1931	1931	1931	1909	1920	0	0	0	0	0	0	0	0	0	0	0	0	0	0	0	0	0	0	0	0	0	0	0	0	0	0	0	868	866	863	861	861	859	857	855	849	844	840	834	830	828	826	824	822	820	818	816	826	815	813	811	809	809	807	807	807	807	809	809	813	826	826	828	830	832	842	842	840	840	840	840	840	840	838	840	840	838	838	840	840	840	840	840	838	838	838	838	840	840	842	842	842	844	846	846	846	846	846	846	846	846	846	844	840	838	838	836	836	836	836	836	836	836	836	838	838	838	838	840	844	846	849	849	851	851	851	851	851	853	853	855	855	853	851	851	853	851	851	851	851	0	0	0	0	0	0	0	0	0	0	0	0	0	0	0	0	0	0	0	0	0	0	0	0	0	0	0	0	0	0	0	0	0	0	0	0	0	0	0	0	0	0	0	0	0	0	0	0	0	0	0	0	0	0	0	0	0	0	0	0	0	0	0	0	0	0	0	0	0	0	0	0	0	0	0	0	0	0	0	0	0	0	0	0	0	0	0	0	0	0	0	0	0	0	0	0	0	0	0	0	0	0	0	0	0	0	0	0	0	0	0	0	0	0	0	0	0	0	0	0	0	0	0	0	0	0	0	0	0	0	0	0	0	0	0	0	0	0	0	0	0	0	0	0	0	0	0	0	0	0	0	0	0	0	0	0	0	0	0	0	0	0	0	0	0	0	0	0	0	0	0	0	0	0	0	0	0	
0	0	0	0	0	0	0	0	0	0	0	0	0	0	0	0	0	0	0	0	0	0	0	0	0	0	0	0	0	0	0	0	0	0	0	0	0	1819	1838	1848	1848	1848	1858	1858	1868	1868	1888	1920	1931	1931	1941	1941	1941	1952	1975	2009	2021	2021	2021	2021	2033	2045	2045	2069	2069	2069	2082	2120	2174	2201	2201	2215	2215	2174	2174	0	0	0	0	0	0	0	0	0	0	0	0	0	0	0	0	0	0	0	0	0	0	0	0	0	0	0	0	0	0	0	0	0	0	0	0	0	0	0	0	0	0	0	0	0	0	0	0	0	0	0	0	0	0	0	0	0	0	0	0	0	0	0	0	0	0	0	0	0	0	0	0	0	0	0	0	0	0	0	0	0	0	0	0	0	0	0	0	0	0	0	0	0	0	0	0	0	0	0	0	0	0	0	0	0	0	0	0	0	0	0	0	0	0	0	0	0	0	0	0	0	0	0	0	0	0	0	0	0	0	0	0	0	0	0	0	0	0	0	0	0	0	0	0	0	0	0	0	0	0	0	0	0	0	0	0	0	0	0	0	0	0	0	0	0	0	0	0	0	0	0	0	0	0	0	0	0	0	0	0	0	0	2147	2147	2120	2107	2095	2082	2082	2082	2082	2082	2082	2082	2082	2082	2082	2082	2095	2107	2107	2107	2120	2120	2120	2120	2120	2120	2133	2133	2133	2133	2133	2133	2133	2120	2120	2120	2120	2120	2120	2107	2107	2120	2120	0	0	0	0	0	0	0	0	1428	1428	1422	1422	1422	1909	1909	1899	1920	1920	1931	1931	1909	1920	1920	0	0	0	0	0	0	0	0	0	0	0	0	0	0	0	0	0	0	0	0	0	0	0	0	0	0	0	872	866	861	859	861	859	857	855	849	842	840	834	830	828	826	824	822	820	818	816	816	815	813	811	809	809	807	807	807	807	809	811	813	813	815	859	857	853	849	846	846	842	840	840	840	840	840	838	840	838	838	838	840	840	840	840	838	838	838	840	838	840	842	842	844	844	846	846	846	846	846	846	846	846	844	842	838	838	838	836	836	836	836	836	836	836	836	836	838	838	838	840	844	846	846	849	851	851	853	853	853	853	853	853	855	853	851	851	853	851	851	851	0	0	0	0	0	0	0	0	0	0	0	0	0	0	0	0	0	0	0	0	0	0	0	0	0	0	0	0	0	0	0	0	0	0	0	0	0	0	0	0	0	0	0	0	0	0	0	0	0	0	0	0	0	0	0	0	0	0	0	0	0	0	0	0	0	0	0	0	0	0	0	0	0	0	0	0	0	0	0	0	0	0	0	0	0	0	0	0	0	0	0	0	0	0	0	0	0	0	0	0	0	0	0	0	0	0	0	0	0	0	0	0	0	0	0	0	0	0	0	0	0	0	0	0	0	0	0	0	0	0	0	0	0	0	0	0	0	0	0	0	0	0	0	0	0	0	0	0	0	0	0	0	0	0	0	0	0	0	0	0	0	0	0	0	0	0	0	0	0	0	0	0	0	0	0	0	0	0	
0	0	0	0	0	0	0	0	0	0	0	0	0	0	0	0	0	0	0	0	0	0	0	0	0	0	0	0	0	0	0	0	0	0	0	0	0	1819	1838	1848	1848	1848	1858	1868	1868	1868	1878	1909	1931	1931	1941	1941	1941	1952	1975	1975	2009	2009	2009	2021	2033	2045	2045	2057	2069	2069	2082	2147	2174	2187	2201	2201	2201	2174	2174	0	0	0	0	0	0	0	0	0	0	0	0	0	0	0	0	0	0	0	0	0	0	0	0	0	0	0	0	0	0	0	0	0	0	0	0	0	0	0	0	0	0	0	0	0	0	0	0	0	0	0	0	0	0	0	0	0	0	0	0	0	0	0	0	0	0	0	0	0	0	0	0	0	0	0	0	0	0	0	0	0	0	0	0	0	0	0	0	0	0	0	0	0	0	0	0	0	0	0	0	0	0	0	0	0	0	0	0	0	0	0	0	0	0	0	0	0	0	0	0	0	0	0	0	0	0	0	0	0	0	0	0	0	0	0	0	0	0	0	0	0	0	0	0	0	0	0	0	0	0	0	0	0	0	0	0	0	0	0	0	0	0	0	0	0	0	0	0	0	0	0	0	0	0	0	0	0	0	0	0	0	0	2147	2147	2120	2107	2095	2082	2082	2082	2082	2082	2082	2082	2082	2095	2082	2095	2107	2107	2107	2107	2120	2120	2120	2120	2120	2120	2133	2133	2133	2133	2133	2120	2120	2120	2120	2120	2120	2120	2120	2107	2120	2120	2120	2120	0	0	0	0	0	0	0	1428	1428	1428	1422	1422	1909	1909	1909	1920	1920	1920	1920	1920	1920	1920	0	0	0	0	0	0	0	0	0	0	0	0	0	0	0	0	0	0	0	0	0	0	0	0	0	0	0	872	866	861	859	861	859	857	853	844	840	838	834	830	828	824	824	822	820	818	816	816	815	813	811	809	809	807	807	807	807	811	811	813	813	859	859	857	855	851	849	846	844	842	842	840	840	840	840	840	838	838	838	838	838	838	838	838	838	838	838	838	840	842	842	844	844	844	846	846	846	846	846	846	846	844	842	838	838	838	836	836	836	836	836	836	836	836	836	838	838	838	840	844	846	846	849	851	851	851	853	853	853	853	853	855	853	853	851	853	851	851	849	0	0	0	0	0	0	0	0	0	0	0	0	0	0	0	0	0	0	0	0	0	0	0	0	0	0	0	0	0	0	0	0	0	0	0	0	0	0	0	0	0	0	0	0	0	0	0	0	0	0	0	0	0	0	0	0	0	0	0	0	0	0	0	0	0	0	0	0	0	0	0	0	0	0	0	0	0	0	0	0	0	0	0	0	0	0	0	0	0	0	0	0	0	0	0	0	0	0	0	0	0	0	0	0	0	0	0	0	0	0	0	0	0	0	0	0	0	0	0	0	0	0	0	0	0	0	0	0	0	0	0	0	0	0	0	0	0	0	0	0	0	0	0	0	0	0	0	0	0	0	0	0	0	0	0	0	0	0	0	0	0	0	0	0	0	0	0	0	0	0	0	0	0	0	0	0	0	0	
0	0	0	0	0	0	0	0	0	0	0	0	0	0	0	0	0	0	0	0	0	0	0	0	0	0	0	0	0	0	0	0	0	0	0	0	0	1819	1838	1848	1848	1848	1858	1868	1868	1878	1888	1909	1920	1931	1941	1941	1941	1952	1964	1975	1998	2009	2009	2021	2033	2033	2045	2057	2069	2069	2095	2133	2187	2187	2201	2201	2201	2160	2160	0	0	0	0	0	0	0	0	0	0	0	0	0	0	0	0	0	0	0	0	0	0	0	0	0	0	0	0	0	0	0	0	0	0	0	0	0	0	0	0	0	0	0	0	0	0	0	0	0	0	0	0	0	0	0	0	0	0	0	0	0	0	0	0	0	0	0	0	0	0	0	0	0	0	0	0	0	0	0	0	0	0	0	0	0	0	0	0	0	0	0	0	0	0	0	0	0	0	0	0	0	0	0	0	0	0	0	0	0	0	0	0	0	0	0	0	0	0	0	0	0	0	0	0	0	0	0	0	0	0	0	0	0	0	0	0	0	0	0	0	0	0	0	0	0	0	0	0	0	0	0	0	0	0	0	0	0	0	0	0	0	0	0	0	0	0	0	0	0	0	0	0	0	0	0	0	0	0	0	0	0	0	2147	2133	2107	2107	2095	2082	2082	2082	2082	2082	2082	2082	2082	2095	2095	2095	2107	2107	2107	2120	2120	2120	2120	2120	2120	2120	2120	2120	2120	2120	2120	2120	2120	2107	2120	2120	2120	2120	2120	2120	2120	2120	2120	2120	0	0	0	0	0	0	0	1434	1428	1428	1422	1422	1909	1920	1909	1920	1920	1920	1931	1920	1920	0	0	0	0	0	0	0	0	0	0	0	0	0	0	0	0	0	0	0	0	0	0	0	0	0	0	0	0	0	866	861	859	859	859	857	853	844	840	838	832	830	828	826	824	822	820	818	816	816	815	813	811	809	809	807	807	807	809	811	811	811	857	857	857	855	855	849	849	846	844	842	842	840	840	840	840	840	838	838	838	838	838	838	838	838	838	838	838	838	838	840	842	844	844	844	846	846	846	846	846	846	844	844	840	838	836	836	836	834	836	836	836	836	836	836	836	836	838	838	840	842	846	846	849	851	851	851	853	853	853	853	853	855	853	853	851	853	851	851	0	0	0	0	0	0	0	0	0	0	0	0	0	0	0	0	0	0	0	0	0	0	0	0	0	0	0	0	0	0	0	0	0	0	0	0	0	0	0	0	0	0	0	0	0	0	0	0	0	0	0	0	0	0	0	0	0	0	0	0	0	0	0	0	0	0	0	0	0	0	0	0	0	0	0	0	0	0	0	0	0	0	0	0	0	0	0	0	0	0	0	0	0	0	0	0	0	0	0	0	0	0	0	0	0	0	0	0	0	0	0	0	0	0	0	0	0	0	0	0	0	0	0	0	0	0	0	0	0	0	0	0	0	0	0	0	0	0	0	0	0	0	0	0	0	0	0	0	0	0	0	0	0	0	0	0	0	0	0	0	0	0	0	0	0	0	0	0	0	0	0	0	0	0	0	0	0	0	0	
0	0	0	0	0	0	0	0	0	0	0	0	0	0	0	0	0	0	0	0	0	0	0	0	0	0	0	0	0	0	0	0	0	0	0	0	0	1819	1838	1838	1848	1848	1858	1868	1868	1878	1888	1909	1920	1931	1941	1941	1941	1952	1964	1975	1986	2009	2009	2021	2033	2045	2045	2057	2069	2069	2095	2133	2174	2187	2187	2201	2201	2160	2160	0	0	0	0	0	0	0	0	0	0	0	0	0	0	0	0	0	0	0	0	0	0	0	0	0	0	0	0	0	0	0	0	0	0	0	0	0	0	0	0	0	0	0	0	0	0	0	0	0	0	0	0	0	0	0	0	0	0	0	0	0	0	0	0	0	0	0	0	0	0	0	0	0	0	0	0	0	0	0	0	0	0	0	0	0	0	0	0	0	0	0	0	0	0	0	0	0	0	0	0	0	0	0	0	0	0	0	0	0	0	0	0	0	0	0	0	0	0	0	0	0	0	0	0	0	0	0	0	0	0	0	0	0	0	0	0	0	0	0	0	0	0	0	0	0	0	0	0	0	0	0	0	0	0	0	0	0	0	0	0	0	0	0	0	0	0	0	0	0	0	0	0	0	0	0	0	0	0	0	0	0	0	2133	2133	2107	2120	2095	2082	2082	2082	2082	2082	2082	2082	2082	2095	2095	2095	2107	2120	2120	2120	2120	2120	2120	2120	2120	2120	2120	2120	2120	2120	2120	2120	2107	2107	2107	2120	2120	2120	2120	2120	2120	2120	2120	2120	0	0	0	0	0	0	0	1434	1428	1428	1422	1422	1909	1920	1920	1920	1920	1920	1920	1920	0	0	0	0	0	0	0	0	0	0	0	0	0	0	0	0	0	0	0	0	0	0	0	0	0	0	0	0	0	868	866	861	859	859	859	855	853	842	838	836	832	830	826	824	822	822	820	818	816	816	815	813	811	809	809	809	809	809	809	811	811	811	853	853	855	855	853	849	846	846	844	842	842	840	840	840	840	840	838	838	838	838	838	838	838	838	836	838	838	838	838	840	840	842	844	846	846	846	846	846	846	844	844	844	840	838	836	836	836	836	834	834	834	834	836	836	836	836	838	838	838	840	844	846	849	851	851	851	853	853	853	853	853	853	853	853	853	853	851	851	0	0	0	0	0	0	0	0	0	0	0	0	0	0	0	0	0	0	0	0	0	0	0	0	0	0	0	0	0	0	0	0	0	0	0	0	0	0	0	0	0	0	0	0	0	0	0	0	0	0	0	0	0	0	0	0	0	0	0	0	0	0	0	0	0	0	0	0	0	0	0	0	0	0	0	0	0	0	0	0	0	0	0	0	0	0	0	0	0	0	0	0	0	0	0	0	0	0	0	0	0	0	0	0	0	0	0	0	0	0	0	0	0	0	0	0	0	0	0	0	0	0	0	0	0	0	0	0	0	0	0	0	0	0	0	0	0	0	0	0	0	0	0	0	0	0	0	0	0	0	0	0	0	0	0	0	0	0	0	0	0	0	0	0	0	0	0	0	0	0	0	0	0	0	0	0	0	0	0	
0	0	0	0	0	0	0	0	0	0	0	0	0	0	0	0	0	0	0	0	0	0	0	0	0	0	0	0	0	0	0	0	0	0	0	0	0	1819	1828	1848	1848	1858	1868	1868	1878	1878	1888	1899	1920	1931	1941	1941	1941	1952	1952	1964	1986	2009	2021	2021	2033	2045	2045	2057	2069	2069	2082	2107	2160	2174	2187	2201	2187	2174	2160	0	0	0	0	0	0	0	0	0	0	0	0	0	0	0	0	0	0	0	0	0	0	0	0	0	0	0	0	0	0	0	0	0	0	0	0	0	0	0	0	0	0	0	0	0	0	0	0	0	0	0	0	0	0	0	0	0	0	0	0	0	0	0	0	0	0	0	0	0	0	0	0	0	0	0	0	0	0	0	0	0	0	0	0	0	0	0	0	0	0	0	0	0	0	0	0	0	0	0	0	0	0	0	0	0	0	0	0	0	0	0	0	0	0	0	0	0	0	0	0	0	0	0	0	0	0	0	0	0	0	0	0	0	0	0	0	0	0	0	0	0	0	0	0	0	0	0	0	0	0	0	0	0	0	0	0	0	0	0	0	0	0	0	0	0	0	0	0	0	0	0	0	0	0	0	0	0	0	0	0	0	0	2133	2133	2120	2120	2107	2095	2095	2082	2082	2082	2082	2082	2082	2095	2095	2095	2107	2107	2120	2120	2120	2120	2120	2120	2120	2120	2120	2120	2120	2107	2120	2120	2107	2107	2120	2120	2120	2120	2133	2133	2120	2107	2107	0	0	0	0	0	0	0	0	1428	1428	1428	1422	1422	1920	1920	1920	1920	1920	1920	1931	1920	1920	0	0	0	0	0	0	0	0	0	0	0	0	0	0	0	0	0	0	0	0	0	0	0	0	0	0	0	0	0	866	859	857	857	855	853	849	842	840	836	832	830	826	824	822	822	820	818	816	816	815	813	811	811	809	809	809	809	809	811	811	849	851	853	853	853	853	849	849	846	844	842	842	840	840	840	840	840	838	838	838	838	838	838	838	838	838	838	838	838	838	840	840	840	844	846	844	844	844	846	844	844	844	842	840	838	836	836	836	836	834	834	834	834	836	834	836	836	838	838	838	840	844	846	849	849	851	851	851	851	853	853	853	853	853	853	853	853	851	851	0	0	0	0	0	0	0	0	0	0	0	0	0	0	0	0	0	0	0	0	0	0	0	0	0	0	0	0	0	0	0	0	0	0	0	0	0	0	0	0	0	0	0	0	0	0	0	0	0	0	0	0	0	0	0	0	0	0	0	0	0	0	0	0	0	0	0	0	0	0	0	0	0	0	0	0	0	0	0	0	0	0	0	0	0	0	0	0	0	0	0	0	0	0	0	0	0	0	0	0	0	0	0	0	0	0	0	0	0	0	0	0	0	0	0	0	0	0	0	0	0	0	0	0	0	0	0	0	0	0	0	0	0	0	0	0	0	0	0	0	0	0	0	0	0	0	0	0	0	0	0	0	0	0	0	0	0	0	0	0	0	0	0	0	0	0	0	0	0	0	0	0	0	0	0	0	0	0	0	
0	0	0	0	0	0	0	0	0	0	0	0	0	0	0	0	0	0	0	0	0	0	0	0	0	0	0	0	0	0	0	0	0	0	0	0	0	1819	1828	1848	1848	1858	1868	1868	1878	1878	1888	1899	1920	1931	1941	1941	1941	1952	1952	1964	1986	2009	2021	2033	2033	2033	2045	2057	2057	2069	2107	2120	2160	2174	2174	2187	2174	2160	0	0	0	0	0	0	0	0	0	0	0	0	0	0	0	0	0	0	0	0	0	0	0	0	0	0	0	0	0	0	0	0	0	0	0	0	0	0	0	0	0	0	0	0	0	0	0	0	0	0	0	0	0	0	0	0	0	0	0	0	0	0	0	0	0	0	0	0	0	0	0	0	0	0	0	0	0	0	0	0	0	0	0	0	0	0	0	0	0	0	0	0	0	0	0	0	0	0	0	0	0	0	0	0	0	0	0	0	0	0	0	0	0	0	0	0	0	0	0	0	0	0	0	0	0	0	0	0	0	0	0	0	0	0	0	0	0	0	0	0	0	0	0	0	0	0	0	0	0	0	0	0	0	0	0	0	0	0	0	0	0	0	0	0	0	0	0	0	0	0	0	0	0	0	0	0	0	0	0	0	0	0	2147	2147	2133	2120	2120	2107	2095	2095	2082	2095	2095	2082	2082	2095	2095	2095	2095	2107	2107	2120	2120	2120	2120	2120	2120	2120	2120	2120	2120	2120	2107	2107	2107	2107	2107	2120	2120	2133	2133	2133	2133	2120	2133	2107	1422	0	0	0	0	0	0	0	1428	1428	1428	1422	1422	1920	1931	1920	1931	1931	1920	1920	1909	1920	0	0	0	0	0	0	0	0	0	0	0	0	0	0	0	0	0	0	0	0	0	0	0	0	0	0	0	0	0	863	857	855	855	853	851	846	842	838	836	832	830	826	824	822	820	818	818	816	816	815	813	813	811	809	809	809	809	809	809	811	849	851	851	853	853	851	851	849	846	844	842	842	842	840	840	840	840	838	838	838	838	838	838	838	836	836	838	838	838	838	840	840	840	844	844	844	844	844	846	844	844	844	842	840	838	836	836	836	834	832	832	832	834	834	834	836	836	838	838	838	842	844	844	846	849	851	851	851	851	853	853	853	853	853	851	851	851	851	851	849	0	0	0	0	0	0	0	0	0	0	0	0	0	0	0	0	0	0	0	0	0	0	0	0	0	0	0	0	0	0	0	0	0	0	0	0	0	0	0	0	0	0	0	0	0	0	0	0	0	0	0	0	0	0	0	0	0	0	0	0	0	0	0	0	0	0	0	0	0	0	0	0	0	0	0	0	0	0	0	0	0	0	0	0	0	0	0	0	0	0	0	0	0	0	0	0	0	0	0	0	0	0	0	0	0	0	0	0	0	0	0	0	0	0	0	0	0	0	0	0	0	0	0	0	0	0	0	0	0	0	0	0	0	0	0	0	0	0	0	0	0	0	0	0	0	0	0	0	0	0	0	0	0	0	0	0	0	0	0	0	0	0	0	0	0	0	0	0	0	0	0	0	0	0	0	0	0	0	
0	0	0	0	0	0	0	0	0	0	0	0	0	0	0	0	0	0	0	0	0	0	0	0	0	0	0	0	0	0	0	0	0	0	0	0	0	1819	1828	1838	1848	1858	1858	1868	1878	1888	1888	1899	1920	1931	1931	1941	1941	1952	1952	1964	1986	2009	2021	2033	2033	2033	2045	2057	2057	2069	2107	2133	2160	2174	2174	2187	2187	2174	0	0	0	0	0	0	0	0	0	0	0	0	0	0	0	0	0	0	0	0	0	0	0	0	0	0	0	0	0	0	0	0	0	0	0	0	0	0	0	0	0	0	0	0	0	0	0	0	0	0	0	0	0	0	0	0	0	0	0	0	0	0	0	0	0	0	0	0	0	0	0	0	0	0	0	0	0	0	0	0	0	0	0	0	0	0	0	0	0	0	0	0	0	0	0	0	0	0	0	0	0	0	0	0	0	0	0	0	0	0	0	0	0	0	0	0	0	0	0	0	0	0	0	0	0	0	0	0	0	0	0	0	0	0	0	0	0	0	0	0	0	0	0	0	0	0	0	0	0	0	0	0	0	0	0	0	0	0	0	0	0	0	0	0	0	0	0	0	0	0	0	0	0	0	0	0	0	0	0	0	0	2160	2147	2147	2133	2120	2120	2107	2095	2095	2082	2095	2095	2082	2082	2082	2095	2095	2095	2107	2107	2120	2120	2120	2120	2120	2120	2120	2120	2120	2120	2120	2107	2107	2107	2107	2120	2120	2120	2120	2120	2133	2120	2107	2107	2107	2107	0	0	0	0	0	0	0	1434	1428	1428	1422	1422	1931	1931	1920	1920	1920	1920	1909	1909	1909	0	0	0	0	0	0	0	0	0	0	0	0	0	0	0	0	0	0	0	0	0	0	0	0	0	0	0	0	0	861	859	855	855	855	851	842	840	838	836	832	830	826	824	822	820	818	818	816	816	815	813	811	809	809	809	809	809	809	811	811	846	849	851	851	851	849	849	846	846	844	844	844	842	842	842	842	842	840	838	838	838	838	838	838	836	836	838	838	838	838	840	840	840	844	844	844	844	846	844	844	844	844	842	840	838	836	836	836	834	832	830	832	834	832	834	834	836	836	838	838	840	844	844	846	846	849	851	851	851	853	853	853	853	851	851	851	851	851	851	849	0	0	0	0	0	0	0	0	0	0	0	0	0	0	0	0	0	0	0	0	0	0	0	0	0	0	0	0	0	0	0	0	0	0	0	0	0	0	0	0	0	0	0	0	0	0	0	0	0	0	0	0	0	0	0	0	0	0	0	0	0	0	0	0	0	0	0	0	0	0	0	0	0	0	0	0	0	0	0	0	0	0	0	0	0	0	0	0	0	0	0	0	0	0	0	0	0	0	0	0	0	0	0	0	0	0	0	0	0	0	0	0	0	0	0	0	0	0	0	0	0	0	0	0	0	0	0	0	0	0	0	0	0	0	0	0	0	0	0	0	0	0	0	0	0	0	0	0	0	0	0	0	0	0	0	0	0	0	0	0	0	0	0	0	0	0	0	0	0	0	0	0	0	0	0	0	0	0	
0	0	0	0	0	0	0	0	0	0	0	0	0	0	0	0	0	0	0	0	0	0	0	0	0	0	0	0	0	0	0	0	0	0	0	0	0	1819	1828	1838	1848	1858	1868	1878	1888	1888	1888	1899	1909	1931	1931	1941	1941	1952	1952	1964	1986	2009	2021	2021	2021	2033	2033	2045	2057	2069	2107	2133	2160	2174	2174	2187	2187	2174	0	0	0	0	0	0	0	0	0	0	0	0	0	0	0	0	0	0	0	0	0	0	0	0	0	0	0	0	0	0	0	0	0	0	0	0	0	0	0	0	0	0	0	0	0	0	0	0	0	0	0	0	0	0	0	0	0	0	0	0	0	0	0	0	0	0	0	0	0	0	0	0	0	0	0	0	0	0	0	0	0	0	0	0	0	0	0	0	0	0	0	0	0	0	0	0	0	0	0	0	0	0	0	0	0	0	0	0	0	0	0	0	0	0	0	0	0	0	0	0	0	0	0	0	0	0	0	0	0	0	0	0	0	0	0	0	0	0	0	0	0	0	0	0	0	0	0	0	0	0	0	0	0	0	0	0	0	0	0	0	0	0	0	0	0	0	0	0	0	0	0	0	0	0	0	0	0	0	0	0	0	0	2147	2147	2133	2120	2120	2107	2107	2095	2095	2095	2095	2082	2082	2095	2095	2095	2095	2107	2107	2120	2120	2120	2120	2120	2120	2120	2120	2120	2120	2120	2120	2120	2120	2120	2120	2120	2120	2120	2120	2120	2120	2120	2107	2095	2120	0	0	0	0	0	0	0	1434	1428	1428	1422	1422	1931	1931	1920	1920	1920	1920	1909	1909	1909	0	0	0	0	0	0	0	0	0	0	0	0	0	0	0	0	0	0	0	0	0	0	0	0	0	0	0	870	866	866	861	855	851	853	846	842	840	838	836	832	828	826	824	822	820	818	816	816	816	815	813	811	809	809	809	809	809	809	809	811	844	846	849	849	851	849	849	849	846	846	844	844	844	842	842	844	842	840	840	840	838	838	838	838	838	838	838	838	838	838	840	840	840	840	844	844	844	844	844	844	844	842	842	838	836	836	836	834	834	830	830	832	834	832	834	834	836	836	838	838	840	844	844	846	846	849	851	851	851	853	851	851	851	851	851	851	851	851	0	0	0	0	0	0	0	0	0	0	0	0	0	0	0	0	0	0	0	0	0	0	0	0	0	0	0	0	0	0	0	0	0	0	0	0	0	0	0	0	0	0	0	0	0	0	0	0	0	0	0	0	0	0	0	0	0	0	0	0	0	0	0	0	0	0	0	0	0	0	0	0	0	0	0	0	0	0	0	0	0	0	0	0	0	0	0	0	0	0	0	0	0	0	0	0	0	0	0	0	0	0	0	0	0	0	0	0	0	0	0	0	0	0	0	0	0	0	0	0	0	0	0	0	0	0	0	0	0	0	0	0	0	0	0	0	0	0	0	0	0	0	0	0	0	0	0	0	0	0	0	0	0	0	0	0	0	0	0	0	0	0	0	0	0	0	0	0	0	0	0	0	0	0	0	0	0	0	0	0	
0	0	0	0	0	0	0	0	0	0	0	0	0	0	0	0	0	0	0	0	0	0	0	0	0	0	0	0	0	0	0	0	0	0	0	0	0	1819	1828	1838	1848	1858	1868	1878	1888	1888	1888	1899	1920	1931	1931	1941	1952	1952	1952	1964	1986	2009	2021	2033	2021	2033	2045	2057	2057	2082	2107	2120	2160	2174	2187	2187	2187	2201	2187	2201	0	0	0	0	0	0	0	0	0	0	0	0	0	0	0	0	0	0	0	0	0	0	0	0	0	0	0	0	0	0	0	0	0	0	0	0	0	0	0	0	0	0	0	0	0	0	0	0	0	0	0	0	0	0	0	0	0	0	0	0	0	0	0	0	0	0	0	0	0	0	0	0	0	0	0	0	0	0	0	0	0	0	0	0	0	0	0	0	0	0	0	0	0	0	0	0	0	0	0	0	0	0	0	0	0	0	0	0	0	0	0	0	0	0	0	0	0	0	0	0	0	0	0	0	0	0	0	0	0	0	0	0	0	0	0	0	0	0	0	0	0	0	0	0	0	0	0	0	0	0	0	0	0	0	0	0	0	0	0	0	0	0	0	0	0	0	0	0	0	0	0	0	0	0	0	0	0	0	2147	2147	2147	2147	2133	2120	2120	2107	2107	2107	2095	2107	2095	2095	2095	2095	2095	2095	2095	2107	2107	2120	2120	2120	2120	2120	2120	2120	2120	2120	2120	2120	2120	2120	2120	2120	2120	2120	2120	2120	2120	2120	2120	2120	2095	2095	1428	1422	0	0	0	0	0	0	1434	1428	1428	1422	1422	1931	1931	1920	1920	1920	1920	1920	1899	1899	0	0	0	0	0	0	0	0	0	0	0	0	0	0	0	0	0	0	0	0	0	0	0	0	0	0	0	870	866	866	861	853	844	840	842	842	840	838	834	832	830	826	824	822	820	818	816	816	815	813	813	811	809	809	809	809	809	809	809	811	846	846	849	849	851	849	849	849	846	846	846	844	846	846	844	846	844	842	840	840	838	838	838	836	836	836	836	838	838	838	838	840	840	840	844	844	844	844	844	844	844	842	840	838	838	836	836	834	834	834	832	832	832	832	834	834	836	838	838	840	840	842	844	846	849	851	851	853	853	853	851	851	851	851	849	851	0	0	0	0	0	0	0	0	0	0	0	0	0	0	0	0	0	0	0	0	0	0	0	0	0	0	0	0	0	0	0	0	0	0	0	0	0	0	0	0	0	0	0	0	0	0	0	0	0	0	0	0	0	0	0	0	0	0	0	0	0	0	0	0	0	0	0	0	0	0	0	0	0	0	0	0	0	0	0	0	0	0	0	0	0	0	0	0	0	0	0	0	0	0	0	0	0	0	0	0	0	0	0	0	0	0	0	0	0	0	0	0	0	0	0	0	0	0	0	0	0	0	0	0	0	0	0	0	0	0	0	0	0	0	0	0	0	0	0	0	0	0	0	0	0	0	0	0	0	0	0	0	0	0	0	0	0	0	0	0	0	0	0	0	0	0	0	0	0	0	0	0	0	0	0	0	0	0	0	0	0	0	
0	0	0	0	0	0	0	0	0	0	0	0	0	0	0	0	0	0	0	0	0	0	0	0	0	0	0	0	0	0	0	0	0	0	0	0	0	1819	1819	1838	1848	1858	1858	1878	1888	1888	1888	1899	1920	1931	1931	1941	1952	1952	1952	1964	1986	2009	2021	2033	2033	2033	2045	2069	2057	2069	2095	2147	2160	2174	2174	2187	2187	2201	2160	2201	0	0	0	0	0	0	0	0	0	0	0	0	0	0	0	0	0	0	0	0	0	0	0	0	0	0	0	0	0	0	0	0	0	0	0	0	0	0	0	0	0	0	0	0	0	0	0	0	0	0	0	0	0	0	0	0	0	0	0	0	0	0	0	0	0	0	0	0	0	0	0	0	0	0	0	0	0	0	0	0	0	0	0	0	0	0	0	0	0	0	0	0	0	0	0	0	0	0	0	0	0	0	0	0	0	0	0	0	0	0	0	0	0	0	0	0	0	0	0	0	0	0	0	0	0	0	0	0	0	0	0	0	0	0	0	0	0	0	0	0	0	0	0	0	0	0	0	0	0	0	0	0	0	0	0	0	0	0	0	0	0	0	0	0	0	0	0	0	0	0	0	0	0	0	0	0	0	0	0	2147	2147	2147	2147	2120	2120	2120	2107	2107	2095	2095	2095	2095	2095	2095	2095	2095	2095	2107	2107	2107	2120	2120	2120	2120	2120	2120	2120	2120	2120	2120	2120	2120	2120	2120	2120	2120	2120	2120	2120	2120	2120	2120	2120	2082	1428	1428	0	0	0	0	0	0	0	1428	1428	1422	1422	1931	1920	1920	1920	1920	1920	1899	1899	1899	0	0	0	0	0	0	0	0	0	0	0	0	0	0	0	0	0	0	0	0	0	0	0	0	0	0	0	868	866	863	861	851	842	840	840	840	838	836	834	830	828	826	824	822	820	818	816	816	815	815	813	811	809	809	809	809	807	809	809	811	816	824	824	824	846	846	846	849	849	846	846	846	846	846	846	846	844	842	840	838	838	838	838	836	836	836	836	838	838	838	838	838	840	840	844	844	844	844	844	844	844	842	840	838	838	836	836	834	834	834	832	832	832	832	832	836	836	838	838	840	840	842	844	844	849	849	851	851	851	853	851	851	851	851	846	851	0	0	0	0	0	0	0	0	0	0	0	0	0	0	0	0	0	0	0	0	0	0	0	0	0	0	0	0	0	0	0	0	0	0	0	0	0	0	0	0	0	0	0	0	0	0	0	0	0	0	0	0	0	0	0	0	0	0	0	0	0	0	0	0	0	0	0	0	0	0	0	0	0	0	0	0	0	0	0	0	0	0	0	0	0	0	0	0	0	0	0	0	0	0	0	0	0	0	0	0	0	0	0	0	0	0	0	0	0	0	0	0	0	0	0	0	0	0	0	0	0	0	0	0	0	0	0	0	0	0	0	0	0	0	0	0	0	0	0	0	0	0	0	0	0	0	0	0	0	0	0	0	0	0	0	0	0	0	0	0	0	0	0	0	0	0	0	0	0	0	0	0	0	0	0	0	0	0	0	0	0	0	
0	0	0	0	0	0	0	0	0	0	0	0	0	0	0	0	0	0	0	0	0	0	0	0	0	0	0	0	0	0	0	0	0	0	0	0	0	1819	1828	1838	1848	1858	1858	1878	1888	1888	1888	1899	1920	1931	1931	1941	1941	1952	1952	1964	1986	2009	2021	2033	2033	2033	2057	2069	2069	2069	2082	2147	2160	2174	2174	2174	2187	2187	2174	0	0	0	0	0	0	0	0	0	0	0	0	0	0	0	0	0	0	0	0	0	0	0	0	0	0	0	0	0	0	0	0	0	0	0	0	0	0	0	0	0	0	0	0	0	0	0	0	0	0	0	0	0	0	0	0	0	0	0	0	0	0	0	0	0	0	0	0	0	0	0	0	0	0	0	0	0	0	0	0	0	0	0	0	0	0	0	0	0	0	0	0	0	0	0	0	0	0	0	0	0	0	0	0	0	0	0	0	0	0	0	0	0	0	0	0	0	0	0	0	0	0	0	0	0	0	0	0	0	0	0	0	0	0	0	0	0	0	0	0	0	0	0	0	0	0	0	0	0	0	0	0	0	0	0	0	0	0	0	0	0	0	0	0	0	0	0	0	0	0	0	0	0	0	0	0	0	0	0	0	2147	2147	2147	2147	2133	2133	2120	2107	2107	2107	2107	2095	2095	2095	2095	2095	2095	2095	2107	2107	2107	2107	2120	2120	2120	2120	2120	2120	2120	2120	2120	2120	2120	2120	2120	2120	2120	2120	2120	2120	2120	2120	2120	2120	2095	1428	1428	0	0	0	0	0	0	1428	1428	1428	1422	1422	1931	1931	1920	1920	1909	1909	1899	1899	1899	0	0	0	0	0	0	0	0	0	0	0	0	0	0	0	0	0	0	0	0	0	0	0	0	0	0	0	868	866	863	861	849	842	842	840	840	838	836	834	832	830	826	824	822	820	820	816	816	815	815	811	811	809	809	809	809	809	809	809	816	816	824	824	824	846	846	846	849	849	849	849	846	846	846	846	846	844	842	840	838	838	838	836	836	836	838	836	838	838	838	838	840	840	840	844	844	844	844	844	844	842	842	840	838	836	836	836	834	834	832	832	832	832	832	832	834	836	836	838	840	840	842	844	846	849	849	851	851	851	851	851	851	851	851	846	849	846	846	846	0	0	0	0	0	0	0	0	0	0	0	0	0	0	0	0	0	0	0	0	0	0	0	0	0	0	0	0	0	0	0	0	0	0	0	0	0	0	0	0	0	0	0	0	0	0	0	0	0	0	0	0	0	0	0	0	0	0	0	0	0	0	0	0	0	0	0	0	0	0	0	0	0	0	0	0	0	0	0	0	0	0	0	0	0	0	0	0	0	0	0	0	0	0	0	0	0	0	0	0	0	0	0	0	0	0	0	0	0	0	0	0	0	0	0	0	0	0	0	0	0	0	0	0	0	0	0	0	0	0	0	0	0	0	0	0	0	0	0	0	0	0	0	0	0	0	0	0	0	0	0	0	0	0	0	0	0	0	0	0	0	0	0	0	0	0	0	0	0	0	0	0	0	0	0	0	0	0	0	
0	0	0	0	0	0	0	0	0	0	0	0	0	0	0	0	0	0	0	0	0	0	0	0	0	0	0	0	0	0	0	0	0	0	0	0	0	1819	1819	1838	1848	1858	1858	1868	1888	1888	1888	1899	1920	1931	1931	1941	1941	1952	1952	1964	1986	2009	2021	2033	2033	2045	2057	2069	2069	2069	2069	2147	2160	2174	2174	2174	2174	2187	2187	0	0	0	0	0	0	0	0	0	0	0	0	0	0	0	0	0	0	0	0	0	0	0	0	0	0	0	0	0	0	0	0	0	0	0	0	0	0	0	0	0	0	0	0	0	0	0	0	0	0	0	0	0	0	0	0	0	0	0	0	0	0	0	0	0	0	0	0	0	0	0	0	0	0	0	0	0	0	0	0	0	0	0	0	0	0	0	0	0	0	0	0	0	0	0	0	0	0	0	0	0	0	0	0	0	0	0	0	0	0	0	0	0	0	0	0	0	0	0	0	0	0	0	0	0	0	0	0	0	0	0	0	0	0	0	0	0	0	0	0	0	0	0	0	0	0	0	0	0	0	0	0	0	0	0	0	0	0	0	0	0	0	0	0	0	0	0	0	0	0	0	0	0	0	0	0	0	0	0	0	0	0	2147	2147	2133	2120	2107	2107	2107	2095	2095	2095	2095	2095	2095	2095	2095	2095	2095	2095	2107	2107	2120	2120	2120	2120	2120	2120	2120	2120	2120	2120	2120	2120	2120	2120	2120	2120	2120	2120	2120	2120	2120	2095	2082	1422	1422	0	0	0	0	0	0	1434	1428	1428	1422	1422	1931	1931	1920	1920	1920	1920	1909	1899	1899	0	0	0	0	0	0	0	0	0	0	0	0	0	0	0	0	0	0	0	0	0	0	0	0	0	0	0	866	866	863	857	851	844	842	840	838	838	836	834	832	828	824	824	822	820	820	816	816	815	815	811	811	809	809	809	809	809	809	811	813	816	822	824	826	826	844	844	849	849	849	849	846	846	846	846	846	844	840	840	838	838	836	836	836	836	836	836	838	838	838	838	838	840	840	844	844	844	844	844	844	842	842	840	838	836	836	834	834	832	832	832	832	830	832	834	834	836	836	838	840	842	844	844	846	849	849	851	851	851	851	851	849	851	849	846	846	846	846	846	846	0	0	0	0	0	0	0	0	0	0	0	0	0	0	0	0	0	0	0	0	0	0	0	0	0	0	0	0	0	0	0	0	0	0	0	0	0	0	0	0	0	0	0	0	0	0	0	0	0	0	0	0	0	0	0	0	0	0	0	0	0	0	0	0	0	0	0	0	0	0	0	0	0	0	0	0	0	0	0	0	0	0	0	0	0	0	0	0	0	0	0	0	0	0	0	0	0	0	0	0	0	0	0	0	0	0	0	0	0	0	0	0	0	0	0	0	0	0	0	0	0	0	0	0	0	0	0	0	0	0	0	0	0	0	0	0	0	0	0	0	0	0	0	0	0	0	0	0	0	0	0	0	0	0	0	0	0	0	0	0	0	0	0	0	0	0	0	0	0	0	0	0	0	0	0	0	0	0	
0	0	0	0	0	0	0	0	0	0	0	0	0	0	0	0	0	0	0	0	0	0	0	0	0	0	0	0	0	0	0	0	0	0	0	0	0	1819	1819	1828	1848	1848	1858	1868	1878	1888	1888	1899	1920	1920	1931	1941	1941	1952	1952	1964	1975	2009	2021	2033	2033	2045	2057	2069	2069	2069	2082	2147	2160	2160	2174	2174	2174	2174	2201	0	0	0	0	0	0	0	0	0	0	0	0	0	0	0	0	0	0	0	0	0	0	0	0	0	0	0	0	0	0	0	0	0	0	0	0	0	0	0	0	0	0	0	0	0	0	0	0	0	0	0	0	0	0	0	0	0	0	0	0	0	0	0	0	0	0	0	0	0	0	0	0	0	0	0	0	0	0	0	0	0	0	0	0	0	0	0	0	0	0	0	0	0	0	0	0	0	0	0	0	0	0	0	0	0	0	0	0	0	0	0	0	0	0	0	0	0	0	0	0	0	0	0	0	0	0	0	0	0	0	0	0	0	0	0	0	0	0	0	0	0	0	0	0	0	0	0	0	0	0	0	0	0	0	0	0	0	0	0	0	0	0	0	0	0	0	0	0	0	0	0	0	0	0	0	0	0	0	0	0	0	0	2147	2147	2120	2120	2107	2107	2095	2095	2095	2095	2095	2095	2095	2082	2095	2095	2095	2107	2107	2120	2120	2120	2133	2120	2120	2120	2120	2120	2120	2120	2120	2120	2120	2120	2120	2120	2120	2120	2120	2120	2120	2107	2095	1422	1422	0	0	0	0	0	1446	1440	1428	1428	1422	1422	1920	1931	1920	1920	1909	1931	1899	1899	0	0	0	0	0	0	0	0	0	0	0	0	0	0	0	0	0	0	0	0	0	0	0	0	0	0	0	0	866	866	861	859	853	844	842	840	838	836	836	832	832	828	824	824	822	820	820	818	816	815	815	811	811	809	809	809	809	809	809	811	813	816	818	822	826	826	826	849	849	849	849	849	849	846	846	846	846	844	840	838	838	838	836	836	836	836	836	836	836	838	838	838	838	838	840	842	844	844	844	844	844	842	842	840	838	836	836	834	834	832	832	830	830	830	830	834	834	836	836	838	840	842	844	844	846	849	849	851	851	851	851	849	846	849	846	846	846	846	846	846	846	0	0	0	0	0	0	0	0	0	0	0	0	0	0	0	0	0	0	0	0	0	0	0	0	0	0	0	0	0	0	0	0	0	0	0	0	0	0	0	0	0	0	0	0	0	0	0	0	0	0	0	0	0	0	0	0	0	0	0	0	0	0	0	0	0	0	0	0	0	0	0	0	0	0	0	0	0	0	0	0	0	0	0	0	0	0	0	0	0	0	0	0	0	0	0	0	0	0	0	0	0	0	0	0	0	0	0	0	0	0	0	0	0	0	0	0	0	0	0	0	0	0	0	0	0	0	0	0	0	0	0	0	0	0	0	0	0	0	0	0	0	0	0	0	0	0	0	0	0	0	0	0	0	0	0	0	0	0	0	0	0	0	0	0	0	0	0	0	0	0	0	0	0	0	0	0	0	0	
0	0	0	0	0	0	0	0	0	0	0	0	0	0	0	0	0	0	0	0	0	0	0	0	0	0	0	0	0	0	0	0	0	0	0	0	0	1819	1828	1838	1848	1858	1858	1858	1868	1878	1888	1899	1920	1920	1931	1941	1941	1952	1952	1964	2009	2009	2021	2033	2033	2057	2069	2069	2069	2069	2082	2160	2174	2174	2174	2174	2174	2174	2147	0	0	0	0	0	0	0	0	0	0	0	0	0	0	0	0	0	0	0	0	0	0	0	0	0	0	0	0	0	0	0	0	0	0	0	0	0	0	0	0	0	0	0	0	0	0	0	0	0	0	0	0	0	0	0	0	0	0	0	0	0	0	0	0	0	0	0	0	0	0	0	0	0	0	0	0	0	0	0	0	0	0	0	0	0	0	0	0	0	0	0	0	0	0	0	0	0	0	0	0	0	0	0	0	0	0	0	0	0	0	0	0	0	0	0	0	0	0	0	0	0	0	0	0	0	0	0	0	0	0	0	0	0	0	0	0	0	0	0	0	0	0	0	0	0	0	0	0	0	0	0	0	0	0	0	0	0	0	0	0	0	0	0	0	0	0	0	0	0	0	0	0	0	0	0	0	0	0	0	0	0	0	2147	2133	2107	2107	2107	2095	2095	2095	2095	2095	2095	2095	2095	2082	2095	2095	2095	2095	2107	2120	2120	2120	2120	2120	2120	2120	2120	2120	2120	2120	2120	2120	2120	2120	2120	2120	2120	2120	2120	2120	2120	2120	2107	1422	1422	0	0	0	0	0	0	1440	1428	1428	1422	1422	1920	1931	1920	1920	1909	1909	1899	0	0	0	0	0	0	0	0	0	0	0	0	0	0	0	0	0	0	0	0	0	0	0	0	0	0	0	0	0	868	866	863	859	853	846	842	840	838	836	834	832	832	828	824	824	822	820	820	818	816	816	815	813	811	811	809	809	809	809	809	811	815	816	816	822	824	826	826	851	849	851	851	849	849	849	846	846	846	844	840	838	838	836	836	836	836	836	836	836	836	836	838	838	838	838	840	842	844	844	844	844	842	842	840	840	836	836	836	834	834	834	832	832	832	830	832	834	834	836	836	838	840	842	844	844	846	846	849	849	851	851	851	846	846	846	846	846	846	846	846	846	846	0	0	0	0	0	0	0	0	0	0	0	0	0	0	0	0	0	0	0	0	0	0	0	0	0	0	0	0	0	0	0	0	0	0	0	0	0	0	0	0	0	0	0	0	0	0	0	0	0	0	0	0	0	0	0	0	0	0	0	0	0	0	0	0	0	0	0	0	0	0	0	0	0	0	0	0	0	0	0	0	0	0	0	0	0	0	0	0	0	0	0	0	0	0	0	0	0	0	0	0	0	0	0	0	0	0	0	0	0	0	0	0	0	0	0	0	0	0	0	0	0	0	0	0	0	0	0	0	0	0	0	0	0	0	0	0	0	0	0	0	0	0	0	0	0	0	0	0	0	0	0	0	0	0	0	0	0	0	0	0	0	0	0	0	0	0	0	0	0	0	0	0	0	0	0	0	0	0	
0	0	0	0	0	0	0	0	0	0	0	0	0	0	0	0	0	0	0	0	0	0	0	0	0	0	0	0	0	0	0	0	0	0	0	0	0	1819	1828	1848	1848	1858	1858	1858	1868	1868	1878	1888	1920	1920	1931	1931	1941	1941	1952	1952	2009	2009	2021	2033	2045	2057	2069	2069	2082	2069	2069	2160	2174	2174	2174	2174	2174	2187	0	0	0	0	0	0	0	0	0	0	0	0	0	0	0	0	0	0	0	0	0	0	0	0	0	0	0	0	0	0	0	0	0	0	0	0	0	0	0	0	0	0	0	0	0	0	0	0	0	0	0	0	0	0	0	0	0	0	0	0	0	0	0	0	0	0	0	0	0	0	0	0	0	0	0	0	0	0	0	0	0	0	0	0	0	0	0	0	0	0	0	0	0	0	0	0	0	0	0	0	0	0	0	0	0	0	0	0	0	0	0	0	0	0	0	0	0	0	0	0	0	0	0	0	0	0	0	0	0	0	0	0	0	0	0	0	0	0	0	0	0	0	0	0	0	0	0	0	0	0	0	0	0	0	0	0	0	0	0	0	0	0	0	0	0	0	0	0	0	0	0	0	0	0	0	0	0	0	0	0	0	0	0	0	2160	2133	2107	2095	2095	2082	2082	2082	2082	2082	2082	2082	2082	2082	2082	2095	2095	2107	2107	2120	2120	2120	2120	2120	2120	2120	2120	2107	2120	2107	2120	2120	2120	2120	2120	2120	2120	2120	2120	2107	2069	0	1422	1422	0	0	0	0	0	0	1434	1428	1428	1422	1422	1422	1931	1931	1920	1909	1909	1899	0	0	0	0	0	0	0	0	0	0	0	0	0	0	0	0	0	0	0	0	0	0	0	0	0	0	0	0	0	868	868	866	859	849	846	840	840	838	836	834	832	832	828	824	824	822	820	820	818	816	816	815	813	811	811	809	811	811	811	811	813	815	816	816	818	822	824	824	826	851	853	851	851	849	849	849	846	846	842	838	838	836	836	836	836	836	836	836	836	836	836	836	838	838	838	840	842	842	844	844	842	842	840	840	838	836	836	834	834	832	832	830	830	830	830	832	834	834	834	836	838	840	842	844	846	846	846	849	849	849	851	849	846	846	846	846	846	846	846	846	846	846	0	0	0	0	0	0	0	0	0	0	0	0	0	0	0	0	0	0	0	0	0	0	0	0	0	0	0	0	0	0	0	0	0	0	0	0	0	0	0	0	0	0	0	0	0	0	0	0	0	0	0	0	0	0	0	0	0	0	0	0	0	0	0	0	0	0	0	0	0	0	0	0	0	0	0	0	0	0	0	0	0	0	0	0	0	0	0	0	0	0	0	0	0	0	0	0	0	0	0	0	0	0	0	0	0	0	0	0	0	0	0	0	0	0	0	0	0	0	0	0	0	0	0	0	0	0	0	0	0	0	0	0	0	0	0	0	0	0	0	0	0	0	0	0	0	0	0	0	0	0	0	0	0	0	0	0	0	0	0	0	0	0	0	0	0	0	0	0	0	0	0	0	0	0	0	0	0	0	
0	0	0	0	0	0	0	0	0	0	0	0	0	0	0	0	0	0	0	0	0	0	0	0	0	0	0	0	0	0	0	0	0	0	0	0	0	1819	1828	1848	1848	1858	1858	1858	1858	1868	1868	1888	1920	1920	1931	1931	1941	1941	1952	1964	1975	2009	2009	2021	2033	2057	2057	2069	2082	2082	2082	2160	2174	2174	2174	2174	2174	2174	0	0	0	0	0	0	0	0	0	0	0	0	0	0	0	0	0	0	0	0	0	0	0	0	0	0	0	0	0	0	0	0	0	0	0	0	0	0	0	0	0	0	0	0	0	0	0	0	0	0	0	0	0	0	0	0	0	0	0	0	0	0	0	0	0	0	0	0	0	0	0	0	0	0	0	0	0	0	0	0	0	0	0	0	0	0	0	0	0	0	0	0	0	0	0	0	0	0	0	0	0	0	0	0	0	0	0	0	0	0	0	0	0	0	0	0	0	0	0	0	0	0	0	0	0	0	0	0	0	0	0	0	0	0	0	0	0	0	0	0	0	0	0	0	0	0	0	0	0	0	0	0	0	0	0	0	0	0	0	0	0	0	0	0	0	0	0	0	0	0	0	0	0	0	0	0	0	0	0	0	0	0	0	0	0	2095	2095	2095	2082	2082	2082	2082	2082	2082	2082	2082	2082	2082	2095	2095	2095	2107	2107	2120	2120	2120	2120	2120	2120	2120	2120	2107	2120	2107	2120	2120	2120	2120	2120	2120	2120	2120	2120	2107	2082	2107	1422	1422	0	0	0	0	0	0	1434	1428	1428	1422	1422	1422	1931	1920	1920	1920	1899	1899	0	0	0	0	0	0	0	0	0	0	0	0	0	0	0	0	0	0	0	0	0	0	0	0	0	0	0	0	0	868	863	863	863	851	846	842	840	838	836	834	832	830	826	824	822	822	822	820	818	816	816	815	813	811	811	811	811	811	811	811	813	815	816	816	818	822	824	826	826	853	853	853	851	849	849	849	846	846	842	838	838	836	836	836	836	836	836	836	836	836	836	836	838	838	838	840	842	842	842	842	842	840	840	838	838	836	834	834	834	834	832	830	830	832	830	832	834	834	836	836	838	838	840	844	846	846	846	849	849	846	849	846	846	846	846	846	846	846	846	846	0	0	0	0	0	0	0	0	0	0	0	0	0	0	0	0	0	0	0	0	0	0	0	0	0	0	0	0	0	0	0	0	0	0	0	0	0	0	0	0	0	0	0	0	0	0	0	0	0	0	0	0	0	0	0	0	0	0	0	0	0	0	0	0	0	0	0	0	0	0	0	0	0	0	0	0	0	0	0	0	0	0	0	0	0	0	0	0	0	0	0	0	0	0	0	0	0	0	0	0	0	0	0	0	0	0	0	0	0	0	0	0	0	0	0	0	0	0	0	0	0	0	0	0	0	0	0	0	0	0	0	0	0	0	0	0	0	0	0	0	0	0	0	0	0	0	0	0	0	0	0	0	0	0	0	0	0	0	0	0	0	0	0	0	0	0	0	0	0	0	0	0	0	0	0	0	0	0	0	0	
0	0	0	0	0	0	0	0	0	0	0	0	0	0	0	0	0	0	0	0	0	0	0	0	0	0	0	0	0	0	0	0	0	0	0	0	0	1819	1828	1848	1858	1858	1858	1858	1858	1868	1878	1888	1920	1920	1931	1941	1941	1941	1941	1952	1975	2009	2009	2021	2033	2045	2057	2069	2082	2082	2069	2160	2174	2174	2174	2174	2174	2174	0	0	0	0	0	0	0	0	0	0	0	0	0	0	0	0	0	0	0	0	0	0	0	0	0	0	0	0	0	0	0	0	0	0	0	0	0	0	0	0	0	0	0	0	0	0	0	0	0	0	0	0	0	0	0	0	0	0	0	0	0	0	0	0	0	0	0	0	0	0	0	0	0	0	0	0	0	0	0	0	0	0	0	0	0	0	0	0	0	0	0	0	0	0	0	0	0	0	0	0	0	0	0	0	0	0	0	0	0	0	0	0	0	0	0	0	0	0	0	0	0	0	0	0	0	0	0	0	0	0	0	0	0	0	0	0	0	0	0	0	0	0	0	0	0	0	0	0	0	0	0	0	0	0	0	0	0	0	0	0	0	0	0	0	0	0	0	0	0	0	0	0	0	0	0	0	0	0	0	0	0	0	0	0	0	2095	2095	2095	2082	2082	2082	2082	2082	2082	2082	2082	2082	2082	2082	2095	2095	2107	2107	2120	2120	2120	2120	2120	2120	2120	2120	2107	2120	2107	2120	2120	2120	2120	2120	2120	2120	2120	2120	2107	2069	2095	1422	0	0	0	0	0	0	0	1428	1422	1422	1422	1422	1416	1931	1920	1920	1920	1399	0	0	0	0	0	0	0	0	0	0	0	0	0	0	0	0	0	0	0	0	0	0	0	0	0	0	0	0	0	0	0	866	863	857	851	846	840	840	838	836	834	832	830	826	824	822	822	820	818	818	816	816	815	813	813	811	811	811	811	811	811	813	815	816	816	818	822	824	826	826	853	853	853	851	849	849	849	846	846	842	838	838	838	838	836	836	836	836	836	836	836	836	836	838	838	838	840	840	840	842	840	840	840	838	838	838	834	834	834	832	832	832	830	830	830	830	834	834	834	836	836	838	838	840	844	844	846	846	846	849	849	849	846	846	846	846	846	846	846	846	846	0	0	0	0	0	0	0	0	0	0	0	0	0	0	0	0	0	0	0	0	0	0	0	0	0	0	0	0	0	0	0	0	0	0	0	0	0	0	0	0	0	0	0	0	0	0	0	0	0	0	0	0	0	0	0	0	0	0	0	0	0	0	0	0	0	0	0	0	0	0	0	0	0	0	0	0	0	0	0	0	0	0	0	0	0	0	0	0	0	0	0	0	0	0	0	0	0	0	0	0	0	0	0	0	0	0	0	0	0	0	0	0	0	0	0	0	0	0	0	0	0	0	0	0	0	0	0	0	0	0	0	0	0	0	0	0	0	0	0	0	0	0	0	0	0	0	0	0	0	0	0	0	0	0	0	0	0	0	0	0	0	0	0	0	0	0	0	0	0	0	0	0	0	0	0	0	0	0	0	0	
0	0	0	0	0	0	0	0	0	0	0	0	0	0	0	0	0	0	0	0	0	0	0	0	0	0	0	0	0	0	0	0	0	0	0	0	0	1819	1828	1848	1848	1858	1858	1858	1858	1868	1878	1888	1920	1920	1931	1941	1941	1941	1941	1964	2009	2021	2021	2021	2033	2045	2057	2057	2082	2082	2107	2147	2174	2174	2174	2174	2187	2174	2160	0	0	0	0	0	0	0	0	0	0	0	0	0	0	0	0	0	0	0	0	0	0	0	0	0	0	0	0	0	0	0	0	0	0	0	0	0	0	0	0	0	0	0	0	0	0	0	0	0	0	0	0	0	0	0	0	0	0	0	0	0	0	0	0	0	0	0	0	0	0	0	0	0	0	0	0	0	0	0	0	0	0	0	0	0	0	0	0	0	0	0	0	0	0	0	0	0	0	0	0	0	0	0	0	0	0	0	0	0	0	0	0	0	0	0	0	0	0	0	0	0	0	0	0	0	0	0	0	0	0	0	0	0	0	0	0	0	0	0	0	0	0	0	0	0	0	0	0	0	0	0	0	0	0	0	0	0	0	0	0	0	0	0	0	0	0	0	0	0	0	0	0	0	0	0	0	0	0	0	0	0	0	0	0	2095	2095	2082	2082	2082	2082	2082	2082	2082	2082	2082	2082	2082	2082	2082	2095	2107	2107	2120	2120	2120	2120	2120	2120	2120	2120	2107	2120	2107	2120	2120	2120	2120	2120	2120	2120	2107	2107	2107	2082	2120	1422	0	0	0	0	0	0	1434	1428	1422	1422	1422	1416	1416	1931	1920	1920	1920	1899	1399	0	0	0	0	0	0	0	0	0	0	0	0	0	0	0	0	0	0	0	0	0	0	0	0	0	0	0	0	0	868	866	866	863	849	846	840	840	838	836	834	832	830	824	824	822	822	822	820	818	816	816	815	813	813	811	811	811	811	811	811	813	815	816	816	818	818	822	822	855	855	855	855	851	851	849	849	846	846	842	838	838	838	838	836	836	836	836	836	836	836	836	836	838	838	838	838	840	840	840	840	840	840	838	838	838	834	834	832	832	832	832	830	830	832	834	834	834	834	836	836	838	838	838	844	844	846	846	846	846	849	849	846	846	846	846	846	846	846	846	846	0	0	0	0	0	0	0	0	0	0	0	0	0	0	0	0	0	0	0	0	0	0	0	0	0	0	0	0	0	0	0	0	0	0	0	0	0	0	0	0	0	0	0	0	0	0	0	0	0	0	0	0	0	0	0	0	0	0	0	0	0	0	0	0	0	0	0	0	0	0	0	0	0	0	0	0	0	0	0	0	0	0	0	0	0	0	0	0	0	0	0	0	0	0	0	0	0	0	0	0	0	0	0	0	0	0	0	0	0	0	0	0	0	0	0	0	0	0	0	0	0	0	0	0	0	0	0	0	0	0	0	0	0	0	0	0	0	0	0	0	0	0	0	0	0	0	0	0	0	0	0	0	0	0	0	0	0	0	0	0	0	0	0	0	0	0	0	0	0	0	0	0	0	0	0	0	0	0	0	0	
0	0	0	0	0	0	0	0	0	0	0	0	0	0	0	0	0	0	0	0	0	0	0	0	0	0	0	0	0	0	0	0	0	0	0	0	0	1819	1828	1838	1848	1858	1858	1858	1858	1868	1878	1888	1909	1920	1931	1941	1941	1941	1952	1964	2009	2021	2021	2021	2033	2033	2045	2057	2082	2095	2107	2147	2174	2174	2174	2187	2187	2174	0	0	0	0	0	0	0	0	0	0	0	0	0	0	0	0	0	0	0	0	0	0	0	0	0	0	0	0	0	0	0	0	0	0	0	0	0	0	0	0	0	0	0	0	0	0	0	0	0	0	0	0	0	0	0	0	0	0	0	0	0	0	0	0	0	0	0	0	0	0	0	0	0	0	0	0	0	0	0	0	0	0	0	0	0	0	0	0	0	0	0	0	0	0	0	0	0	0	0	0	0	0	0	0	0	0	0	0	0	0	0	0	0	0	0	0	0	0	0	0	0	0	0	0	0	0	0	0	0	0	0	0	0	0	0	0	0	0	0	0	0	0	0	0	0	0	0	0	0	0	0	0	0	0	0	0	0	0	0	0	0	0	0	0	0	0	0	0	0	0	0	0	0	0	0	0	0	0	0	0	0	0	0	0	2107	2095	2095	2095	2082	2082	2082	2082	2082	2082	2082	2082	2069	2082	2082	2082	2095	2107	2107	2120	2120	2120	2120	2120	2120	2120	2120	2120	2120	2120	2120	2120	2120	2120	2120	2120	2120	2107	2107	2107	2082	0	0	0	0	0	0	0	0	1428	1428	1428	1428	1422	1422	1931	1931	1920	1909	1920	1410	1899	0	0	0	0	0	0	0	0	0	0	0	0	0	0	0	0	0	0	0	0	0	0	0	0	0	0	0	0	0	870	870	866	866	844	842	840	840	838	834	832	832	828	824	824	822	822	822	820	820	816	816	815	815	815	813	813	813	813	813	815	815	815	816	818	820	820	820	822	822	857	855	855	851	851	851	849	849	846	842	838	838	838	838	838	836	836	836	836	836	836	836	836	838	838	838	840	840	840	840	840	840	838	838	838	836	834	834	832	832	832	832	832	832	832	834	834	834	834	834	836	836	838	838	844	844	844	846	846	846	849	849	846	846	846	846	846	846	846	846	846	0	0	0	0	0	0	0	0	0	0	0	0	0	0	0	0	0	0	0	0	0	0	0	0	0	0	0	0	0	0	0	0	0	0	0	0	0	0	0	0	0	0	0	0	0	0	0	0	0	0	0	0	0	0	0	0	0	0	0	0	0	0	0	0	0	0	0	0	0	0	0	0	0	0	0	0	0	0	0	0	0	0	0	0	0	0	0	0	0	0	0	0	0	0	0	0	0	0	0	0	0	0	0	0	0	0	0	0	0	0	0	0	0	0	0	0	0	0	0	0	0	0	0	0	0	0	0	0	0	0	0	0	0	0	0	0	0	0	0	0	0	0	0	0	0	0	0	0	0	0	0	0	0	0	0	0	0	0	0	0	0	0	0	0	0	0	0	0	0	0	0	0	0	0	0	0	0	0	0	0	
0	0	0	0	0	0	0	0	0	0	0	0	0	0	0	0	0	0	0	0	0	0	0	0	0	0	0	0	0	0	0	0	0	0	0	0	0	1819	1828	1838	1848	1858	1858	1858	1868	1868	1878	1888	1909	1920	1931	1941	1941	1941	1964	1975	2009	2021	2021	2021	2033	2033	2045	2057	2082	2107	2120	2147	2174	2174	2187	2187	2187	2160	0	0	0	0	0	0	0	0	0	0	0	0	0	0	0	0	0	0	0	0	0	0	0	0	0	0	0	0	0	0	0	0	0	0	0	0	0	0	0	0	0	0	0	0	0	0	0	0	0	0	0	0	0	0	0	0	0	0	0	0	0	0	0	0	0	0	0	0	0	0	0	0	0	0	0	0	0	0	0	0	0	0	0	0	0	0	0	0	0	0	0	0	0	0	0	0	0	0	0	0	0	0	0	0	0	0	0	0	0	0	0	0	0	0	0	0	0	0	0	0	0	0	0	0	0	0	0	0	0	0	0	0	0	0	0	0	0	0	0	0	0	0	0	0	0	0	0	0	0	0	0	0	0	0	0	0	0	0	0	0	0	0	0	0	0	0	0	0	0	0	0	0	0	0	0	0	0	0	0	0	0	0	0	0	2120	2095	2107	2095	2082	2082	2082	2082	2082	2082	2082	2082	2082	2082	2082	2095	2095	2107	2107	2107	2120	2120	2120	2120	2120	2120	2120	2120	2120	2120	2120	2120	2120	2120	2120	2120	2120	2107	2095	2095	2082	0	1422	0	0	0	0	0	0	0	1428	1428	1428	1422	1422	1931	1931	1920	1920	1920	1410	1410	0	0	0	0	0	0	0	0	0	0	0	0	0	0	0	0	0	0	0	0	0	0	0	0	0	0	0	0	0	870	870	866	849	846	846	842	840	838	834	832	830	828	824	822	822	822	822	820	820	816	816	816	815	815	815	813	813	813	815	815	816	816	816	818	820	820	820	820	820	857	855	855	853	851	851	849	849	846	842	838	838	838	838	838	836	836	836	836	836	836	836	836	838	838	838	838	840	840	840	840	838	838	838	836	836	834	834	832	832	832	832	832	832	832	832	832	834	834	834	836	836	838	838	842	844	844	846	846	846	849	849	846	846	846	846	851	846	846	846	0	0	0	0	0	0	0	0	0	0	0	0	0	0	0	0	0	0	0	0	0	0	0	0	0	0	0	0	0	0	0	0	0	0	0	0	0	0	0	0	0	0	0	0	0	0	0	0	0	0	0	0	0	0	0	0	0	0	0	0	0	0	0	0	0	0	0	0	0	0	0	0	0	0	0	0	0	0	0	0	0	0	0	0	0	0	0	0	0	0	0	0	0	0	0	0	0	0	0	0	0	0	0	0	0	0	0	0	0	0	0	0	0	0	0	0	0	0	0	0	0	0	0	0	0	0	0	0	0	0	0	0	0	0	0	0	0	0	0	0	0	0	0	0	0	0	0	0	0	0	0	0	0	0	0	0	0	0	0	0	0	0	0	0	0	0	0	0	0	0	0	0	0	0	0	0	0	0	0	0	0	
0	0	0	0	0	0	0	0	0	0	0	0	0	0	0	0	0	0	0	0	0	0	0	0	0	0	0	0	0	0	0	0	0	0	0	0	0	1819	1828	1838	1848	1858	1858	1858	1868	1878	1888	1899	1909	1920	1931	1941	1941	1941	1952	1975	2009	2021	2021	2021	2021	2033	2045	2057	2069	2095	2107	2147	2160	2174	2174	2187	2187	2160	0	0	0	0	0	0	0	0	0	0	0	0	0	0	0	0	0	0	0	0	0	0	0	0	0	0	0	0	0	0	0	0	0	0	0	0	0	0	0	0	0	0	0	0	0	0	0	0	0	0	0	0	0	0	0	0	0	0	0	0	0	0	0	0	0	0	0	0	0	0	0	0	0	0	0	0	0	0	0	0	0	0	0	0	0	0	0	0	0	0	0	0	0	0	0	0	0	0	0	0	0	0	0	0	0	0	0	0	0	0	0	0	0	0	0	0	0	0	0	0	0	0	0	0	0	0	0	0	0	0	0	0	0	0	0	0	0	0	0	0	0	0	0	0	0	0	0	0	0	0	0	0	0	0	0	0	0	0	0	0	0	0	0	0	0	0	0	0	0	0	0	0	0	0	0	0	0	0	0	0	0	0	0	2133	2133	2107	2107	2095	2095	2082	2082	2082	2082	2082	2082	2082	2082	2082	2082	2095	2095	2107	2107	2107	2120	2120	2120	2120	2120	2120	2120	2120	2120	2107	2120	2120	2120	2107	2120	2107	2107	2107	2095	2082	2095	2107	0	0	0	0	0	0	0	0	1422	1428	1428	1422	1422	1931	1920	1909	1909	1920	1416	1410	0	0	0	0	0	0	0	0	0	0	0	0	0	0	0	0	0	0	0	0	0	0	0	0	0	0	0	0	0	870	870	849	846	846	844	842	838	836	834	832	830	826	824	824	822	822	822	820	818	818	816	816	816	815	815	815	815	815	815	815	816	816	816	818	818	818	820	820	855	855	855	855	853	853	851	849	849	846	842	838	838	838	838	838	836	836	836	836	836	836	836	838	838	838	838	838	840	838	838	838	838	838	838	836	836	836	834	832	832	832	832	832	830	830	832	832	834	834	834	836	836	838	838	842	844	844	846	846	846	846	846	846	846	846	846	851	846	846	849	0	0	0	0	0	0	0	0	0	0	0	0	0	0	0	0	0	0	0	0	0	0	0	0	0	0	0	0	0	0	0	0	0	0	0	0	0	0	0	0	0	0	0	0	0	0	0	0	0	0	0	0	0	0	0	0	0	0	0	0	0	0	0	0	0	0	0	0	0	0	0	0	0	0	0	0	0	0	0	0	0	0	0	0	0	0	0	0	0	0	0	0	0	0	0	0	0	0	0	0	0	0	0	0	0	0	0	0	0	0	0	0	0	0	0	0	0	0	0	0	0	0	0	0	0	0	0	0	0	0	0	0	0	0	0	0	0	0	0	0	0	0	0	0	0	0	0	0	0	0	0	0	0	0	0	0	0	0	0	0	0	0	0	0	0	0	0	0	0	0	0	0	0	0	0	0	0	0	0	0	0	
0	0	0	0	0	0	0	0	0	0	0	0	0	0	0	0	0	0	0	0	0	0	0	0	0	0	0	0	0	0	0	0	0	0	0	0	0	1819	1828	1838	1848	1858	1858	1858	1868	1878	1888	1899	1920	1920	1931	1941	1941	1952	1964	1975	2009	2021	2021	2021	2021	2033	2045	2057	2082	2082	2107	2120	2147	2160	2174	2187	2187	2160	0	0	0	0	0	0	0	0	0	0	0	0	0	0	0	0	0	0	0	0	0	0	0	0	0	0	0	0	0	0	0	0	0	0	0	0	0	0	0	0	0	0	0	0	0	0	0	0	0	0	0	0	0	0	0	0	0	0	0	0	0	0	0	0	0	0	0	0	0	0	0	0	0	0	0	0	0	0	0	0	0	0	0	0	0	0	0	0	0	0	0	0	0	0	0	0	0	0	0	0	0	0	0	0	0	0	0	0	0	0	0	0	0	0	0	0	0	0	0	0	0	0	0	0	0	0	0	0	0	0	0	0	0	0	0	0	0	0	0	0	0	0	0	0	0	0	0	0	0	0	0	0	0	0	0	0	0	0	0	0	0	0	0	0	0	0	0	0	0	0	0	0	0	0	0	0	0	0	0	0	0	0	2147	2147	2133	2120	2120	2107	2095	2095	2095	2082	2082	2095	2082	2082	2082	2082	2082	2082	2095	2107	2107	2107	2120	2120	2120	2120	2120	2120	2120	2120	2120	2107	2107	2107	2107	2107	2107	2107	2107	2107	2095	2082	2069	2107	0	0	0	0	0	0	0	1428	1428	1428	1422	1422	1422	1909	1909	1899	1899	1899	1428	1416	0	0	0	0	0	0	0	0	0	0	0	0	0	0	0	0	0	0	0	0	0	0	0	0	0	0	0	0	0	857	863	849	849	846	844	842	838	836	834	832	830	826	824	824	822	822	822	820	818	816	816	816	816	815	815	815	815	815	815	815	815	816	818	818	818	818	820	820	857	855	855	853	853	851	851	849	846	844	842	838	838	838	838	836	836	836	836	836	836	836	836	836	838	838	838	838	838	838	838	838	838	838	838	836	836	834	834	832	832	832	830	832	830	830	832	832	834	834	834	836	836	838	838	840	844	844	846	846	846	846	846	846	846	846	846	851	846	849	849	0	0	0	0	0	0	0	0	0	0	0	0	0	0	0	0	0	0	0	0	0	0	0	0	0	0	0	0	0	0	0	0	0	0	0	0	0	0	0	0	0	0	0	0	0	0	0	0	0	0	0	0	0	0	0	0	0	0	0	0	0	0	0	0	0	0	0	0	0	0	0	0	0	0	0	0	0	0	0	0	0	0	0	0	0	0	0	0	0	0	0	0	0	0	0	0	0	0	0	0	0	0	0	0	0	0	0	0	0	0	0	0	0	0	0	0	0	0	0	0	0	0	0	0	0	0	0	0	0	0	0	0	0	0	0	0	0	0	0	0	0	0	0	0	0	0	0	0	0	0	0	0	0	0	0	0	0	0	0	0	0	0	0	0	0	0	0	0	0	0	0	0	0	0	0	0	0	0	0	0	0	
0	0	0	0	0	0	0	0	0	0	0	0	0	0	0	0	0	0	0	0	0	0	0	0	0	0	0	0	0	0	0	0	0	0	0	0	0	1809	1819	1828	1838	1858	1868	1868	1878	1888	1899	1899	1899	1920	1931	1931	1941	1941	1952	1975	2009	2021	2021	2021	2033	2033	2057	2069	2082	2082	2095	2095	2120	2160	2174	2187	2187	2187	2174	0	0	0	0	0	0	0	0	0	0	0	0	0	0	0	0	0	0	0	0	0	0	0	0	0	0	0	0	0	0	0	0	0	0	0	0	0	0	0	0	0	0	0	0	0	0	0	0	0	0	0	0	0	0	0	0	0	0	0	0	0	0	0	0	0	0	0	0	0	0	0	0	0	0	0	0	0	0	0	0	0	0	0	0	0	0	0	0	0	0	0	0	0	0	0	0	0	0	0	0	0	0	0	0	0	0	0	0	0	0	0	0	0	0	0	0	0	0	0	0	0	0	0	0	0	0	0	0	0	0	0	0	0	0	0	0	0	0	0	0	0	0	0	0	0	0	0	0	0	0	0	0	0	0	0	0	0	0	0	0	0	0	0	0	0	0	0	0	0	0	0	0	0	0	0	0	0	0	0	0	0	2147	2147	2133	2120	2120	2107	2107	2095	2095	2082	2082	2095	2082	2082	2082	2082	2082	2095	2095	2107	2107	2107	2120	2120	2120	2120	2120	2120	2120	2120	2120	2107	2107	2107	2107	2107	2107	2107	2107	2107	2095	2082	2107	2107	0	0	0	0	0	0	0	0	1428	1428	1422	1422	1422	1909	1909	1899	1899	1899	1428	0	0	0	0	0	0	0	0	0	0	0	0	0	0	0	0	0	0	0	0	0	0	0	0	0	0	0	0	0	863	863	855	849	849	846	844	842	838	836	834	832	830	828	824	824	822	822	822	822	820	818	816	816	815	815	815	815	815	815	815	815	816	816	816	818	818	818	818	816	857	855	855	855	853	851	851	849	846	844	842	838	838	838	838	836	836	836	836	836	836	836	836	838	838	838	838	838	838	838	838	838	838	838	838	836	836	834	834	832	830	830	830	830	830	830	832	832	834	834	834	836	836	838	838	842	844	844	846	846	846	846	846	846	846	846	846	851	846	849	849	0	0	0	0	0	0	0	0	0	0	0	0	0	0	0	0	0	0	0	0	0	0	0	0	0	0	0	0	0	0	0	0	0	0	0	0	0	0	0	0	0	0	0	0	0	0	0	0	0	0	0	0	0	0	0	0	0	0	0	0	0	0	0	0	0	0	0	0	0	0	0	0	0	0	0	0	0	0	0	0	0	0	0	0	0	0	0	0	0	0	0	0	0	0	0	0	0	0	0	0	0	0	0	0	0	0	0	0	0	0	0	0	0	0	0	0	0	0	0	0	0	0	0	0	0	0	0	0	0	0	0	0	0	0	0	0	0	0	0	0	0	0	0	0	0	0	0	0	0	0	0	0	0	0	0	0	0	0	0	0	0	0	0	0	0	0	0	0	0	0	0	0	0	0	0	0	0	0	0	0	0	
0	0	0	0	0	0	0	0	0	0	0	0	0	0	0	0	0	0	0	0	0	0	0	0	0	0	0	0	0	0	0	0	0	0	0	0	0	1809	1819	1828	1838	1848	1858	1868	1878	1888	1888	1899	1899	1920	1931	1931	1941	1941	1964	1975	2009	2021	2021	2021	2033	2033	2045	2069	2082	2082	2095	2107	2120	2160	2174	2187	2187	2187	2187	0	0	0	0	0	0	0	0	0	0	0	0	0	0	0	0	0	0	0	0	0	0	0	0	0	0	0	0	0	0	0	0	0	0	0	0	0	0	0	0	0	0	0	0	0	0	0	0	0	0	0	0	0	0	0	0	0	0	0	0	0	0	0	0	0	0	0	0	0	0	0	0	0	0	0	0	0	0	0	0	0	0	0	0	0	0	0	0	0	0	0	0	0	0	0	0	0	0	0	0	0	0	0	0	0	0	0	0	0	0	0	0	0	0	0	0	0	0	0	0	0	0	0	0	0	0	0	0	0	0	0	0	0	0	0	0	0	0	0	0	0	0	0	0	0	0	0	0	0	0	0	0	0	0	0	0	0	0	0	0	0	0	0	0	0	0	0	0	0	0	0	0	0	0	0	0	0	0	0	0	0	2147	2133	2133	2120	2120	2107	2107	2095	2095	2095	2095	2095	2095	2082	2082	2082	2082	2082	2095	2095	2107	2107	2120	2120	2120	2120	2120	2120	2120	2120	2120	2107	2107	2107	2095	2095	2107	2107	2107	2107	2095	2082	2133	2107	0	0	0	0	0	0	0	0	1428	1428	1422	1422	1909	1909	1909	1909	1899	1899	1428	0	0	0	0	0	0	0	0	0	0	0	0	0	0	0	0	0	0	0	0	0	0	0	0	0	0	0	0	0	866	861	859	849	849	844	844	840	838	836	834	832	830	828	824	824	824	822	822	822	822	818	816	816	816	816	815	815	816	815	815	815	816	816	816	818	818	818	818	857	859	857	855	855	851	849	849	846	844	842	840	838	838	838	836	836	836	836	836	836	836	838	838	838	838	838	838	838	838	838	838	838	838	838	836	836	836	834	832	830	830	830	830	830	830	830	832	834	834	834	834	836	836	838	838	842	844	844	846	846	846	846	846	849	849	849	849	849	849	849	849	0	0	0	0	0	0	0	0	0	0	0	0	0	0	0	0	0	0	0	0	0	0	0	0	0	0	0	0	0	0	0	0	0	0	0	0	0	0	0	0	0	0	0	0	0	0	0	0	0	0	0	0	0	0	0	0	0	0	0	0	0	0	0	0	0	0	0	0	0	0	0	0	0	0	0	0	0	0	0	0	0	0	0	0	0	0	0	0	0	0	0	0	0	0	0	0	0	0	0	0	0	0	0	0	0	0	0	0	0	0	0	0	0	0	0	0	0	0	0	0	0	0	0	0	0	0	0	0	0	0	0	0	0	0	0	0	0	0	0	0	0	0	0	0	0	0	0	0	0	0	0	0	0	0	0	0	0	0	0	0	0	0	0	0	0	0	0	0	0	0	0	0	0	0	0	0	0	0	0	0	0	
0	0	0	0	0	0	0	0	0	0	0	0	0	0	0	0	0	0	0	0	0	0	0	0	0	0	0	0	0	0	0	0	0	0	0	0	0	1809	1819	1828	1838	1848	1858	1868	1878	1888	1888	1899	1899	1920	1931	1931	1931	1941	1952	1975	2009	2021	2021	2033	2033	2033	2057	2069	2069	2069	2082	2095	2133	2174	2174	2187	2187	2187	2187	0	0	0	0	0	0	0	0	0	0	0	0	0	0	0	0	0	0	0	0	0	0	0	0	0	0	0	0	0	0	0	0	0	0	0	0	0	0	0	0	0	0	0	0	0	0	0	0	0	0	0	0	0	0	0	0	0	0	0	0	0	0	0	0	0	0	0	0	0	0	0	0	0	0	0	0	0	0	0	0	0	0	0	0	0	0	0	0	0	0	0	0	0	0	0	0	0	0	0	0	0	0	0	0	0	0	0	0	0	0	0	0	0	0	0	0	0	0	0	0	3975	0	0	3975	3975	3975	0	0	0	0	0	0	0	0	0	0	0	0	0	0	0	0	0	0	0	0	0	0	0	0	0	0	0	0	0	0	0	0	0	0	0	0	0	0	0	0	0	0	0	0	0	0	0	0	0	0	0	0	0	0	0	2120	2120	2120	2107	2120	2107	2107	2095	2095	2095	2095	2095	2095	2082	2095	2082	2082	2082	2095	2095	2107	2107	2107	2120	2107	2120	2120	2120	2120	2120	2120	2107	2107	2107	2107	2107	2107	2107	2107	2107	2107	2095	2133	2095	0	0	0	0	0	0	0	0	1428	1428	1422	1422	1909	1909	1909	1909	1899	1899	1428	0	0	0	0	0	0	0	0	0	0	0	0	0	0	0	0	0	0	0	0	0	0	0	0	0	0	0	0	0	866	863	853	849	846	844	842	840	838	836	832	832	828	826	824	824	824	822	820	820	822	818	816	816	816	816	816	815	816	816	816	816	816	816	818	818	818	818	818	857	857	855	855	853	851	849	846	846	844	842	840	838	838	836	836	836	836	836	836	836	836	838	836	838	838	838	838	838	838	838	838	838	838	836	836	836	836	834	832	830	830	830	830	830	830	832	832	832	832	834	834	836	836	838	840	844	844	844	846	846	846	846	846	846	849	849	849	849	849	849	849	0	0	0	0	0	0	0	0	0	0	0	0	0	0	0	0	0	0	0	0	0	0	0	0	0	0	0	0	0	0	0	0	0	0	0	0	0	0	0	0	0	0	0	0	0	0	0	0	0	0	0	0	0	0	0	0	0	0	0	0	0	0	0	0	0	0	0	0	0	0	0	0	0	0	0	0	0	0	0	0	0	0	0	0	0	0	0	0	0	0	0	0	0	0	0	0	0	0	0	0	0	0	0	0	0	0	0	0	0	0	0	0	0	0	0	0	0	0	0	0	0	0	0	0	0	0	0	0	0	0	0	0	0	0	0	0	0	0	0	0	0	0	0	0	0	0	0	0	0	0	0	0	0	0	0	0	0	0	0	0	0	0	0	0	0	0	0	0	0	0	0	0	0	0	0	0	0	0	0	0	0	
0	0	0	0	0	0	0	0	0	0	0	0	0	0	0	0	0	0	0	0	0	0	0	0	0	0	0	0	0	0	0	0	0	0	0	0	0	1809	1819	1819	1828	1848	1868	1868	1878	1888	1888	1899	1899	1920	1920	1931	1931	1931	1952	1975	1986	2021	2021	2021	2033	2045	2057	2069	2069	2069	2082	2095	2147	2174	2174	2187	2187	2174	2187	0	0	0	0	0	0	0	0	0	0	0	0	0	0	0	0	0	0	0	0	0	0	0	0	0	0	0	0	0	0	0	0	0	0	0	0	0	0	0	0	0	0	0	0	0	0	0	0	0	0	0	0	0	0	0	0	0	0	0	0	0	0	0	0	0	0	0	0	0	0	0	0	0	0	0	0	0	0	0	0	0	0	0	0	0	0	0	0	0	0	0	0	0	0	0	0	0	0	0	0	0	3975	0	0	0	0	0	0	0	0	0	0	0	0	0	0	3975	3975	0	3930	3930	3930	3930	3930	3930	3930	3930	0	0	0	0	0	0	0	0	0	0	0	0	0	0	0	0	0	0	0	0	0	0	0	0	0	0	0	0	0	0	0	0	0	0	0	0	0	0	0	0	0	0	0	0	0	0	0	0	0	0	0	0	0	0	2133	2133	2133	2107	2120	2107	2095	2082	2082	2082	2095	2095	2095	2082	2082	2082	2082	2082	2095	2095	2107	2107	2120	2120	2107	2107	2107	2120	2120	2107	2107	2107	2107	2107	2107	2107	2107	2107	2107	2107	2107	2107	2107	2069	2069	0	0	0	0	0	0	0	1428	1428	1422	1422	1422	1422	1899	1899	1899	1899	0	0	0	0	0	0	0	0	0	0	0	0	0	0	0	0	0	0	0	0	0	0	0	0	0	0	0	0	0	870	863	863	851	849	846	844	842	840	836	834	832	832	828	828	824	824	824	822	822	822	822	818	818	816	816	816	816	816	816	816	816	816	816	816	818	818	818	818	857	857	857	855	853	851	849	849	846	844	842	842	840	838	838	836	836	836	836	836	836	836	836	836	838	838	838	838	838	838	836	836	836	836	836	836	836	836	834	832	830	830	830	830	830	830	830	830	832	832	832	834	834	836	836	838	840	844	844	844	846	846	846	846	846	846	846	846	849	849	849	846	846	0	0	0	0	0	0	0	0	0	0	0	0	0	0	0	0	0	0	0	0	0	0	0	0	0	0	0	0	0	0	0	0	0	0	0	0	0	0	0	0	0	0	0	0	0	0	0	0	0	0	0	0	0	0	0	0	0	0	0	0	0	0	0	0	0	0	0	0	0	0	0	0	0	0	0	0	0	0	0	0	0	0	0	0	0	0	0	0	0	0	0	0	0	0	0	0	0	0	0	0	0	0	0	0	0	0	0	0	0	0	0	0	0	0	0	0	0	0	0	0	0	0	0	0	0	0	0	0	0	0	0	0	0	0	0	0	0	0	0	0	0	0	0	0	0	0	0	0	0	0	0	0	0	0	0	0	0	0	0	0	0	0	0	0	0	0	0	0	0	0	0	0	0	0	0	0	0	0	0	0	0	
0	0	0	0	0	0	0	0	0	0	0	0	0	0	0	0	0	0	0	0	0	0	0	0	0	0	0	0	0	0	0	0	0	0	0	0	0	1809	1819	1819	1828	1848	1858	1868	1878	1888	1888	1899	1899	1909	1920	1931	1931	1931	1952	1964	1975	2021	2021	2021	2033	2045	2057	2069	2069	2069	2082	2107	2133	2174	2174	2174	2174	2174	2187	2201	2187	3975	3975	0	0	0	0	0	0	0	0	0	0	0	0	0	0	0	0	0	0	0	0	0	0	0	0	0	0	0	0	0	0	0	0	0	0	0	0	0	0	0	0	0	0	0	0	0	0	0	0	0	0	0	0	0	0	0	0	0	0	0	0	0	0	0	0	0	3975	0	0	3930	0	0	0	0	0	3975	3975	0	0	0	0	0	0	0	0	0	0	0	0	0	0	0	0	0	0	0	0	3975	3975	0	0	0	0	0	0	0	0	0	0	0	0	0	0	3975	3930	3975	3930	3930	3930	3975	3930	3930	3930	3975	3975	3975	3975	0	0	0	3975	3975	3930	0	0	0	0	0	0	0	0	3975	3975	3975	0	0	0	0	0	0	0	0	0	0	0	0	0	0	0	0	0	0	0	0	0	0	0	0	0	0	0	0	0	0	0	0	0	0	2133	2133	2133	2120	2107	2107	2095	2095	2082	2095	2095	2095	2095	2082	2082	2082	2082	2082	2095	2095	2107	2107	2120	2120	2107	2107	2107	2107	2107	2107	2107	2107	2107	2107	2107	2120	2107	2107	2107	2120	2107	2107	2107	2069	2069	0	0	0	0	0	0	0	1428	1422	1422	1422	1422	1422	1899	1899	1899	1899	0	0	0	0	0	0	0	0	0	0	0	0	0	0	0	0	0	0	0	0	0	0	0	0	0	0	0	0	0	0	866	863	851	849	846	844	842	840	836	834	832	832	830	828	826	824	824	822	822	822	822	818	818	816	816	816	816	816	816	816	816	816	816	816	818	818	818	818	857	857	855	853	851	849	849	846	844	844	842	840	840	838	838	836	836	836	836	836	836	836	836	838	838	836	838	838	838	838	838	838	836	836	836	836	836	834	834	832	830	830	830	830	830	830	830	832	832	834	834	834	836	836	838	838	840	844	844	846	846	846	846	846	846	846	846	846	846	846	846	846	0	0	0	0	0	0	0	0	0	0	0	0	0	0	0	0	0	0	0	0	0	0	0	0	0	0	0	0	0	0	0	0	0	0	0	0	0	0	0	0	0	0	0	0	0	0	0	0	0	0	0	0	0	0	0	0	0	0	0	0	0	0	0	0	0	0	0	0	0	0	0	0	0	0	0	0	0	0	0	0	0	0	0	0	0	0	0	0	0	0	0	0	0	0	0	0	0	0	0	0	0	0	0	0	0	0	0	0	0	0	0	0	0	0	0	0	0	0	0	0	0	0	0	0	0	0	0	0	0	0	0	0	0	0	0	0	0	0	0	0	0	0	0	0	0	0	0	0	0	0	0	0	0	0	0	0	0	0	0	0	0	0	0	0	0	0	0	0	0	0	0	0	0	0	0	0	0	0	0	0	0	0	
0	0	0	0	0	0	0	0	0	0	0	0	0	0	0	0	0	0	0	0	0	0	0	0	0	0	0	0	0	0	0	0	0	0	0	0	0	1809	1809	1819	1828	1848	1858	1868	1878	1878	1888	1899	1899	1909	1920	1920	1920	1931	1952	1952	1975	2021	2021	2033	2033	2045	2057	2069	2069	2069	2082	2107	2133	2187	2174	2187	2187	2187	2201	3975	3975	0	3975	0	0	0	0	0	0	0	0	0	0	0	0	0	0	0	0	0	0	0	0	0	0	0	0	0	0	0	0	0	0	0	0	0	0	0	0	0	0	0	0	0	0	0	0	0	0	0	0	0	0	0	0	0	0	0	0	0	0	0	0	0	0	0	0	0	0	3930	3930	3930	0	0	0	3930	0	3975	3975	0	0	0	0	0	0	0	0	0	0	0	0	0	0	0	0	0	0	0	0	0	0	0	0	0	0	0	0	0	0	0	0	0	0	0	0	0	3930	3930	3885	3930	3930	3930	3930	3885	3885	3885	3975	0	0	0	0	0	0	0	0	0	0	0	0	0	0	0	3930	0	3885	3930	0	0	0	0	0	0	0	0	0	0	0	0	0	0	0	0	0	0	0	0	0	0	0	0	0	0	0	0	0	0	0	0	0	0	2133	2133	2133	2120	2107	2107	2095	2082	2082	2082	2095	2095	2082	2082	2082	2082	2082	2082	2095	2095	2107	2107	2120	2120	2107	2107	2107	2107	2107	2107	2107	2107	2107	2120	2120	2120	2120	2120	2120	2120	2120	2107	2120	2069	2069	0	0	0	0	0	0	1428	1428	1422	1422	1422	1422	1422	1422	1899	1899	1899	0	0	0	0	0	0	0	0	0	0	0	0	0	0	0	0	0	0	0	0	0	0	0	0	0	0	0	0	0	0	866	866	863	846	849	844	842	838	836	834	832	830	830	828	826	826	824	824	824	822	822	822	820	816	818	816	816	816	816	816	816	816	818	816	818	818	818	857	857	857	855	851	851	849	849	846	844	844	842	840	840	836	836	836	836	836	836	836	836	836	836	838	836	836	838	838	838	838	838	838	836	836	836	834	834	834	832	830	830	828	830	830	830	830	830	832	832	832	832	834	836	836	838	838	840	844	844	846	846	846	846	846	846	846	846	846	846	846	846	846	846	0	0	0	0	0	0	0	0	0	0	0	0	0	0	0	0	0	0	0	0	0	0	0	0	0	0	0	0	0	0	0	0	0	0	0	0	0	0	0	0	0	0	0	0	0	0	0	0	0	0	0	0	0	0	0	0	0	0	0	0	0	0	0	0	0	0	0	0	0	0	0	0	0	0	0	0	0	0	0	0	0	0	0	0	0	0	0	0	0	0	0	0	0	0	0	0	0	0	0	0	0	0	0	0	0	0	0	0	0	0	0	0	0	0	0	0	0	0	0	0	0	0	0	0	0	0	0	0	0	0	0	0	0	0	0	0	0	0	0	0	0	0	0	0	0	0	0	0	0	0	0	0	0	0	0	0	0	0	0	0	0	0	0	0	0	0	0	0	0	0	0	0	0	0	0	0	0	0	0	0	0	
0	0	0	0	0	0	0	0	0	0	0	0	0	0	0	0	0	0	0	0	0	0	0	0	0	0	0	0	0	0	0	0	0	0	0	0	0	1809	1809	1819	1828	1838	1858	1878	1878	1878	1888	1888	1899	1920	1920	1931	1931	1931	1952	1952	1975	2021	2021	2021	2033	2045	2057	2069	2069	2069	2082	2107	2133	2174	2174	2187	2187	2187	2201	3975	3975	3975	3975	0	0	0	0	0	0	0	0	0	0	0	0	0	0	0	0	0	0	0	0	0	0	0	0	0	0	0	0	0	0	0	0	0	0	0	0	0	0	0	0	0	0	0	0	0	0	0	0	0	0	0	0	0	0	0	0	0	0	0	0	0	0	0	0	0	0	3885	3930	3930	3930	3930	3930	3930	3930	3930	3885	0	0	0	0	0	0	0	0	0	0	0	0	0	0	0	0	0	0	0	0	0	0	0	0	0	0	0	0	0	0	0	0	0	0	0	0	3930	3930	3930	3885	3930	3930	3930	3885	3885	3885	3885	3885	0	0	0	0	0	0	0	0	0	0	0	0	0	0	0	0	0	0	0	0	0	0	0	0	0	0	0	0	0	0	0	0	0	0	0	0	0	0	0	0	0	0	0	0	0	0	0	0	0	0	0	0	0	2133	2133	2120	2107	2107	2095	2082	2082	2082	2082	2095	2095	2082	2082	2082	2082	2082	2082	2095	2095	2107	2107	2120	2120	2107	2095	2107	2095	2107	2107	2107	2107	2107	2120	2120	2120	2120	2120	2120	2120	2120	2120	2120	2082	2082	0	0	0	0	0	0	1428	1428	1422	1422	1422	1422	1422	1422	1899	1899	1899	0	0	0	0	0	0	0	0	0	0	0	0	0	0	0	0	0	0	0	0	0	0	0	0	0	0	0	0	0	0	866	863	861	857	849	844	840	838	834	834	832	830	830	830	828	826	824	824	824	824	822	822	820	820	820	818	816	816	816	816	816	816	818	816	818	818	818	857	857	855	855	851	849	849	846	846	844	844	842	842	840	838	838	838	836	836	836	836	836	836	836	836	836	838	838	838	838	838	838	838	836	836	836	834	834	834	832	830	830	828	830	830	830	830	830	832	832	832	832	834	834	834	836	838	840	844	844	846	846	846	846	846	846	846	846	846	846	846	846	846	0	0	0	0	0	0	0	0	0	0	0	0	0	0	0	0	0	0	0	0	0	0	0	0	0	0	0	0	0	0	0	0	0	0	0	0	0	0	0	0	0	0	0	0	0	0	0	0	0	0	0	0	0	0	0	0	0	0	0	0	0	0	0	0	0	0	0	0	0	0	0	0	0	0	0	0	0	0	0	0	0	0	0	0	0	0	0	0	0	0	0	0	0	0	0	0	0	0	0	0	0	0	0	0	0	0	0	0	0	0	0	0	0	0	0	0	0	0	0	0	0	0	0	0	0	0	0	0	0	0	0	0	0	0	0	0	0	0	0	0	0	0	0	0	0	0	0	0	0	0	0	0	0	0	0	0	0	0	0	0	0	0	0	0	0	0	0	0	0	0	0	0	0	0	0	0	0	0	0	0	0	0	
0	0	0	0	0	0	0	0	0	0	0	0	0	0	0	0	0	0	0	0	0	0	0	0	0	0	0	0	0	0	0	0	0	0	0	0	0	1809	1809	1819	1838	1848	1858	1868	1878	1878	1888	1888	1899	1909	1920	1931	1931	1941	1964	1964	1986	2009	2021	2021	2033	2045	2057	2069	2069	2069	2082	2120	2147	2174	2174	2187	2187	2201	2201	3975	3975	3975	3975	0	0	0	0	0	0	0	0	0	0	0	0	0	0	0	0	0	0	0	0	0	0	0	0	0	0	0	0	0	0	0	0	0	0	0	0	0	0	0	0	0	0	0	0	0	0	0	0	0	0	0	0	0	0	0	0	0	0	0	0	0	0	0	0	0	0	0	0	0	3930	3930	3930	3930	3930	3930	3885	0	0	0	0	0	0	0	0	0	0	0	0	0	0	0	0	0	0	0	0	0	0	0	0	0	0	0	0	0	0	0	0	0	0	0	0	0	0	3885	3885	3885	3885	3885	3885	3885	3885	3885	3885	0	0	0	0	0	0	0	0	0	0	0	0	0	0	0	0	0	0	0	0	0	0	0	0	0	0	0	0	0	0	0	0	0	0	0	0	0	0	0	0	0	0	0	0	0	0	0	0	0	0	0	0	0	0	2133	2120	2107	2107	2095	2082	2082	2082	2082	2095	2095	2082	2082	2082	2082	2082	2082	2082	2082	2095	2095	2107	2107	2107	2095	2095	2095	2107	2107	2107	2107	2107	2120	2120	2120	2120	2120	2120	2120	2120	2107	2120	2057	2069	0	0	0	0	0	0	1428	1422	1422	1422	1422	1422	1422	1422	1899	1899	1899	1446	0	0	0	0	0	0	0	0	0	0	0	0	0	0	0	0	0	0	0	0	0	0	0	0	0	0	0	0	0	866	861	861	853	842	842	840	838	834	832	832	830	830	830	828	826	824	824	824	824	822	822	822	820	820	818	818	818	818	818	818	818	820	816	818	818	818	855	853	851	851	849	849	846	846	844	844	842	842	842	840	838	838	838	836	836	836	836	836	836	836	836	836	836	838	838	838	838	838	836	836	836	834	834	834	832	830	830	830	828	830	830	830	830	830	832	832	832	832	834	834	834	836	838	840	844	844	846	846	846	846	846	846	846	846	846	846	846	846	846	0	0	0	0	0	0	0	0	0	0	0	0	0	0	0	0	0	0	0	0	0	0	0	0	0	0	0	0	0	0	0	0	0	0	0	0	0	0	0	0	0	0	0	0	0	0	0	0	0	0	0	0	0	0	0	0	0	0	0	0	0	0	0	0	0	0	0	0	0	0	0	0	0	0	0	0	0	0	0	0	0	0	0	0	0	0	0	0	0	0	0	0	0	0	0	0	0	0	0	0	0	0	0	0	0	0	0	0	0	0	0	0	0	0	0	0	0	0	0	0	0	0	0	0	0	0	0	0	0	0	0	0	0	0	0	0	0	0	0	0	0	0	0	0	0	0	0	0	0	0	0	0	0	0	0	0	0	0	0	0	0	0	0	0	0	0	0	0	0	0	0	0	0	0	0	0	0	0	0	0	0	0	
0	0	0	0	0	0	0	0	0	0	0	0	0	0	0	0	0	0	0	0	0	0	0	0	0	0	0	0	0	0	0	0	0	0	0	0	0	1809	1819	1828	1838	1848	1858	1868	1878	1878	1888	1888	1888	1909	1920	1931	1931	1941	1964	1964	1986	2009	2009	2021	2021	2045	2057	2069	2082	2069	2082	2120	2147	2174	2174	2187	2187	2201	2201	3975	3975	3975	3975	0	0	0	0	0	0	0	0	0	0	0	0	0	0	0	0	0	0	0	0	0	0	0	0	0	0	0	0	0	0	0	0	0	0	0	0	0	0	0	0	0	0	0	0	0	0	0	0	0	0	0	0	0	0	0	0	0	0	0	0	0	0	0	0	0	0	0	0	0	0	3930	3885	3885	3930	3930	3930	0	0	0	0	0	0	0	0	0	0	0	0	0	0	0	0	0	0	0	0	0	0	0	0	0	0	0	0	0	0	0	0	0	0	0	0	0	3885	3885	3842	0	3842	0	3842	3885	3885	0	3842	0	0	0	0	0	0	0	0	0	0	0	0	0	0	0	0	0	0	0	0	0	0	0	0	0	0	0	0	0	0	0	0	0	0	0	0	0	0	0	0	0	0	0	0	0	0	0	0	0	0	0	0	0	0	2133	2133	2120	2107	2107	2082	2082	2082	2082	2095	2095	2095	2082	2082	2082	2082	2082	2082	2082	2095	2095	2107	2107	2095	2095	2095	2095	2107	2107	2107	2120	2120	2120	2120	2120	2120	2120	2120	2120	2120	2120	2107	2069	2069	0	0	0	0	0	0	1428	1428	1422	1422	1422	1422	1422	1422	1888	1888	1899	1446	0	0	0	0	0	0	0	0	0	0	0	0	0	0	0	0	0	0	0	0	0	0	0	0	0	0	0	0	0	866	863	863	853	842	840	840	838	834	834	832	830	830	830	828	826	826	824	824	824	824	822	822	822	822	820	820	818	818	818	818	818	820	818	818	818	818	851	851	851	851	849	846	846	846	844	844	842	840	840	840	838	838	838	836	836	836	836	836	836	836	836	836	836	838	838	838	838	838	838	836	836	836	834	834	832	830	830	828	828	830	830	830	830	830	830	832	830	832	832	834	834	836	838	838	842	844	844	846	846	846	844	846	846	846	846	846	846	846	846	0	0	0	0	0	0	0	0	0	0	0	0	0	0	0	0	0	0	0	0	0	0	0	0	0	0	0	0	0	0	0	0	0	0	0	0	0	0	0	0	0	0	0	0	0	0	0	0	0	0	0	0	0	0	0	0	0	0	0	0	0	0	0	0	0	0	0	0	0	0	0	0	0	0	0	0	0	0	0	0	0	0	0	0	0	0	0	0	0	0	0	0	0	0	0	0	0	0	0	0	0	0	0	0	0	0	0	0	0	0	0	0	0	0	0	0	0	0	0	0	0	0	0	0	0	0	0	0	0	0	0	0	0	0	0	0	0	0	0	0	0	0	0	0	0	0	0	0	0	0	0	0	0	0	0	0	0	0	0	0	0	0	0	0	0	0	0	0	0	0	0	0	0	0	0	0	0	0	0	0	0	0	
0	0	0	0	0	0	0	0	0	0	0	0	0	0	0	0	0	0	0	0	0	0	0	0	0	0	0	0	0	0	0	0	0	0	0	0	0	1809	1809	1819	1828	1838	1858	1868	1878	1878	1888	1888	1888	1909	1920	1941	1941	1952	1964	1964	1975	1975	2009	2021	2021	2033	2045	2057	2069	2069	2082	2120	2160	2174	2174	2187	2201	2215	2215	3759	3800	3842	0	0	0	0	0	0	0	0	0	0	0	0	0	0	0	0	0	0	0	0	0	0	0	0	0	0	0	0	0	0	0	0	0	0	0	0	0	0	0	0	0	0	0	0	0	0	0	0	0	0	0	0	0	0	0	0	0	0	0	0	0	0	0	0	0	0	0	0	0	0	0	0	3885	3885	0	3885	3885	0	0	0	0	0	0	0	0	0	0	0	0	0	0	0	0	0	0	0	0	0	0	0	0	0	0	0	0	0	0	0	0	0	0	0	0	0	0	0	0	0	0	0	0	0	0	0	0	0	0	0	0	0	0	0	0	0	0	0	0	0	0	0	0	0	0	0	0	0	0	0	0	0	0	0	0	0	0	0	0	0	0	0	0	0	0	0	0	0	0	0	0	0	0	0	0	0	0	0	0	0	0	2133	2133	2107	2107	2107	2095	2082	2082	2082	2082	2082	2082	2082	2082	2082	2082	2082	2082	2082	2095	2095	2107	2107	2107	2107	2107	2107	2107	2107	2107	2107	2107	2120	2107	2107	2107	2107	2107	2107	2107	2107	2082	2069	0	0	0	0	0	0	0	1428	1428	1428	1422	1422	1422	1422	1422	1888	1888	1899	1428	0	0	0	0	0	0	0	0	0	0	0	0	0	0	0	0	0	0	0	0	0	0	0	0	0	0	0	0	866	863	861	861	853	842	840	840	838	834	832	832	830	830	830	828	828	826	826	824	824	824	822	822	822	822	820	820	820	820	820	818	820	820	818	818	818	818	849	849	846	849	846	846	846	844	844	844	842	840	840	840	838	838	838	836	836	836	836	836	836	836	836	836	836	838	838	838	838	838	838	836	836	836	834	832	832	830	830	830	828	830	828	830	830	830	830	830	830	830	832	832	834	836	838	838	842	844	844	844	844	846	844	846	846	846	846	846	846	846	0	0	0	0	0	0	0	0	0	0	0	0	0	0	0	0	0	0	0	0	0	0	0	0	0	0	0	0	0	0	0	0	0	0	0	0	0	0	0	0	0	0	0	0	0	0	0	0	0	0	0	0	0	0	0	0	0	0	0	0	0	0	0	0	0	0	0	0	0	0	0	0	0	0	0	0	0	0	0	0	0	0	0	0	0	0	0	0	0	0	0	0	0	0	0	0	0	0	0	0	0	0	0	0	0	0	0	0	0	0	0	0	0	0	0	0	0	0	0	0	0	0	0	0	0	0	0	0	0	0	0	0	0	0	0	0	0	0	0	0	0	0	0	0	0	0	0	0	0	0	0	0	0	0	0	0	0	0	0	0	0	0	0	0	0	0	0	0	0	0	0	0	0	0	0	0	0	0	0	0	0	0	0	
0	0	0	0	0	0	0	0	0	0	0	0	0	0	0	0	0	0	0	0	0	0	0	0	0	0	0	0	0	0	0	0	0	0	0	0	0	1809	1819	1828	1828	1838	1848	1858	1868	1878	1888	1888	1888	1909	1931	1941	1952	1952	1964	1964	1975	1986	2009	2021	2021	2033	2045	2057	2069	2069	2082	2133	2160	2187	2187	2201	2215	2215	2187	2201	3800	3800	0	0	0	0	0	0	0	0	0	0	0	0	0	0	0	0	0	0	0	0	0	0	0	0	0	0	0	0	0	0	0	0	0	0	0	0	0	0	0	0	0	0	0	0	0	0	0	0	0	0	0	0	0	0	0	0	0	0	0	0	0	0	0	0	0	0	0	0	0	0	0	0	0	0	0	0	0	0	0	0	0	0	0	0	0	0	0	0	0	0	0	0	0	0	0	0	0	0	0	0	0	0	0	0	0	0	0	0	0	0	0	0	0	0	0	0	0	0	0	0	0	0	0	0	0	0	0	0	0	0	0	0	0	0	0	0	0	0	0	0	0	0	0	0	0	0	0	0	0	0	0	0	0	0	0	0	0	0	0	0	0	0	0	0	0	0	0	0	0	0	0	0	0	0	0	0	0	0	0	2147	2147	2120	2120	2107	2095	2082	2082	2082	2082	2082	2082	2082	2082	2082	2082	2082	2082	2082	2095	2095	2107	2107	2107	2107	2107	2107	2107	2120	2120	2120	2120	2120	2120	2107	2107	2120	2120	2120	2107	2107	2107	2082	0	0	0	0	0	0	0	1428	1428	1428	1422	1422	1422	1422	1422	1422	1888	1888	1422	0	0	0	0	0	0	0	0	0	0	0	0	0	0	0	0	0	0	0	0	0	0	0	0	0	0	868	868	866	863	861	859	855	846	840	838	836	834	832	832	830	830	830	830	828	828	826	826	826	824	824	824	822	822	822	822	820	820	820	820	820	820	820	818	866	859	849	846	846	846	846	844	846	844	842	842	842	840	842	840	838	838	838	836	836	836	836	836	836	836	836	836	836	838	838	838	838	838	838	836	836	834	834	832	832	830	830	830	828	830	830	830	830	830	830	830	830	832	832	834	834	836	838	838	840	844	844	844	844	846	844	846	846	846	846	846	844	844	0	0	0	0	0	0	0	0	0	0	0	0	0	0	0	0	0	0	0	0	0	0	0	0	0	0	0	0	0	0	0	0	0	0	0	0	0	0	0	0	0	0	0	0	0	0	0	0	0	0	0	0	0	0	0	0	0	0	0	0	0	0	0	0	0	0	0	0	0	0	0	0	0	0	0	0	0	0	0	0	0	0	0	0	0	0	0	0	0	0	0	0	0	0	0	0	0	0	0	0	0	0	0	0	0	0	0	0	0	0	0	0	0	0	0	0	0	0	0	0	0	0	0	0	0	0	0	0	0	0	0	0	0	0	0	0	0	0	0	0	0	0	0	0	0	0	0	0	0	0	0	0	0	0	0	0	0	0	0	0	0	0	0	0	0	0	0	0	0	0	0	0	0	0	0	0	0	0	0	0	0	0	0	
0	0	0	0	0	0	0	0	0	0	0	0	0	0	0	0	0	0	0	0	0	0	0	0	0	0	0	0	0	0	0	0	0	0	0	0	0	1809	1819	1828	1828	1838	1848	1858	1868	1868	1888	1888	1899	1920	1931	1941	1952	1952	1964	1964	1975	1986	2009	2021	2021	2033	2045	2057	2069	2069	2082	2160	2174	2174	2187	2201	2215	2215	2215	0	3800	0	0	0	0	0	0	0	0	0	0	0	0	0	0	0	0	0	0	0	0	0	0	0	0	0	0	0	0	0	0	0	0	0	0	0	0	0	0	0	0	0	0	0	0	0	0	0	0	0	0	3800	3800	3800	0	0	0	0	0	0	0	0	0	0	0	0	0	0	0	0	0	0	0	0	0	0	0	0	0	0	0	0	0	0	0	0	0	0	0	0	0	0	0	0	0	0	0	0	0	0	0	0	0	0	0	0	0	0	0	0	0	0	0	0	0	0	0	0	0	0	0	0	0	0	0	0	0	0	0	0	0	0	0	0	0	0	0	0	0	0	0	0	0	0	0	0	0	0	0	0	0	0	0	0	0	0	0	0	0	0	0	0	0	0	0	0	0	0	0	0	0	0	0	0	0	0	0	0	0	0	0	0	2147	2120	2120	2107	2095	2082	2082	2082	2082	2082	2082	2082	2082	2082	2082	2082	2082	2082	2095	2095	2107	2107	2107	2107	2107	2107	2120	2120	2120	2120	2120	2120	2107	2107	2107	2107	2107	2107	2107	2120	2107	2082	0	0	0	0	0	0	0	0	1428	1428	1422	1422	1422	1422	1422	1422	1422	1422	1422	0	0	0	0	0	0	0	0	0	0	0	0	0	0	0	0	0	0	0	0	0	0	0	0	0	0	0	868	866	863	861	859	853	849	840	838	836	834	832	832	832	830	830	830	828	828	828	826	826	824	824	824	822	822	822	822	820	820	822	820	820	822	818	818	866	859	849	846	846	846	844	844	844	844	842	844	842	842	842	840	838	838	836	836	836	836	836	836	836	836	836	836	836	838	838	838	838	838	838	836	836	834	834	832	832	830	830	830	830	830	830	830	830	830	830	830	830	830	832	832	834	836	836	838	838	844	844	844	844	844	844	844	846	846	846	844	844	844	0	0	0	0	0	0	0	0	0	0	0	0	0	0	0	0	0	0	0	0	0	0	0	0	0	0	0	0	0	0	0	0	0	0	0	0	0	0	0	0	0	0	0	0	0	0	0	0	0	0	0	0	0	0	0	0	0	0	0	0	0	0	0	0	0	0	0	0	0	0	0	0	0	0	0	0	0	0	0	0	0	0	0	0	0	0	0	0	0	0	0	0	0	0	0	0	0	0	0	0	0	0	0	0	0	0	0	0	0	0	0	0	0	0	0	0	0	0	0	0	0	0	0	0	0	0	0	0	0	0	0	0	0	0	0	0	0	0	0	0	0	0	0	0	0	0	0	0	0	0	0	0	0	0	0	0	0	0	0	0	0	0	0	0	0	0	0	0	0	0	0	0	0	0	0	0	0	0	0	0	0	0	0	
0	0	0	0	0	0	0	0	0	0	0	0	0	0	0	0	0	0	0	0	0	0	0	0	0	0	0	0	0	0	0	0	0	0	0	0	0	1809	1819	1828	1828	1838	1848	1858	1858	1868	1888	1888	1899	1909	1931	1941	1952	1964	1964	1964	1975	2009	2009	2021	2033	2033	2045	2057	2069	2057	2082	2160	2174	2174	2187	2187	2201	2215	2201	3602	0	3679	0	0	0	0	0	0	0	0	0	0	0	0	0	0	0	0	0	0	0	0	0	0	0	0	0	0	0	0	0	0	0	0	0	0	0	0	0	0	0	0	0	0	0	0	0	0	0	0	0	0	3759	3759	0	0	0	0	0	0	0	0	0	0	0	0	0	0	0	0	0	0	0	0	0	0	0	0	0	0	0	0	0	0	0	0	0	0	0	0	0	0	0	0	0	0	0	0	0	0	0	0	0	0	0	0	0	0	0	0	0	0	0	0	0	0	0	0	0	0	0	0	0	0	0	0	0	0	0	0	0	0	0	0	0	0	0	0	0	0	0	0	0	0	0	0	0	0	0	0	0	0	0	0	0	0	0	0	0	0	0	0	0	0	0	0	0	0	0	0	0	0	0	0	0	0	0	0	0	0	0	0	2147	2133	2120	2107	2095	2095	2095	2082	2082	2082	2082	2095	2082	2082	2082	2082	2082	2095	2095	2095	2095	2107	2107	2107	2107	2107	2107	2120	2120	2120	2107	2107	2107	2107	2107	2107	2107	2107	2107	2107	2095	2082	0	0	0	0	0	0	0	0	1428	1428	1422	1422	1422	1422	1422	1422	1422	1422	1422	0	0	0	0	0	0	0	0	0	0	0	0	0	0	0	0	0	0	0	0	0	0	0	0	0	0	0	0	866	866	861	859	853	846	840	838	836	834	834	832	832	830	830	830	828	828	828	826	826	824	824	824	824	822	822	822	822	822	822	820	822	822	820	868	818	866	846	846	846	846	844	844	844	844	842	842	842	842	842	840	838	838	836	836	836	836	836	836	836	836	836	836	836	836	836	836	836	836	834	834	836	832	830	830	832	830	830	830	830	830	830	830	828	830	830	830	830	830	830	832	834	836	836	838	838	842	844	844	844	844	844	844	844	846	846	846	844	844	844	0	0	0	0	0	0	0	0	0	0	0	0	0	0	0	0	0	0	0	0	0	0	0	0	0	0	0	0	0	0	0	0	0	0	0	0	0	0	0	0	0	0	0	0	0	0	0	0	0	0	0	0	0	0	0	0	0	0	0	0	0	0	0	0	0	0	0	0	0	0	0	0	0	0	0	0	0	0	0	0	0	0	0	0	0	0	0	0	0	0	0	0	0	0	0	0	0	0	0	0	0	0	0	0	0	0	0	0	0	0	0	0	0	0	0	0	0	0	0	0	0	0	0	0	0	0	0	0	0	0	0	0	0	0	0	0	0	0	0	0	0	0	0	0	0	0	0	0	0	0	0	0	0	0	0	0	0	0	0	0	0	0	0	0	0	0	0	0	0	0	0	0	0	0	0	0	0	0	0	0	0	0	
0	0	0	0	0	0	0	0	0	0	0	0	0	0	0	0	0	0	0	0	0	0	0	0	0	0	0	0	0	0	0	0	0	0	0	0	0	1809	1819	1828	1828	1838	1848	1858	1858	1868	1888	1899	1899	1909	1931	1941	1952	1952	1964	1975	1975	2009	2021	2021	2033	2033	2045	2057	2069	2057	2082	2160	2174	2187	2187	2201	2215	2215	2230	3640	3640	3640	0	0	0	0	0	0	0	0	0	3640	0	0	3679	0	0	0	0	0	0	0	0	0	0	0	0	0	0	0	0	0	0	0	0	0	0	0	0	0	0	0	0	0	0	0	0	0	0	0	0	3759	3759	3759	3718	3718	0	0	0	0	0	0	0	0	0	0	0	0	0	0	0	0	0	0	0	0	0	0	0	0	0	0	0	0	0	0	0	0	0	0	0	0	0	0	0	0	0	0	0	0	0	0	0	0	0	0	0	0	0	0	0	0	0	0	0	0	0	0	0	0	0	0	0	0	0	0	0	0	0	0	0	0	0	0	0	0	0	0	0	0	0	0	0	0	0	0	0	0	0	0	0	0	0	0	0	0	0	0	0	0	0	0	0	0	0	0	0	0	0	0	0	0	0	0	0	0	0	0	0	0	0	0	2147	2133	2120	2120	2095	2095	2095	2082	2082	2082	2082	2082	2082	2082	2082	2095	2082	2095	2095	2095	2095	2095	2107	2107	2107	2107	2107	2120	2120	2107	2107	2107	2107	2107	2107	2107	2107	2107	2107	2107	2107	2082	0	0	0	0	0	0	0	0	1428	1428	1422	1422	1422	1422	1422	1422	1422	1422	1422	0	0	0	0	0	0	0	0	0	0	0	0	0	0	0	0	0	0	0	0	0	0	0	0	0	0	0	868	870	866	863	863	842	842	840	838	836	836	834	832	832	832	830	830	830	828	828	828	826	826	824	824	824	824	822	822	822	822	822	822	822	822	822	822	822	846	846	846	846	844	844	844	844	844	844	844	842	842	842	840	838	836	836	836	836	836	836	836	836	836	836	836	836	836	836	836	836	836	834	834	832	832	830	830	830	828	828	828	828	828	828	828	828	828	828	828	830	830	830	832	832	834	838	838	838	842	842	844	844	844	844	844	844	844	844	844	844	844	0	0	0	0	0	0	0	0	0	0	0	0	0	0	0	0	0	0	0	0	0	0	0	0	0	0	0	0	0	0	0	0	0	0	0	0	0	0	0	0	0	0	0	0	0	0	0	0	0	0	0	0	0	0	0	0	0	0	0	0	0	0	0	0	0	0	0	0	0	0	0	0	0	0	0	0	0	0	0	0	0	0	0	0	0	0	0	0	0	0	0	0	0	0	0	0	0	0	0	0	0	0	0	0	0	0	0	0	0	0	0	0	0	0	0	0	0	0	0	0	0	0	0	0	0	0	0	0	0	0	0	0	0	0	0	0	0	0	0	0	0	0	0	0	0	0	0	0	0	0	0	0	0	0	0	0	0	0	0	0	0	0	0	0	0	0	0	0	0	0	0	0	0	0	0	0	0	0	0	0	0	0	0	
0	0	0	0	0	0	0	0	0	0	0	0	0	0	0	0	0	0	0	0	0	0	0	0	0	0	0	0	0	0	0	0	0	0	0	0	0	1809	1819	1819	1828	1848	1858	1868	1868	1868	1878	1878	1888	1899	1941	1941	1952	1952	1964	1964	1964	2009	2021	2033	2033	2033	2045	2045	2057	2057	2133	2160	2174	2174	2187	2201	2215	2230	2215	3602	3602	3640	0	0	0	0	0	0	0	3640	3602	3640	3640	3640	3640	3640	3640	0	0	0	0	0	0	0	0	0	0	0	0	0	0	0	0	0	0	0	0	0	0	0	0	0	0	0	0	0	0	0	0	0	0	0	3718	3679	3679	3679	0	0	0	0	0	0	0	0	0	0	0	0	0	0	0	0	0	0	0	0	0	0	0	0	0	0	0	0	0	0	0	0	3602	3602	3602	3602	3602	3640	3640	3640	3640	0	0	0	0	0	0	0	0	0	0	0	0	0	0	0	0	0	0	0	0	0	0	0	0	0	0	0	0	0	0	0	0	0	0	0	0	0	0	0	0	0	0	0	0	0	0	0	0	0	0	0	0	0	0	0	0	0	0	0	0	0	0	0	0	0	0	0	0	0	0	0	0	0	0	0	0	0	0	0	0	0	0	0	0	0	2147	2133	2120	2120	2107	2095	2095	2082	2082	2082	2082	2082	2082	2082	2082	2095	2095	2095	2095	2095	2107	2107	2107	2107	2107	2107	2107	2120	2120	2107	2107	2107	2107	2107	2107	2107	2107	2107	2095	2107	2095	2082	0	0	0	0	0	0	0	0	1428	1428	1428	1422	1422	1422	1422	1422	1416	1416	0	0	0	0	0	0	0	0	0	0	0	0	0	0	0	0	0	0	0	0	0	0	0	0	0	0	0	0	870	868	870	866	866	842	842	840	838	838	836	834	834	832	832	832	832	830	830	830	830	828	828	826	826	826	826	824	824	824	824	824	824	824	824	826	828	832	834	840	842	842	844	844	844	844	844	844	844	842	842	842	840	838	838	836	836	836	836	836	836	836	836	836	836	836	836	836	836	836	836	834	834	832	832	830	830	830	828	828	828	828	828	828	828	828	828	828	828	828	830	830	830	830	834	836	838	840	842	842	844	844	844	844	844	844	844	844	844	844	844	844	0	0	0	0	0	0	0	0	0	0	0	0	0	0	0	0	0	0	0	0	0	0	0	0	0	0	0	0	0	0	0	0	0	0	0	0	0	0	0	0	0	0	0	0	0	0	0	0	0	0	0	0	0	0	0	0	0	0	0	0	0	0	0	0	0	0	0	0	0	0	0	0	0	0	0	0	0	0	0	0	0	0	0	0	0	0	0	0	0	0	0	0	0	0	0	0	0	0	0	0	0	0	0	0	0	0	0	0	0	0	0	0	0	0	0	0	0	0	0	0	0	0	0	0	0	0	0	0	0	0	0	0	0	0	0	0	0	0	0	0	0	0	0	0	0	0	0	0	0	0	0	0	0	0	0	0	0	0	0	0	0	0	0	0	0	0	0	0	0	0	0	0	0	0	0	0	0	0	0	0	0	0	
0	0	0	0	0	0	0	0	0	0	0	0	0	0	0	0	0	0	0	0	0	0	0	0	0	0	0	0	0	0	0	0	0	0	0	0	0	1809	1809	1819	1828	1838	1858	1868	1878	1878	1888	1878	1888	1899	1941	1941	1952	1952	1952	1952	1952	2009	2021	2033	2033	2033	2033	2057	2057	2057	2107	2160	2174	2174	2174	2187	2230	2230	3565	3565	3640	3602	3602	3602	3602	3602	0	0	3602	3602	3602	3602	3602	3602	3640	3602	3602	3640	3640	3640	3640	3640	3640	3679	3640	3640	3602	3602	3602	0	0	0	0	0	0	0	0	0	0	0	0	0	0	0	0	0	0	0	0	0	3679	3679	3718	3640	3679	3679	3679	3679	3640	3640	3602	3602	3602	3565	3565	3602	0	0	0	0	0	0	0	0	0	0	0	0	0	0	0	0	3602	3602	0	0	3565	3565	3602	3602	3602	3602	3602	3602	3602	3602	3602	3640	3602	3602	0	0	0	0	0	0	0	0	0	0	0	0	0	0	0	0	0	0	0	0	0	0	0	0	0	0	0	0	0	0	0	0	0	0	0	0	0	0	0	0	0	0	0	0	0	0	0	0	0	0	0	0	0	0	0	0	0	0	0	0	0	0	0	0	0	0	0	0	0	0	0	0	0	0	0	0	0	0	0	0	0	2174	2147	2133	2120	2120	2107	2095	2082	2082	2082	2082	2082	2082	2082	2082	2082	2082	2095	2107	2107	2107	2107	2107	2120	2120	2107	2107	2107	2120	2120	2107	2107	2107	2107	2107	2107	2107	2107	2107	2107	2107	2095	2082	1422	0	0	0	0	0	0	0	1434	1428	1428	1422	1422	1422	1416	1422	1416	1416	0	0	0	0	0	0	0	0	0	0	0	0	0	0	0	0	0	0	0	0	0	0	0	0	0	0	0	870	870	868	870	870	846	846	842	842	840	840	838	838	838	836	836	836	834	832	832	832	830	830	830	828	828	828	828	826	826	826	826	826	826	826	826	828	830	832	834	838	844	844	844	844	844	844	844	842	842	842	842	842	840	838	838	836	836	836	836	836	836	836	836	836	836	836	836	836	836	836	836	834	834	832	830	830	830	828	828	828	828	828	828	828	828	828	828	828	828	830	830	830	830	830	834	836	838	840	842	842	842	844	844	844	844	844	844	844	844	844	844	844	844	0	0	0	0	0	0	0	0	0	0	0	0	0	0	0	0	0	0	0	0	0	0	0	0	0	0	0	0	0	0	0	0	0	0	0	0	0	0	0	0	0	0	0	0	0	0	0	0	0	0	0	0	0	0	0	0	0	0	0	0	0	0	0	0	0	0	0	0	0	0	0	0	0	0	0	0	0	0	0	0	0	0	0	0	0	0	0	0	0	0	0	0	0	0	0	0	0	0	0	0	0	0	0	0	0	0	0	0	0	0	0	0	0	0	0	0	0	0	0	0	0	0	0	0	0	0	0	0	0	0	0	0	0	0	0	0	0	0	0	0	0	0	0	0	0	0	0	0	0	0	0	0	0	0	0	0	0	0	0	0	0	0	0	0	0	0	0	0	0	0	0	0	0	0	0	0	0	0	0	0	0	
0	0	0	0	0	0	0	0	0	0	0	0	0	0	0	0	0	0	0	0	0	0	0	0	0	0	0	0	0	0	0	0	0	0	0	0	0	1800	1809	1809	1819	1828	1838	1858	1878	1878	1888	1888	1899	1899	1931	1941	1941	1952	1952	1952	1964	1975	2021	2021	2021	2033	2033	2057	2069	2057	2120	2133	2160	2160	2174	2174	2187	2187	3602	3602	3640	3640	3602	3565	3602	3565	3565	3565	3602	3602	3602	3602	3602	3640	3640	3640	3602	3640	3640	3640	3602	3602	3602	3602	3602	3602	3602	3602	3602	0	0	0	0	0	0	0	0	0	0	0	0	0	0	0	0	0	0	0	0	3640	3602	3640	3640	3602	3602	3602	3602	3640	3602	3602	3602	3602	3602	3565	3565	3565	0	0	0	0	0	0	0	0	0	0	0	0	0	0	0	0	3602	3602	3565	0	3565	3565	3565	3602	3602	3565	3602	3565	3602	3602	3602	3602	3602	3602	0	0	0	0	0	0	0	0	0	0	0	0	0	0	0	0	0	0	0	0	0	0	0	0	0	0	0	0	0	0	0	0	0	0	0	0	0	0	0	0	0	0	0	0	0	0	0	0	0	0	0	0	0	0	0	0	0	0	0	0	0	0	0	0	0	0	0	0	0	0	0	0	0	0	0	0	0	0	0	0	0	0	2147	2133	2120	2107	2095	2082	2082	2082	2082	2082	2082	2082	2082	2082	2082	2082	2095	2095	2095	2107	2107	2107	2107	2120	2107	2107	2107	2120	2107	2107	2107	2095	2107	2107	2120	2120	2107	2107	2107	2107	2107	2107	1422	0	0	0	0	0	0	0	0	1428	1428	1428	1422	1422	1422	1422	1416	1416	0	0	0	0	0	0	0	0	0	0	0	0	0	0	0	0	0	0	0	0	0	0	0	0	0	0	0	0	872	872	872	849	846	846	844	844	842	840	840	838	838	838	838	838	838	834	834	832	832	832	830	830	830	830	830	828	828	828	828	826	828	828	828	830	830	832	832	838	844	844	846	846	846	844	844	842	842	842	842	840	840	838	838	838	836	836	836	836	836	836	836	836	836	836	836	836	836	836	836	834	834	832	830	830	830	828	828	828	828	828	828	828	828	828	828	828	828	830	830	830	830	830	832	836	838	840	842	842	842	842	844	844	844	844	844	844	844	844	844	844	844	0	0	0	0	0	0	0	0	0	0	0	0	0	0	0	0	0	0	0	0	0	0	0	0	0	0	0	0	0	0	0	0	0	0	0	0	0	0	0	0	0	0	0	0	0	0	0	0	0	0	0	0	0	0	0	0	0	0	0	0	0	0	0	0	0	0	0	0	0	0	0	0	0	0	0	0	0	0	0	0	0	0	0	0	0	0	0	0	0	0	0	0	0	0	0	0	0	0	0	0	0	0	0	0	0	0	0	0	0	0	0	0	0	0	0	0	0	0	0	0	0	0	0	0	0	0	0	0	0	0	0	0	0	0	0	0	0	0	0	0	0	0	0	0	0	0	0	0	0	0	0	0	0	0	0	0	0	0	0	0	0	0	0	0	0	0	0	0	0	0	0	0	0	0	0	0	0	0	0	0	0	
0	0	0	0	0	0	0	0	0	0	0	0	0	0	0	0	0	0	0	0	0	0	0	0	0	0	0	0	0	0	0	0	0	0	0	0	0	1800	1809	1809	1819	1828	1848	1858	1878	1878	1888	1888	1899	1909	1931	1941	1941	1952	1952	1952	1952	1975	2009	2021	2021	2033	2045	2045	2057	2057	2107	2133	2147	2160	2174	2174	2174	2187	2187	3528	3528	3528	3493	3528	3528	3493	3493	3565	3602	3602	3565	3602	3602	3602	3640	3602	3602	3602	3602	3602	3565	3528	3528	3528	3528	3493	3493	3493	3493	3528	3528	3528	0	0	0	0	0	0	0	0	0	0	0	0	0	0	0	0	0	3602	3602	3602	3602	3565	3565	3602	3602	3602	3602	3602	3602	3602	3602	3565	3565	3565	0	0	0	0	0	0	0	0	0	0	0	0	0	3602	3602	3565	3565	3565	3565	3528	3528	3565	3565	3565	3565	3565	3565	3565	3565	3565	3565	3565	3602	3565	0	0	0	0	0	0	0	0	0	0	0	0	0	0	0	0	0	0	0	0	0	0	0	0	0	0	0	0	0	0	0	0	0	0	0	0	0	0	0	0	0	0	0	0	0	0	0	0	0	0	0	0	0	0	0	0	0	0	0	0	0	0	0	0	0	0	0	0	0	0	0	0	0	0	0	0	0	0	0	0	0	2147	2147	2120	2107	2107	2095	2082	2082	2082	2082	2082	2082	2082	2082	2082	2082	2082	2095	2095	2107	2107	2107	2120	2120	2120	2107	2107	2095	2095	2095	2095	2095	2095	2107	2120	2107	2107	2107	2107	2107	2107	2107	2082	0	0	0	0	0	0	0	0	0	1422	1428	1422	1422	1422	1422	1422	1422	0	0	0	0	0	0	0	0	0	0	0	0	0	0	0	0	0	0	0	0	0	0	0	0	0	0	0	0	874	872	872	874	874	844	844	844	842	842	840	840	840	840	840	840	840	838	836	836	834	834	832	832	832	832	832	832	830	830	830	830	828	830	830	830	830	832	832	834	840	846	846	846	846	846	844	844	844	844	842	842	840	840	838	838	838	838	836	836	836	836	836	836	836	836	834	836	836	836	836	836	834	834	832	830	830	830	828	828	828	828	828	828	828	828	828	828	828	828	828	828	830	830	830	832	836	838	840	842	842	842	842	844	844	844	844	844	846	846	844	844	844	844	0	0	0	0	0	0	0	0	0	0	0	0	0	0	0	0	0	0	0	0	0	0	0	0	0	0	0	0	0	0	0	0	0	0	0	0	0	0	0	0	0	0	0	0	0	0	0	0	0	0	0	0	0	0	0	0	0	0	0	0	0	0	0	0	0	0	0	0	0	0	0	0	0	0	0	0	0	0	0	0	0	0	0	0	0	0	0	0	0	0	0	0	0	0	0	0	0	0	0	0	0	0	0	0	0	0	0	0	0	0	0	0	0	0	0	0	0	0	0	0	0	0	0	0	0	0	0	0	0	0	0	0	0	0	0	0	0	0	0	0	0	0	0	0	0	0	0	0	0	0	0	0	0	0	0	0	0	0	0	0	0	0	0	0	0	0	0	0	0	0	0	0	0	0	0	0	0	0	0	0	0	
0	0	0	0	0	0	0	0	0	0	0	0	0	0	0	0	0	0	0	0	0	0	0	0	0	0	0	0	0	0	0	0	0	0	0	0	0	1790	1800	1800	1800	1848	1848	1848	1868	1868	1888	1909	1909	1909	1941	1941	1952	1952	1952	1964	1964	1975	2009	2021	2021	2021	2033	2045	2057	2057	2095	2120	2147	2147	2160	2174	2174	2187	2187	3493	3493	3493	3493	3493	3493	3493	3493	0	0	0	0	0	0	0	0	0	0	0	0	3528	3528	3493	3528	3528	3528	3493	3493	3493	3493	3528	3528	3493	0	3493	3493	3493	3493	0	0	0	0	0	0	0	0	0	0	0	0	3602	3602	3602	3565	3528	3565	3565	3565	3565	3565	3565	3565	3565	3565	3565	0	0	0	0	0	0	3458	3458	0	0	0	0	0	0	0	3565	3565	3528	3565	3528	3528	3528	3528	3528	3565	3565	3565	3565	3565	3528	3565	3565	3565	3528	3565	3528	0	0	0	0	0	0	0	0	0	0	0	0	0	0	0	0	0	0	3528	0	0	3528	3528	0	0	0	0	0	0	0	0	0	0	0	0	0	0	0	0	0	0	0	0	0	0	0	0	0	0	0	0	0	0	0	0	0	0	0	0	0	0	0	0	0	0	0	0	0	0	0	0	0	0	0	0	0	0	0	0	0	0	2147	2147	2120	2107	2107	2095	2082	2082	2082	2082	2082	2082	2082	2082	2082	2082	2082	2095	2095	2107	2107	2120	2120	2120	2107	2107	2095	2095	2095	2095	2095	2095	2107	2107	2120	2120	2107	2107	2107	2095	2095	2107	0	0	0	0	0	0	0	0	0	1422	1422	1428	1428	1422	1422	1428	1422	1422	1422	0	0	0	0	0	0	0	0	0	0	0	0	0	0	0	0	0	0	0	0	0	0	0	0	0	0	0	874	874	874	874	874	844	844	844	842	842	840	840	840	840	840	840	840	840	838	838	838	838	836	834	834	836	836	834	832	832	832	832	830	830	832	830	832	832	832	834	834	846	846	846	846	846	846	844	844	842	842	840	840	840	838	838	838	836	836	836	836	836	836	836	836	836	834	836	836	836	836	836	834	834	832	830	830	830	828	828	828	828	828	828	828	828	828	830	828	828	830	830	830	830	830	832	836	838	838	840	842	842	842	844	844	844	844	844	844	844	844	844	844	844	0	0	0	0	0	0	0	0	0	0	0	0	0	0	0	0	0	0	0	0	0	0	0	0	0	0	0	0	0	0	0	0	0	0	0	0	0	0	0	0	0	0	0	0	0	0	0	0	0	0	0	0	0	0	0	0	0	0	0	0	0	0	0	0	0	0	0	0	0	0	0	0	0	0	0	0	0	0	0	0	0	0	0	0	0	0	0	0	0	0	0	0	0	0	0	0	0	0	0	0	0	0	0	0	0	0	0	0	0	0	0	0	0	0	0	0	0	0	0	0	0	0	0	0	0	0	0	0	0	0	0	0	0	0	0	0	0	0	0	0	0	0	0	0	0	0	0	0	0	0	0	0	0	0	0	0	0	0	0	0	0	0	0	0	0	0	0	0	0	0	0	0	0	0	0	0	0	0	0	0	0	
0	0	0	0	0	0	0	0	0	0	0	0	0	0	0	0	0	0	0	0	0	0	0	0	0	0	0	0	0	0	0	0	0	0	0	0	0	1790	1809	1809	1809	1848	1848	1858	1878	1878	1888	1888	1899	1899	1931	1941	1952	1952	1952	1952	1964	1975	2009	2021	2021	2021	2033	2045	2057	2057	2069	2120	2147	2147	2160	2174	2187	2187	2187	3458	3493	3458	3458	3458	3458	3458	3458	0	0	0	0	0	0	0	0	0	0	0	0	3493	3493	3493	3493	3493	3493	3493	3458	3493	3493	3493	3493	3493	3493	3493	3493	3458	3458	3458	3493	3458	3458	3493	3458	3458	0	0	3493	3493	3493	3565	3565	3565	3565	3528	3528	3565	3528	3528	3528	3528	3565	3565	3528	3528	0	0	0	0	0	0	3458	3458	3458	0	0	0	3458	3458	0	3565	3565	3528	3528	3493	3528	3528	3528	3528	3528	3528	3565	3528	3528	3528	3528	3528	3493	3528	3565	3528	3528	3493	3493	3528	0	0	0	0	0	3528	3493	3493	3458	3458	3458	3528	3528	3528	3528	3528	3493	3493	3493	3493	3493	3493	0	0	0	0	0	0	0	0	0	0	0	0	0	0	0	0	0	0	0	0	0	0	0	0	0	0	0	0	0	0	0	0	0	0	0	0	0	0	0	0	0	0	0	0	0	0	0	0	0	0	0	0	0	0	0	2120	2133	2095	2095	2095	2095	2082	2082	2082	2082	2082	2082	2082	2082	2082	2082	2095	2095	2107	2107	2120	2120	2120	2120	2107	2107	2095	2095	2095	2095	2095	2095	2107	2120	2120	2120	2120	2107	2107	2095	2095	2095	2082	0	1422	0	0	0	0	0	0	1422	1422	1428	1428	1422	1422	1428	1422	1422	0	0	0	0	0	0	0	0	0	0	0	0	0	0	0	0	0	0	0	0	0	0	0	0	0	0	0	0	874	872	872	872	872	844	844	842	842	842	840	840	840	840	840	840	840	840	840	840	838	838	838	838	838	838	838	836	834	834	834	834	832	832	832	832	834	834	834	834	836	846	846	846	846	846	846	844	844	840	842	840	840	840	838	838	838	836	836	836	836	836	836	836	836	836	834	836	836	836	836	836	834	834	832	830	830	828	828	828	828	828	828	828	828	828	828	828	828	828	830	830	830	830	830	832	834	836	838	840	840	842	842	842	842	844	844	844	844	844	844	844	844	844	842	0	0	0	0	0	0	0	0	0	0	0	0	0	0	0	0	0	0	0	0	0	0	0	0	0	0	0	0	0	0	0	0	0	0	0	0	0	0	0	0	0	0	0	0	0	0	0	0	0	0	0	0	0	0	0	0	0	0	0	0	0	0	0	0	0	0	0	0	0	0	0	0	0	0	0	0	0	0	0	0	0	0	0	0	0	0	0	0	0	0	0	0	0	0	0	0	0	0	0	0	0	0	0	0	0	0	0	0	0	0	0	0	0	0	0	0	0	0	0	0	0	0	0	0	0	0	0	0	0	0	0	0	0	0	0	0	0	0	0	0	0	0	0	0	0	0	0	0	0	0	0	0	0	0	0	0	0	0	0	0	0	0	0	0	0	0	0	0	0	0	0	0	0	0	0	0	0	0	0	0	
0	0	0	0	0	0	0	0	0	0	0	0	0	0	0	0	0	0	0	0	0	0	0	0	0	0	0	0	0	0	0	0	0	0	0	0	0	1790	1800	1809	1819	1838	1848	1858	1868	1878	1888	1878	1888	1899	1931	1941	1952	1964	1952	1964	1964	1975	2009	2009	2021	2021	2033	2045	2057	2057	2082	2120	2147	2147	2160	2174	2187	2187	2187	3458	3458	3423	3458	3423	3458	3458	3458	0	0	0	0	0	0	0	0	0	0	0	0	0	3458	3458	3493	3493	3493	3458	3458	3458	3458	3458	3458	3458	3493	3493	3493	3458	3458	3458	3458	3458	3458	3458	3458	3458	3493	3493	3493	3458	3493	3528	3528	3528	3493	3493	3493	3528	3493	3493	3493	3493	3528	3528	0	0	0	0	0	0	0	3423	3423	3423	3423	3423	0	0	3423	3423	0	3528	3528	3493	3528	3493	3493	3493	3493	3493	3528	3528	3528	3528	3528	3493	3493	3493	3493	3493	3528	3528	3458	3458	3458	3458	3458	3493	3493	3493	0	3493	3493	3493	3458	3458	3458	3458	3458	3493	3493	3493	3493	3493	3493	3493	3458	3458	0	0	0	0	0	0	0	0	0	0	0	0	0	0	0	0	0	0	0	0	0	0	0	0	0	0	0	0	0	0	0	0	0	0	0	0	0	0	0	0	0	0	0	0	0	0	0	0	0	0	0	0	0	0	0	0	2133	2107	2107	2095	2095	2082	2082	2082	2082	2082	2082	2082	2082	2082	2082	2095	2107	2107	2107	2120	2120	2120	2120	2120	2107	2107	2095	2095	2095	2095	2095	2107	2120	2120	2120	2120	2107	2107	2107	2107	2095	2082	0	1416	0	0	0	0	0	0	1422	1422	1428	1428	1422	1428	1428	1428	1422	0	0	0	0	0	0	0	0	0	0	0	0	0	0	0	0	0	0	0	0	0	0	0	0	0	0	0	0	872	872	872	870	870	846	846	844	844	842	842	840	840	840	840	840	840	840	840	840	840	840	840	840	838	838	838	838	836	836	836	836	834	834	834	834	834	834	834	834	838	846	846	849	846	846	846	844	840	840	842	840	840	840	838	836	836	836	836	836	836	836	836	834	836	834	834	834	834	836	834	836	834	834	832	830	830	828	828	828	828	828	828	828	828	828	828	828	828	828	830	830	830	830	830	832	836	836	838	840	840	840	842	842	842	844	844	844	844	844	844	844	844	844	0	0	0	0	0	0	0	0	0	0	0	0	0	0	0	0	0	0	0	0	0	0	0	0	0	0	0	0	0	0	0	0	0	0	0	0	0	0	0	0	0	0	0	0	0	0	0	0	0	0	0	0	0	0	0	0	0	0	0	0	0	0	0	0	0	0	0	0	0	0	0	0	0	0	0	0	0	0	0	0	0	0	0	0	0	0	0	0	0	0	0	0	0	0	0	0	0	0	0	0	0	0	0	0	0	0	0	0	0	0	0	0	0	0	0	0	0	0	0	0	0	0	0	0	0	0	0	0	0	0	0	0	0	0	0	0	0	0	0	0	0	0	0	0	0	0	0	0	0	0	0	0	0	0	0	0	0	0	0	0	0	0	0	0	0	0	0	0	0	0	0	0	0	0	0	0	0	0	0	0	0	
0	0	0	0	0	0	0	0	0	0	0	0	0	0	0	0	0	0	0	0	0	0	0	0	0	0	0	0	0	0	0	0	0	0	0	0	0	1790	1800	1809	1819	1828	1848	1858	1868	1868	1878	1878	1888	1899	1941	1941	1952	1952	1952	1964	1964	1975	2009	2009	2021	2033	2045	2045	2057	2069	2082	2120	2147	2160	2160	2174	2187	2187	2187	3423	3423	3423	3423	3423	0	3423	0	0	0	0	0	0	0	0	0	0	0	0	0	0	0	0	0	3458	3458	3458	3423	3423	3423	3423	3458	3458	0	0	0	3458	3458	3458	3458	3458	3458	3458	3458	3423	3423	0	3458	3458	3390	3390	0	3493	3493	3493	3493	3493	3458	3458	3423	3458	3458	3458	0	0	0	0	0	0	0	3423	3423	3423	3423	3423	3390	3423	3458	3423	3458	0	3493	3458	3493	3423	3423	3458	3458	3458	3493	3493	3493	3493	3458	3458	3458	3458	3458	3423	3423	3423	3458	3458	3458	3458	3458	3458	3458	3493	3493	3493	3458	3458	3423	3423	3423	3423	3423	3423	3423	3423	3423	3423	3423	3423	3423	3423	3423	3390	0	0	0	0	0	0	0	0	0	0	0	0	0	0	0	0	0	0	0	0	0	0	0	0	0	0	0	0	0	0	0	0	0	0	0	0	0	0	0	0	0	0	0	0	0	0	0	0	0	0	0	0	0	0	2133	2107	2107	2095	2095	2082	2082	2082	2082	2082	2082	2082	2082	2082	2082	2095	2107	2107	2120	2120	2120	2120	2120	2120	2120	2107	2107	2095	2095	2095	2095	2107	2120	2120	2120	2120	2107	2107	2107	2107	2082	2069	0	1422	0	0	0	0	0	0	0	1422	1422	1428	1422	1428	1428	1422	1422	0	0	0	0	0	0	0	0	0	0	0	0	0	0	0	0	0	0	0	0	0	0	0	0	0	0	0	0	872	872	870	870	870	866	846	846	844	842	842	840	840	840	840	840	840	840	840	840	840	840	840	840	840	840	838	838	838	838	838	838	838	838	838	836	834	834	834	834	834	849	849	849	846	846	846	844	842	842	842	840	840	840	838	836	836	836	836	836	836	836	836	834	834	836	834	834	834	834	834	834	832	832	830	830	828	828	828	828	828	828	828	828	828	828	828	828	828	830	830	830	830	830	832	834	836	836	838	838	840	840	840	840	842	842	844	844	844	844	844	844	844	844	844	0	0	0	0	0	0	0	0	0	0	0	0	0	0	0	0	0	0	0	0	0	0	0	0	0	0	0	0	0	0	0	0	0	0	0	0	0	0	0	0	0	0	0	0	0	0	0	0	0	0	0	0	0	0	0	0	0	0	0	0	0	0	0	0	0	0	0	0	0	0	0	0	0	0	0	0	0	0	0	0	0	0	0	0	0	0	0	0	0	0	0	0	0	0	0	0	0	0	0	0	0	0	0	0	0	0	0	0	0	0	0	0	0	0	0	0	0	0	0	0	0	0	0	0	0	0	0	0	0	0	0	0	0	0	0	0	0	0	0	0	0	0	0	0	0	0	0	0	0	0	0	0	0	0	0	0	0	0	0	0	0	0	0	0	0	0	0	0	0	0	0	0	0	0	0	0	0	0	0	0	
0	0	0	0	0	0	0	0	0	0	0	0	0	0	0	0	0	0	0	0	0	0	0	0	0	0	0	0	0	0	0	0	0	0	0	0	0	1790	1790	1800	1809	1838	1848	1858	1868	1868	1878	1878	1888	1909	1931	1941	1952	1952	1952	1964	1975	1986	2009	2009	2021	2033	2057	2057	2069	2069	2082	2120	2147	2160	2147	2160	2160	2160	2160	3324	3390	3390	3423	0	0	0	0	0	0	0	0	0	0	0	0	0	0	0	0	0	0	0	0	0	3390	3390	3390	3390	3390	3390	3390	3390	0	0	0	3458	3458	3458	3458	3458	3458	3458	3458	3423	3423	0	0	3390	3390	0	0	0	3493	3458	3458	3458	3423	3423	3390	3390	3390	0	0	0	0	0	0	3390	3390	3390	3423	3390	3390	3390	3390	3423	3423	3423	3423	0	0	3423	3458	3390	3390	3390	3423	3423	3458	3458	3458	3458	3423	3423	3423	3423	3423	3390	3390	3357	3357	3357	3390	3390	3423	3423	3458	3458	3458	3493	3458	3458	3423	3423	3390	3357	3390	3390	3324	3357	3390	3390	3390	3390	3390	3390	3390	3390	3390	3423	3262	0	0	0	0	0	0	0	0	0	0	0	0	0	0	3324	3293	3293	3293	0	3357	3357	3390	3390	0	0	0	0	0	0	0	0	0	0	0	0	0	0	0	0	0	0	0	0	0	0	0	0	0	0	0	0	0	2095	2095	2095	2095	2082	2082	2082	2082	2082	2082	2082	2082	2082	2082	2095	2095	2107	2107	2120	2120	2120	2120	2120	2107	2107	2107	2107	2095	2107	2107	2120	2120	2120	2120	2120	2120	2120	2120	2120	2120	2069	1428	1422	0	0	0	0	0	0	0	1422	1422	1428	1422	1428	1428	1434	1428	0	0	0	0	0	0	0	0	0	0	0	0	0	0	0	0	0	0	0	0	0	0	0	0	0	0	0	874	872	872	870	870	866	849	849	846	844	842	840	840	840	840	840	840	840	840	840	840	840	840	840	840	840	840	840	840	840	840	840	840	840	838	840	838	836	834	836	838	846	846	846	846	846	846	844	844	844	842	840	840	840	840	838	836	836	836	836	836	836	836	836	834	834	834	834	834	834	834	834	834	832	832	830	830	828	828	828	828	828	828	828	828	828	828	828	828	828	830	830	830	830	830	832	834	836	838	838	840	840	840	840	840	842	842	842	844	844	844	844	844	844	844	0	0	0	0	0	0	0	0	0	0	0	0	0	0	0	0	0	0	0	0	0	0	0	0	0	0	0	0	0	0	0	0	0	0	0	0	0	0	0	0	0	0	0	0	0	0	0	0	0	0	0	0	0	0	0	0	0	0	0	0	0	0	0	0	0	0	0	0	0	0	0	0	0	0	0	0	0	0	0	0	0	0	0	0	0	0	0	0	0	0	0	0	0	0	0	0	0	0	0	0	0	0	0	0	0	0	0	0	0	0	0	0	0	0	0	0	0	0	0	0	0	0	0	0	0	0	0	0	0	0	0	0	0	0	0	0	0	0	0	0	0	0	0	0	0	0	0	0	0	0	0	0	0	0	0	0	0	0	0	0	0	0	0	0	0	0	0	0	0	0	0	0	0	0	0	0	0	0	0	0	0	
0	0	0	0	0	0	0	0	0	0	0	0	0	0	0	0	0	0	0	0	0	0	0	0	0	0	0	0	0	0	0	0	0	0	0	0	0	1790	1800	1809	1819	1838	1858	1858	1858	1868	1868	1878	1888	1909	1931	1941	1952	1952	1952	1964	1975	1986	2009	2009	2021	2033	2045	2057	2069	2069	2095	2120	2147	2160	2160	2160	2160	2160	2174	3357	3390	3324	3324	0	0	0	0	0	0	0	0	0	0	0	0	0	0	0	0	0	0	0	0	3357	3357	3357	3357	3357	3357	3324	3324	0	0	0	0	0	3458	3458	3458	3423	3458	3458	3458	3458	3390	0	0	0	0	0	0	0	3423	3357	3357	3390	3390	3390	3357	3357	3357	3357	0	0	0	0	0	3324	3357	3357	3390	3357	3357	3357	3357	3423	3390	3423	3390	0	0	0	3423	3390	3390	3357	3357	3324	3357	3324	3357	3357	3390	3357	3357	3357	3357	3324	3324	3324	3324	3324	3357	3357	3357	3357	3357	3324	3458	3458	3423	3423	3423	3390	3390	3357	3357	3357	3324	3324	3357	3357	3357	3357	3357	3357	3357	3357	3262	3262	3262	3293	0	0	0	0	0	0	0	0	0	0	0	0	3324	3324	3293	3293	3293	3293	3324	3324	3357	3324	3357	3390	0	0	0	0	0	0	0	0	0	0	0	0	0	0	0	0	0	0	0	0	0	0	0	0	0	0	0	2095	2095	2082	2095	2082	2082	2082	2082	2082	2082	2082	2082	2082	2082	2082	2095	2107	2107	2120	2120	2120	2120	2107	2107	2107	2107	2107	2107	2107	2107	2120	2120	2120	2120	2120	2120	2120	2107	2120	2120	2082	1422	0	0	0	0	0	0	0	1422	1422	1422	1422	1422	1428	1428	1422	1428	0	0	0	0	0	0	0	0	0	0	0	0	0	0	0	0	0	0	0	0	0	0	0	0	0	0	0	872	872	872	870	870	866	866	849	846	846	842	840	840	840	840	838	840	840	840	840	840	840	840	840	840	840	840	840	840	842	842	842	842	844	842	842	840	838	838	846	849	849	846	846	846	846	846	844	844	844	842	842	840	840	840	838	836	836	836	836	836	836	836	836	834	834	834	834	834	834	834	834	834	832	832	830	830	828	828	828	828	828	828	828	828	828	828	828	828	828	830	830	830	830	830	832	834	836	838	838	840	840	840	840	840	840	842	842	844	844	844	844	844	844	844	0	0	0	0	0	0	0	0	0	0	0	0	0	0	0	0	0	0	0	0	0	0	0	0	0	0	0	0	0	0	0	0	0	0	0	0	0	0	0	0	0	0	0	0	0	0	0	0	0	0	0	0	0	0	0	0	0	0	0	0	0	0	0	0	0	0	0	0	0	0	0	0	0	0	0	0	0	0	0	0	0	0	0	0	0	0	0	0	0	0	0	0	0	0	0	0	0	0	0	0	0	0	0	0	0	0	0	0	0	0	0	0	0	0	0	0	0	0	0	0	0	0	0	0	0	0	0	0	0	0	0	0	0	0	0	0	0	0	0	0	0	0	0	0	0	0	0	0	0	0	0	0	0	0	0	0	0	0	0	0	0	0	0	0	0	0	0	0	0	0	0	0	0	0	0	0	0	0	0	0	0	
0	0	0	0	0	0	0	0	0	0	0	0	0	0	0	0	0	0	0	0	0	0	0	0	0	0	0	0	0	0	0	0	0	0	0	0	0	1790	1800	1809	1819	1838	1848	1858	1858	1868	1868	1878	1899	1909	1931	1941	1952	1952	1964	1975	1975	1986	2009	2009	2009	2021	2045	2057	2069	2082	2107	2133	2147	2160	2160	2160	2160	2174	3357	3357	3357	3324	3423	0	3390	3390	0	0	0	0	0	0	0	0	0	0	0	0	0	0	0	0	3324	3324	3324	3324	3324	3324	3324	3293	3293	3293	0	0	0	0	0	0	0	0	3423	3423	3423	3390	3390	0	0	0	0	0	0	0	3423	3357	3357	3357	3390	3357	3357	3324	3357	3324	3324	3293	3293	3293	3293	3293	3293	3293	3293	3293	3293	3293	3357	3357	3357	3357	3357	0	0	0	0	3324	3324	3324	3324	3324	3324	3324	3324	3324	3357	3357	3324	3357	3357	3324	3324	3324	3324	3324	3324	3324	3324	3357	3390	3390	3390	3390	3390	3423	3423	3390	3390	3357	3357	3357	3324	3324	3357	3357	3324	3324	3357	3357	3357	3293	3324	3262	3262	3262	0	3262	0	0	3324	0	0	0	0	0	0	3324	3324	3324	3293	3293	3293	3293	3324	3324	3324	3324	3324	3357	0	0	0	0	0	0	0	0	0	0	0	0	0	0	0	0	0	0	0	0	0	0	0	0	0	0	0	2095	2095	2082	2082	2082	2082	2082	2082	2082	2082	2082	2082	2082	2082	2082	2095	2107	2107	2120	2120	2120	2120	2107	2107	2107	2107	2107	2107	2107	2120	2120	2120	2120	2120	2120	2107	2107	2107	2120	2095	2082	2095	0	0	0	0	0	0	0	1422	1422	1422	1422	1422	1422	1422	1422	0	0	0	0	0	0	0	0	0	0	0	0	0	0	0	0	0	0	0	0	0	0	0	0	0	0	0	0	874	872	872	868	866	863	859	857	853	849	842	842	840	840	840	840	838	840	840	840	840	840	840	840	840	840	840	840	840	842	842	844	844	844	844	844	844	840	840	846	846	849	849	849	849	846	846	844	844	842	842	840	840	840	840	836	836	836	836	836	836	836	836	836	836	834	834	834	834	834	832	834	832	830	830	830	830	828	828	828	828	828	828	828	828	828	828	828	828	830	830	830	830	830	830	832	836	838	838	838	840	840	840	840	840	840	840	842	842	844	844	844	844	0	0	0	0	0	0	0	0	0	0	0	0	0	0	0	0	0	0	0	0	0	0	0	0	0	0	0	0	0	0	0	0	0	0	0	0	0	0	0	0	0	0	0	0	0	0	0	0	0	0	0	0	0	0	0	0	0	0	0	0	0	0	0	0	0	0	0	0	0	0	0	0	0	0	0	0	0	0	0	0	0	0	0	0	0	0	0	0	0	0	0	0	0	0	0	0	0	0	0	0	0	0	0	0	0	0	0	0	0	0	0	0	0	0	0	0	0	0	0	0	0	0	0	0	0	0	0	0	0	0	0	0	0	0	0	0	0	0	0	0	0	0	0	0	0	0	0	0	0	0	0	0	0	0	0	0	0	0	0	0	0	0	0	0	0	0	0	0	0	0	0	0	0	0	0	0	0	0	0	0	0	0	0	
0	0	0	0	0	0	0	0	0	0	0	0	0	0	0	0	0	0	0	0	0	0	0	0	0	0	0	0	0	0	0	0	0	0	0	0	0	1800	1800	1809	1819	1838	1858	1858	1868	1868	1878	1888	1899	1909	1909	1941	1952	1952	1964	1975	1986	1986	2009	2009	2021	2033	2045	2057	2069	2082	2107	2133	2147	2160	2160	2160	2174	2174	3324	3357	3357	3293	3324	0	3357	0	0	0	0	0	0	0	0	0	0	0	0	0	0	0	0	0	3324	3293	3293	3293	3324	3293	3293	3262	3262	3262	3262	0	0	0	0	0	0	0	0	0	0	0	0	0	0	0	0	0	0	0	0	0	3324	3324	3357	3357	3324	3324	3324	3324	3293	3293	3324	3324	3324	3262	3262	3262	3262	3293	3293	3293	3293	3324	3357	3324	3324	3293	0	0	0	3324	3324	3324	3324	3324	3324	3293	3293	3293	3324	3324	3324	3324	3324	3324	3293	3293	3293	3293	3324	3324	3324	3324	3324	3357	3357	3390	3390	3357	0	0	3293	3357	3357	3357	3293	3293	3324	3324	3324	3293	3324	3324	3324	3324	3262	3262	3262	3262	3262	3293	3293	3293	3293	3293	0	0	0	0	3293	3293	3293	3293	3293	3293	3293	3293	3262	3293	3293	3293	3293	0	0	0	0	0	0	0	0	0	0	0	0	0	0	0	0	0	0	0	0	0	0	0	0	0	0	0	2120	2107	2095	2095	2095	2082	2082	2082	2082	2082	2082	2082	2082	2082	2082	2082	2095	2107	2107	2120	2120	2120	2120	2107	2107	2107	2107	2107	2107	2120	2120	2120	2120	2120	2120	2120	2107	2107	2107	2120	2107	2082	2107	0	0	0	0	0	0	0	1422	1422	1422	1422	1422	1422	1422	1422	1416	0	0	0	0	0	0	0	0	0	0	0	0	0	0	0	0	0	0	0	0	0	0	0	0	0	0	0	870	870	868	866	866	861	859	857	855	851	844	842	840	840	840	840	838	840	840	840	840	840	840	840	838	840	840	840	840	842	842	844	0	0	844	844	844	844	849	849	849	849	849	849	849	846	846	844	844	842	842	840	840	840	840	836	836	836	836	836	836	836	836	836	836	836	834	834	834	832	832	832	832	830	830	830	830	828	828	828	828	828	828	828	828	828	830	828	830	830	830	830	830	830	832	832	836	838	838	840	840	840	840	840	840	840	842	842	844	844	844	844	844	0	0	0	0	0	0	0	0	0	0	0	0	0	0	0	0	0	0	0	0	0	0	0	0	0	0	0	0	0	0	0	0	0	0	0	0	0	0	0	0	0	0	0	0	0	0	0	0	0	0	0	0	0	0	0	0	0	0	0	0	0	0	0	0	0	0	0	0	0	0	0	0	0	0	0	0	0	0	0	0	0	0	0	0	0	0	0	0	0	0	0	0	0	0	0	0	0	0	0	0	0	0	0	0	0	0	0	0	0	0	0	0	0	0	0	0	0	0	0	0	0	0	0	0	0	0	0	0	0	0	0	0	0	0	0	0	0	0	0	0	0	0	0	0	0	0	0	0	0	0	0	0	0	0	0	0	0	0	0	0	0	0	0	0	0	0	0	0	0	0	0	0	0	0	0	0	0	0	0	0	0	0	0	
0	0	0	0	0	0	0	0	0	0	0	0	0	0	0	0	0	0	0	0	0	0	0	0	0	0	0	0	0	0	0	0	0	0	0	0	0	1809	1809	1819	1828	1838	1848	1858	1868	1868	1878	1888	1899	1909	1920	1931	1941	1952	1952	1975	1975	1986	2009	2009	2021	2033	2045	2057	2069	2069	2095	2120	2147	2160	2160	2160	2160	2160	3357	3357	3324	3324	3324	3324	3324	3324	0	0	0	0	0	0	0	0	0	0	0	0	0	0	0	0	3293	3293	3293	3262	3293	3293	3262	3231	3231	3262	3262	0	0	0	0	0	0	0	0	0	0	0	0	0	0	0	0	0	0	0	0	0	3293	3293	3324	3324	3324	3293	3324	3293	3293	3293	3324	3324	3324	3293	3262	3262	3231	3262	3262	3262	3262	3293	3293	3293	3293	3262	0	0	3293	3293	3293	3293	3293	3293	3293	3262	3293	3293	3293	3293	3324	3293	3293	3293	3293	3293	3293	3293	3293	3293	3293	3293	3324	3324	3324	3357	3324	3324	3324	0	3293	3324	3324	3324	3293	3293	3293	3293	3293	3293	3293	3293	3293	3293	3293	3293	3231	3262	3293	3262	3262	3262	3293	3262	3293	3262	3293	3293	3293	3293	3293	3293	3293	3293	3293	3262	3262	3262	3293	3293	3293	0	0	0	0	0	0	0	0	0	0	0	0	0	0	0	0	0	0	0	0	0	0	0	0	0	0	0	0	2120	2095	2095	2095	2082	2082	2082	2082	2082	2082	2082	2082	2082	2082	2082	2095	2095	2107	2120	2120	2120	2120	2120	2107	2107	2120	2120	2120	2120	2120	2120	2120	2107	2107	2107	2107	2107	2095	2107	2120	2082	2107	0	0	0	0	0	0	0	0	1422	1422	1422	1416	1416	1416	1410	0	0	0	0	0	0	0	0	0	0	0	0	0	0	0	0	0	0	0	0	0	0	0	0	0	0	0	0	868	868	866	863	866	859	859	857	853	851	844	842	840	840	840	840	840	840	840	840	840	840	838	838	838	838	840	840	840	840	842	0	0	0	0	946	840	941	824	851	851	851	849	849	849	846	846	844	844	842	842	840	840	840	840	836	836	836	836	836	836	836	836	836	836	836	834	834	834	832	832	832	832	830	830	830	830	828	828	828	828	828	828	828	828	828	830	830	830	830	830	830	830	830	832	834	836	838	838	838	840	840	840	840	840	840	840	842	842	844	844	0	0	0	0	0	0	0	0	0	0	0	0	0	0	0	0	0	0	0	0	0	0	0	0	0	0	0	0	0	0	0	0	0	0	0	0	0	0	0	0	0	0	0	0	0	0	0	0	0	0	0	0	0	0	0	0	0	0	0	0	0	0	0	0	0	0	0	0	0	0	0	0	0	0	0	0	0	0	0	0	0	0	0	0	0	0	0	0	0	0	0	0	0	0	0	0	0	0	0	0	0	0	0	0	0	0	0	0	0	0	0	0	0	0	0	0	0	0	0	0	0	0	0	0	0	0	0	0	0	0	0	0	0	0	0	0	0	0	0	0	0	0	0	0	0	0	0	0	0	0	0	0	0	0	0	0	0	0	0	0	0	0	0	0	0	0	0	0	0	0	0	0	0	0	0	0	0	0	0	0	0	0	0	0	0	
0	0	0	0	0	0	0	0	0	0	0	0	0	0	0	0	0	0	0	0	0	0	0	0	0	0	0	0	0	0	0	0	0	0	0	0	0	1809	1809	1809	1819	1838	1838	1848	1858	1858	1868	1888	1920	1920	1931	1941	1941	1952	1952	1964	1975	1986	2009	2021	2021	2045	2057	2069	2069	2069	2082	2107	2133	2160	2160	2160	2160	2160	2160	3231	3201	3293	0	0	3293	0	0	0	0	0	0	0	0	0	0	0	0	0	0	0	0	0	0	3231	3262	3262	3262	3293	3262	3231	3231	3231	3231	0	0	0	0	0	0	0	0	0	0	0	0	0	0	0	0	0	0	0	0	0	3293	3262	3293	3293	3293	3293	3293	3293	3293	3324	3324	3293	3231	3231	3231	3201	3201	3201	3231	3231	3231	3231	3231	3262	3262	3172	3201	3201	0	3231	3231	3231	3231	3262	3231	3231	3231	3231	3262	3262	3293	3262	3262	3262	3262	3293	3262	3262	3293	3293	3293	3293	3293	3293	3324	3324	3293	3293	3293	0	3231	3262	3293	3293	3262	3262	3262	3262	3262	3262	3262	3262	3262	3262	3262	3262	3201	3201	3262	3172	3262	3262	3262	3262	3262	3231	3262	3262	3293	3262	3293	3293	3293	3293	3262	0	0	0	3231	3231	0	0	0	0	0	0	0	0	0	0	0	0	0	0	0	0	0	0	0	0	0	0	0	0	0	0	0	0	2160	2133	2107	2095	2095	2082	2082	2082	2082	2082	2082	2082	2082	2082	2082	2082	2095	2107	2107	2120	2120	2120	2120	2120	2120	2120	2120	2120	2120	2120	2120	2120	2107	2107	2107	2107	2107	2107	2107	2107	2107	2082	2082	0	0	0	0	0	0	0	1422	1422	1422	1422	1416	1416	1416	1416	1416	0	0	0	0	0	0	0	0	0	0	0	0	0	0	0	0	0	0	0	0	0	0	0	0	0	0	0	870	870	866	866	863	859	857	857	853	851	844	842	842	840	840	840	840	840	840	838	838	840	838	838	838	838	840	840	840	840	842	946	0	0	946	949	944	824	855	853	851	851	851	849	849	849	846	846	844	842	842	840	840	840	840	838	836	836	836	836	836	836	836	836	836	836	834	834	834	832	832	832	832	830	830	830	830	828	828	828	828	828	828	828	828	830	830	830	830	830	830	830	830	832	832	834	836	838	838	840	840	840	840	840	840	840	840	842	842	842	0	0	0	0	0	0	0	0	0	0	0	0	0	0	0	0	0	0	0	0	0	0	0	0	0	0	0	0	0	0	0	0	0	0	0	0	0	0	0	0	0	0	0	0	0	0	0	0	0	0	0	0	0	0	0	0	0	0	0	0	0	0	0	0	0	0	0	0	0	0	0	0	0	0	0	0	0	0	0	0	0	0	0	0	0	0	0	0	0	0	0	0	0	0	0	0	0	0	0	0	0	0	0	0	0	0	0	0	0	0	0	0	0	0	0	0	0	0	0	0	0	0	0	0	0	0	0	0	0	0	0	0	0	0	0	0	0	0	0	0	0	0	0	0	0	0	0	0	0	0	0	0	0	0	0	0	0	0	0	0	0	0	0	0	0	0	0	0	0	0	0	0	0	0	0	0	0	0	0	0	0	0	0	0	0	0	
0	0	0	0	0	0	0	0	0	0	0	0	0	0	0	0	0	0	0	0	0	0	0	0	0	0	0	0	0	0	0	0	0	0	0	0	0	1809	1809	1809	1819	1828	1828	1838	1848	1858	1878	1888	1909	1920	1920	1941	1941	1952	1964	1975	1986	1986	1998	2021	2021	2033	2057	2069	2069	2069	2082	2120	2133	2147	2160	2160	2160	2160	2187	3201	3201	3262	3231	3293	0	0	0	0	0	0	0	0	0	0	0	0	0	0	0	0	0	3231	3231	3231	3231	3231	3231	3231	3231	3231	3231	3231	0	0	0	0	0	0	0	0	0	0	0	0	0	0	0	0	0	0	0	0	0	3293	3231	3231	3231	3231	3262	3262	3262	3262	3231	3231	3231	3231	3231	3201	3201	3201	3201	3201	3201	3201	3201	3201	3231	3201	3201	3172	3201	3201	0	3231	3231	3231	3231	3231	3201	3201	3201	3231	3231	3231	3231	3231	3231	3262	3262	3262	3262	3262	3262	3262	3262	3262	3262	3262	3262	3293	3262	3201	3293	3201	3231	3231	3231	3262	3262	3231	3262	3262	3262	3262	3231	3231	3231	3231	3231	3231	3201	3201	3201	3172	3201	3201	3231	3231	3231	3231	3231	3231	3231	3201	3172	3172	3262	3172	3172	0	0	3262	3231	3231	0	0	0	0	0	0	0	0	0	0	0	0	0	0	0	0	0	0	0	0	0	0	0	0	0	0	0	2187	2187	2133	2120	2107	2107	2095	2082	2082	2082	2082	2095	2082	2082	2082	2082	2082	2082	2095	2107	2120	2120	2120	2120	2120	2120	2120	2120	2120	2120	2120	2120	2107	2107	2107	2107	2107	2107	2107	2107	2107	2120	2082	2082	0	0	0	0	0	0	0	1422	1422	1422	1422	1422	1422	1422	1416	1416	1416	0	0	0	0	0	0	0	0	0	0	0	0	0	0	0	0	0	0	0	0	0	0	0	0	0	0	874	872	870	866	863	859	859	857	855	853	844	844	842	840	840	840	840	840	840	840	840	840	838	838	838	838	840	840	840	941	946	946	0	0	0	949	944	826	855	855	853	851	851	849	849	849	844	844	844	842	842	840	840	840	840	836	836	836	836	836	836	836	836	836	836	834	834	834	834	832	832	832	830	830	830	830	828	828	828	828	828	828	828	828	828	830	830	830	830	830	830	830	830	832	832	836	836	838	838	840	840	840	838	840	840	840	840	840	842	842	842	842	0	0	0	0	0	0	0	0	0	0	0	0	0	0	0	0	0	0	0	0	0	0	0	0	0	0	0	0	0	0	0	0	0	0	0	0	0	0	0	0	0	0	0	0	0	0	0	0	0	0	0	0	0	0	0	0	0	0	0	0	0	0	0	0	0	0	0	0	0	0	0	0	0	0	0	0	0	0	0	0	0	0	0	0	0	0	0	0	0	0	0	0	0	0	0	0	0	0	0	0	0	0	0	0	0	0	0	0	0	0	0	0	0	0	0	0	0	0	0	0	0	0	0	0	0	0	0	0	0	0	0	0	0	0	0	0	0	0	0	0	0	0	0	0	0	0	0	0	0	0	0	0	0	0	0	0	0	0	0	0	0	0	0	0	0	0	0	0	0	0	0	0	0	0	0	0	0	0	0	0	0	0	0	0	
0	0	0	0	0	0	0	0	0	0	0	0	0	0	0	0	0	0	0	0	0	0	0	0	0	0	0	0	0	0	0	0	0	0	0	0	0	1809	1809	1809	1819	1828	1828	1848	1858	1858	1868	1888	1899	1909	1920	1941	1941	1952	1964	1975	1986	1986	1986	2009	2021	2033	2045	2057	2069	2069	2082	2120	2133	2160	2160	2160	2174	2187	2187	3231	3262	3262	3231	3231	3262	0	0	0	0	0	0	0	0	0	0	0	0	0	0	0	0	3201	3201	3231	3231	3231	3231	3231	3231	3231	3201	0	0	0	0	0	0	0	0	0	0	0	0	0	0	0	0	0	0	0	0	0	0	0	3201	3201	3201	3201	3201	3201	3201	3201	3201	3201	3201	3201	3201	3201	3201	3201	3201	3201	3201	3201	3201	3201	3201	3201	3172	3172	3201	3172	3231	3231	3231	3231	3231	3231	3201	3201	3201	3201	3201	3231	3231	3231	3231	3231	3262	3262	3231	3262	3231	3262	3231	3262	3201	3201	3201	3201	3231	3262	3201	3262	3231	3231	3201	3231	3201	3201	3201	3231	3231	3231	3201	3201	3201	3201	3201	3201	3172	3172	3172	3172	3172	3201	3201	3201	3201	3201	3231	3231	3201	3172	3172	3172	3172	3172	3172	3172	3201	3231	3201	3201	3201	0	0	0	0	0	0	0	0	0	0	0	0	0	0	0	0	0	0	0	0	0	0	0	0	0	0	2187	2174	2147	2133	2120	2120	2095	2082	2082	2082	2082	2082	2082	2082	2082	2082	2082	2082	2095	2107	2120	2120	2120	2120	2120	2120	2120	2120	2107	2107	2107	2107	2107	2107	2107	2107	2107	2107	2095	2107	2107	2082	2082	1404	0	0	0	0	0	0	0	1422	1422	1422	1422	1422	1416	1416	1416	1416	1422	0	0	0	0	0	0	0	0	0	0	0	0	0	0	0	0	0	0	0	0	0	0	0	0	0	886	877	872	872	866	863	859	857	857	855	853	846	844	842	840	840	840	840	840	840	838	838	838	838	838	838	838	840	840	840	941	946	946	946	0	946	949	944	832	834	855	855	853	853	851	851	849	846	844	844	842	842	840	840	840	840	836	836	836	836	836	836	836	836	836	836	836	834	834	832	832	830	830	830	828	828	828	828	828	828	828	828	828	828	828	830	830	830	830	830	830	830	830	830	832	832	836	836	838	838	840	838	838	838	838	838	838	838	840	842	842	842	842	0	0	0	0	0	0	0	0	0	0	0	0	0	0	0	0	0	0	0	0	0	0	0	0	0	0	0	0	0	0	0	0	0	0	0	0	0	0	0	0	0	0	0	0	0	0	0	0	0	0	0	0	0	0	0	0	0	0	0	0	0	0	0	0	0	0	0	0	0	0	0	0	0	0	0	0	0	0	0	0	0	0	0	0	0	0	0	0	0	0	0	0	0	0	0	0	0	0	0	0	0	0	0	0	0	0	0	0	0	0	0	0	0	0	0	0	0	0	0	0	0	0	0	0	0	0	0	0	0	0	0	0	0	0	0	0	0	0	0	0	0	0	0	0	0	0	0	0	0	0	0	0	0	0	0	0	0	0	0	0	0	0	0	0	0	0	0	0	0	0	0	0	0	0	0	0	0	0	0	0	0	0	0	0	
0	0	0	0	0	0	0	0	0	0	0	0	0	0	0	0	0	0	0	0	0	0	0	0	0	0	0	0	0	0	0	0	0	0	0	0	0	1809	1809	1809	1819	1828	1838	1848	1858	1858	1868	1888	1899	1909	1931	1941	1941	1964	1975	1975	1986	1986	1998	2021	2021	2033	2033	2057	2069	2069	2082	2120	2133	2160	2174	2174	2174	2187	3231	3231	3262	3262	3231	3231	3231	0	0	0	0	0	0	0	0	0	0	0	0	0	0	0	0	0	0	0	0	3172	3172	0	0	0	3201	3201	0	0	0	0	0	0	0	0	0	0	0	0	0	0	0	0	0	0	0	0	0	3201	3172	3172	3172	3172	3172	3143	3172	3143	3172	3172	3201	3201	3201	3201	3201	3201	3201	3172	3201	3201	3201	3201	3201	3172	3172	3172	3172	3201	3201	3201	3201	3201	3201	3201	3201	3201	3201	3201	3201	3201	3201	3201	3201	3231	3231	3201	3231	3231	3201	3231	3231	3231	3201	3201	3201	3201	3172	3172	3201	3201	3201	3201	3201	3201	3201	3172	3172	3172	3201	3201	3172	3172	3172	3172	3201	3201	3172	3172	3172	3172	3172	3201	3172	3172	3201	3172	3201	3201	3172	3143	3143	3143	3143	3143	3143	3143	3143	3172	3172	3172	3172	3172	0	0	0	0	0	0	0	0	0	0	0	0	0	0	0	0	0	0	0	0	0	0	0	0	0	2201	2187	2147	2147	2120	2120	2095	2082	2082	2082	2082	2082	2082	2082	2082	2082	2082	2082	2095	2107	2120	2120	2120	2120	2120	2120	2120	2120	2120	2107	2107	2107	2107	2107	2107	2107	2107	2107	2107	2107	2107	2107	2082	1404	0	0	0	0	0	0	0	1422	1422	1422	1422	1422	1416	1416	1416	1410	1422	0	0	0	0	0	0	0	0	0	0	0	0	0	0	0	0	0	0	0	0	0	0	0	0	0	883	874	874	870	861	863	861	857	857	855	853	846	844	842	842	840	840	840	840	840	838	838	838	838	838	838	838	838	840	941	941	946	946	949	0	0	949	946	836	836	857	855	855	853	853	851	849	846	844	844	842	842	840	840	840	840	836	836	836	836	836	836	836	836	836	836	836	834	832	832	830	830	830	830	828	828	828	828	828	828	828	828	828	828	828	830	830	830	830	830	830	830	830	830	832	834	836	836	838	838	838	838	838	838	838	838	838	838	840	840	842	840	840	0	0	0	0	0	0	0	0	0	0	0	0	0	0	0	0	0	0	0	0	0	0	0	0	0	0	0	0	0	0	0	0	0	0	0	0	0	0	0	0	0	0	0	0	0	0	0	0	0	0	0	0	0	0	0	0	0	0	0	0	0	0	0	0	0	0	0	0	0	0	0	0	0	0	0	0	0	0	0	0	0	0	0	0	0	0	0	0	0	0	0	0	0	0	0	0	0	0	0	0	0	0	0	0	0	0	0	0	0	0	0	0	0	0	0	0	0	0	0	0	0	0	0	0	0	0	0	0	0	0	0	0	0	0	0	0	0	0	0	0	0	0	0	0	0	0	0	0	0	0	0	0	0	0	0	0	0	0	0	0	0	0	0	0	0	0	0	0	0	0	0	0	0	0	0	0	0	0	0	0	0	0	0	0	
0	0	0	0	0	0	0	0	0	0	0	0	0	0	0	0	0	0	0	0	0	0	0	0	0	0	0	0	0	0	0	0	0	0	0	0	0	1809	1809	1809	1819	1828	1838	1848	1858	1868	1868	1888	1899	1909	1931	1941	1941	1952	1964	1975	1986	1986	1998	2021	2033	2033	2045	2045	2069	2069	2082	2120	2147	2160	2174	2174	2174	2174	3231	3231	3231	3172	3201	3201	3201	3143	0	0	0	0	0	0	0	0	0	0	0	0	0	0	0	0	0	0	0	0	0	0	0	0	0	0	3143	0	0	0	0	0	0	0	0	0	0	0	0	0	0	0	0	0	0	0	0	3172	3143	3143	3143	3143	3143	3115	3115	3115	3172	3172	3172	3172	3172	3172	3172	3172	3172	3172	3201	3201	3201	3201	3201	3172	3172	3172	3201	3201	3201	3201	3201	3201	3201	3201	3201	3172	3172	3201	3201	3172	3201	3201	3172	3201	3201	3201	3201	3201	3201	3201	3201	3201	3172	3172	3201	3201	3172	3231	3201	3201	3201	3201	3172	3201	3172	3143	3143	3143	3143	3143	3143	3143	3143	3143	3172	3172	3172	3143	3172	3172	3172	3143	3143	3172	3172	3172	3172	3172	3143	3115	3115	3115	3115	3115	3115	3115	3115	3115	3143	3143	3143	3172	0	0	0	0	0	0	0	0	0	0	0	0	0	0	0	0	0	0	0	0	0	0	0	0	0	2201	2187	2147	2133	2120	2120	2095	2082	2082	2082	2082	2082	2082	2082	2082	2082	2082	2095	2095	2107	2107	2120	2120	2120	2120	2107	2120	2107	2120	2107	2107	2107	2107	2107	2107	2107	2107	2107	2107	2107	2107	2107	2120	1404	0	0	0	0	0	0	0	1422	1422	1422	1422	1422	1416	1422	1416	1410	1428	0	0	0	0	0	0	0	0	0	0	0	0	0	0	0	0	0	0	0	0	0	0	0	0	0	0	874	874	868	866	863	861	857	857	855	853	846	844	842	842	842	840	840	840	840	840	840	838	838	840	838	838	840	840	838	944	946	946	949	0	949	949	949	834	857	857	857	857	855	855	851	851	846	844	844	842	842	840	840	840	840	836	836	836	836	836	836	836	836	836	836	836	834	834	832	830	830	830	830	828	828	828	828	828	828	828	828	828	828	830	830	830	830	830	830	830	830	830	830	832	832	836	836	838	838	838	838	838	838	838	838	838	838	840	840	842	840	840	840	0	0	0	0	0	0	0	0	0	0	0	0	0	0	0	0	0	0	0	0	0	0	0	0	0	0	0	0	0	0	0	0	0	0	0	0	0	0	0	0	0	0	0	0	0	0	0	0	0	0	0	0	0	0	0	0	0	0	0	0	0	0	0	0	0	0	0	0	0	0	0	0	0	0	0	0	0	0	0	0	0	0	0	0	0	0	0	0	0	0	0	0	0	0	0	0	0	0	0	0	0	0	0	0	0	0	0	0	0	0	0	0	0	0	0	0	0	0	0	0	0	0	0	0	0	0	0	0	0	0	0	0	0	0	0	0	0	0	0	0	0	0	0	0	0	0	0	0	0	0	0	0	0	0	0	0	0	0	0	0	0	0	0	0	0	0	0	0	0	0	0	0	0	0	0	0	0	0	0	0	0	0	0	
0	0	0	0	0	0	0	0	0	0	0	0	0	0	0	0	0	0	0	0	0	0	0	0	0	0	0	0	0	0	0	0	0	0	0	0	0	1809	1809	1809	1819	1828	1848	1858	1858	1868	1878	1888	1888	1899	1931	1941	1941	1952	1952	1975	1975	1986	1998	2021	2021	2033	2033	2045	2069	2069	2082	2095	2147	2160	2160	2174	2174	2174	2174	3201	3115	3143	3143	3172	3115	3143	0	0	0	0	0	0	0	0	0	0	0	3115	3087	0	0	0	3201	3115	0	0	0	0	0	0	0	0	3115	0	0	3115	3115	0	0	0	3143	3143	0	0	0	0	0	0	0	0	0	0	0	3143	3143	3143	3115	3115	3115	3115	3115	3115	3087	3172	3172	3172	3172	3172	3172	3172	3172	3172	3172	3172	3172	3172	3172	3172	3143	3172	3172	3201	3201	3201	3201	3201	3201	3201	3172	3172	3201	3172	3172	3172	0	0	3172	3172	3172	3172	3172	3172	3172	3172	3172	3143	3143	3143	3143	3172	3172	3201	3201	3201	0	3172	3143	3172	3143	3115	3115	3115	3115	3115	3143	3143	3143	3143	3143	3143	3143	3143	3143	3143	3143	3143	3143	3143	3143	3143	3115	3115	3087	3087	3087	3087	3087	3115	3087	3115	3087	3087	3143	3143	3143	3143	0	0	0	0	0	0	0	0	0	0	0	0	0	0	0	0	0	0	0	0	0	0	0	0	0	2187	2174	2147	2120	2107	2107	2082	2082	2082	2082	2082	2082	2082	2082	2082	2082	2082	2082	2095	2107	2107	2120	2120	2120	2120	2107	2120	2107	2107	2107	2107	2107	2107	2107	2107	2107	2107	2107	2107	2120	2107	2120	2095	1404	0	0	0	0	0	0	1416	1416	1422	1422	1422	1422	1416	1422	1416	1416	1422	0	0	0	0	0	0	0	0	0	0	0	0	0	0	0	0	0	0	0	0	0	0	0	0	0	0	877	874	868	866	863	863	859	857	855	853	849	844	842	842	842	840	840	840	840	840	840	838	840	840	840	840	840	840	941	941	941	941	0	944	944	944	949	861	859	859	857	857	855	855	853	851	846	846	844	844	842	840	840	840	840	836	836	836	836	836	836	836	836	836	836	834	834	832	830	830	830	830	828	828	828	828	828	828	828	828	828	828	830	830	830	830	830	830	830	830	830	830	830	832	832	834	836	838	838	838	838	838	838	838	838	838	838	838	840	840	840	840	840	0	0	0	0	0	0	0	0	0	0	0	0	0	0	0	0	0	0	0	0	0	0	0	0	0	0	0	0	0	0	0	0	0	0	0	0	0	0	0	0	0	0	0	0	0	0	0	0	0	0	0	0	0	0	0	0	0	0	0	0	0	0	0	0	0	0	0	0	0	0	0	0	0	0	0	0	0	0	0	0	0	0	0	0	0	0	0	0	0	0	0	0	0	0	0	0	0	0	0	0	0	0	0	0	0	0	0	0	0	0	0	0	0	0	0	0	0	0	0	0	0	0	0	0	0	0	0	0	0	0	0	0	0	0	0	0	0	0	0	0	0	0	0	0	0	0	0	0	0	0	0	0	0	0	0	0	0	0	0	0	0	0	0	0	0	0	0	0	0	0	0	0	0	0	0	0	0	0	0	0	0	0	0	
0	0	0	0	0	0	0	0	0	0	0	0	0	0	0	0	0	0	0	0	0	0	0	0	0	0	0	0	0	0	0	0	0	0	0	0	0	1809	1809	1809	1819	1828	1838	1858	1858	1868	1878	1878	1888	1899	1920	1941	1941	1952	1952	1964	1975	1986	2009	2021	2033	2033	2045	2057	2069	2069	2095	2107	2160	2160	2174	2174	2174	2174	2174	3143	3115	3115	3115	3115	3087	3115	3115	3115	0	0	0	0	0	0	0	0	0	3087	3087	3087	3087	3087	3087	3087	3115	3087	0	0	0	0	0	0	3115	3115	3143	3143	3115	3143	0	3115	3115	3115	3115	0	0	0	0	0	0	0	0	3115	3143	3115	3115	3115	3087	3115	3087	3087	3087	3087	3059	3059	3143	3143	3143	3143	3143	3143	3143	3115	3115	3115	3115	3115	3033	3172	3115	3143	3087	3172	3172	3172	3172	3172	3172	3172	3172	0	0	0	0	0	0	0	0	3172	3143	3143	3143	3143	3115	3143	3143	3115	3115	3143	3143	3172	0	0	0	0	0	0	3115	3115	3087	3087	3087	3087	3087	3087	3115	3115	3115	3115	3143	3143	3115	3115	3115	3115	3115	3115	3087	3115	3115	3087	3087	3087	3059	3087	3087	3087	3087	3087	3087	3087	3087	3087	3143	3115	3115	3143	0	0	0	0	0	0	0	0	0	0	0	0	0	0	0	0	0	0	0	0	0	0	0	0	0	2187	2160	2133	2120	2120	2107	2082	2082	2082	2082	2082	2082	2082	2082	2082	2082	2082	2082	2095	2107	2107	2120	2120	2120	2120	2120	2120	2107	2120	2120	2120	2107	2107	2107	2120	2107	2120	2120	2120	2120	2120	2120	2095	1422	0	0	0	0	0	0	1416	1416	1422	1422	1422	1422	1422	1422	1422	1410	0	0	0	0	0	0	0	0	0	0	0	0	0	0	0	0	0	0	0	0	0	0	0	0	890	888	888	881	872	872	866	863	863	859	857	855	853	849	846	844	846	844	842	842	842	840	840	840	840	840	840	840	840	840	941	941	941	944	944	0	944	944	944	838	863	861	861	859	857	857	855	853	851	849	846	844	844	842	842	840	840	840	836	836	836	836	838	836	836	838	836	836	834	834	832	832	830	830	830	828	828	828	828	828	828	828	828	828	828	830	830	830	830	830	830	830	830	830	830	830	830	832	834	836	836	838	838	838	838	838	838	838	838	838	838	840	840	840	840	840	0	0	0	0	0	0	0	0	0	0	0	0	0	0	0	0	0	0	0	0	0	0	0	0	0	0	0	0	0	0	0	0	0	0	0	0	0	0	0	0	0	0	0	0	0	0	0	0	0	0	0	0	0	0	0	0	0	0	0	0	0	0	0	0	0	0	0	0	0	0	0	0	0	0	0	0	0	0	0	0	0	0	0	0	0	0	0	0	0	0	0	0	0	0	0	0	0	0	0	0	0	0	0	0	0	0	0	0	0	0	0	0	0	0	0	0	0	0	0	0	0	0	0	0	0	0	0	0	0	0	0	0	0	0	0	0	0	0	0	0	0	0	0	0	0	0	0	0	0	0	0	0	0	0	0	0	0	0	0	0	0	0	0	0	0	0	0	0	0	0	0	0	0	0	0	0	0	0	0	0	0	0	0	
0	0	0	0	0	0	0	0	0	0	0	0	0	0	0	0	0	0	0	0	0	0	0	0	0	0	0	0	0	0	0	0	0	0	0	0	0	1809	1809	1809	1819	1828	1838	1858	1858	1868	1878	1888	1888	1899	1920	1931	1941	1941	1952	1964	1975	1998	2009	2021	2033	2033	2045	2057	2069	2069	2082	2107	2147	2160	2174	2174	2174	2174	3143	3115	3115	3115	3115	3115	3087	3115	3115	3115	3115	3087	0	0	0	0	0	0	0	3087	3087	3087	3087	3087	3115	3115	3115	3087	3087	3059	0	0	3115	3087	3087	3087	3115	3115	3087	0	0	0	0	3087	0	0	0	0	0	0	0	0	0	3115	3115	3087	3087	3087	3059	3059	3059	3059	3059	3059	3059	3087	3087	3115	3115	3115	3087	3087	3087	3059	3059	3059	3059	3059	3033	3143	3143	3087	3087	3059	3143	3143	3143	3087	3087	3143	0	0	0	0	0	0	0	0	0	0	3115	3115	3115	3115	3087	3115	3087	3087	3087	3115	3115	3087	0	3143	0	0	0	0	3087	3087	3059	3059	3059	3059	3059	3087	3087	3115	3087	3115	3087	3115	3115	3087	3087	3087	3087	3115	3087	3059	3059	3059	3059	3059	3059	3059	3059	3059	3059	3059	3059	3059	3059	3059	3115	3087	3087	3087	0	0	0	0	0	0	0	0	0	0	0	0	0	0	0	0	0	0	0	0	0	0	0	0	0	0	2160	2133	2120	2120	2107	2082	2082	2082	2082	2082	2082	2082	2082	2082	2082	2082	2082	2095	2095	2107	2107	2107	2120	2120	2120	2120	2107	2120	2120	2120	2107	2107	2107	2107	2107	2107	2107	2107	2107	2095	2095	2082	1422	0	0	0	0	0	0	1416	1416	1422	1422	1422	1422	1422	1422	1422	1422	1416	0	0	0	0	0	0	0	0	0	0	0	0	0	0	0	0	0	0	0	0	0	0	0	0	0	881	874	872	868	868	866	863	859	857	855	855	851	849	846	846	844	842	842	842	842	842	840	840	840	840	840	840	840	939	941	939	941	941	0	944	944	944	838	863	861	861	859	859	857	855	853	851	849	846	844	844	842	842	840	840	840	838	836	838	838	838	838	838	838	838	836	836	834	832	830	830	830	830	828	828	828	828	828	828	828	828	828	828	830	830	830	830	830	830	830	830	830	830	830	830	832	834	836	836	836	838	836	838	836	838	838	838	838	838	840	842	840	840	840	0	0	0	0	0	0	0	0	0	0	0	0	0	0	0	0	0	0	0	0	0	0	0	0	0	0	0	0	0	0	0	0	0	0	0	0	0	0	0	0	0	0	0	0	0	0	0	0	0	0	0	0	0	0	0	0	0	0	0	0	0	0	0	0	0	0	0	0	0	0	0	0	0	0	0	0	0	0	0	0	0	0	0	0	0	0	0	0	0	0	0	0	0	0	0	0	0	0	0	0	0	0	0	0	0	0	0	0	0	0	0	0	0	0	0	0	0	0	0	0	0	0	0	0	0	0	0	0	0	0	0	0	0	0	0	0	0	0	0	0	0	0	0	0	0	0	0	0	0	0	0	0	0	0	0	0	0	0	0	0	0	0	0	0	0	0	0	0	0	0	0	0	0	0	0	0	0	0	0	0	0	0	0	
0	0	0	0	0	0	0	0	0	0	0	0	0	0	0	0	0	0	0	0	0	0	0	0	0	0	0	0	0	0	0	0	0	0	0	0	0	1809	1809	1819	1828	1838	1848	1858	1858	1868	1878	1888	1888	1909	1920	1931	1931	1941	1941	1964	1986	1998	2009	2009	2021	2033	2045	2057	2069	2069	2069	2095	2160	2160	2174	2174	2174	2174	2174	3115	3115	3087	3087	3087	3087	3059	3059	3059	3059	3059	3033	3006	3033	3033	0	0	3115	3087	3087	3087	3087	3087	3087	3059	3087	3087	3059	3059	3033	3033	3059	3087	3087	3087	3087	3087	3087	0	0	0	0	0	0	0	0	0	0	0	0	0	3087	3087	3115	3059	3059	3059	3059	3059	3059	3033	3033	3033	3033	3059	3059	3059	3059	3087	3059	3059	3059	3059	3059	3059	3059	3059	3033	3059	3087	0	3059	3059	3087	3087	3087	3087	3087	3059	3059	0	0	0	0	0	0	0	0	0	3115	3087	3087	3087	3087	3087	3087	3087	3087	3087	3059	3087	3059	3033	0	0	0	0	3059	3059	3059	3059	3059	3059	3059	3059	3059	3059	3059	3087	3087	3087	3087	3087	3087	3059	3059	3059	3059	3033	3033	3033	3033	3033	3059	3059	3059	3059	3059	3059	3059	3059	3033	3033	3059	3059	3059	3059	0	0	0	0	0	0	0	0	0	0	0	0	0	0	0	0	0	0	0	0	0	0	0	0	0	2160	2147	2133	2120	2120	2107	2082	2082	2082	2069	2069	2069	2082	2082	2082	2082	2082	2082	2095	2095	2107	2107	2107	2120	2120	2107	2107	2107	2107	2120	2107	2107	2107	2107	2107	2107	2107	2107	2095	2095	2095	2095	2095	1416	0	0	0	0	0	0	1416	1416	1422	1416	1416	1422	1422	1422	1422	1416	0	0	0	0	0	0	0	0	0	0	0	0	0	0	0	0	0	0	0	0	0	0	0	0	0	0	874	872	872	868	868	866	863	859	859	857	855	851	849	846	846	846	844	844	844	842	842	840	840	840	840	840	840	840	939	941	939	941	941	0	0	944	944	838	863	859	859	859	857	857	855	853	851	849	846	844	844	842	842	840	840	840	838	838	838	838	838	838	838	838	838	836	836	834	832	830	830	830	830	828	828	828	828	828	828	828	828	828	828	828	830	830	830	830	830	830	830	830	830	830	830	832	834	836	836	836	838	836	838	836	838	838	838	838	838	840	840	840	840	840	0	0	0	0	0	0	0	0	0	0	0	0	0	0	0	0	0	0	0	0	0	0	0	0	0	0	0	0	0	0	0	0	0	0	0	0	0	0	0	0	0	0	0	0	0	0	0	0	0	0	0	0	0	0	0	0	0	0	0	0	0	0	0	0	0	0	0	0	0	0	0	0	0	0	0	0	0	0	0	0	0	0	0	0	0	0	0	0	0	0	0	0	0	0	0	0	0	0	0	0	0	0	0	0	0	0	0	0	0	0	0	0	0	0	0	0	0	0	0	0	0	0	0	0	0	0	0	0	0	0	0	0	0	0	0	0	0	0	0	0	0	0	0	0	0	0	0	0	0	0	0	0	0	0	0	0	0	0	0	0	0	0	0	0	0	0	0	0	0	0	0	0	0	0	0	0	0	0	0	0	0	0	0	
0	0	0	0	0	0	0	0	0	0	0	0	0	0	0	0	0	0	0	0	0	0	0	0	0	0	0	0	0	0	0	0	0	0	0	0	0	1819	1819	1828	1838	1838	1848	1858	1858	1868	1878	1888	1899	1909	1920	1931	1931	1931	1941	1952	1975	2009	2009	2021	2021	2033	2045	2057	2069	2057	2069	2082	2160	2174	2174	2174	2174	2174	2174	3087	3087	3087	3087	3087	3087	3087	3033	3033	3006	3033	3006	3006	3033	3059	0	0	0	3087	3087	3087	3087	3087	3087	3087	3059	3059	3059	3033	3033	3033	3059	3059	3059	3059	3059	3033	0	0	0	0	0	0	0	0	0	0	0	0	3059	3059	3059	3059	3087	3033	3033	3033	3033	3033	3033	3033	3006	3033	3033	3033	3059	3059	3033	3059	3033	3033	3033	3033	3033	3006	3006	3006	3006	3033	3033	3033	3033	3006	3059	3059	3059	3087	3059	3059	3059	0	0	0	0	0	0	0	0	0	3087	3087	3087	3087	3087	3087	3059	3059	3059	3059	3059	3059	3006	3006	0	0	0	0	0	3033	3033	3033	3033	3033	3033	3059	3059	2955	2980	2980	3033	3033	3033	3033	3033	3033	3033	3059	3059	3033	3033	3033	3033	3006	3033	3033	3059	3059	3059	3059	3059	3033	3033	3033	3059	3033	3033	3033	3033	0	0	0	0	0	0	2930	2930	0	0	2955	2980	3006	0	3006	3006	2955	0	0	0	0	0	0	0	2160	2147	2133	2120	2120	2107	2082	2082	2082	2082	2082	2069	2082	2082	2082	2082	2082	2095	2095	2095	2107	2107	2107	2107	2107	2107	2107	2107	2107	2107	2107	2107	2107	2107	2107	2095	2095	2095	2095	2095	2095	2095	2082	0	0	0	0	0	0	0	1422	1422	1422	1422	1422	1422	1422	1422	1422	1422	1422	0	0	0	0	0	0	0	0	0	0	0	0	0	0	0	0	0	0	0	0	0	0	0	0	0	872	872	870	868	868	866	866	861	859	857	855	851	849	846	846	846	846	844	844	844	842	842	842	842	842	842	842	842	939	941	939	941	941	0	0	941	944	838	863	863	861	859	857	857	855	853	851	849	846	846	844	842	842	840	840	840	838	838	838	838	838	838	838	838	838	836	836	834	834	832	830	830	828	828	828	828	828	828	828	828	828	828	828	828	828	828	828	828	828	830	828	830	830	830	832	832	834	836	836	836	836	836	836	836	836	836	838	838	838	840	840	840	840	838	0	0	0	0	0	0	0	0	0	0	0	0	0	0	0	0	0	0	0	0	0	0	0	0	0	0	0	0	0	0	0	0	0	0	0	0	0	0	0	0	0	0	0	0	0	0	0	0	0	0	0	0	0	0	0	0	0	0	0	0	0	0	0	0	0	0	0	0	0	0	0	0	0	0	0	0	0	0	0	0	0	0	0	0	0	0	0	0	0	0	0	0	0	0	0	0	0	0	0	0	0	0	0	0	0	0	0	0	0	0	0	0	0	0	0	0	0	0	0	0	0	0	0	0	0	0	0	0	0	0	0	0	0	0	0	0	0	0	0	0	0	0	0	0	0	0	0	0	0	0	0	0	0	0	0	0	0	0	0	0	0	0	0	0	0	0	0	0	0	0	0	0	0	0	0	0	0	0	0	0	0	0	0	
0	0	0	0	0	0	0	0	0	0	0	0	0	0	0	0	0	0	0	0	0	0	0	0	0	0	0	0	0	0	0	0	0	0	0	0	0	1819	1819	1828	1838	1838	1848	1858	1858	1868	1878	1888	1899	1920	1920	1931	1931	1941	1941	1941	1964	2009	2009	2021	2021	2033	2045	2069	2069	2069	2069	2082	2160	2174	2174	2174	2174	2174	2174	3087	3087	3087	3087	3087	3059	3033	3006	3006	3006	2980	3006	3006	3006	3006	0	0	0	3087	3087	3087	3087	3087	3033	3033	3033	3033	3033	3006	3006	3006	3033	3006	3033	3006	3006	3006	3033	0	0	0	0	0	0	0	0	0	3006	0	3033	3006	3006	3033	3059	3059	3006	3033	3033	3006	3006	3006	3006	3006	3006	3006	3033	3033	3033	3033	3033	3033	3033	3006	3006	3006	3006	3006	3006	3006	2980	2980	3006	3006	3006	3033	3006	3033	3033	3033	3033	3006	0	0	0	0	0	0	0	0	3087	3087	3059	3059	3059	3059	3059	3059	3059	3033	3033	3033	3006	2980	2980	2980	0	3006	2980	3006	3006	3006	3006	3006	2980	3006	3006	3033	3006	2980	2980	3006	2980	2980	3006	2980	3006	3059	3033	3006	3006	3006	3006	2980	3033	3033	3033	3033	3033	3033	3033	3033	3033	3006	2980	3006	2980	3033	3033	0	0	0	0	2955	2955	2955	2930	2930	2955	2955	2955	2955	2980	3006	2980	2980	2955	0	0	0	0	0	0	2160	2147	2133	2120	2120	2107	2082	2082	2082	2082	2082	2082	2082	2082	2082	2082	2082	2095	2095	2107	2107	2107	2107	2107	2107	2107	2107	2107	2095	2107	2107	2107	2095	2095	2095	2095	2095	2095	2095	2095	2095	2095	2082	0	0	0	0	0	0	0	0	1422	1422	1422	1422	1422	1422	1422	1422	1422	1422	0	0	0	0	0	0	0	0	0	0	0	0	0	0	0	0	0	0	0	0	0	0	0	0	0	874	872	872	870	868	868	866	861	861	857	855	851	849	849	846	846	846	846	846	844	846	844	844	842	842	842	844	844	939	939	939	939	941	0	941	941	883	838	863	863	861	859	859	857	855	853	853	849	846	846	844	842	842	840	840	840	838	838	838	838	838	838	838	838	838	836	836	834	834	832	830	830	830	828	828	828	828	828	828	828	826	826	828	828	828	828	828	828	828	828	828	828	830	830	830	832	834	834	836	836	836	836	836	836	836	836	838	838	838	840	840	840	840	838	0	0	0	0	0	0	0	0	0	0	0	0	0	0	0	0	0	0	0	0	0	0	0	0	0	0	0	0	0	0	0	0	0	0	0	0	0	0	0	0	0	0	0	0	0	0	0	0	0	0	0	0	0	0	0	0	0	0	0	0	0	0	0	0	0	0	0	0	0	0	0	0	0	0	0	0	0	0	0	0	0	0	0	0	0	0	0	0	0	0	0	0	0	0	0	0	0	0	0	0	0	0	0	0	0	0	0	0	0	0	0	0	0	0	0	0	0	0	0	0	0	0	0	0	0	0	0	0	0	0	0	0	0	0	0	0	0	0	0	0	0	0	0	0	0	0	0	0	0	0	0	0	0	0	0	0	0	0	0	0	0	0	0	0	0	0	0	0	0	0	0	0	0	0	0	0	0	0	0	0	0	0	0	
0	0	0	0	0	0	0	0	0	0	0	0	0	0	0	0	0	0	0	0	0	0	0	0	0	0	0	0	0	0	0	0	0	0	0	0	0	1819	1819	1828	1828	1828	1838	1848	1858	1858	1878	1888	1899	1909	1920	1920	1931	1941	1941	1941	1964	1986	2009	2021	2021	2033	2045	2069	2069	2057	2069	2069	2147	2174	2174	2187	2174	2174	2174	3087	3087	3059	3059	3059	3033	3006	3006	2980	2980	2980	2980	3006	3006	2980	3033	0	0	3087	3033	3087	3087	3087	3033	3033	3033	3033	3033	3006	2980	2980	3006	3006	2980	2980	2980	3006	0	0	0	0	0	0	0	0	0	0	2980	3006	3006	2980	2980	3006	3006	3033	2980	3006	3006	3006	2980	3006	2980	2980	2955	2955	2980	2955	3033	3033	3006	3006	3006	3006	3006	3006	2980	3006	3006	3006	3006	3006	3006	2980	2980	3006	3006	3006	3006	3006	3006	3006	2980	2980	0	0	0	0	0	0	3059	3059	3059	3059	3059	3059	3059	3059	3059	3033	3033	3033	3033	2980	2980	2980	0	3006	3006	3006	2980	2980	2980	2980	2955	2980	2955	2955	2955	2980	2980	2980	2980	2980	2980	2980	2980	2980	3033	3006	3006	3006	3006	2980	2980	3006	3006	3033	3006	3006	3033	3006	3006	3006	2955	2955	2955	2980	2980	0	0	0	0	2955	2955	2930	2930	2930	2930	2930	2955	2955	2980	2980	2980	2955	2955	2955	2955	0	0	0	0	2160	2147	2133	2120	2120	2107	2095	2082	2082	2082	2082	2082	2082	2082	2082	2082	2082	2082	2095	2107	2107	2107	2107	2120	2107	2107	2107	2107	2095	2107	2107	2095	2095	2095	2095	2095	2095	2095	2095	2095	2095	2095	2082	0	0	0	0	0	0	0	0	1422	1422	1422	1422	1422	1422	1422	1422	1422	1422	0	0	0	0	0	0	0	0	0	0	0	0	0	0	0	0	0	0	0	0	0	0	0	0	0	874	872	870	870	868	868	866	863	861	857	855	853	851	849	846	846	846	846	846	846	846	844	846	844	844	844	846	846	936	936	939	939	941	0	941	941	881	838	863	863	861	859	859	857	855	853	851	849	846	846	846	844	842	842	840	840	838	838	838	838	838	838	838	838	838	836	836	836	834	832	832	830	830	828	828	828	828	828	828	828	828	828	828	828	828	828	830	828	828	828	828	828	830	830	830	832	832	834	836	836	836	836	836	836	836	836	838	838	838	838	840	838	838	0	0	0	0	0	0	0	0	0	0	0	0	0	0	0	0	0	0	0	0	0	0	0	0	0	0	0	0	0	0	0	0	0	0	0	0	0	0	0	0	0	0	0	0	0	0	0	0	0	0	0	0	0	0	0	0	0	0	0	0	0	0	0	0	0	0	0	0	0	0	0	0	0	0	0	0	0	0	0	0	0	0	0	0	0	0	0	0	0	0	0	0	0	0	0	0	0	0	0	0	0	0	0	0	0	0	0	0	0	0	0	0	0	0	0	0	0	0	0	0	0	0	0	0	0	0	0	0	0	0	0	0	0	0	0	0	0	0	0	0	0	0	0	0	0	0	0	0	0	0	0	0	0	0	0	0	0	0	0	0	0	0	0	0	0	0	0	0	0	0	0	0	0	0	0	0	0	0	0	0	0	0	0	0	
0	0	0	0	0	0	0	0	0	0	0	0	0	0	0	0	0	0	0	0	0	0	0	0	0	0	0	0	0	0	0	0	0	0	0	0	0	1809	1819	1828	1828	1828	1838	1848	1848	1858	1878	1888	1899	1920	1920	1920	1941	1941	1941	1941	1964	1986	2009	2021	2033	2033	2045	2069	2069	2057	2069	2082	2147	2160	2174	2187	2174	2174	2160	2215	3059	3059	3059	3006	3006	3006	3006	2980	2980	2980	2980	3006	3006	2980	2980	3006	3033	3033	3033	3033	3059	3033	3033	3006	3006	3006	3006	2980	2980	2980	2980	2980	2980	2955	2930	2930	3006	2980	2980	2980	2980	0	0	0	0	2905	2930	2980	2980	2955	2955	2980	3006	3006	2980	3006	3006	3006	2980	3006	2980	2980	2955	2955	2980	2955	2955	2980	2980	2980	2980	2980	2980	2980	2980	2980	2980	2980	2980	2980	2980	2980	2980	3006	2980	3006	2980	2980	2980	2980	2980	2980	2955	2980	2955	2955	2955	2980	3006	3006	3059	3059	3033	3059	3033	3033	3033	3006	3006	3006	3006	3006	2955	2980	2980	2980	3006	3006	2980	2980	2980	2980	2955	2980	2980	2955	2955	2955	2955	2955	2955	2955	2955	2955	2955	2955	2980	2955	2955	2980	2980	2980	2980	2955	2955	2955	2955	2955	2955	2955	2955	2955	2930	2930	2930	2930	2955	2955	2955	2955	2955	2955	2955	2930	2930	2930	2930	2930	2955	2930	2955	2955	2955	2955	2930	2930	2930	0	0	0	0	2147	2160	2133	2133	2120	2107	2095	2082	2082	2082	2082	2082	2082	2082	2082	2082	2082	2082	2095	2095	2095	2107	2107	2107	2107	2107	2107	2107	2095	2107	2095	2107	2095	2095	2095	2095	2095	2095	2082	2082	2082	2082	2082	1399	0	0	0	0	0	0	0	1422	1422	1422	1422	1422	1422	1422	1422	1422	1422	0	0	0	0	0	0	0	0	0	0	0	0	0	0	0	0	0	0	0	0	0	0	0	0	881	877	872	872	872	870	868	866	866	863	857	857	853	851	849	849	849	846	846	846	846	846	846	846	846	844	844	846	931	933	936	936	939	0	941	941	939	883	868	863	863	861	859	859	857	855	853	853	849	849	846	846	844	844	842	842	840	838	838	838	838	838	838	838	838	838	836	836	836	834	832	832	830	830	828	828	828	828	828	828	828	828	828	828	828	828	828	830	828	828	828	828	828	830	830	830	832	832	834	836	836	836	836	836	836	836	836	838	838	838	840	840	838	838	0	0	0	0	0	0	0	0	0	0	0	0	0	0	0	0	0	0	0	0	0	0	0	0	0	0	0	0	0	0	0	0	0	0	0	0	0	0	0	0	0	0	0	0	0	0	0	0	0	0	0	0	0	0	0	0	0	0	0	0	0	0	0	0	0	0	0	0	0	0	0	0	0	0	0	0	0	0	0	0	0	0	0	0	0	0	0	0	0	0	0	0	0	0	0	0	0	0	0	0	0	0	0	0	0	0	0	0	0	0	0	0	0	0	0	0	0	0	0	0	0	0	0	0	0	0	0	0	0	0	0	0	0	0	0	0	0	0	0	0	0	0	0	0	0	0	0	0	0	0	0	0	0	0	0	0	0	0	0	0	0	0	0	0	0	0	0	0	0	0	0	0	0	0	0	0	0	0	0	0	0	0	0	0	
0	0	0	0	0	0	0	0	0	0	0	0	0	0	0	0	0	0	0	0	0	0	0	0	0	0	0	0	0	0	0	0	0	0	0	0	0	1819	1828	1828	1828	1828	1828	1848	1848	1858	1868	1888	1899	1920	1920	1920	1941	1941	1941	1941	1952	1986	2009	2021	2033	2033	2045	2057	2069	2057	2057	2069	2147	2160	2174	2174	2174	2160	2160	2174	2930	2980	2980	2955	2955	2955	2980	2980	2980	2980	2980	2980	2980	2980	2980	3006	3006	3006	3006	3006	3033	3006	3006	2980	3006	3006	3006	2980	2980	2955	2980	2955	2955	2930	2930	2930	2905	2955	2980	2980	2980	0	0	0	0	2905	2955	2980	2955	2955	2955	2955	2980	2980	2955	2980	2980	2980	2955	2955	2955	2955	2955	2955	2905	2930	2930	2955	2955	2955	2955	2980	2980	2980	2980	2980	2980	2980	2955	2955	2980	2955	2980	2980	2980	2980	2980	2980	2980	2980	2955	2955	2955	2955	2930	2930	2930	2930	3006	3006	3006	3033	3006	3033	3006	3006	3006	3006	2980	2980	2980	2980	2980	2980	2955	2980	2980	2980	2955	2955	2955	2955	2930	2955	2955	2930	2930	2930	2930	2930	2905	2905	2905	2930	2930	2930	2930	2930	2930	2930	2834	2955	2955	2955	2955	2955	2930	0	2930	2930	2930	2930	2930	2930	2905	2905	2930	2930	2955	2930	2930	2955	2930	2930	2930	2930	2930	2930	2930	2930	2930	2930	2955	2930	2930	2930	2930	0	0	0	0	2147	2160	2133	2133	2120	2107	2095	2082	2082	2082	2082	2082	2082	2082	2082	2082	2082	2082	2095	2095	2095	2107	2107	2107	2107	2107	2095	2107	2095	2095	2095	2095	2095	2095	2095	2095	2095	2095	2082	2082	2082	2082	2069	1399	0	0	0	0	0	0	0	1422	1422	1422	1422	1422	1422	1422	1422	1428	1422	0	0	0	0	0	0	0	0	0	0	0	0	0	0	0	0	0	0	0	0	0	0	0	0	0	881	874	872	872	870	870	868	866	863	859	857	853	853	851	849	849	849	849	846	846	846	846	846	846	846	846	846	928	931	933	933	939	939	939	936	877	874	868	866	866	863	859	859	857	855	853	853	849	849	846	846	846	844	842	842	842	840	840	840	838	838	838	838	838	838	836	836	836	834	834	832	830	830	828	828	828	828	828	828	828	828	828	828	828	830	828	830	830	828	828	828	828	830	830	830	832	832	834	836	836	836	836	836	836	836	838	838	838	838	840	840	838	838	838	0	0	0	0	0	0	0	0	0	0	0	0	0	0	0	0	0	0	0	0	0	0	0	0	0	0	0	0	0	0	0	0	0	0	0	0	0	0	0	0	0	0	0	0	0	0	0	0	0	0	0	0	0	0	0	0	0	0	0	0	0	0	0	0	0	0	0	0	0	0	0	0	0	0	0	0	0	0	0	0	0	0	0	0	0	0	0	0	0	0	0	0	0	0	0	0	0	0	0	0	0	0	0	0	0	0	0	0	0	0	0	0	0	0	0	0	0	0	0	0	0	0	0	0	0	0	0	0	0	0	0	0	0	0	0	0	0	0	0	0	0	0	0	0	0	0	0	0	0	0	0	0	0	0	0	0	0	0	0	0	0	0	0	0	0	0	0	0	0	0	0	0	0	0	0	0	0	0	0	0	0	0	0	
0	0	0	0	0	0	0	0	0	0	0	0	0	0	0	0	0	0	0	0	0	0	0	0	0	0	0	0	0	0	0	0	0	0	0	0	0	1819	1819	1828	1828	1828	1828	1848	1848	1868	1878	1888	1899	1909	1920	1920	1941	1941	1941	1941	1952	1986	1986	2009	2021	2033	2033	2045	2057	2057	2057	2069	2133	2160	2174	2174	2174	2174	2174	2905	2930	2930	2930	2930	2930	2930	2955	2955	2955	2955	2980	2980	2980	2955	2955	2930	2980	2980	2980	2980	2905	2955	2905	2881	2881	2980	2980	2955	2980	2955	2955	2955	2955	2930	2930	2930	2905	2905	2905	2905	2905	2905	2905	2955	2930	2930	2955	2955	2955	2955	2955	2955	2955	2955	2930	2930	2930	2955	2930	2930	2905	2905	2905	2905	2905	2905	2905	2905	2905	2930	2955	2955	2955	2980	2955	2955	2955	2955	2955	2955	2955	2930	2955	2955	2955	2955	2955	2955	2955	2955	2955	2930	2955	2930	2930	2930	2905	2905	2881	2881	2930	2930	2955	2955	2955	2955	2955	2955	2955	2955	2955	2955	2955	2955	2955	2955	2955	2955	2930	2930	2930	2930	2930	2930	2930	2930	2930	2930	2905	2905	2905	2905	2881	2905	2905	2905	2905	2881	2905	2930	2930	2930	2930	0	0	0	0	0	2930	2930	2930	2930	2930	2930	2930	2930	2930	2930	2930	2930	2930	2930	2930	2930	2930	2905	2905	2905	2930	2905	2881	2881	2930	2905	2905	2905	0	0	0	0	0	0	2160	2133	2133	2120	2107	2095	2082	2082	2082	2082	2082	2082	2082	2082	2082	2082	2082	2095	2095	2095	2095	2107	2107	2107	2095	2107	2107	2095	2095	2095	2107	2107	2107	2107	2095	2095	2095	2082	2095	2082	2082	2069	2107	0	0	0	0	0	0	0	1422	1422	1422	1422	1422	1422	1422	1422	1428	1446	0	0	0	0	0	0	0	0	0	0	0	0	0	0	0	0	0	0	0	0	0	0	0	890	881	877	874	872	872	870	870	868	866	866	863	857	855	853	851	851	849	849	849	849	846	846	846	846	846	846	846	849	849	931	933	936	936	936	936	936	874	874	872	868	866	866	863	859	857	857	855	853	851	849	846	846	846	846	844	842	842	840	838	838	838	838	838	838	838	838	836	836	836	834	832	832	830	830	828	828	828	828	828	828	828	828	828	828	828	830	830	828	828	828	828	828	828	830	830	830	832	832	834	836	836	836	836	836	836	836	838	838	838	838	838	840	838	838	838	0	0	0	0	0	0	0	0	0	0	0	0	0	0	0	0	0	0	0	0	0	0	0	0	0	0	0	0	0	0	0	0	0	0	0	0	0	0	0	0	0	0	0	0	0	0	0	0	0	0	0	0	0	0	0	0	0	0	0	0	0	0	0	0	0	0	0	0	0	0	0	0	0	0	0	0	0	0	0	0	0	0	0	0	0	0	0	0	0	0	0	0	0	0	0	0	0	0	0	0	0	0	0	0	0	0	0	0	0	0	0	0	0	0	0	0	0	0	0	0	0	0	0	0	0	0	0	0	0	0	0	0	0	0	0	0	0	0	0	0	0	0	0	0	0	0	0	0	0	0	0	0	0	0	0	0	0	0	0	0	0	0	0	0	0	0	0	0	0	0	0	0	0	0	0	0	0	0	0	0	0	0	0	
0	0	0	0	0	0	0	0	0	0	0	0	0	0	0	0	0	0	0	0	0	0	0	0	0	0	0	0	0	0	0	0	0	0	0	0	0	1809	1819	1819	1819	1819	1828	1848	1848	1868	1878	1878	1899	1909	1920	1920	1941	1941	1941	1941	1952	1975	1986	2009	2033	2033	2045	2057	2069	2057	2069	2082	2120	2160	2174	2174	2174	2160	2160	2905	2905	2905	2905	2905	2905	2930	2930	2955	2955	2955	2980	2980	2955	2930	2930	2930	2930	2930	2905	2930	2955	2955	2955	2930	0	2881	2930	2955	2955	2955	2955	2955	2930	2930	2930	2905	2905	2905	2905	2905	2905	2881	2905	2905	2905	2905	2930	2955	2955	2955	2955	2955	2930	2955	2930	2905	2905	2905	2905	2881	2881	2881	2881	2881	2881	2881	2881	2881	2881	2881	2905	2881	2881	2881	2881	2905	2905	2905	2905	2905	2881	2881	2881	2881	2881	2881	2881	2881	2881	2930	2930	2930	2930	2930	2930	2905	2905	2905	2881	2905	2905	2905	2930	2930	2930	2955	2955	2955	2955	2930	2930	2930	2930	2930	2930	2930	2955	2955	2930	2930	2905	2905	2905	2905	2905	2905	2905	2905	2905	2905	2881	2881	2881	2905	2881	2881	2881	2881	2834	2834	2905	2905	2930	2905	2905	0	0	2857	2881	2857	2930	2930	2930	2905	2905	2905	2857	2930	2930	2905	2905	2905	2905	2930	2905	2905	2905	2905	2905	2905	2881	2881	2881	2881	2881	2881	0	0	0	0	0	0	2147	2133	2133	2120	2107	2095	2082	2082	2082	2082	2082	2082	2082	2082	2082	2082	2082	2095	2095	2082	2095	2107	2107	2107	2095	2095	2095	2095	2095	2095	2107	2107	2107	2107	2107	2095	2095	2082	2082	2082	2069	2069	2082	0	0	0	0	0	0	0	0	1422	1422	1422	1422	1422	1422	1422	1434	1452	0	0	0	0	0	0	0	0	0	0	0	0	0	0	0	0	0	0	0	0	0	0	0	890	890	883	883	874	872	870	870	868	868	863	866	859	857	855	853	853	851	851	851	849	849	849	849	849	849	846	846	849	849	931	931	933	933	936	936	931	874	872	870	868	866	866	863	861	859	857	855	853	851	849	849	846	846	846	844	842	842	842	838	838	838	838	838	838	838	838	836	836	834	834	832	830	830	830	828	828	828	828	828	828	828	828	828	828	828	830	828	828	828	828	828	828	828	830	830	832	832	834	834	836	836	836	836	836	836	836	838	838	838	838	838	838	838	838	836	0	0	0	0	0	0	0	0	0	0	0	0	0	0	0	0	0	0	0	0	0	0	0	0	0	0	0	0	0	0	0	0	0	0	0	0	0	0	0	0	0	0	0	0	0	0	0	0	0	0	0	0	0	0	0	0	0	0	0	0	0	0	0	0	0	0	0	0	0	0	0	0	0	0	0	0	0	0	0	0	0	0	0	0	0	0	0	0	0	0	0	0	0	0	0	0	0	0	0	0	0	0	0	0	0	0	0	0	0	0	0	0	0	0	0	0	0	0	0	0	0	0	0	0	0	0	0	0	0	0	0	0	0	0	0	0	0	0	0	0	0	0	0	0	0	0	0	0	0	0	0	0	0	0	0	0	0	0	0	0	0	0	0	0	0	0	0	0	0	0	0	0	0	0	0	0	0	0	0	0	0	0	0	
0	0	0	0	0	0	0	0	0	0	0	0	0	0	0	0	0	0	0	0	0	0	0	0	0	0	0	0	0	0	0	0	0	0	0	0	0	1809	1819	1819	1819	1819	1819	1838	1848	1868	1878	1878	1899	1909	1920	1920	1941	1941	1941	1941	1952	1975	1986	2021	2033	2033	2045	2057	2069	2057	2069	2082	2120	2147	2160	2160	2160	2160	2881	2905	2905	2905	2905	2905	2905	2905	2905	2905	2905	2881	2930	2930	2930	2930	2930	2905	2930	2930	2930	2905	2905	2930	2905	2881	2881	2881	2881	2905	2905	2905	2930	2905	2930	2905	2905	2905	2881	2881	2905	2881	2881	2857	2881	2881	2881	2881	2905	0	0	2905	2930	2930	2905	2905	2905	2881	2881	2881	2881	2881	2857	2857	2857	2857	2857	2857	2857	2881	2881	2881	2881	2881	2881	2881	2857	2857	2881	2881	2881	2881	2881	2857	2857	2857	2857	2857	2857	2857	2857	2881	2905	2905	2905	2905	2905	2905	2905	2881	2881	2881	2881	2881	2881	2905	2905	2905	2930	2955	2930	2930	2930	2930	2930	2930	2930	2930	2930	2930	2905	2905	2905	2881	2905	2905	2881	2881	2881	2905	2881	2881	2881	2881	2881	2881	2857	2857	2834	2857	2834	2834	2834	2857	2857	2857	2857	2857	2881	2857	2881	2857	2857	2905	2905	2881	2881	2857	2857	2857	2881	2881	2857	2905	2905	2905	2905	2881	2881	2881	2881	2881	2857	2857	2857	2857	2857	2857	2857	0	0	0	0	2147	2147	2120	2120	2107	2107	2095	2082	2082	2082	2082	2082	2082	2082	2082	2082	2082	2082	2095	2095	2082	2095	2107	2120	2107	2095	2095	2095	2095	2095	2095	2107	2107	2107	2107	2107	2107	2095	2082	2095	2082	2069	2045	2095	0	0	0	0	0	0	0	0	1422	1422	1422	1422	1422	1422	1422	1452	0	0	0	0	0	0	0	0	0	0	0	0	0	0	0	0	0	0	0	0	0	0	0	892	890	886	886	886	877	874	872	872	868	868	863	866	863	857	857	855	853	853	853	851	851	849	849	849	849	849	849	849	849	849	926	931	931	931	933	933	928	874	872	870	868	866	866	866	863	861	857	855	853	851	849	849	849	846	846	844	844	842	842	840	840	840	840	840	838	838	838	838	836	834	834	832	830	830	830	828	828	828	828	828	828	828	828	828	830	830	830	830	830	830	828	828	828	830	830	830	832	832	834	836	836	836	836	836	836	836	838	838	838	838	838	838	838	838	836	836	0	0	0	0	0	0	0	0	0	0	0	0	0	0	0	0	0	0	0	0	0	0	0	0	0	0	0	0	0	0	0	0	0	0	0	0	0	0	0	0	0	0	0	0	0	0	0	0	0	0	0	0	0	0	0	0	0	0	0	0	0	0	0	0	0	0	0	0	0	0	0	0	0	0	0	0	0	0	0	0	0	0	0	0	0	0	0	0	0	0	0	0	0	0	0	0	0	0	0	0	0	0	0	0	0	0	0	0	0	0	0	0	0	0	0	0	0	0	0	0	0	0	0	0	0	0	0	0	0	0	0	0	0	0	0	0	0	0	0	0	0	0	0	0	0	0	0	0	0	0	0	0	0	0	0	0	0	0	0	0	0	0	0	0	0	0	0	0	0	0	0	0	0	0	0	0	0	0	0	0	0	0	0	
0	0	0	0	0	0	0	0	0	0	0	0	0	0	0	0	0	0	0	0	0	0	0	0	0	0	0	0	0	0	0	0	0	0	0	0	0	1809	1819	1819	1819	1819	1819	1838	1848	1868	1878	1878	1899	1909	1909	1920	1941	1952	1952	1952	1964	1986	1986	2021	2033	2033	2045	2057	2069	2057	2069	2082	2082	2147	2160	2160	2160	2160	2881	2857	2881	2881	2881	2881	2881	2881	2881	2905	2881	2881	2930	2881	2881	2881	2881	2881	2905	2905	2905	2905	2905	2881	2881	2881	2881	2857	2834	2857	2834	2834	2857	2834	2881	2881	2881	2881	2881	2881	2881	2881	2881	2881	2881	2857	0	0	0	0	0	0	2905	2905	2905	2905	2881	2881	2881	2881	2881	2881	2857	2857	2834	2857	2834	2857	2857	2857	2857	2857	2881	2881	2857	2857	2857	2857	2857	2857	2857	2857	2857	2834	2834	2834	2834	2834	2834	2857	2857	2881	2905	2905	2905	2881	2881	2881	2881	2881	2857	2857	2857	2857	2881	2881	2881	2905	2905	2930	2905	2905	2905	2881	2881	2881	2905	2881	2905	2905	2881	2881	2881	2857	2881	2857	2857	2857	2857	2857	2857	2857	2857	2857	2857	2857	2857	2857	2834	2834	2834	2834	2834	2834	2834	2857	2857	2857	2857	2857	2857	2857	2857	2857	2857	2857	2857	2857	2834	2857	2857	2857	2857	2834	2857	2857	2857	2857	2857	2857	2857	2857	2857	2834	2857	2857	2857	2857	2857	2857	2788	0	0	2147	2147	2120	2120	2120	2107	2095	2082	2082	2082	2082	2082	2082	2082	2082	2082	2082	2082	2095	2095	2095	2095	2107	2107	2107	2107	2107	2107	2107	2107	2107	2107	2107	2120	2120	2120	2107	2107	2095	2095	2082	2069	2033	2082	0	0	0	0	0	0	0	0	1416	1422	1422	1422	1422	1422	1422	1422	0	0	0	0	0	0	0	0	0	0	0	0	0	0	0	0	0	0	0	0	0	0	892	892	890	888	886	886	881	874	874	872	868	868	866	866	863	861	857	855	855	853	853	853	851	851	849	849	849	849	849	849	849	911	919	928	928	931	931	928	928	874	872	870	868	866	866	866	863	861	859	857	855	853	849	849	849	846	846	844	844	844	842	840	840	840	840	840	838	838	838	838	836	834	834	832	830	830	830	828	828	828	828	828	828	828	828	830	830	830	830	830	830	830	830	830	828	830	830	832	832	834	834	836	836	836	836	836	836	836	838	838	838	838	838	838	838	838	836	836	836	0	0	0	0	0	0	0	0	0	0	0	0	0	0	0	0	0	0	0	0	0	0	0	0	0	0	0	0	0	0	0	0	0	0	0	0	0	0	0	0	0	0	0	0	0	0	0	0	0	0	0	0	0	0	0	0	0	0	0	0	0	0	0	0	0	0	0	0	0	0	0	0	0	0	0	0	0	0	0	0	0	0	0	0	0	0	0	0	0	0	0	0	0	0	0	0	0	0	0	0	0	0	0	0	0	0	0	0	0	0	0	0	0	0	0	0	0	0	0	0	0	0	0	0	0	0	0	0	0	0	0	0	0	0	0	0	0	0	0	0	0	0	0	0	0	0	0	0	0	0	0	0	0	0	0	0	0	0	0	0	0	0	0	0	0	0	0	0	0	0	0	0	0	0	0	0	0	0	0	0	0	0	
0	0	0	0	0	0	0	0	0	0	0	0	0	0	0	0	0	0	0	0	0	0	0	0	0	0	0	0	0	0	0	0	0	0	0	0	0	1800	1809	1819	1819	1819	1819	1819	1848	1868	1878	1888	1899	1909	1909	1920	1941	1952	1952	1952	1964	1986	1986	2021	2033	2033	2045	2057	2069	2057	2069	2082	2095	2147	2160	2160	2160	2160	2857	2834	2857	2857	2857	2857	2881	2881	2857	2881	2857	2834	2834	2857	2857	2857	2857	2857	2857	2881	2881	2857	2857	2857	2857	2857	2834	2834	2834	2834	2834	2834	2834	2834	2857	2857	2881	2857	2857	2857	2881	2881	2881	2857	2857	0	0	0	0	0	0	2881	2881	0	2881	2881	2857	2857	2857	2857	2857	2857	2834	2834	2810	2810	2834	2834	2834	2857	2857	2857	2857	2857	2834	2834	2834	2834	2857	2857	2857	2857	2857	2834	2810	2810	2810	2810	2810	2834	2834	2834	2857	2881	2881	2881	2881	2881	2881	2881	2857	2857	2857	2857	2857	2881	2881	2905	2905	2930	2905	2881	2881	2881	2881	2881	2881	2881	2881	2881	2857	2857	2834	2834	2857	2834	2834	2834	2834	2834	2834	2834	2834	2834	2834	2834	2834	2834	2810	2810	2810	2810	2810	2810	2810	2834	2834	2834	2834	2834	2834	2834	2834	2834	2857	2857	2857	2857	2857	2857	2857	2857	2834	2834	2834	2834	2834	2834	2834	2834	2834	2834	2857	2834	2834	2834	2834	2857	2834	2834	2743	0	0	2147	2133	2120	2120	2107	2095	2082	2082	2082	2082	2082	2082	2082	2082	2082	2082	2082	2095	2095	2095	2095	2095	2107	2120	2107	2107	2107	2120	2120	2120	2120	2120	2120	2120	2120	2120	2120	2107	2107	2107	2095	2082	2069	2057	0	0	0	0	0	0	0	1416	1416	1422	1422	1422	1422	1422	1422	1428	0	0	0	0	0	0	0	0	0	0	0	0	0	0	0	0	0	0	0	0	0	0	895	892	888	888	888	888	883	879	877	872	868	866	866	863	863	861	857	857	855	855	855	853	853	853	853	851	849	851	849	849	907	909	916	926	926	928	928	926	928	874	872	872	868	868	866	866	863	861	859	857	855	853	851	849	849	846	846	846	844	844	842	840	840	840	840	840	838	838	838	838	836	834	834	832	830	830	830	828	828	828	828	828	828	828	828	830	830	830	830	830	830	830	830	830	830	830	830	832	832	834	834	836	836	836	836	836	836	836	836	838	838	838	838	838	838	838	836	836	0	0	0	0	0	0	0	0	0	0	0	0	0	0	0	0	0	0	0	0	0	0	0	0	0	0	0	0	0	0	0	0	0	0	0	0	0	0	0	0	0	0	0	0	0	0	0	0	0	0	0	0	0	0	0	0	0	0	0	0	0	0	0	0	0	0	0	0	0	0	0	0	0	0	0	0	0	0	0	0	0	0	0	0	0	0	0	0	0	0	0	0	0	0	0	0	0	0	0	0	0	0	0	0	0	0	0	0	0	0	0	0	0	0	0	0	0	0	0	0	0	0	0	0	0	0	0	0	0	0	0	0	0	0	0	0	0	0	0	0	0	0	0	0	0	0	0	0	0	0	0	0	0	0	0	0	0	0	0	0	0	0	0	0	0	0	0	0	0	0	0	0	0	0	0	0	0	0	0	0	0	0	0	
0	0	0	0	0	0	0	0	0	0	0	0	0	0	0	0	0	0	0	0	0	0	0	0	0	0	0	0	0	0	0	0	0	0	0	0	0	1809	1809	1819	1819	1819	1819	1828	1848	1868	1878	1888	1899	1909	1909	1920	1941	1952	1952	1952	1964	1986	1998	2021	2033	2033	2045	2057	2069	2057	2069	2082	2107	2147	2160	2160	2160	2160	2834	2834	2834	2834	2857	2834	2857	2857	2857	2834	2810	2834	2810	2881	2834	2834	2857	2834	2834	2834	2834	2722	2810	2810	2810	2810	2810	2810	2810	2810	2810	2810	2810	2810	2834	2834	2834	2834	2857	2834	2881	2857	2834	2834	2834	0	0	0	0	0	0	0	0	2834	2834	2857	2834	2834	2834	2810	2834	2834	2810	2810	2788	2810	2810	2810	2834	2834	2834	2834	2834	2834	2834	2810	2834	2834	2834	2834	2834	2834	2810	2810	2788	2788	2788	2810	2810	2810	2810	2810	2834	2857	2857	2857	2857	2857	2857	2857	2834	2834	2834	2834	2857	2857	2857	2881	2857	2857	2881	2857	2857	2857	2857	2857	2857	2857	2857	2857	2834	2834	2834	2810	2834	2834	2810	2810	2810	2810	2810	2834	2834	2834	2834	2834	2834	2834	2810	2810	2788	2788	2788	2810	2788	2834	2810	2834	2810	2810	2810	2810	2810	2810	2834	2834	2834	2834	2834	2834	2857	2857	2834	2810	2810	2810	2834	2810	2810	2834	2834	2834	2834	2834	2834	2834	2834	2834	2834	2765	2765	0	0	2133	2133	2120	2107	2095	2095	2082	2082	2082	2082	2082	2082	2082	2095	2082	2082	2082	2095	2095	2095	2095	2107	2120	2120	2107	2120	2120	2120	2120	2120	2120	2120	2120	2120	2120	2120	2120	2107	2107	2107	2095	2082	2082	2057	0	0	0	0	0	0	0	1422	1422	1422	1422	1422	1422	1422	1428	1428	1428	0	0	0	0	0	0	0	0	0	0	0	0	0	0	0	0	0	0	0	0	0	892	892	890	888	888	888	883	879	877	874	868	855	866	866	863	863	859	857	855	855	855	855	853	853	853	853	851	851	851	849	904	909	911	921	926	928	928	928	928	874	872	872	870	868	868	866	866	863	859	857	855	855	851	849	849	849	846	846	844	844	844	840	840	840	840	838	838	838	838	838	836	834	832	830	830	830	830	828	828	828	828	828	828	828	828	828	830	830	830	830	828	830	828	828	828	830	830	832	832	834	834	836	836	836	836	836	836	836	836	836	836	836	836	836	836	836	836	836	0	0	0	0	0	0	0	0	0	0	0	0	0	0	0	0	0	0	0	0	0	0	0	0	0	0	0	0	0	0	0	0	0	0	0	0	0	0	0	0	0	0	0	0	0	0	0	0	0	0	0	0	0	0	0	0	0	0	0	0	0	0	0	0	0	0	0	0	0	0	0	0	0	0	0	0	0	0	0	0	0	0	0	0	0	0	0	0	0	0	0	0	0	0	0	0	0	0	0	0	0	0	0	0	0	0	0	0	0	0	0	0	0	0	0	0	0	0	0	0	0	0	0	0	0	0	0	0	0	0	0	0	0	0	0	0	0	0	0	0	0	0	0	0	0	0	0	0	0	0	0	0	0	0	0	0	0	0	0	0	0	0	0	0	0	0	0	0	0	0	0	0	0	0	0	0	0	0	0	0	0	0	0	
0	0	0	0	0	0	0	0	0	0	0	0	0	0	0	0	0	0	0	0	0	0	0	0	0	0	0	0	0	0	0	0	0	0	0	0	0	1809	1809	1819	1819	1819	1819	1828	1848	1868	1878	1878	1888	1899	1909	1920	1952	1952	1952	1964	1975	1986	2009	2021	2033	2045	2057	2057	2069	2057	2069	2082	2120	2160	2160	2160	2160	2160	2810	2810	2810	2810	2834	2810	2834	2834	2810	2834	2834	2834	2810	0	2834	2810	2834	2810	2810	2810	2810	2722	2810	2810	2810	2810	2810	2810	2810	2810	2788	2788	2810	2810	2810	2834	2834	2834	2834	2834	2834	2834	2810	2810	0	0	0	0	0	0	0	0	2765	2810	2810	2810	2810	2810	2810	2810	2810	2810	2788	2810	2788	2788	2788	2788	2788	2810	2788	2788	2788	2788	2788	2810	2788	2834	2834	2834	2810	2810	2810	2788	2788	2788	2788	2788	2788	2788	2788	2810	2834	2834	2834	2834	2857	2857	2857	2834	2834	2810	2810	2788	2810	2788	2810	2810	2810	2810	2834	2834	2834	2834	2834	2834	2834	2834	2834	2857	2810	2810	2810	2810	2788	2810	2788	2788	2788	2788	2788	2810	2810	2810	2810	2810	2834	2834	2810	2788	2788	2788	2788	2788	2788	2810	2810	2810	2810	2810	2810	2810	2788	2788	2788	2834	2834	2810	2810	2810	2834	2834	2834	2788	2788	2788	2788	2788	2788	2788	2788	2788	2834	2810	2810	2810	2810	2788	2765	2765	2722	0	2147	2147	2133	2120	2120	2095	2095	2082	2082	2082	2082	2082	2082	2082	2095	2095	2082	2095	2095	2095	2107	2107	2107	2120	2120	2120	2120	2120	2120	2120	2120	2120	2120	2120	2120	2120	2120	2120	2107	2107	2107	2095	2082	2069	2095	0	0	0	0	0	0	1422	1422	1422	1422	1422	1422	1422	1422	1428	1434	1428	0	0	0	0	0	0	0	0	0	0	0	0	0	0	0	0	0	0	0	0	0	897	895	890	890	888	888	883	881	877	872	872	868	866	866	863	863	859	857	857	857	855	855	855	855	853	853	853	851	851	851	907	911	914	921	926	928	928	931	928	874	872	872	870	868	868	866	866	863	861	859	855	855	851	849	849	846	846	846	844	844	844	840	840	840	840	838	838	838	838	838	836	834	832	830	830	830	828	828	828	828	826	826	826	828	828	828	830	830	830	830	828	830	828	828	828	828	830	832	834	834	834	834	836	836	836	836	836	836	836	836	836	836	836	836	836	836	836	836	0	0	0	0	0	0	0	0	0	0	0	0	0	0	0	0	0	0	0	0	0	0	0	0	0	0	0	0	0	0	0	0	0	0	0	0	0	0	0	0	0	0	0	0	0	0	0	0	0	0	0	0	0	0	0	0	0	0	0	0	0	0	0	0	0	0	0	0	0	0	0	0	0	0	0	0	0	0	0	0	0	0	0	0	0	0	0	0	0	0	0	0	0	0	0	0	0	0	0	0	0	0	0	0	0	0	0	0	0	0	0	0	0	0	0	0	0	0	0	0	0	0	0	0	0	0	0	0	0	0	0	0	0	0	0	0	0	0	0	0	0	0	0	0	0	0	0	0	0	0	0	0	0	0	0	0	0	0	0	0	0	0	0	0	0	0	0	0	0	0	0	0	0	0	0	0	0	0	0	0	0	0	0	
0	0	0	0	0	0	0	0	0	0	0	0	0	0	0	0	0	0	0	0	0	0	0	0	0	0	0	0	0	0	0	0	0	0	0	0	0	1800	1809	1809	1809	1819	1819	1828	1858	1868	1878	1878	1888	1899	1909	1920	1941	1952	1964	1964	1975	1986	2009	2021	2033	2045	2057	2057	2069	2069	2069	2082	2147	2160	2160	2160	2160	2160	2810	2810	2788	2810	2810	2810	2810	2810	2810	2810	2810	2810	2810	2810	2810	2788	2810	2788	2788	2788	2788	2788	2810	2788	2788	2810	2810	2810	2810	2788	2788	2788	2788	2788	2810	2810	2810	2810	2810	2788	2788	2788	2788	2788	2788	0	0	0	0	0	0	0	0	2765	2788	2810	2788	2810	2810	2810	2810	2788	2788	2788	2765	2765	2765	2765	2765	2788	2765	2788	2765	2788	2788	2788	2788	2788	2810	2834	2788	2788	2788	2765	2765	2765	2765	2765	2765	2765	2765	2788	2810	2810	2810	2810	2834	2834	2834	2810	2810	2788	2788	2788	2788	2788	2788	2788	2788	2788	2788	2788	2810	2788	2810	2810	2834	2810	2810	2834	2810	2810	2788	2788	2765	2765	2788	2788	2765	2788	2788	2788	2788	2788	2788	2788	2810	2810	2788	2788	2788	2765	2765	2765	2765	2788	2788	2788	2788	2788	2765	2765	2765	2765	2765	2765	2765	2788	2788	2765	2765	2765	2765	2765	2765	2765	2765	2765	2765	2765	2765	2765	2788	2788	2788	2765	2765	0	0	0	0	0	0	2147	2133	2120	2120	2107	2095	2082	2082	2082	2082	2082	2082	2082	2095	2095	2082	2095	2095	2107	2107	2107	2107	2120	2120	2120	2120	2120	2120	2120	2120	2120	2120	2120	2120	2120	2120	2120	2107	2107	2107	2107	2082	2069	2082	0	0	0	0	0	0	0	1422	1422	1422	1422	1422	1422	1422	1428	1434	1434	0	0	0	0	0	0	0	0	0	0	0	0	0	0	0	0	0	0	0	0	0	899	897	892	890	888	888	883	881	874	872	870	868	868	866	866	863	861	859	857	857	855	855	855	853	855	855	855	853	853	904	904	911	916	921	923	926	928	928	928	874	872	872	870	870	870	868	866	863	861	859	855	855	851	851	849	846	846	846	844	844	844	840	840	840	840	838	838	838	838	836	836	834	832	832	830	830	828	828	828	828	828	828	828	828	828	828	830	830	830	830	830	830	830	828	828	828	830	832	832	834	834	836	836	836	836	836	836	836	836	836	836	836	836	836	836	836	836	836	0	0	0	0	0	0	0	0	0	0	0	0	0	0	0	0	0	0	0	0	0	0	0	0	0	0	0	0	0	0	0	0	0	0	0	0	0	0	0	0	0	0	0	0	0	0	0	0	0	0	0	0	0	0	0	0	0	0	0	0	0	0	0	0	0	0	0	0	0	0	0	0	0	0	0	0	0	0	0	0	0	0	0	0	0	0	0	0	0	0	0	0	0	0	0	0	0	0	0	0	0	0	0	0	0	0	0	0	0	0	0	0	0	0	0	0	0	0	0	0	0	0	0	0	0	0	0	0	0	0	0	0	0	0	0	0	0	0	0	0	0	0	0	0	0	0	0	0	0	0	0	0	0	0	0	0	0	0	0	0	0	0	0	0	0	0	0	0	0	0	0	0	0	0	0	0	0	0	0	0	0	0	0	
0	0	0	0	0	0	0	0	0	0	0	0	0	0	0	0	0	0	0	0	0	0	0	0	0	0	0	0	0	0	0	0	0	0	0	0	0	1809	1809	1809	1809	1819	1828	1828	1858	1878	1878	1878	1888	1899	1899	1920	1931	1952	1964	1964	1975	1986	1998	2021	2033	2045	2045	2057	2069	2069	2069	2095	2147	2160	2160	2160	2160	2160	2788	2788	2788	2788	2788	2788	2788	2788	2788	2788	2810	2788	2788	2788	2788	2788	2788	2788	2765	2788	2788	2765	2788	2765	2743	2743	2743	2765	2765	2765	2765	2765	2788	2788	2788	2810	2788	2788	2788	2788	2743	2743	2743	2722	2765	0	0	2743	2743	2743	2743	0	2765	2765	2788	2788	2788	2810	2788	2788	2788	2765	2765	2765	2765	2743	2743	2765	2765	2765	2765	2765	2765	2765	2765	2765	2765	2788	2788	2788	2788	2788	2788	2765	2765	2765	2765	2765	2743	2743	2765	2765	2788	2788	2788	2788	2810	2788	2788	2788	2788	2788	2765	2765	2788	2765	2788	2765	2765	2765	2765	2765	2788	2788	2788	2788	2788	2788	2765	2765	2743	2743	2722	2743	2743	2722	2743	2743	2743	2765	2743	2765	2743	2743	2743	2743	2722	2743	2743	2743	2743	2743	2743	2743	2743	2765	2765	2765	2765	2765	2765	2765	2743	2743	2765	2765	2765	2765	2765	2765	2765	2765	2765	2765	2765	2765	2765	2765	2743	2743	2743	2743	2743	2743	2743	2743	2743	0	0	0	0	0	2160	2147	2133	2120	2120	2107	2095	2082	2082	2082	2082	2082	2082	2082	2095	2095	2082	2095	2095	2095	2107	2107	2107	2120	2107	2107	2120	2120	2107	2120	2120	2120	2120	2120	2120	2120	2120	2120	2107	2107	2107	2107	2095	2082	2082	0	0	0	0	0	0	1422	1422	1422	1422	1422	1422	1422	1422	1428	1434	1428	0	0	0	0	0	0	0	0	0	0	0	0	0	0	0	0	0	0	0	0	0	897	895	895	892	892	888	883	881	874	872	872	870	868	868	866	866	861	859	857	857	857	855	855	855	855	855	855	853	853	851	904	909	914	921	923	926	928	931	931	874	874	872	870	870	870	868	866	863	861	859	857	855	851	851	849	846	846	846	844	844	844	842	842	842	840	840	838	838	838	836	836	834	834	832	830	830	830	828	828	828	828	828	828	828	828	830	830	830	830	830	830	830	830	828	828	828	830	832	832	834	834	834	836	836	836	834	834	834	834	836	834	836	836	836	836	836	836	836	0	0	0	0	0	0	0	0	0	0	0	0	0	0	0	0	0	0	0	0	0	0	0	0	0	0	0	0	0	0	0	0	0	0	0	0	0	0	0	0	0	0	0	0	0	0	0	0	0	0	0	0	0	0	0	0	0	0	0	0	0	0	0	0	0	0	0	0	0	0	0	0	0	0	0	0	0	0	0	0	0	0	0	0	0	0	0	0	0	0	0	0	0	0	0	0	0	0	0	0	0	0	0	0	0	0	0	0	0	0	0	0	0	0	0	0	0	0	0	0	0	0	0	0	0	0	0	0	0	0	0	0	0	0	0	0	0	0	0	0	0	0	0	0	0	0	0	0	0	0	0	0	0	0	0	0	0	0	0	0	0	0	0	0	0	0	0	0	0	0	0	0	0	0	0	0	0	0	0	0	0	0	0	
0	0	0	0	0	0	0	0	0	0	0	0	0	0	0	0	0	0	0	0	0	0	0	0	0	0	0	0	0	0	0	0	0	0	0	0	0	1819	1809	1809	1809	1819	1828	1838	1858	1878	1878	1888	1888	1899	1909	1920	1941	1952	1952	1964	1975	1986	1986	2021	2033	2033	2045	2057	2057	2057	2069	2082	2147	2160	2160	2160	2160	2160	2788	2788	2788	2788	2788	2788	2788	2788	2788	2788	2788	2788	2765	2788	2788	2765	2765	2765	2765	2765	2765	2743	2743	2722	2722	2722	2722	2722	2722	2722	2743	2743	2765	2765	2788	2788	2788	2788	2743	2743	2743	2722	2722	2722	2765	0	2743	2722	2722	2743	2722	2722	2743	2743	2765	2788	2765	2788	2788	2788	2788	2765	2743	2743	2743	2743	2743	2743	2743	2765	2743	2743	2743	2743	2788	2765	2765	2765	2765	2765	2765	2765	2765	2743	2743	2743	2743	2765	2743	2743	2765	2765	2765	2743	2743	2765	2743	2722	2743	2743	2743	2743	2743	2743	2743	2743	2743	2743	2743	2722	2743	2743	2765	2765	2765	2765	2765	2765	2765	2743	2722	2722	2722	2722	2722	2722	2722	2743	2743	2743	2743	2743	2743	2743	2722	2722	2701	2701	2701	2701	2722	2701	2722	2722	2743	2743	2743	2743	2765	2765	2743	2743	2743	2743	2743	2765	2743	2765	2765	2743	2743	2743	2743	2765	2743	2743	2743	2743	2743	2722	2722	2722	2722	2722	2701	2701	2701	0	0	0	0	0	2160	2147	2133	2120	2120	2107	2095	2095	2082	2082	2082	2082	2082	2082	2095	2095	2095	2095	2095	2095	2107	2107	2107	2107	2107	2107	2120	2120	2107	2120	2120	2120	2120	2120	2120	2120	2120	2120	2107	2107	2107	2107	2095	2095	2095	0	0	0	0	0	0	0	1422	1422	1422	1422	1422	1422	1428	1428	1434	1434	1446	0	0	0	0	0	0	0	0	0	0	0	0	0	0	0	0	0	0	0	0	897	895	892	892	890	890	883	881	879	874	872	870	868	868	866	866	861	861	859	857	857	855	855	855	855	855	855	853	853	899	902	895	902	921	926	928	928	928	877	877	874	874	870	870	870	868	866	863	861	859	857	855	853	851	849	849	846	846	846	846	844	842	842	842	842	838	838	840	838	836	836	834	834	832	830	830	830	828	828	828	828	828	828	828	828	830	830	830	830	830	830	830	830	830	830	830	830	830	832	832	832	832	834	834	834	834	834	834	834	834	834	834	834	836	836	836	836	836	0	0	0	0	0	0	0	0	0	0	0	0	0	0	0	0	0	0	0	0	0	0	0	0	0	0	0	0	0	0	0	0	0	0	0	0	0	0	0	0	0	0	0	0	0	0	0	0	0	0	0	0	0	0	0	0	0	0	0	0	0	0	0	0	0	0	0	0	0	0	0	0	0	0	0	0	0	0	0	0	0	0	0	0	0	0	0	0	0	0	0	0	0	0	0	0	0	0	0	0	0	0	0	0	0	0	0	0	0	0	0	0	0	0	0	0	0	0	0	0	0	0	0	0	0	0	0	0	0	0	0	0	0	0	0	0	0	0	0	0	0	0	0	0	0	0	0	0	0	0	0	0	0	0	0	0	0	0	0	0	0	0	0	0	0	0	0	0	0	0	0	0	0	0	0	0	0	0	0	0	0	0	0	
0	0	0	0	0	0	0	0	0	0	0	0	0	0	0	0	0	0	0	0	0	0	0	0	0	0	0	0	0	0	0	0	0	0	0	0	0	1809	1809	1809	1819	1819	1828	1838	1868	1878	1878	1888	1888	1899	1920	1931	1941	1952	1952	1964	1975	1986	2009	2021	2033	2033	2033	2045	2057	2057	2069	2107	2147	2160	2160	2160	2160	2160	2765	2765	2765	2765	2788	2788	2765	2765	2765	2765	2765	2788	2765	2765	2765	2765	2765	2765	2765	2765	2765	2722	2722	2722	2722	2722	2722	2722	2722	2722	2722	2722	2722	2743	2743	2743	2743	2722	2743	2743	2743	0	2722	2722	2765	2743	2743	2722	2722	2743	2722	2722	2722	2743	2765	2765	2743	2765	2765	2765	2765	2765	2701	2701	2722	2722	2701	2701	2701	2722	2701	2722	2701	2701	2722	2701	2722	2722	2743	2743	2743	2722	2722	2722	2722	2701	2701	2701	2701	2701	2722	2722	2722	2722	2722	2743	2743	2722	2722	2722	2743	2743	2722	2743	2722	2722	2722	2722	2722	2701	2722	2722	2743	2743	2743	2743	2743	2743	2743	2701	2701	2701	2680	2701	2680	2680	2701	2701	2722	2722	2701	2722	2722	2722	2722	2701	2680	2680	2680	2680	2701	2701	2701	2701	2722	2743	2743	2743	2743	2743	2743	2743	2722	2722	2743	2743	2743	2743	2743	2743	2743	2743	2722	2722	2743	2743	2743	2743	2722	2701	2701	2701	2680	2701	2680	2701	2680	2680	0	0	0	0	2147	2147	2133	2120	2120	2107	2107	2095	2082	2082	2082	2082	2082	2082	2082	2082	2082	2095	2095	2095	2095	2095	2107	2107	2107	2107	2120	2120	2107	2107	2107	2107	2107	2107	2107	2120	2120	2120	2107	2107	2107	2107	2095	2082	2082	0	0	0	0	0	0	0	1428	1422	1428	1422	1422	1422	1422	1428	1434	1434	1440	1452	0	0	0	0	0	0	0	0	0	0	0	0	0	0	0	0	0	0	0	897	895	895	890	890	888	883	881	879	874	872	872	870	868	868	866	863	863	861	859	857	857	857	855	855	855	855	855	855	853	897	897	897	902	919	926	926	877	879	877	877	874	872	872	870	866	863	863	859	859	857	855	853	851	849	849	846	846	846	846	844	842	842	842	840	838	838	838	838	836	836	836	834	832	830	830	830	828	830	828	828	828	828	828	828	830	830	830	830	830	830	830	830	830	830	830	830	830	830	832	832	832	834	834	832	832	832	832	832	832	832	834	834	836	836	836	836	836	0	0	0	0	0	0	0	0	0	0	0	0	0	0	0	0	0	0	0	0	0	0	0	0	0	0	0	0	0	0	0	0	0	0	0	0	0	0	0	0	0	0	0	0	0	0	0	0	0	0	0	0	0	0	0	0	0	0	0	0	0	0	0	0	0	0	0	0	0	0	0	0	0	0	0	0	0	0	0	0	0	0	0	0	0	0	0	0	0	0	0	0	0	0	0	0	0	0	0	0	0	0	0	0	0	0	0	0	0	0	0	0	0	0	0	0	0	0	0	0	0	0	0	0	0	0	0	0	0	0	0	0	0	0	0	0	0	0	0	0	0	0	0	0	0	0	0	0	0	0	0	0	0	0	0	0	0	0	0	0	0	0	0	0	0	0	0	0	0	0	0	0	0	0	0	0	0	0	0	0	0	0	0	
0	0	0	0	0	0	0	0	0	0	0	0	0	0	0	0	0	0	0	0	0	0	0	0	0	0	0	0	0	0	0	0	0	0	0	0	0	1809	1809	1809	1819	1828	1838	1848	1868	1878	1878	1888	1888	1899	1920	1931	1941	1952	1952	1964	1975	1986	1986	2009	2033	2033	2033	2045	2045	2057	2069	2120	2147	2160	2160	2160	2160	2160	2160	2743	2743	2765	2765	2788	2765	2765	2765	2765	2765	2765	2743	2743	2743	2743	2722	2743	2743	2743	2743	2722	2701	2701	2701	2701	2701	2701	2701	2722	2701	2701	2701	2722	2722	2722	2722	2722	2701	2722	2722	2722	2701	2722	2722	2722	2701	2701	2722	2722	2701	2701	2701	2722	2722	2743	2722	2722	2743	2722	2701	2701	2680	2680	2680	2701	2701	2701	2701	2701	2701	2701	2701	2701	2701	2680	2701	2701	2722	2722	2722	2722	2722	2722	2722	2701	2701	2701	2701	2701	2722	2701	2701	2701	2701	2722	2701	2701	2701	2701	2701	2701	2701	2722	2701	2701	2701	2701	2701	2701	2701	2722	2722	2722	2722	2722	2722	2722	2722	2701	2680	2680	2659	2680	2680	2680	2680	2680	2701	2722	2701	2722	2722	2722	2722	2701	2680	2680	2680	2680	2680	2680	2680	2680	2701	2701	2722	2722	2722	2743	2743	2722	2722	2722	2722	2722	2722	2722	2722	2722	2722	2659	2659	2722	2701	2722	2722	2722	2722	2701	2701	2701	2680	2680	2680	2680	2680	2659	2680	2659	0	0	2147	2147	2133	2120	2120	2107	2107	2095	2082	2082	2082	2082	2082	2082	2082	2082	2082	2095	2082	2095	2095	2107	2107	2107	2107	2107	2120	2107	2107	2107	2107	2107	2107	2107	2107	2120	2107	2107	2107	2107	2095	2095	2082	2057	2095	0	0	0	0	0	0	1428	1428	1422	1422	1422	1422	1422	1422	1428	1434	1434	1446	0	0	0	0	0	0	0	0	0	0	0	0	0	0	0	0	0	0	0	902	897	895	895	892	890	890	886	881	879	877	874	872	872	870	868	868	863	863	863	861	859	857	857	857	857	857	855	855	855	853	895	895	895	899	911	911	911	911	874	874	877	874	872	870	870	866	863	861	859	857	857	855	853	851	849	849	849	846	846	846	846	844	844	842	842	838	838	838	838	838	838	836	834	834	832	830	830	828	828	828	828	828	828	828	828	830	830	830	830	830	830	830	830	830	830	830	830	830	830	832	830	830	832	832	832	832	830	832	832	832	832	834	832	836	836	836	836	836	0	0	0	0	0	0	0	0	0	0	0	0	0	0	0	0	0	0	0	0	0	0	0	0	0	0	0	0	0	0	0	0	0	0	0	0	0	0	0	0	0	0	0	0	0	0	0	0	0	0	0	0	0	0	0	0	0	0	0	0	0	0	0	0	0	0	0	0	0	0	0	0	0	0	0	0	0	0	0	0	0	0	0	0	0	0	0	0	0	0	0	0	0	0	0	0	0	0	0	0	0	0	0	0	0	0	0	0	0	0	0	0	0	0	0	0	0	0	0	0	0	0	0	0	0	0	0	0	0	0	0	0	0	0	0	0	0	0	0	0	0	0	0	0	0	0	0	0	0	0	0	0	0	0	0	0	0	0	0	0	0	0	0	0	0	0	0	0	0	0	0	0	0	0	0	0	0	0	0	0	0	0	0	
0	0	0	0	0	0	0	0	0	0	0	0	0	0	0	0	0	0	0	0	0	0	0	0	0	0	0	0	0	0	0	0	0	0	0	0	0	1809	1800	1809	1819	1828	1848	1858	1868	1878	1878	1888	1888	1899	1920	1931	1931	1952	1952	1964	1975	1975	1986	1998	2021	2033	2033	2045	2045	2069	2082	2120	2147	2160	2160	2160	2160	2160	2722	2722	2722	2722	2722	2743	2722	2743	2722	2722	2743	2722	2722	2701	2701	2680	2701	2701	2722	2722	2722	2701	2680	2680	2680	2680	2680	2680	2680	2680	2680	2680	2680	2680	2701	2680	2680	2701	2701	2701	2701	2701	2701	2701	2701	2701	2701	2701	2701	2701	2701	2701	2701	2701	2701	2701	2680	2680	2701	2701	2680	2680	2680	2680	2680	2680	2701	2680	2680	2701	2701	2680	2680	2680	2680	2680	2680	2701	2701	2701	2701	2701	2722	2701	2701	2701	2680	2680	2701	2701	2701	2701	2680	2701	2701	2701	2680	2680	2680	2680	2701	2701	2701	2701	2701	2701	2701	2701	2680	2680	2701	2701	2701	2701	2701	2722	2701	2701	2701	2701	2680	2659	2659	2659	2680	2680	2680	2680	2701	2701	2701	2701	2701	2701	2701	2680	2680	2659	2659	2659	2680	2680	2680	2680	2680	2701	2701	2701	2680	2680	2701	2722	2722	2722	2701	2701	2680	2680	2680	2659	2659	2659	2659	2701	2680	2701	2701	2701	2680	2680	2680	2680	2680	2680	2680	2680	2659	2659	2659	2659	2659	2147	2147	2147	2133	2120	2120	2120	2107	2095	2082	2082	2082	2082	2082	2082	2082	2082	2082	2082	2082	2095	2095	2095	2107	2107	2107	2107	2120	2107	2107	2107	2107	2107	2107	2107	2107	2120	2107	2107	2107	2095	2095	2082	2082	2069	2095	0	0	0	0	0	0	1422	1422	1422	1422	1422	1422	1422	1422	1422	1428	1428	0	0	0	0	0	0	0	0	0	0	0	0	0	0	0	0	0	0	0	0	0	899	895	892	892	890	890	888	883	881	877	874	874	872	870	870	868	866	866	863	863	859	859	857	857	857	857	857	855	855	892	895	895	895	899	909	909	909	909	874	874	874	874	870	870	870	866	866	861	859	859	857	857	853	851	851	849	849	846	846	846	846	844	842	842	842	842	842	840	838	840	838	836	836	834	832	830	830	828	828	828	828	828	828	830	830	830	830	830	830	830	830	830	830	830	830	830	830	830	830	830	830	830	832	832	832	830	830	830	832	832	832	834	834	836	836	836	836	836	0	0	0	0	0	0	0	0	0	0	0	0	0	0	0	0	0	0	0	0	0	0	0	0	0	0	0	0	0	0	0	0	0	0	0	0	0	0	0	0	0	0	0	0	0	0	0	0	0	0	0	0	0	0	0	0	0	0	0	0	0	0	0	0	0	0	0	0	0	0	0	0	0	0	0	0	0	0	0	0	0	0	0	0	0	0	0	0	0	0	0	0	0	0	0	0	0	0	0	0	0	0	0	0	0	0	0	0	0	0	0	0	0	0	0	0	0	0	0	0	0	0	0	0	0	0	0	0	0	0	0	0	0	0	0	0	0	0	0	0	0	0	0	0	0	0	0	0	0	0	0	0	0	0	0	0	0	0	0	0	0	0	0	0	0	0	0	0	0	0	0	0	0	0	0	0	0	0	0	0	0	0	0	
0	0	0	0	0	0	0	0	0	0	0	0	0	0	0	0	0	0	0	0	0	0	0	0	0	0	0	0	0	0	0	0	0	0	0	0	0	1800	1800	1809	1819	1838	1848	1858	1868	1878	1888	1888	1888	1899	1909	1920	1931	1952	1964	1964	1975	1986	1986	2009	2021	2033	2033	2045	2057	2069	2069	2095	2107	2147	2160	2174	2174	2174	2680	2680	2659	2659	2619	2722	2722	2722	2722	2722	2722	2722	2701	2701	2680	2659	2680	2680	2701	2701	2701	2680	2680	2659	2659	2659	2659	2659	2659	2680	2659	2659	2659	2659	2680	2680	2680	2680	2680	2680	2680	2680	2659	2680	2659	2659	2680	2680	2701	2680	2680	2680	2680	2680	2680	2659	2659	2639	2639	2639	2639	2659	2659	2639	2639	2659	2680	2680	2680	2680	2680	2680	2680	2680	2659	2659	2680	2680	2680	2701	2701	2701	2701	2701	2701	2680	2680	2680	2680	2680	2701	2680	2659	2659	2659	2680	2659	2659	2659	2659	2680	2680	2680	2680	2680	2680	2680	2680	2680	2680	2680	2680	2680	2701	2701	2701	2701	2701	2680	2680	2659	2639	2639	2659	2659	2659	2659	2680	2680	2701	2680	2680	2680	2680	2680	2659	2659	2659	2659	2659	2659	2659	2680	2680	2680	2680	2680	2680	2680	2680	2680	2680	2701	2701	2701	2680	2680	2659	2659	2639	2639	2639	2659	2680	2680	2680	2680	2680	2680	2659	2659	2680	2659	2659	2680	2659	2659	2659	2659	2659	2659	2160	2160	2147	2133	2120	2120	2120	2107	2095	2082	2082	2082	2082	2082	2082	2082	2082	2082	2082	2095	2095	2095	2095	2107	2107	2107	2107	2120	2120	2107	2120	2107	2107	2107	2107	2095	2107	2095	2095	2095	2082	2082	2082	2082	2069	2082	0	0	0	0	0	0	1422	1422	1422	1422	1422	1422	1422	1428	1428	1428	1428	1422	0	0	0	0	0	0	0	0	0	0	0	0	0	0	0	0	0	0	0	0	902	895	895	892	892	892	888	888	883	881	874	872	872	870	870	868	866	866	863	863	861	859	859	857	857	857	857	855	890	892	892	892	892	899	904	907	0	909	914	874	877	874	872	870	870	866	866	863	861	861	857	857	855	853	851	849	849	849	849	846	846	844	844	842	842	842	842	838	838	838	838	836	836	834	832	832	830	830	830	828	828	830	830	830	830	830	830	830	830	830	830	830	830	830	830	830	830	830	830	830	830	830	832	832	832	830	832	832	832	832	832	834	834	834	834	836	836	836	0	0	0	0	0	0	0	0	0	0	0	0	0	0	0	0	0	0	0	0	0	0	0	0	0	0	0	0	0	0	0	0	0	0	0	0	0	0	0	0	0	0	0	0	0	0	0	0	0	0	0	0	0	0	0	0	0	0	0	0	0	0	0	0	0	0	0	0	0	0	0	0	0	0	0	0	0	0	0	0	0	0	0	0	0	0	0	0	0	0	0	0	0	0	0	0	0	0	0	0	0	0	0	0	0	0	0	0	0	0	0	0	0	0	0	0	0	0	0	0	0	0	0	0	0	0	0	0	0	0	0	0	0	0	0	0	0	0	0	0	0	0	0	0	0	0	0	0	0	0	0	0	0	0	0	0	0	0	0	0	0	0	0	0	0	0	0	0	0	0	0	0	0	0	0	0	0	0	0	0	0	0	0	
0	0	0	0	0	0	0	0	0	0	0	0	0	0	0	0	0	0	0	0	0	0	0	0	0	0	0	0	0	0	0	0	0	0	0	0	0	1809	1809	1819	1828	1838	1848	1848	1868	1878	1888	1888	1899	1899	1909	1920	1931	1952	1964	1964	1975	1986	2009	2009	2021	2033	2033	2045	2057	2069	2069	2095	2107	2147	2160	2174	2174	2174	2659	2659	2639	2619	2619	2619	2639	2701	2701	2722	2722	2701	2701	2680	2659	2659	2659	2659	2659	2659	2659	2659	2659	2659	2659	2659	2659	2639	2659	2659	2639	2639	2639	2639	2659	2659	2659	2680	2680	2659	2659	2659	2659	2659	2639	2659	2659	2659	2680	2680	2659	2680	2680	2680	2659	2659	2639	2619	2619	2619	2619	2619	2619	2619	2619	2639	2659	2659	2639	2639	2659	2659	2659	2659	2659	2639	2659	2659	2680	2680	2680	2680	2680	2680	2680	2680	2659	2659	2659	2659	2659	2659	2639	2639	2639	2659	2659	2659	2659	2639	2659	2659	2659	2659	2659	2659	2659	2680	2659	2659	2680	2680	2659	2680	2680	2701	2680	2680	2680	2680	2639	2639	2639	2639	2639	2659	2659	2659	2680	2680	2680	2680	2680	2659	2680	2659	2659	2659	2659	2659	2659	2659	2659	2659	2659	2659	2659	2659	2680	2680	2659	2659	2680	2680	2680	2659	2659	2659	2639	2639	2639	2639	2659	2680	2659	2680	2680	2680	2659	2659	2659	2659	2659	2659	2680	2659	2659	2639	2639	2639	2639	2639	2147	2147	2133	2120	2120	2120	2107	2095	2082	2082	2082	2082	2082	2082	2082	2082	2082	2082	2095	2095	2095	2107	2107	2107	2107	2107	2120	2107	2107	2107	2107	2107	2095	2095	2095	2095	2095	2095	2095	2082	2082	2082	2082	2069	2082	0	0	0	0	0	0	1422	1416	1422	1422	1422	1422	1422	1428	1428	1428	1428	1428	0	0	0	0	0	0	0	0	0	0	0	0	0	0	0	0	0	0	0	0	897	895	895	895	892	892	890	890	886	881	879	877	874	872	872	868	866	866	866	863	861	861	859	857	857	857	857	855	890	890	892	892	892	895	904	0	907	914	914	916	874	874	870	870	868	866	866	863	861	861	859	857	855	853	853	851	849	849	849	846	846	844	844	844	844	842	844	842	838	840	838	836	836	834	832	832	830	830	830	828	830	830	830	830	830	830	830	830	830	830	830	830	830	830	830	830	830	830	830	830	830	830	830	830	830	830	830	830	830	830	832	832	832	834	836	836	836	836	0	0	0	0	0	0	0	0	0	0	0	0	0	0	0	0	0	0	0	0	0	0	0	0	0	0	0	0	0	0	0	0	0	0	0	0	0	0	0	0	0	0	0	0	0	0	0	0	0	0	0	0	0	0	0	0	0	0	0	0	0	0	0	0	0	0	0	0	0	0	0	0	0	0	0	0	0	0	0	0	0	0	0	0	0	0	0	0	0	0	0	0	0	0	0	0	0	0	0	0	0	0	0	0	0	0	0	0	0	0	0	0	0	0	0	0	0	0	0	0	0	0	0	0	0	0	0	0	0	0	0	0	0	0	0	0	0	0	0	0	0	0	0	0	0	0	0	0	0	0	0	0	0	0	0	0	0	0	0	0	0	0	0	0	0	0	0	0	0	0	0	0	0	0	0	0	0	0	0	0	0	0	0	
0	0	0	0	0	0	0	0	0	0	0	0	0	0	0	0	0	0	0	0	0	0	0	0	0	0	0	0	0	0	0	0	0	0	0	0	0	1809	1809	1819	1828	1838	1838	1848	1858	1878	1888	1888	1888	1899	1909	1920	1931	1952	1964	1964	1986	1986	2009	2009	2021	2033	2033	2045	2057	2069	2069	2082	2095	2147	2160	2174	2174	2174	2639	2639	2619	2619	2619	2619	2639	2639	2659	2659	2659	0	0	2659	2639	2639	2639	2639	2639	2639	2639	2639	2639	2639	2639	2639	2639	2639	2639	2639	2639	2639	2639	2639	2639	2639	2659	2659	2659	2659	2659	2639	2639	2659	2639	2659	2659	2659	2659	2659	2659	2659	2659	2659	2659	2639	2619	2619	2619	2619	2599	2599	2599	2619	2599	2619	2639	2639	2639	2619	2639	2639	2639	2639	2639	2639	2659	2659	2659	2659	2659	2659	2659	2619	2619	2659	2639	2639	2639	2639	2639	2639	2619	2639	2639	2639	2639	2639	2639	2639	2639	2659	2639	2639	2639	2659	2659	2659	2659	2659	2659	2659	2639	2659	2659	2680	2659	2659	2659	2659	2639	2619	2619	2619	2619	2619	2639	2639	2659	2659	2659	2659	2659	2659	2659	2639	2619	2619	2639	2639	2639	2639	2639	2639	2639	2639	2639	2639	2639	2659	2659	2639	2639	2659	2639	2659	2639	2639	2619	2619	2619	2619	2639	2639	2639	2639	2639	2639	2619	2599	2599	2599	2580	2580	2639	2639	2639	2619	2619	2619	2599	2599	2599	2133	2133	2120	2120	2120	2107	2095	2082	2082	2082	2082	2082	2082	2082	2082	2082	2082	2095	2095	2107	2107	2107	2107	2107	2107	2107	2107	2107	2107	2107	2107	2095	2095	2095	2095	2095	2095	2095	2082	2082	2082	2082	2082	2082	0	0	0	0	0	0	1422	1422	1422	1422	1422	1422	1422	1422	1428	1428	1428	1428	1434	0	0	0	0	0	0	0	0	0	0	0	0	0	0	0	0	0	0	907	904	899	897	897	895	892	890	890	888	886	881	879	877	874	874	868	868	866	866	866	863	861	861	857	857	857	857	855	890	890	892	892	892	895	902	907	0	911	0	909	911	870	870	870	868	868	866	866	863	861	859	857	857	855	853	851	851	849	849	846	849	844	844	844	844	844	844	842	842	840	838	836	836	834	832	832	830	830	828	828	830	830	830	830	830	830	830	830	830	830	830	830	828	828	828	828	828	828	828	830	830	830	830	830	830	830	830	832	832	832	832	834	834	836	834	836	836	836	0	0	0	0	0	0	0	0	0	0	0	0	0	0	0	0	0	0	0	0	0	0	0	0	0	0	0	0	0	0	0	0	0	0	0	0	0	0	0	0	0	0	0	0	0	0	0	0	0	0	0	0	0	0	0	0	0	0	0	0	0	0	0	0	0	0	0	0	0	0	0	0	0	0	0	0	0	0	0	0	0	0	0	0	0	0	0	0	0	0	0	0	0	0	0	0	0	0	0	0	0	0	0	0	0	0	0	0	0	0	0	0	0	0	0	0	0	0	0	0	0	0	0	0	0	0	0	0	0	0	0	0	0	0	0	0	0	0	0	0	0	0	0	0	0	0	0	0	0	0	0	0	0	0	0	0	0	0	0	0	0	0	0	0	0	0	0	0	0	0	0	0	0	0	0	0	0	0	0	0	0	0	0	
0	0	0	0	0	0	0	0	0	0	0	0	0	0	0	0	0	0	0	0	0	0	0	0	0	0	0	0	0	0	0	0	0	0	0	0	0	1809	1809	1819	1828	1838	1838	1848	1858	1878	1888	1888	1888	1899	1899	1920	1931	1952	1964	1964	1975	1986	2009	2009	2021	2033	2045	2057	2069	2069	2069	2082	2095	2147	2160	2174	2174	2174	2619	2619	2619	2599	2619	2619	2619	2639	2639	2659	2639	2659	0	2639	2619	2619	2619	2619	2619	2619	2619	2619	2619	2619	2619	2619	2639	2619	2619	2619	2619	2619	2639	2619	2639	2639	2639	2639	2639	2639	2639	2639	2639	2639	2639	2639	2639	2639	2659	2659	2639	2659	2659	2639	2639	2639	2619	2599	2599	2599	2599	2599	2599	2599	2599	2599	2619	2619	2619	2619	2619	2619	2619	2639	2619	2619	2639	2639	2639	2639	2619	2639	2619	2599	2619	2619	2619	2619	2619	2619	2619	2619	2619	2619	2619	2619	2619	2619	2619	2619	2619	2639	2619	2639	2639	2659	2659	2659	2639	2639	2659	2639	2639	2639	2639	2659	2639	2639	2639	2639	2619	2599	2599	2599	2599	2599	2619	2599	2619	2639	2639	2639	2639	2639	2639	2599	2580	2619	2619	2619	2619	2619	2619	2619	2619	2599	2599	2599	2599	2599	2599	2599	2619	2619	2599	2619	2619	2619	2619	2619	2599	2619	2619	2619	2619	2599	2619	2599	2599	2580	2580	2599	2580	2580	2580	2619	2619	2599	2599	2599	2580	2580	2147	2147	2133	2120	2120	2120	2107	2095	2082	2082	2082	2082	2082	2082	2082	2082	2082	2082	2082	2095	2107	2107	2107	2120	2120	2120	2107	2107	2107	2107	2107	2095	2095	2095	2095	2095	2095	2095	2095	2095	2082	2082	2082	2082	0	0	0	0	0	0	0	1422	1422	1422	1422	1422	1422	1422	1422	1428	1428	1428	1428	1446	0	0	0	0	0	0	0	0	0	0	0	0	0	0	0	0	0	0	909	907	902	899	899	897	895	892	890	890	886	883	881	879	874	874	870	868	868	866	866	866	863	861	859	859	857	857	857	857	890	890	892	892	895	902	0	0	0	0	911	919	872	870	870	868	868	866	866	863	863	861	859	857	855	855	853	851	849	849	849	849	844	844	844	844	844	844	842	842	840	838	836	836	834	832	832	830	830	828	828	828	828	830	830	830	830	828	828	828	828	828	828	828	828	828	828	828	828	828	830	830	830	830	830	830	830	830	832	832	832	832	834	834	836	836	836	836	836	0	0	0	0	0	0	0	0	0	0	0	0	0	0	0	0	0	0	0	0	0	0	0	0	0	0	0	0	0	0	0	0	0	0	0	0	0	0	0	0	0	0	0	0	0	0	0	0	0	0	0	0	0	0	0	0	0	0	0	0	0	0	0	0	0	0	0	0	0	0	0	0	0	0	0	0	0	0	0	0	0	0	0	0	0	0	0	0	0	0	0	0	0	0	0	0	0	0	0	0	0	0	0	0	0	0	0	0	0	0	0	0	0	0	0	0	0	0	0	0	0	0	0	0	0	0	0	0	0	0	0	0	0	0	0	0	0	0	0	0	0	0	0	0	0	0	0	0	0	0	0	0	0	0	0	0	0	0	0	0	0	0	0	0	0	0	0	0	0	0	0	0	0	0	0	0	0	0	0	0	0	0	0	
0	0	0	0	0	0	0	0	0	0	0	0	0	0	0	0	0	0	0	0	0	0	0	0	0	0	0	0	0	0	0	0	0	0	0	0	0	1809	1809	1819	1838	1838	1838	1848	1858	1878	1888	1888	1888	1888	1899	1920	1931	1964	1964	1964	1975	1986	2009	2009	2021	2033	2045	2057	2069	2069	2069	2082	2082	2147	2160	2174	2174	2174	2619	2619	2599	2599	2599	2619	2619	2619	2619	2639	0	0	0	2619	2619	2599	2599	2619	2619	2619	2599	2599	2619	2619	2619	2619	2619	2599	2599	2580	2599	2599	2599	2599	2619	2619	2639	2619	2619	2639	2639	2639	2639	2639	2619	2639	2619	2639	2639	2619	2619	2639	2639	2619	2619	2619	2599	2599	2599	2599	2580	2599	2580	2599	2580	2580	2580	2580	2580	2599	2599	2599	2599	2619	2619	2619	2619	2619	2619	2619	2599	2619	2599	2619	2599	2599	2599	2619	2619	2619	2599	2619	2599	2599	2619	2619	2599	2619	2619	2619	2619	2619	2619	2619	2619	2639	2639	2639	2619	2619	2639	2639	2619	2639	2639	2639	2639	2619	2619	2619	2599	2599	2599	2599	2599	2599	2599	2599	2599	2599	2619	2619	2599	2599	2580	2580	2580	2580	2580	2580	2599	2599	2599	2599	2599	2599	2599	2599	2599	2599	2580	2599	2599	2599	2599	2599	2599	2619	2599	2599	2599	2619	2619	2619	2599	2599	2599	2599	2599	2580	2580	2580	2580	2580	2523	2599	2599	2599	2599	2599	2580	2580	2147	2147	2133	2120	2120	2120	2107	2107	2095	2082	2082	2082	2082	2082	2082	2082	2082	2082	2095	2107	2107	2107	2107	2120	2120	2120	2107	2107	2107	2107	2107	2095	2095	2095	2095	2095	2095	2095	2095	2095	2082	2082	2082	2082	2082	0	0	0	0	0	0	0	1422	1422	1422	1422	1422	1416	1422	1422	1422	1422	1428	1428	0	0	0	0	0	0	0	0	0	0	0	0	0	0	0	0	0	0	909	902	899	902	899	897	895	892	890	890	888	886	883	881	877	874	870	870	868	866	866	866	863	863	861	861	859	859	859	861	888	888	890	890	897	0	0	0	0	0	919	919	921	870	870	868	868	868	866	866	863	861	861	857	857	855	853	851	851	849	849	849	846	846	844	844	844	844	842	842	840	838	836	836	834	832	832	830	830	828	828	828	828	828	830	830	828	828	828	828	828	828	828	828	828	828	828	828	828	828	828	830	830	830	830	830	830	832	832	832	832	832	834	834	834	834	834	836	836	0	0	0	0	0	0	0	0	0	0	0	0	0	0	0	0	0	0	0	0	0	0	0	0	0	0	0	0	0	0	0	0	0	0	0	0	0	0	0	0	0	0	0	0	0	0	0	0	0	0	0	0	0	0	0	0	0	0	0	0	0	0	0	0	0	0	0	0	0	0	0	0	0	0	0	0	0	0	0	0	0	0	0	0	0	0	0	0	0	0	0	0	0	0	0	0	0	0	0	0	0	0	0	0	0	0	0	0	0	0	0	0	0	0	0	0	0	0	0	0	0	0	0	0	0	0	0	0	0	0	0	0	0	0	0	0	0	0	0	0	0	0	0	0	0	0	0	0	0	0	0	0	0	0	0	0	0	0	0	0	0	0	0	0	0	0	0	0	0	0	0	0	0	0	0	0	0	0	0	0	0	0	0	
0	0	0	0	0	0	0	0	0	0	0	0	0	0	0	0	0	0	0	0	0	0	0	0	0	0	0	0	0	0	0	0	0	0	0	0	0	1809	1819	1819	1828	1828	1828	1838	1858	1878	1888	1888	1888	1888	1899	1909	1920	1964	1964	1964	1975	1986	2009	2021	2021	2033	2033	2057	2057	2057	2069	2069	2082	2120	2174	2187	2187	2187	2599	2599	2580	2580	2580	2580	2580	2599	2619	2619	2619	2542	2542	2580	2580	2580	2580	2599	2599	2599	2599	2599	2599	2599	2599	2580	2599	2580	2580	2560	2580	2580	2580	2599	2599	2599	2619	2619	2619	2619	2619	2619	2619	2619	2619	2619	2619	2619	2619	2619	2599	2619	2619	2599	2599	2599	2580	2560	2580	2580	2580	2580	2580	2580	2580	2580	2580	2580	2580	2580	2560	2580	2580	2599	2599	2599	2619	2619	2619	2599	2599	2599	2599	2599	2580	2599	2599	2599	2599	2599	2599	2599	2599	2599	2599	2599	2599	2599	2599	2599	2619	2619	2599	2599	2599	2619	2619	2619	2619	2619	2619	2619	2599	2599	2599	2599	2599	2599	2599	2599	2580	2580	2580	2580	2580	2580	2580	2580	2580	2599	2599	2599	2580	2580	2580	2560	2560	2580	2560	2580	2580	2580	2580	2580	2580	2580	2599	2580	2580	2580	2580	2580	2580	2599	2580	2599	2599	2599	2599	2599	2599	2599	2599	2599	2599	2580	2580	2580	2580	2560	2560	2580	2542	2542	2523	2542	2523	2560	2560	2580	2580	2523	2147	2147	2133	2120	2120	2107	2107	2107	2095	2082	2082	2082	2082	2082	2082	2082	2082	2082	2082	2095	2095	2107	2107	2107	2107	2107	2107	2107	2107	2107	2095	2095	2095	2095	2095	2095	2095	2107	2095	2095	2095	2095	2095	2095	2069	0	0	0	0	0	0	0	0	1422	1422	1422	1416	1422	1422	1422	1422	1422	1428	1428	0	0	0	0	0	0	0	0	0	0	0	0	0	0	0	0	0	0	909	909	902	902	902	899	895	892	892	892	890	888	886	881	879	879	874	872	868	868	866	866	866	863	863	861	861	861	863	863	879	886	888	888	895	911	911	914	0	0	919	919	919	872	870	870	868	868	866	866	866	863	863	859	857	855	855	853	851	849	849	849	846	846	844	844	844	844	842	842	840	838	836	834	834	832	832	830	830	830	828	828	828	830	830	830	828	828	828	828	828	828	828	828	828	826	828	828	828	828	828	830	830	830	830	830	830	832	832	832	832	832	832	832	834	834	834	834	0	0	0	0	0	0	0	0	0	0	0	0	0	0	0	0	0	0	0	0	0	0	0	0	0	0	0	0	0	0	0	0	0	0	0	0	0	0	0	0	0	0	0	0	0	0	0	0	0	0	0	0	0	0	0	0	0	0	0	0	0	0	0	0	0	0	0	0	0	0	0	0	0	0	0	0	0	0	0	0	0	0	0	0	0	0	0	0	0	0	0	0	0	0	0	0	0	0	0	0	0	0	0	0	0	0	0	0	0	0	0	0	0	0	0	0	0	0	0	0	0	0	0	0	0	0	0	0	0	0	0	0	0	0	0	0	0	0	0	0	0	0	0	0	0	0	0	0	0	0	0	0	0	0	0	0	0	0	0	0	0	0	0	0	0	0	0	0	0	0	0	0	0	0	0	0	0	0	0	0	0	0	0	0	
0	0	0	0	0	0	0	0	0	0	0	0	0	0	0	0	0	0	0	0	0	0	0	0	0	0	0	0	0	0	0	0	0	0	0	0	0	1809	1819	1819	1828	1828	1828	1838	1848	1888	1888	1888	1888	1888	1888	1909	1931	1952	1975	1964	1975	1986	2009	2021	2021	2033	2033	2045	2057	2057	2057	2069	2069	2120	2174	2187	2187	2187	2599	2580	2580	2560	2580	2560	2580	2580	2560	2542	2542	2542	2542	2560	2560	2560	2560	2560	2580	2580	2580	2580	2580	2580	2580	2560	2580	2560	2560	2560	2560	2560	2560	2560	2580	2580	2580	2599	2599	2599	2599	2599	2599	2599	2580	2580	2580	2599	2580	2580	2580	2580	2580	2580	2580	2580	2542	2542	2542	2560	2560	2560	2560	2580	2580	2560	2560	2560	2560	2560	2542	2542	2560	2560	2560	2580	2580	2580	2599	2580	2560	2560	2560	2560	2560	2560	2560	2580	2580	2580	2580	2580	2580	2580	2580	2580	2580	2580	2580	2599	2599	2599	2599	2599	2580	2580	2580	2580	2599	2599	2599	2599	2599	2580	2580	2560	2580	2560	2580	2580	2580	2560	2560	2560	2560	2560	2560	2560	2560	2560	2560	2580	2560	2580	2560	2542	2560	2560	2542	2560	2560	2560	2560	2560	2580	2560	2580	2580	2580	2580	2580	2580	2580	2580	2580	2580	2580	2580	2599	2599	2580	2580	2599	2580	2580	2580	2560	2560	2560	2542	2542	2542	2523	2523	2505	2523	2523	2523	2542	2542	2523	2523	2147	2147	2133	2120	2120	2120	2107	2107	2095	2082	2082	2082	2082	2082	2069	2082	2082	2082	2082	2095	2107	2107	2107	2107	2107	2107	2107	2107	2107	2107	2095	2107	2095	2095	2095	2095	2107	2095	2095	2095	2095	2095	2095	2095	2069	0	0	0	0	0	0	0	0	1422	1422	1416	1416	1416	1422	1422	1422	1422	1422	1428	1434	0	0	0	0	0	0	0	0	0	0	0	0	0	0	0	0	0	909	909	902	902	902	899	897	892	892	890	890	888	888	883	881	883	877	874	874	872	870	868	866	866	863	863	863	863	868	872	874	881	883	888	895	914	914	916	0	0	916	916	919	872	870	868	868	868	868	866	866	863	863	859	857	857	855	853	851	849	849	849	846	846	846	846	844	844	842	842	838	838	836	834	834	832	832	830	830	830	828	828	828	828	828	828	828	828	828	828	828	828	828	828	826	826	828	828	828	828	828	830	830	830	830	830	830	832	832	834	832	832	834	832	834	834	0	0	0	0	0	0	0	0	0	0	0	0	0	0	0	0	0	0	0	0	0	0	0	0	0	0	0	0	0	0	0	0	0	0	0	0	0	0	0	0	0	0	0	0	0	0	0	0	0	0	0	0	0	0	0	0	0	0	0	0	0	0	0	0	0	0	0	0	0	0	0	0	0	0	0	0	0	0	0	0	0	0	0	0	0	0	0	0	0	0	0	0	0	0	0	0	0	0	0	0	0	0	0	0	0	0	0	0	0	0	0	0	0	0	0	0	0	0	0	0	0	0	0	0	0	0	0	0	0	0	0	0	0	0	0	0	0	0	0	0	0	0	0	0	0	0	0	0	0	0	0	0	0	0	0	0	0	0	0	0	0	0	0	0	0	0	0	0	0	0	0	0	0	0	0	0	0	0	0	0	0	0	0	0	0	0	
0	0	0	0	0	0	0	0	0	0	0	0	0	0	0	0	0	0	0	0	0	0	0	0	0	0	0	0	0	0	0	0	0	0	0	0	0	1809	1809	1819	1828	1819	1828	1838	1848	1888	1888	1888	1878	1888	1899	1920	1931	1941	1964	1964	1975	1975	2009	2009	2021	2033	2033	2045	2045	2057	2057	2069	2082	2147	2174	2187	2187	2187	2580	2580	2560	2560	2560	2560	2560	2542	2542	2560	2542	2542	2542	2542	2560	2560	2560	2542	2560	2560	2560	2560	2560	2560	2560	2560	2560	2560	2560	2542	2542	2560	2560	2560	2560	2560	2580	2580	2580	2580	2580	2560	2542	2560	2542	2542	2542	2523	2542	2542	2542	2542	2542	2542	2542	2542	2523	2523	2523	2523	2523	2542	2542	2560	2560	2560	2560	2560	2542	2542	2542	2542	2542	2542	2542	2560	2560	2560	2580	2560	2542	2542	2560	2560	2560	2560	2560	2560	2560	2560	2560	2560	2560	2560	2560	2560	2560	2560	2560	2560	2580	2580	2580	2560	2560	2560	2542	2560	2560	2560	2560	2560	2560	2542	2560	2542	2542	2542	2560	2560	2560	2560	2560	2560	2560	2560	2542	2542	2542	2542	2542	2560	2542	2560	2542	2542	2523	2542	2542	2542	2542	2542	2542	2542	2542	2542	2542	2560	2560	2560	2560	2560	2580	2580	2580	2560	2580	2580	2580	2580	2580	2560	2580	2560	2580	2560	2542	2542	2542	2542	2523	2542	2523	2523	2505	2505	2523	2523	2523	2523	2523	2560	2580	2133	2133	2107	2120	2107	2107	2095	2095	2082	2082	2082	2082	2069	2069	2082	2069	2082	2082	2095	2095	2107	2107	2107	2107	2107	2107	2107	2095	2095	2095	2095	2095	2095	2095	2107	2107	2107	2095	2095	2095	2095	2095	2095	2082	0	0	0	0	0	0	0	0	0	1422	1416	1416	1416	1416	1422	1416	1422	1422	1428	1428	0	0	0	0	0	0	0	0	0	0	0	0	0	0	0	0	0	909	909	909	907	904	902	899	892	892	892	890	890	890	888	886	883	879	879	877	874	872	870	868	866	866	863	863	866	868	870	872	877	881	886	892	916	916	916	0	0	916	916	919	870	870	868	868	868	868	866	866	863	863	859	857	857	855	853	851	849	849	849	846	846	846	846	844	844	842	842	838	836	836	834	834	832	832	830	830	830	828	828	828	828	828	828	828	828	828	828	826	826	826	826	826	826	828	828	828	828	828	830	830	830	830	830	830	832	832	834	834	832	834	834	834	834	0	0	0	0	0	0	0	0	0	0	0	0	0	0	0	0	0	0	0	0	0	0	0	0	0	0	0	0	0	0	0	0	0	0	0	0	0	0	0	0	0	0	0	0	0	0	0	0	0	0	0	0	0	0	0	0	0	0	0	0	0	0	0	0	0	0	0	0	0	0	0	0	0	0	0	0	0	0	0	0	0	0	0	0	0	0	0	0	0	0	0	0	0	0	0	0	0	0	0	0	0	0	0	0	0	0	0	0	0	0	0	0	0	0	0	0	0	0	0	0	0	0	0	0	0	0	0	0	0	0	0	0	0	0	0	0	0	0	0	0	0	0	0	0	0	0	0	0	0	0	0	0	0	0	0	0	0	0	0	0	0	0	0	0	0	0	0	0	0	0	0	0	0	0	0	0	0	0	0	0	0	0	0	0	0	0	
0	0	0	0	0	0	0	0	0	0	0	0	0	0	0	0	0	0	0	0	0	0	0	0	0	0	0	0	0	0	0	0	0	0	0	0	0	1809	1809	1809	1819	1819	1819	1828	1848	1858	1878	1878	1868	1878	1888	1920	1931	1941	1964	1964	1975	1975	1986	2009	2021	2033	2045	2045	2057	2057	2057	2069	2082	2147	2174	2174	2174	2174	2560	2560	2542	2542	2542	2542	2542	2542	2542	2542	2542	2542	2542	2560	2560	2542	2542	2542	2542	2542	2542	2542	2560	2560	2542	2542	2560	2542	2542	2523	2523	2523	2542	2542	2542	2560	2542	2560	2560	2560	2542	2542	2523	2542	2523	2523	2523	2523	2523	2523	2542	2542	2542	2542	2542	2542	2505	2523	2505	2523	2523	2523	2523	2523	2523	2523	2542	2523	2523	2523	2523	2523	2523	2523	2523	2523	2523	2523	2542	2542	2523	2523	2542	2542	2560	2542	2542	2560	2542	2542	2542	2542	2542	2542	2542	2542	2542	2542	2523	2523	2505	2542	2560	2560	2542	2542	2542	2542	2542	2542	2542	2542	2542	2523	2523	2523	2523	2523	2523	2542	2542	2542	2542	2542	2542	2542	2542	2542	2523	2523	2523	2523	2523	2523	2523	2523	2523	2523	2523	2523	2523	2523	2542	2542	2542	2523	2523	2542	2560	2542	2560	2560	2560	2560	2560	2542	2542	2542	2542	2560	2560	2542	2542	2542	2523	2523	2523	2523	2523	2523	2523	2523	2523	2523	2505	2505	2523	2505	2523	2523	2523	2523	2133	2133	2133	2107	2107	2107	2095	2095	2082	2082	2082	2082	2082	2082	2069	2082	2082	2082	2082	2095	2095	2107	2107	2107	2095	2107	2107	2095	2095	2095	2095	2095	2095	2095	2095	2107	2107	2107	2107	2095	2095	2095	2095	2082	2069	0	0	0	0	0	0	0	0	0	1422	1422	1422	1416	1416	1416	1416	1416	1422	1422	1422	0	0	0	0	0	0	0	0	0	0	0	0	0	0	0	0	911	914	911	909	909	907	904	902	895	892	892	890	890	890	888	886	883	881	881	879	874	874	872	870	868	866	866	866	866	868	870	872	877	879	881	892	916	916	919	0	0	916	916	919	870	870	868	868	868	868	866	866	863	863	859	859	857	855	853	851	851	851	849	846	846	846	846	844	844	842	842	838	838	836	836	834	832	832	832	830	830	830	828	828	828	828	828	828	828	828	828	826	826	826	826	826	826	828	828	828	828	830	830	830	830	830	830	830	832	832	834	834	834	834	834	834	834	834	0	0	0	0	0	0	0	0	0	0	0	0	0	0	0	0	0	0	0	0	0	0	0	0	0	0	0	0	0	0	0	0	0	0	0	0	0	0	0	0	0	0	0	0	0	0	0	0	0	0	0	0	0	0	0	0	0	0	0	0	0	0	0	0	0	0	0	0	0	0	0	0	0	0	0	0	0	0	0	0	0	0	0	0	0	0	0	0	0	0	0	0	0	0	0	0	0	0	0	0	0	0	0	0	0	0	0	0	0	0	0	0	0	0	0	0	0	0	0	0	0	0	0	0	0	0	0	0	0	0	0	0	0	0	0	0	0	0	0	0	0	0	0	0	0	0	0	0	0	0	0	0	0	0	0	0	0	0	0	0	0	0	0	0	0	0	0	0	0	0	0	0	0	0	0	0	0	0	0	0	0	0	0	0	0	
0	0	0	0	0	0	0	0	0	0	0	0	0	0	0	0	0	0	0	0	0	0	0	0	0	0	0	0	0	0	0	0	0	0	0	0	0	1800	1809	1809	1809	1819	1819	1828	1838	1858	1858	1868	1868	1878	1888	1920	1920	1931	1952	1964	1964	1975	1986	2009	2021	2021	2045	2057	2057	2057	2069	2069	2082	2107	2174	2174	2487	2487	2505	2505	2523	2523	2523	2542	2542	2542	2523	2523	2523	2523	2542	2542	2542	2523	2542	2542	2542	2523	2523	2542	2542	2542	2542	2542	2542	2542	2523	2523	2523	2523	2523	2523	2542	2542	2542	2560	2560	2542	2523	2523	2505	2505	2505	2505	2505	2505	2523	2523	2523	2523	2523	2523	2523	2505	2487	2487	2487	2487	2487	2487	2487	2487	2487	2487	2505	2505	2505	2505	2505	2505	2487	2487	2505	2505	2505	2487	2487	2505	2505	2505	2523	2523	2542	2542	2523	2542	2523	2523	2523	2523	2523	2523	2523	2523	2523	2523	2523	2523	2505	2505	2523	2523	2523	2523	2523	2542	2542	2542	2542	2542	2523	2523	2523	2505	2523	2505	2523	2523	2523	2523	2523	2523	2523	2523	2505	2505	2505	2523	2505	2505	2505	2523	2505	2505	2505	2505	2505	2523	2505	2523	2523	2523	2505	2505	2523	2523	2523	2523	2523	2523	2542	2542	2542	2542	2542	2523	2523	2542	2523	2523	2523	2523	2505	2505	2505	2505	2505	2505	2505	2505	2505	2505	2487	2505	2523	2505	2505	2523	2505	2505	2505	2147	2147	2120	2120	2107	2107	2095	2082	2082	2082	2082	2082	2082	2082	2082	2082	2082	2082	2095	2095	2095	2095	2095	2095	2095	2107	2095	2095	2095	2095	2095	2107	2095	2107	2107	2107	2107	2107	2107	2107	2095	2095	2082	2069	0	0	0	0	0	0	0	0	1422	1422	1422	1416	1416	1422	1416	1416	1416	1422	1422	1416	0	0	0	0	0	0	0	0	0	0	0	0	0	0	0	0	911	911	911	909	909	907	904	902	899	892	892	892	890	890	890	888	886	886	883	881	879	877	874	872	868	868	866	866	868	870	870	872	874	877	879	890	919	919	919	919	0	916	916	916	870	870	868	868	868	866	866	866	866	863	861	859	857	855	855	853	851	851	849	846	846	846	846	844	844	842	840	838	838	836	836	834	832	832	832	830	830	830	828	828	828	828	828	828	828	828	826	826	826	826	826	826	826	828	828	828	830	830	830	830	830	830	830	830	832	832	834	832	832	832	832	832	832	832	0	0	0	0	0	0	0	0	0	0	0	0	0	0	0	0	0	0	0	0	0	0	0	0	0	0	0	0	0	0	0	0	0	0	0	0	0	0	0	0	0	0	0	0	0	0	0	0	0	0	0	0	0	0	0	0	0	0	0	0	0	0	0	0	0	0	0	0	0	0	0	0	0	0	0	0	0	0	0	0	0	0	0	0	0	0	0	0	0	0	0	0	0	0	0	0	0	0	0	0	0	0	0	0	0	0	0	0	0	0	0	0	0	0	0	0	0	0	0	0	0	0	0	0	0	0	0	0	0	0	0	0	0	0	0	0	0	0	0	0	0	0	0	0	0	0	0	0	0	0	0	0	0	0	0	0	0	0	0	0	0	0	0	0	0	0	0	0	0	0	0	0	0	0	0	0	0	0	0	0	0	0	0	0	0	
0	0	0	0	0	0	0	0	0	0	0	0	0	0	0	0	0	0	0	0	0	0	0	0	0	0	0	0	0	0	0	0	0	0	0	0	0	1790	1790	1809	1819	1819	1828	1838	1838	1848	1858	1868	1868	1878	1899	1909	1920	1931	1952	1964	1975	1975	2009	2009	2021	2021	2045	2045	2057	2057	2069	2069	2082	2120	2174	2174	2174	2487	2487	2505	2505	2505	2523	2523	2523	2523	2523	2523	2523	2523	2523	2523	2523	2505	2505	2505	2505	2505	2505	2523	2542	2542	2523	2542	2523	2523	2505	2505	2505	2505	2505	2505	2487	2542	2542	2542	2542	2542	2505	2505	2487	2487	2487	2487	2505	2487	2505	2487	2487	2523	2505	2505	2505	2505	2487	2487	2469	2469	2469	2469	2469	2469	2469	2469	2469	2451	2451	2487	2487	2487	2469	2469	2469	2469	2487	2469	2469	2487	2487	2487	2487	2505	2523	2523	2505	2523	2505	2505	2505	2505	2505	2505	2505	2505	2505	2505	2505	2505	2505	2505	2505	2505	2523	2523	2523	2523	2542	2542	2523	2523	2523	2505	2505	2487	2505	2487	2505	2505	2487	2487	2505	2505	2505	2505	2487	2469	2487	2487	2487	2487	2505	2505	2505	2505	2505	2505	2505	2487	2487	2505	2505	2505	2487	2487	2505	2523	2487	2505	2505	2505	2505	2505	2523	2523	2523	2523	2523	2523	2505	2505	2487	2487	2487	2487	2487	2487	2487	2487	2487	2487	2487	2505	2487	2505	2505	2505	2505	2505	2505	2505	2147	2147	2147	2120	2120	2120	2107	2095	2095	2082	2082	2082	2082	2082	2082	2082	2082	2082	2082	2082	2095	2095	2095	2095	2095	2095	2095	2095	2095	2095	2095	2095	2107	2095	2107	2107	2107	2107	2107	2107	2107	2095	2095	2095	2082	0	0	0	0	0	0	0	0	1422	1422	1422	1422	1422	1422	1416	1422	1422	1422	1422	1422	0	0	0	0	0	0	0	0	0	0	0	0	0	0	0	0	919	916	911	911	911	909	907	904	902	897	892	892	892	890	890	890	890	888	886	883	881	881	877	874	872	870	868	868	868	870	872	872	874	877	877	877	919	919	919	919	0	916	916	916	870	870	868	868	868	868	866	866	866	863	861	859	857	855	855	853	851	851	851	846	846	846	846	844	844	842	840	838	838	836	836	834	832	832	830	830	830	830	828	828	828	828	828	828	828	826	826	826	826	826	826	826	826	828	828	828	830	830	830	830	830	830	830	830	832	832	834	832	832	832	832	832	832	832	0	0	0	0	0	0	0	0	0	0	0	0	0	0	0	0	0	0	0	0	0	0	0	0	0	0	0	0	0	0	0	0	0	0	0	0	0	0	0	0	0	0	0	0	0	0	0	0	0	0	0	0	0	0	0	0	0	0	0	0	0	0	0	0	0	0	0	0	0	0	0	0	0	0	0	0	0	0	0	0	0	0	0	0	0	0	0	0	0	0	0	0	0	0	0	0	0	0	0	0	0	0	0	0	0	0	0	0	0	0	0	0	0	0	0	0	0	0	0	0	0	0	0	0	0	0	0	0	0	0	0	0	0	0	0	0	0	0	0	0	0	0	0	0	0	0	0	0	0	0	0	0	0	0	0	0	0	0	0	0	0	0	0	0	0	0	0	0	0	0	0	0	0	0	0	0	0	0	0	0	0	0	0	0	0	
0	0	0	0	0	0	0	0	0	0	0	0	0	0	0	0	0	0	0	0	0	0	0	0	0	0	0	0	0	0	0	0	0	0	0	0	0	1790	1790	1809	1819	1828	1838	1838	1848	1858	1858	1868	1878	1888	1909	1909	1920	1931	1964	1975	1975	1975	2009	2009	2021	2033	2045	2045	2057	2057	2069	2082	2082	2133	2174	2174	2487	2487	2505	2505	2505	2505	2505	2523	2523	2523	2523	2523	2523	2505	2523	2523	2505	2487	2487	2487	2487	2487	2505	2523	2523	2523	2523	2523	2523	2505	2487	2487	2505	2487	2487	2487	2487	2487	2505	2523	2523	2523	2487	2487	2487	2487	2487	2487	2487	2487	2487	2487	2487	2505	2505	2505	2505	2487	2469	2469	2469	2469	2451	2451	2451	2451	2451	2451	2451	2451	2451	2451	2451	2451	2451	2451	2451	2451	2451	2451	2469	2469	2469	2487	2487	2487	2505	2505	2487	2505	2487	2487	2487	2487	2487	2505	2487	2505	2505	2487	2487	2487	2469	2487	2487	2487	2505	2505	2505	2523	2523	2523	2523	2523	2523	2505	2505	2487	2505	2487	2487	2487	2469	2487	2487	2469	2487	2487	2487	2469	2469	2469	2469	2487	2487	2505	2487	2505	2487	2487	2487	2487	2487	2487	2487	2487	2487	2469	2487	2469	2469	2469	2487	2487	2505	2487	2487	2523	2523	2505	2505	2469	2469	2469	2469	2469	2469	2469	2469	2469	2469	2469	2469	2451	2469	2469	2469	2469	2469	2469	2487	2487	2487	2505	2147	2147	2147	2133	2120	2120	2107	2095	2095	2082	2082	2082	2082	2082	2082	2082	2082	2082	2082	2082	2095	2095	2095	2095	2095	2095	2095	2095	2095	2095	2095	2095	2107	2095	2107	2107	2107	2107	2107	2107	2107	2107	2095	2095	2082	0	0	0	0	0	0	0	0	1422	1422	1422	1422	1422	1422	1422	1422	1422	1428	1440	0	0	0	0	0	0	0	0	0	0	0	0	0	0	0	0	0	921	919	914	914	911	911	907	907	902	899	892	892	892	890	890	890	890	888	886	883	883	881	879	877	874	872	868	868	868	870	870	872	874	879	879	919	921	921	921	0	0	919	919	921	870	870	870	870	868	868	868	866	866	863	861	859	859	857	855	853	853	853	851	846	846	846	844	844	844	842	840	840	838	836	836	834	832	832	832	830	830	830	828	828	828	828	828	826	828	826	826	826	826	826	826	826	826	828	828	830	830	830	830	830	830	830	830	830	830	832	832	832	832	832	832	832	832	832	0	0	0	0	0	0	0	0	0	0	0	0	0	0	0	0	0	0	0	0	0	0	0	0	0	0	0	0	0	0	0	0	0	0	0	0	0	0	0	0	0	0	0	0	0	0	0	0	0	0	0	0	0	0	0	0	0	0	0	0	0	0	0	0	0	0	0	0	0	0	0	0	0	0	0	0	0	0	0	0	0	0	0	0	0	0	0	0	0	0	0	0	0	0	0	0	0	0	0	0	0	0	0	0	0	0	0	0	0	0	0	0	0	0	0	0	0	0	0	0	0	0	0	0	0	0	0	0	0	0	0	0	0	0	0	0	0	0	0	0	0	0	0	0	0	0	0	0	0	0	0	0	0	0	0	0	0	0	0	0	0	0	0	0	0	0	0	0	0	0	0	0	0	0	0	0	0	0	0	0	0	0	0	0	0	
0	0	0	0	0	0	0	0	0	0	0	0	0	0	0	0	0	0	0	0	0	0	0	0	0	0	0	0	0	0	0	0	0	0	0	0	0	1790	1790	1819	1828	1838	1848	1848	1848	1858	1868	1858	1868	1888	1909	1920	1931	1941	1964	1964	1975	1975	2009	2009	2021	2033	2045	2057	2057	2057	2069	2069	2082	2147	2160	2160	2487	2487	2487	2487	2487	2487	2487	2505	2505	2505	2505	2505	2505	2505	2505	2505	2487	2469	2487	2487	2487	2487	2487	2487	2523	2523	2523	2487	2487	2487	2487	2469	2487	2487	2487	2487	2469	2487	2487	2487	2487	2487	2487	2487	2469	2469	2469	2469	2469	2469	2469	2469	2487	2487	2487	2487	2487	2487	2469	2469	2451	2451	2451	2451	2451	2451	2451	2451	2451	2451	2451	2451	2451	2451	2451	2451	2451	2451	2451	2451	2451	2469	2469	2487	2487	2487	2487	2487	2487	2487	2487	2487	2487	2487	2487	2487	2487	2487	2505	2487	2487	2487	2469	2469	2487	2487	2487	2487	2487	2505	2505	2505	2505	2505	2505	2487	2487	2469	2487	2469	2487	2469	2469	2469	2469	2469	2469	2469	2469	2451	2469	2451	2469	2469	2469	2487	2469	2487	2487	2487	2487	2469	2469	2487	2487	2487	2487	2469	2451	2451	2451	2451	2451	2451	2451	2451	2451	2505	2451	2451	2451	2451	2434	2434	2434	2434	2434	2451	2451	2451	2451	2451	2451	2451	2451	2451	2434	2434	2434	2434	2434	2451	2451	2451	2147	2147	2147	2133	2120	2120	2107	2095	2082	2082	2082	2082	2082	2082	2082	2082	2082	2082	2082	2082	2095	2095	2095	2095	2095	2095	2107	2095	2095	2095	2095	2095	2095	2095	2107	2107	2107	2107	2120	2107	2107	2107	2107	2095	2107	2120	0	0	0	0	0	0	0	1422	1422	1422	1422	1422	1422	1422	1422	1422	1440	1422	0	0	0	0	0	0	0	0	0	0	0	0	0	0	0	0	0	921	919	919	914	911	911	909	907	904	899	895	895	892	892	890	890	890	890	888	886	883	883	881	879	877	874	872	870	870	870	872	872	877	879	881	874	921	921	0	0	0	916	919	919	872	872	872	872	870	868	868	866	866	866	863	859	859	857	857	855	853	853	851	846	846	846	844	844	842	842	840	838	836	836	834	834	832	832	830	830	830	828	828	828	828	828	826	826	826	826	826	826	826	828	828	828	828	828	828	828	828	830	830	830	828	828	830	830	830	832	832	832	832	832	832	830	832	830	0	0	0	0	0	0	0	0	0	0	0	0	0	0	0	0	0	0	0	0	0	0	0	0	0	0	0	0	0	0	0	0	0	0	0	0	0	0	0	0	0	0	0	0	0	0	0	0	0	0	0	0	0	0	0	0	0	0	0	0	0	0	0	0	0	0	0	0	0	0	0	0	0	0	0	0	0	0	0	0	0	0	0	0	0	0	0	0	0	0	0	0	0	0	0	0	0	0	0	0	0	0	0	0	0	0	0	0	0	0	0	0	0	0	0	0	0	0	0	0	0	0	0	0	0	0	0	0	0	0	0	0	0	0	0	0	0	0	0	0	0	0	0	0	0	0	0	0	0	0	0	0	0	0	0	0	0	0	0	0	0	0	0	0	0	0	0	0	0	0	0	0	0	0	0	0	0	0	0	0	0	0	0	0	0	
0	0	0	0	0	0	0	0	0	0	0	0	0	0	0	0	0	0	0	0	0	0	0	0	0	0	0	0	0	0	0	0	0	0	0	0	0	1800	1800	1819	1828	1838	1838	1848	1848	1858	1868	1868	1858	1858	1920	1920	1931	1941	1964	1975	1975	1986	2009	2009	2021	2033	2045	2045	2057	2057	2069	2082	2082	2160	2174	2160	2469	2487	2487	2487	2487	2487	2487	2505	2505	2505	2505	2505	2487	2487	2487	2487	2469	2469	2469	2469	2469	2469	2469	2469	2469	2417	2469	2417	2469	2469	2469	2469	2469	2469	2469	2469	2469	2469	2469	2469	2469	2487	2487	2469	2469	2469	2451	2469	2469	2469	2469	2469	2469	2487	2487	2487	2469	2469	2451	2451	2451	2451	2434	2451	2451	2434	2434	2434	2434	2451	2451	2451	2451	2451	2451	2451	2451	2451	2451	2451	2451	2469	2469	2469	2469	2469	2469	2469	2469	2469	2469	2469	2469	2469	2469	2469	2469	2469	2487	2487	2469	2469	2469	2469	2469	2469	2469	2487	2487	2487	2505	2505	2505	2505	2505	2487	2469	2469	2469	2469	2469	2469	2451	2451	2451	2434	2434	2434	2434	2434	2434	2434	2434	2451	2451	2451	2451	2451	2451	2451	2451	2451	2451	2451	2451	2451	2451	2451	2451	2451	2434	2434	2434	2434	2434	2434	2434	2434	2451	2434	2434	2434	2434	2434	2434	2434	2434	2434	2434	2451	2451	2434	2451	2434	2434	2434	2434	2434	2434	2434	2434	2434	2451	2451	2451	2147	2147	2120	2120	2107	2095	2095	2082	2082	2082	2082	2082	2082	2082	2082	2082	2082	2082	2082	2095	2095	2095	2095	2095	2095	2095	2095	2095	2095	2095	2095	2095	2095	2107	2107	2107	2120	2120	2120	2107	2107	2107	2107	2120	0	0	0	0	0	0	0	0	1422	1422	1422	1422	1422	1422	1422	1422	1422	1434	1428	0	0	0	0	0	0	0	0	0	0	0	0	0	0	0	0	0	919	919	916	916	914	911	909	909	904	899	897	895	895	892	892	890	890	890	888	886	886	886	883	883	881	879	874	872	872	872	872	874	877	879	879	877	921	921	0	0	921	0	0	928	874	874	879	874	872	868	868	868	866	866	863	861	861	859	857	855	855	853	851	846	846	846	844	844	842	840	840	838	836	836	834	834	832	830	830	830	830	828	828	828	828	826	826	826	826	826	826	826	826	828	828	828	828	828	828	828	828	828	830	830	828	828	830	830	830	830	832	832	832	832	832	830	830	0	0	0	0	0	0	0	0	0	0	0	0	0	0	0	0	0	0	0	0	0	0	0	0	0	0	0	0	0	0	0	0	0	0	0	0	0	0	0	0	0	0	0	0	0	0	0	0	0	0	0	0	0	0	0	0	0	0	0	0	0	0	0	0	0	0	0	0	0	0	0	0	0	0	0	0	0	0	0	0	0	0	0	0	0	0	0	0	0	0	0	0	0	0	0	0	0	0	0	0	0	0	0	0	0	0	0	0	0	0	0	0	0	0	0	0	0	0	0	0	0	0	0	0	0	0	0	0	0	0	0	0	0	0	0	0	0	0	0	0	0	0	0	0	0	0	0	0	0	0	0	0	0	0	0	0	0	0	0	0	0	0	0	0	0	0	0	0	0	0	0	0	0	0	0	0	0	0	0	0	0	0	0	0	0	0	
0	0	0	0	0	0	0	0	0	0	0	0	0	0	0	0	0	0	0	0	0	0	0	0	0	0	0	0	0	0	0	0	0	0	0	0	0	1800	1800	1819	1828	1838	1848	1848	1848	1858	1868	1868	1888	1909	1920	1920	1920	1941	1964	1975	1975	1986	2009	2009	2021	2033	2033	2045	2057	2057	2069	2082	2082	2160	2160	2147	2469	2469	2487	2487	2487	2487	2487	2487	2487	2487	2487	2487	2487	2487	2469	2469	2469	2451	2451	2451	2451	2451	2451	2451	2417	2417	2417	2417	2417	2469	2469	2469	2469	2469	2469	2469	2451	2469	2469	2451	2451	2469	2469	2469	2451	2451	2451	2451	2451	2451	2451	2469	2451	2469	2469	2469	2469	2469	2451	2451	2434	2434	2434	2434	2434	2417	2417	2417	2417	2434	2434	2434	2451	2451	2451	2451	2451	2434	2451	2451	2451	2451	2451	2451	2451	2451	2451	2469	2469	2469	2469	2469	2469	2469	2469	2469	2469	2469	2469	2469	2451	2451	2434	2451	2451	2451	2451	2451	2434	2417	2434	2417	2451	2434	2451	2451	2469	2469	2469	2451	2469	2451	2434	2434	2417	2417	2417	2417	2417	2417	2417	2434	2434	2434	2434	2451	2434	2434	2434	2434	2434	2434	2434	2451	2434	2451	2451	2434	2434	2434	2434	2434	2417	2417	2417	2417	2417	2417	2434	2434	2434	2434	2434	2434	2434	2434	2434	2434	2434	2434	2434	2434	2434	2434	2434	2417	2417	2417	2417	2417	2417	2434	2434	2451	2451	2133	2133	2120	2120	2107	2095	2095	2082	2082	2082	2082	2082	2082	2082	2082	2082	2082	2082	2082	2095	2095	2095	2095	2095	2095	2095	2095	2095	2095	2095	2095	2095	2095	2095	2107	2107	2120	2120	2120	2107	2107	2107	2107	2120	0	0	0	0	0	0	0	1422	1422	1422	1422	1422	1422	1428	1422	1422	1422	1428	1416	0	0	0	0	0	0	0	0	0	0	0	0	0	0	0	0	926	921	919	919	916	916	914	911	909	907	902	899	897	895	895	892	892	890	890	888	886	883	883	883	883	881	881	879	877	874	874	874	874	879	879	879	874	919	926	926	0	0	0	0	0	883	881	874	874	874	872	870	868	868	866	866	863	863	861	859	857	855	853	851	846	846	846	844	844	842	840	838	838	836	836	834	834	832	830	830	830	830	828	828	828	828	826	826	826	826	826	826	828	828	828	828	828	828	828	828	828	828	828	828	828	828	828	828	830	830	830	830	830	832	830	830	830	0	0	0	0	0	0	0	0	0	0	0	0	0	0	0	0	0	0	0	0	0	0	0	0	0	0	0	0	0	0	0	0	0	0	0	0	0	0	0	0	0	0	0	0	0	0	0	0	0	0	0	0	0	0	0	0	0	0	0	0	0	0	0	0	0	0	0	0	0	0	0	0	0	0	0	0	0	0	0	0	0	0	0	0	0	0	0	0	0	0	0	0	0	0	0	0	0	0	0	0	0	0	0	0	0	0	0	0	0	0	0	0	0	0	0	0	0	0	0	0	0	0	0	0	0	0	0	0	0	0	0	0	0	0	0	0	0	0	0	0	0	0	0	0	0	0	0	0	0	0	0	0	0	0	0	0	0	0	0	0	0	0	0	0	0	0	0	0	0	0	0	0	0	0	0	0	0	0	0	0	0	0	0	0	0	0	0	
0	0	0	0	0	0	0	0	0	0	0	0	0	0	0	0	0	0	0	0	0	0	0	0	0	0	0	0	0	0	0	0	0	0	0	0	0	1800	1809	1828	1838	1848	1848	1848	1848	1858	1868	1878	1888	1909	1920	1909	1909	1941	1964	1975	1986	1986	2009	2009	2021	2033	2033	2045	2045	2045	2069	2082	2082	2147	2160	2133	2133	2120	2469	2469	2469	2469	2469	2469	2469	2469	2469	2469	2469	2451	2451	2451	2451	2434	2434	2434	2434	2434	2434	2417	2417	2417	2417	2417	2417	2434	2434	2434	2434	2434	2434	2434	2434	2434	2434	2434	2434	2434	2451	2451	2434	2434	2451	2451	2451	2451	2434	2451	2451	2451	2469	2451	2451	2469	2451	2451	2434	2434	2434	2434	2434	2417	2417	2417	2417	2417	2417	2417	2434	2434	2434	2434	2417	2417	2434	2417	2417	2417	2417	2417	2400	2400	2434	2434	2434	2434	2434	2434	2434	2434	2434	2417	2434	2417	2434	2434	2417	2417	2417	2434	2434	2434	2417	2417	2417	2400	2400	2400	2417	2417	2417	2451	2451	2451	2451	2451	2451	2451	2434	2417	2417	2417	2417	2400	2400	2400	2417	2417	2417	2417	2417	2434	2417	2417	2417	2417	2434	2434	2434	2434	2434	2434	2434	2434	2417	2417	2417	2417	2400	2400	2400	2400	2400	2400	2400	2417	2417	2434	2434	2417	2417	2417	2417	2417	2417	2434	2434	2434	2434	2434	2417	2417	2417	2417	2417	2417	2400	2417	2434	2434	2434	2133	2133	2120	2120	2107	2095	2095	2082	2082	2082	2082	2082	2082	2082	2082	2082	2082	2082	2095	2095	2095	2095	2095	2107	2107	2107	2095	2095	2095	2095	2095	2082	2095	2095	2107	2107	2120	2120	2120	2107	2120	2107	2107	2107	2107	0	0	0	0	0	0	1422	1422	1422	1422	1422	1422	1428	1422	1428	1428	1428	1428	0	0	0	0	0	0	0	0	0	0	0	0	0	0	0	0	0	921	921	921	919	919	914	911	909	909	902	902	899	895	895	892	892	890	890	888	888	886	886	883	883	883	881	881	879	879	879	879	877	879	881	874	874	916	926	926	926	0	0	928	931	883	883	877	877	874	874	872	870	868	868	868	863	863	861	859	857	855	853	853	846	846	846	844	842	842	840	838	838	836	836	834	832	832	830	830	830	830	828	828	828	826	826	826	826	826	826	828	828	828	828	828	828	828	828	828	828	828	828	828	828	828	828	828	830	830	830	830	830	832	830	830	830	0	0	0	0	0	0	0	0	0	0	0	0	0	0	0	0	0	0	0	0	0	0	0	0	0	0	0	0	0	0	0	0	0	0	0	0	0	0	0	0	0	0	0	0	0	0	0	0	0	0	0	0	0	0	0	0	0	0	0	0	0	0	0	0	0	0	0	0	0	0	0	0	0	0	0	0	0	0	0	0	0	0	0	0	0	0	0	0	0	0	0	0	0	0	0	0	0	0	0	0	0	0	0	0	0	0	0	0	0	0	0	0	0	0	0	0	0	0	0	0	0	0	0	0	0	0	0	0	0	0	0	0	0	0	0	0	0	0	0	0	0	0	0	0	0	0	0	0	0	0	0	0	0	0	0	0	0	0	0	0	0	0	0	0	0	0	0	0	0	0	0	0	0	0	0	0	0	0	0	0	0	0	0	0	0	0	0	
0	0	0	0	0	0	0	0	0	0	0	0	0	0	0	0	0	0	0	0	0	0	0	0	0	0	0	0	0	0	0	0	0	0	0	0	0	1800	1819	1828	1838	1838	1848	1848	1848	1858	1868	1878	1888	1909	1920	1909	1909	1931	1964	1975	1975	1986	2009	2009	2021	2033	2045	2045	2057	2057	2069	2069	2069	2160	2147	2133	2133	2120	2469	2469	2469	2469	2451	2451	2451	2434	2451	2451	2451	2434	2451	2451	2451	2434	2417	2417	2434	2417	2417	2400	2400	2417	2400	2400	2400	2417	2434	2434	2434	2434	2434	2434	2417	2417	2434	2417	2417	2417	2434	2434	2434	2434	2434	2434	2417	2417	2417	2417	2417	2417	2417	2417	2417	2434	2417	2417	2400	2400	2400	2400	2400	2400	2384	2384	2384	2384	2384	2384	2384	2400	2400	2400	2400	2400	2417	2400	2400	2400	2400	2400	2400	2400	2400	2400	2417	2400	2417	2417	2417	2417	2417	2400	2417	2400	2400	2417	2400	2417	2417	2417	2400	2417	2400	2400	2400	2400	2400	2400	2417	2400	2400	2417	2434	2451	2451	2434	2451	2451	2417	2400	2400	2400	2400	2400	2400	2400	2417	2417	2417	2417	2400	2400	2400	2400	2400	2400	2417	2434	2417	2434	2434	2434	2434	2417	2400	2400	2400	2400	2384	2384	2384	2384	2384	2384	2384	2400	2400	2417	2417	2400	2400	2400	2417	2400	2417	2417	2417	2417	2417	2417	2417	2417	2417	2417	2400	2400	2400	2400	2400	2417	2417	2434	2133	2120	2120	2107	2095	2095	2082	2082	2082	2082	2082	2082	2082	2082	2082	2082	2082	2082	2095	2095	2095	2107	2107	2107	2107	2107	2095	2095	2095	2095	2095	2095	2095	2107	2107	2120	2120	2120	2107	2120	2107	2120	2120	2107	0	0	0	0	0	0	0	1416	1422	1416	1422	1422	1428	1422	1428	1428	1428	1422	0	0	0	0	0	0	0	0	0	0	0	0	0	0	0	0	0	921	921	921	919	919	916	916	911	909	904	902	902	899	897	895	892	892	890	890	888	886	883	883	883	883	881	881	881	881	881	881	879	881	881	874	874	916	921	923	0	928	0	931	928	883	883	883	879	877	874	872	870	868	868	866	863	863	861	859	857	855	853	853	849	846	844	844	842	840	840	838	838	836	834	834	832	832	830	830	828	828	828	828	828	826	826	826	826	826	826	828	828	828	828	828	828	828	828	828	828	828	828	828	828	828	828	828	830	830	830	830	830	832	830	830	830	0	0	0	0	0	0	0	0	0	0	0	0	0	0	0	0	0	0	0	0	0	0	0	0	0	0	0	0	0	0	0	0	0	0	0	0	0	0	0	0	0	0	0	0	0	0	0	0	0	0	0	0	0	0	0	0	0	0	0	0	0	0	0	0	0	0	0	0	0	0	0	0	0	0	0	0	0	0	0	0	0	0	0	0	0	0	0	0	0	0	0	0	0	0	0	0	0	0	0	0	0	0	0	0	0	0	0	0	0	0	0	0	0	0	0	0	0	0	0	0	0	0	0	0	0	0	0	0	0	0	0	0	0	0	0	0	0	0	0	0	0	0	0	0	0	0	0	0	0	0	0	0	0	0	0	0	0	0	0	0	0	0	0	0	0	0	0	0	0	0	0	0	0	0	0	0	0	0	0	0	0	0	0	0	0	0	0	
0	0	0	0	0	0	0	0	0	0	0	0	0	0	0	0	0	0	0	0	0	0	0	0	0	0	0	0	0	0	0	0	0	0	0	0	0	1800	1809	1819	1828	1838	1848	1858	1848	1858	1868	1878	1888	1899	1909	1909	1920	1931	1964	1975	1986	1986	2009	2009	2021	2033	2045	2045	2057	2045	2069	2069	2082	2133	2147	2133	2120	2120	2451	2434	2451	2451	2434	2417	2434	2417	2434	2434	2434	2434	2434	2434	2417	2417	2400	2400	2400	2400	2400	2400	2400	2400	2400	2400	2400	2400	2417	2417	2417	2417	2417	2417	2417	2400	2417	2417	2417	2417	2417	2417	2417	2400	2417	2400	2400	2400	2400	2400	2400	2384	2384	2400	2400	2400	2384	2384	2400	2400	2384	2384	2400	2400	2384	2384	2384	2384	2384	2384	2384	2384	2384	2384	2384	2400	2400	2400	2400	2400	2400	2384	2384	2384	2367	2384	2384	2367	2384	2384	2384	2384	2384	2384	2400	2400	2400	2400	2400	2400	2400	2400	2400	2400	2400	2400	2400	2400	2400	2400	2400	2400	2384	2384	2384	2384	2417	2417	2434	2434	2400	2400	2384	2400	2400	2400	2400	2384	2400	2417	2400	2400	2400	2384	2384	2384	2384	2384	2400	2417	2417	2417	2417	2417	2417	2400	2384	2384	2384	2384	2384	2367	2367	2367	2367	2367	2367	2367	2367	2367	2384	2384	2384	2384	2384	2384	2384	2384	2384	2384	2417	2400	2400	2400	2400	2400	2400	2384	2384	2384	2384	2384	2384	2384	2133	2120	2107	2107	2095	2095	2082	2082	2082	2082	2082	2082	2082	2082	2082	2082	2082	2082	2095	2095	2107	2107	2107	2107	2107	2095	2095	2095	2095	2095	2082	2095	2095	2107	2107	2120	2120	2120	2107	2107	2107	2107	2133	2095	0	0	0	0	0	0	0	0	1416	1416	1416	1422	1422	1422	1428	1428	1428	1428	0	0	0	0	0	0	0	0	0	0	0	0	0	0	0	0	928	921	921	921	919	919	916	916	911	911	904	904	902	899	899	897	892	892	892	890	888	886	886	883	883	883	883	883	881	881	881	881	881	883	883	877	874	911	919	923	923	926	928	928	928	931	886	883	881	877	877	874	872	868	868	866	863	863	861	859	857	855	853	853	849	846	844	844	842	840	838	838	838	836	834	834	832	832	830	830	828	828	828	828	828	826	826	826	826	826	826	828	828	828	828	828	828	828	828	828	828	828	828	828	828	828	828	828	830	830	830	830	830	832	830	0	0	0	0	0	0	0	0	0	0	0	0	0	0	0	0	0	0	0	0	0	0	0	0	0	0	0	0	0	0	0	0	0	0	0	0	0	0	0	0	0	0	0	0	0	0	0	0	0	0	0	0	0	0	0	0	0	0	0	0	0	0	0	0	0	0	0	0	0	0	0	0	0	0	0	0	0	0	0	0	0	0	0	0	0	0	0	0	0	0	0	0	0	0	0	0	0	0	0	0	0	0	0	0	0	0	0	0	0	0	0	0	0	0	0	0	0	0	0	0	0	0	0	0	0	0	0	0	0	0	0	0	0	0	0	0	0	0	0	0	0	0	0	0	0	0	0	0	0	0	0	0	0	0	0	0	0	0	0	0	0	0	0	0	0	0	0	0	0	0	0	0	0	0	0	0	0	0	0	0	0	0	0	0	0	0	0	0	0	
0	0	0	0	0	0	0	0	0	0	0	0	0	0	0	0	0	0	0	0	0	0	0	0	0	0	0	0	0	0	0	0	0	0	0	0	0	1781	1809	1819	1828	1838	1848	1848	1848	1858	1868	1868	1878	1899	1899	1920	1920	1931	1931	1964	1975	1986	2009	2009	2021	2021	2045	2045	2057	2057	2069	2069	2082	2107	2147	2120	2120	2400	2400	2400	2400	2400	2400	2400	2400	2400	2400	2400	2400	2400	2400	2400	2400	2400	2400	2400	2400	2400	2400	2400	2384	2400	2400	2384	2384	2384	2400	2400	2400	2400	2400	2400	2400	2400	2400	2400	2400	2400	2417	2400	2400	2400	2400	2400	2384	2384	2384	2384	2367	2367	2367	2367	2367	2367	2351	2351	2384	2384	2351	2367	2384	2384	2367	2367	2367	2384	2384	2384	2384	2384	2384	2384	2384	2384	2400	2400	2400	2400	2400	2384	2384	2384	2367	2367	2384	2367	2367	2367	2351	2351	2367	2367	2384	2384	2400	2400	2384	2400	2400	2400	2384	2384	2384	2384	2384	2384	2384	2384	2400	2384	2384	2384	2384	2384	2400	2400	2417	2417	2384	2384	2384	2384	2384	2367	2384	2384	2384	2400	2384	2384	2384	2384	2384	2367	2367	2367	2384	2384	2384	2400	2400	2400	2417	2384	2384	2384	2384	2384	2367	2367	2367	2367	2367	2367	2351	2351	2351	2335	2367	2367	2367	2367	2384	2384	2384	2384	2384	2384	2384	2384	2384	2384	2384	2400	2384	2384	2384	2384	2384	2384	2384	2120	2120	2107	2107	2095	2095	2082	2082	2082	2069	2082	2082	2082	2082	2082	2082	2082	2082	2095	2095	2095	2107	2107	2107	2107	2107	2095	2095	2095	2095	2082	2082	2095	2095	2095	2107	2107	2107	2107	2095	2095	2082	2095	2082	2107	0	0	0	0	0	0	0	1416	1416	1416	1416	1422	1422	1422	1428	1428	1428	1434	0	0	0	0	0	0	0	0	0	0	0	0	0	0	0	0	0	926	921	921	919	919	916	914	911	911	907	904	902	902	899	897	895	895	892	890	888	886	886	886	883	883	883	883	883	883	881	881	881	883	883	881	879	911	926	923	923	926	928	928	928	928	886	883	881	879	877	874	872	870	868	866	863	863	859	857	857	855	853	851	849	846	844	842	842	840	838	838	836	836	834	832	832	830	830	830	828	828	828	828	828	826	826	826	826	826	828	828	828	828	828	828	828	828	828	828	828	828	828	828	828	826	828	828	830	830	830	830	830	830	830	830	0	0	0	0	0	0	0	0	0	0	0	0	0	0	0	0	0	0	0	0	0	0	0	0	0	0	0	0	0	0	0	0	0	0	0	0	0	0	0	0	0	0	0	0	0	0	0	0	0	0	0	0	0	0	0	0	0	0	0	0	0	0	0	0	0	0	0	0	0	0	0	0	0	0	0	0	0	0	0	0	0	0	0	0	0	0	0	0	0	0	0	0	0	0	0	0	0	0	0	0	0	0	0	0	0	0	0	0	0	0	0	0	0	0	0	0	0	0	0	0	0	0	0	0	0	0	0	0	0	0	0	0	0	0	0	0	0	0	0	0	0	0	0	0	0	0	0	0	0	0	0	0	0	0	0	0	0	0	0	0	0	0	0	0	0	0	0	0	0	0	0	0	0	0	0	0	0	0	0	0	0	0	0	0	0	0	0	0	
0	0	0	0	0	0	0	0	0	0	0	0	0	0	0	0	0	0	0	0	0	0	0	0	0	0	0	0	0	0	0	0	0	0	0	0	0	1772	1809	1819	1838	1838	1838	1848	1848	1848	1858	1868	1868	1878	1888	1899	1909	1931	1931	1964	1986	2009	2021	2021	2021	2033	2033	2045	2057	2057	2069	2069	2082	2107	2120	2133	2133	2384	2384	2384	2400	2384	2384	2384	2384	2384	2384	2384	2384	2384	2384	2384	2384	2384	2384	2384	2400	2384	2400	2384	2384	2400	2400	2384	2384	2384	2400	2400	2384	2384	2400	2400	2400	2400	2400	2384	2384	2384	2384	2384	2367	2367	2384	2367	2367	2367	2367	2367	2367	2351	2351	2367	2367	2351	2335	2335	2351	2351	2335	2335	2335	2335	2367	2367	2367	2384	2384	2384	2384	2384	2384	2384	2384	2384	2384	2384	2384	2384	2400	2384	2384	2367	2367	2367	2367	2367	2351	2351	2351	2351	2351	2367	2384	2384	2384	2384	2384	2384	2384	2384	2384	2384	2384	2384	2384	2384	2384	2384	2384	2367	2367	2351	2351	2351	2384	2384	2384	2400	2384	2384	2367	2367	2367	2367	2367	2367	2384	2384	2384	2384	2384	2367	2367	2367	2367	2351	2367	2367	2367	2367	2384	2384	2400	2384	2367	2384	2384	2367	2367	2367	2367	2351	2351	2351	2351	2351	2335	2320	2351	2351	2351	2351	2367	2367	2384	2384	2384	2384	2384	2384	2384	2384	2384	2384	2384	2384	2384	2384	2367	2367	2367	2133	2133	2107	2095	2095	2095	2082	2082	2082	2069	2069	2069	2069	2069	2069	2069	2069	2082	2082	2082	2082	2095	2095	2107	2095	2095	2095	2095	2095	2082	2082	2082	2082	2082	2095	2095	2095	2107	2095	2082	2082	2082	2082	2069	0	0	0	0	0	0	0	0	1416	1416	1416	1416	1422	1422	1422	1428	1422	1428	1428	1434	0	0	0	0	0	0	0	0	0	0	0	0	0	0	0	0	904	921	919	916	916	916	914	911	911	907	907	902	902	899	897	895	895	892	892	890	888	886	886	886	883	883	883	883	883	883	883	883	883	883	881	883	911	916	923	923	926	928	928	928	928	886	883	881	881	879	874	872	868	868	866	863	861	859	857	855	855	853	851	849	846	844	842	840	840	838	838	836	836	834	832	832	830	830	830	828	828	828	828	828	828	826	826	826	826	828	828	828	828	828	828	828	828	828	828	828	828	826	826	826	826	828	828	828	830	830	830	830	830	830	830	0	0	0	0	0	0	0	0	0	0	0	0	0	0	0	0	0	0	0	0	0	0	0	0	0	0	0	0	0	0	0	0	0	0	0	0	0	0	0	0	0	0	0	0	0	0	0	0	0	0	0	0	0	0	0	0	0	0	0	0	0	0	0	0	0	0	0	0	0	0	0	0	0	0	0	0	0	0	0	0	0	0	0	0	0	0	0	0	0	0	0	0	0	0	0	0	0	0	0	0	0	0	0	0	0	0	0	0	0	0	0	0	0	0	0	0	0	0	0	0	0	0	0	0	0	0	0	0	0	0	0	0	0	0	0	0	0	0	0	0	0	0	0	0	0	0	0	0	0	0	0	0	0	0	0	0	0	0	0	0	0	0	0	0	0	0	0	0	0	0	0	0	0	0	0	0	0	0	0	0	0	0	0	0	0	0	0	0	
0	0	0	0	0	0	0	0	0	0	0	0	0	0	0	0	0	0	0	0	0	0	0	0	0	0	0	0	0	0	0	0	0	0	0	0	0	0	1772	1772	1819	1828	1828	1848	1848	1858	1858	1858	1868	1868	1878	1899	1909	1931	1931	1964	1986	1986	2009	2009	2021	2021	2033	2045	2057	2057	2069	2069	2082	2095	2120	2120	2120	2367	2367	2384	2384	2384	2367	2384	2367	2384	2384	2367	2384	2384	2367	2367	2367	2367	2367	2367	2384	2384	2384	2384	2384	2400	2400	2384	2367	2367	2367	2367	2367	2367	2367	2384	2384	2384	2384	2367	2367	2367	2367	2367	2367	2367	2367	2367	2351	2351	2351	2351	2351	2351	2351	2367	2351	2351	2335	2335	2335	2335	2335	2335	2335	2320	2320	2351	2351	2367	2367	2367	2367	2367	2367	2367	2384	2384	2384	2384	2384	2384	2384	2384	2367	2367	2367	2351	2351	2351	2351	2351	2335	2351	2351	2351	2367	2384	2384	2367	2367	2367	2367	2367	2367	2367	2384	2384	2384	2384	2384	2384	2384	2367	2351	2351	2351	2367	2367	2367	2367	2367	2367	2367	2351	2351	2351	2351	2367	2351	2367	2367	2384	2367	2367	2367	2367	2351	2351	2351	2351	2335	2351	2335	2384	2367	2367	2367	2351	2367	2367	2367	2351	2351	2351	2351	2335	2335	2335	2335	2320	2320	2335	2335	2335	2335	2335	2367	2367	2367	2367	2367	2367	2367	2351	2351	2351	2335	2351	2335	2335	2335	2320	2304	2160	2147	2147	2120	2107	2095	2095	2082	2082	2082	2069	2069	2082	2069	2069	2069	2069	2082	2082	2082	2082	2082	2095	2095	2095	2095	2095	2095	2082	2082	2082	2082	2082	2082	2082	2095	2095	2095	2095	2095	2082	2082	2069	2082	2069	0	0	0	0	0	0	0	0	1416	1416	1416	1416	1422	1422	1422	1428	1428	1428	1428	1428	0	0	0	0	0	0	0	0	0	0	0	0	0	0	0	0	904	921	919	916	916	916	914	911	911	909	907	904	902	902	899	897	895	895	890	890	888	888	888	886	883	883	883	883	883	883	883	883	883	883	883	883	909	926	923	921	928	928	931	931	931	883	883	881	881	879	874	872	868	868	866	863	861	859	857	855	855	853	851	849	846	844	842	840	838	838	838	836	836	834	832	832	832	830	830	830	828	828	828	826	828	826	828	828	828	828	828	828	828	828	828	828	828	828	828	828	828	828	828	828	828	828	828	828	830	830	830	830	830	830	0	0	0	0	0	0	0	0	0	0	0	0	0	0	0	0	0	0	0	0	0	0	0	0	0	0	0	0	0	0	0	0	0	0	0	0	0	0	0	0	0	0	0	0	0	0	0	0	0	0	0	0	0	0	0	0	0	0	0	0	0	0	0	0	0	0	0	0	0	0	0	0	0	0	0	0	0	0	0	0	0	0	0	0	0	0	0	0	0	0	0	0	0	0	0	0	0	0	0	0	0	0	0	0	0	0	0	0	0	0	0	0	0	0	0	0	0	0	0	0	0	0	0	0	0	0	0	0	0	0	0	0	0	0	0	0	0	0	0	0	0	0	0	0	0	0	0	0	0	0	0	0	0	0	0	0	0	0	0	0	0	0	0	0	0	0	0	0	0	0	0	0	0	0	0	0	0	0	0	0	0	0	0	0	0	0	0	0	0	
0	0	0	0	0	0	0	0	0	0	0	0	0	0	0	0	0	0	0	0	0	0	0	0	0	0	0	0	0	0	0	0	0	0	0	0	0	0	1781	1781	1800	1819	1819	1838	1848	1848	1858	1858	1868	1878	1888	1899	1909	1931	1931	1952	1975	1986	2009	2009	2021	2021	2033	2045	2057	2057	2069	2069	2082	2095	2107	2120	2120	2351	2351	2367	2367	2367	2367	2367	2367	2367	2351	2351	2351	2351	2351	2351	2351	2351	2367	2367	2367	2367	2367	2367	2351	2351	2384	2367	2367	2367	2367	2367	2367	2367	2351	2367	2367	2367	2367	2351	2351	2367	2367	2351	2351	2351	2351	2351	2351	2351	2351	2351	2351	2351	2351	2351	2351	2351	2335	2320	2335	2335	2335	2335	2320	2320	2320	2335	2335	2335	2351	2351	2351	2351	2351	2351	2367	2367	2384	2384	2384	2384	2384	2367	2367	2367	2351	2351	2351	2351	2351	2335	2335	2335	2335	2351	2351	2351	2351	2351	2351	2351	2351	2351	2367	2351	2367	2367	2367	2367	2367	2367	2367	2367	2351	2351	2351	2351	2351	2351	2351	2351	2351	2351	2335	2335	2335	2351	2351	2351	2351	2367	2367	2351	2351	2351	2351	2351	2351	2335	2335	2335	2335	2320	2351	2335	2335	2335	2335	2351	2351	2351	2335	2335	2335	2351	2335	2320	2320	2320	2320	2320	2320	2320	2320	2320	2320	2335	2335	2335	2335	2335	2335	2335	2335	2335	2335	2320	2320	2320	2320	2320	2304	2304	2304	2160	2147	2120	2107	2095	2095	2082	2082	2082	2069	2069	2082	2082	2069	2069	2069	2082	2082	2082	2082	2082	2095	2095	2095	2095	2082	2082	2082	2082	2082	2082	2082	2082	2082	2082	2095	2095	2095	2082	2082	2082	2069	2082	2069	0	0	0	0	0	0	0	0	1416	1416	1416	1416	1422	1422	1422	1428	1428	1428	1440	1452	0	0	0	0	0	0	0	0	0	0	0	0	0	0	0	0	0	902	921	919	914	914	914	911	911	909	907	907	904	902	899	899	897	892	892	890	890	890	888	888	886	886	883	883	883	883	883	883	883	883	883	895	909	926	923	921	928	931	933	933	933	883	883	883	881	879	874	872	868	866	866	863	861	859	857	855	853	851	851	849	844	844	842	840	838	838	838	836	836	834	832	832	832	830	830	830	828	828	828	826	826	828	828	828	828	828	828	828	828	828	828	828	828	828	828	828	828	828	828	828	828	828	828	830	830	830	830	830	830	830	0	0	0	0	0	0	0	0	0	0	0	0	0	0	0	0	0	0	0	0	0	0	0	0	0	0	0	0	0	0	0	0	0	0	0	0	0	0	0	0	0	0	0	0	0	0	0	0	0	0	0	0	0	0	0	0	0	0	0	0	0	0	0	0	0	0	0	0	0	0	0	0	0	0	0	0	0	0	0	0	0	0	0	0	0	0	0	0	0	0	0	0	0	0	0	0	0	0	0	0	0	0	0	0	0	0	0	0	0	0	0	0	0	0	0	0	0	0	0	0	0	0	0	0	0	0	0	0	0	0	0	0	0	0	0	0	0	0	0	0	0	0	0	0	0	0	0	0	0	0	0	0	0	0	0	0	0	0	0	0	0	0	0	0	0	0	0	0	0	0	0	0	0	0	0	0	0	0	0	0	0	0	0	0	0	0	0	0	0	
0	0	0	0	0	0	0	0	0	0	0	0	0	0	0	0	0	0	0	0	0	0	0	0	0	0	0	0	0	0	0	0	0	0	0	0	0	0	1781	1800	1800	1800	1819	1828	1838	1848	1858	1858	1868	1878	1888	1899	1920	1931	1931	1952	1964	1975	2009	2021	2021	2021	2033	2045	2057	2057	2069	2069	2082	2107	2107	2120	2201	2351	2351	2351	2351	2367	2351	2367	2351	2351	2351	2335	2335	2335	2351	2351	2335	2335	2351	2351	2351	2351	2351	2351	2351	2351	2351	2351	2351	2351	2351	2367	2367	2367	2351	2351	2351	2351	2351	2351	2351	2351	2351	2351	2335	2351	2351	2351	2335	2335	2335	2335	2335	2335	2335	2351	2351	2335	2320	2320	2320	2320	2320	2320	2320	2320	2320	2320	2320	2320	2320	2335	2335	2335	2320	2320	2320	2351	2367	2367	2367	2367	2367	2367	2351	2351	2335	2335	2335	2335	2335	2335	2320	2335	2320	2335	2335	2335	2335	2335	2335	2335	2335	2335	2335	2335	2351	2351	2351	2351	2351	2351	2351	2351	2335	2335	2335	2335	2335	2335	2335	2335	2320	2335	2335	2335	2320	2335	2335	2335	2335	2335	2335	2335	2335	2335	2335	2320	2320	2320	2320	2320	2320	2304	2320	2320	2320	2320	2320	2320	2320	2320	2320	2320	2320	2320	2304	2320	2320	2320	2320	2304	2320	2320	2320	2320	2320	2320	2320	2320	2320	2320	2335	2320	2320	2320	2320	2304	2304	2304	2304	2304	2304	2289	2289	2160	2147	2120	2120	2107	2095	2082	2082	2082	2069	2069	2082	2069	2069	2069	2069	2082	2082	2082	2082	2082	2082	2095	2095	2095	2082	2082	2082	2082	2082	2082	2082	2082	2082	2082	2082	2082	2095	2082	2082	2082	2069	2069	2069	0	0	0	0	0	0	0	0	1416	1416	1416	1416	1416	1422	1422	1428	1422	1428	1446	1452	0	0	0	0	0	0	0	0	0	0	0	0	0	0	0	0	0	902	921	919	911	916	911	911	911	909	909	907	904	902	902	899	897	892	892	892	890	890	888	888	888	888	886	883	883	883	883	883	883	883	883	895	909	914	921	921	928	931	931	931	933	883	883	883	881	879	877	874	868	859	866	861	861	859	857	855	853	853	851	849	844	844	842	840	840	838	838	836	836	834	834	834	832	830	830	830	830	828	828	826	828	828	828	828	828	828	828	828	828	828	828	828	828	828	828	828	828	826	828	828	828	828	828	830	830	830	830	830	830	830	0	0	0	0	0	0	0	0	0	0	0	0	0	0	0	0	0	0	0	0	0	0	0	0	0	0	0	0	0	0	0	0	0	0	0	0	0	0	0	0	0	0	0	0	0	0	0	0	0	0	0	0	0	0	0	0	0	0	0	0	0	0	0	0	0	0	0	0	0	0	0	0	0	0	0	0	0	0	0	0	0	0	0	0	0	0	0	0	0	0	0	0	0	0	0	0	0	0	0	0	0	0	0	0	0	0	0	0	0	0	0	0	0	0	0	0	0	0	0	0	0	0	0	0	0	0	0	0	0	0	0	0	0	0	0	0	0	0	0	0	0	0	0	0	0	0	0	0	0	0	0	0	0	0	0	0	0	0	0	0	0	0	0	0	0	0	0	0	0	0	0	0	0	0	0	0	0	0	0	0	0	0	0	0	0	0	0	0	0	
0	0	0	0	0	0	0	0	0	0	0	0	0	0	0	0	0	0	0	0	0	0	0	0	0	0	0	0	0	0	0	0	0	0	0	0	0	0	1781	1781	1790	1790	1809	1819	1838	1848	1858	1858	1868	1878	1888	1909	1920	1931	1941	1952	1964	1975	2009	2021	2021	2033	2033	2045	2057	2045	2057	2069	2095	2107	2120	2201	2201	2201	2351	2351	2351	2367	2351	2351	2351	2335	2335	2320	2304	2320	2335	2335	2320	2335	2335	2304	2304	2320	2320	2320	2289	2351	2335	2335	2335	2335	2335	2335	2335	2351	2335	2335	2335	2335	2335	2335	2320	2335	2335	2320	2320	2320	2335	2335	2335	2335	2335	2335	2335	2335	2335	2335	2335	2335	2320	2320	2320	2320	2320	2320	2320	2320	2320	2320	2320	2320	2304	2320	2320	2320	2304	2304	2289	2320	2304	2304	2335	2335	2335	2320	2320	2320	2320	2320	2320	2335	2320	2320	2320	2320	2320	2320	2335	2335	2335	2335	2335	2335	2335	2335	2335	2335	2320	2320	2320	2320	2320	2320	2320	2320	2320	2320	2320	2335	2335	2320	2320	2320	2304	2289	2289	2304	2304	2304	2304	2304	2320	2320	2320	2320	2320	2320	2320	2320	2320	2320	2320	2304	2304	2304	2304	2304	2304	2304	2304	2304	2304	2304	2304	2304	2304	2304	2289	2304	2304	2304	2304	2304	2320	2320	2320	2304	2304	2304	2320	2304	2320	2320	2320	2320	2320	2304	2304	2289	2289	2289	2289	2289	2289	2289	2274	2160	2147	2120	2120	2107	2095	2082	2082	2082	2069	2069	2082	2082	2069	2069	2069	2082	2082	2082	2082	2082	2082	2082	2082	2082	2082	2082	2082	2082	2082	2082	2082	2082	2082	2082	2082	2082	2082	2082	2082	2069	2069	2069	2057	0	0	0	0	0	0	0	0	1416	1416	1416	1416	1416	1422	1422	1422	1422	1428	1440	0	0	0	0	0	0	0	0	0	0	0	0	0	0	0	0	0	0	0	904	921	919	916	911	911	911	909	909	907	907	904	902	899	899	897	892	892	890	890	890	888	888	888	886	886	883	886	886	886	886	886	890	897	909	914	921	921	928	931	933	933	933	886	883	883	881	879	874	872	868	868	866	863	861	859	857	857	855	853	851	849	846	844	844	840	840	838	838	838	836	836	834	834	832	832	830	830	830	830	828	828	828	828	828	828	828	828	828	828	828	828	828	828	828	828	828	826	828	826	828	828	828	828	828	828	830	830	830	830	830	0	0	0	0	0	0	0	0	0	0	0	0	0	0	0	0	0	0	0	0	0	0	0	0	0	0	0	0	0	0	0	0	0	0	0	0	0	0	0	0	0	0	0	0	0	0	0	0	0	0	0	0	0	0	0	0	0	0	0	0	0	0	0	0	0	0	0	0	0	0	0	0	0	0	0	0	0	0	0	0	0	0	0	0	0	0	0	0	0	0	0	0	0	0	0	0	0	0	0	0	0	0	0	0	0	0	0	0	0	0	0	0	0	0	0	0	0	0	0	0	0	0	0	0	0	0	0	0	0	0	0	0	0	0	0	0	0	0	0	0	0	0	0	0	0	0	0	0	0	0	0	0	0	0	0	0	0	0	0	0	0	0	0	0	0	0	0	0	0	0	0	0	0	0	0	0	0	0	0	0	0	0	0	0	0	0	0	0	0	0	
0	0	0	0	0	0	0	0	0	0	0	0	0	0	0	0	0	0	0	0	0	0	0	0	0	0	0	0	0	0	0	0	0	0	0	0	0	0	1781	1781	1790	1790	1809	1819	1838	1848	1858	1858	1868	1888	1899	1909	1920	1931	1941	1952	1952	1964	1975	2009	2021	2033	2033	2045	2057	2045	2057	2069	2107	2095	2147	2187	2201	2215	2215	2304	2320	2335	2335	2320	2335	2320	2320	2304	2304	2289	2320	2320	2289	2289	2304	2304	2289	2304	2289	2289	2289	0	2320	2320	2335	2335	2335	2320	2320	2335	2320	2320	2304	2320	2320	2320	2304	2304	2304	2304	2304	2304	2320	2320	2320	2320	2335	2335	2335	2335	2335	2335	2335	2335	2320	2320	2320	2320	2304	2304	2304	2274	2274	2289	2289	2304	2304	2320	2304	2304	2289	2289	2289	2289	2289	2274	2289	2274	2274	2274	2289	2289	2289	2289	2289	2289	2304	2289	2289	2289	2289	2289	2320	2304	2320	2320	2320	2320	2320	2304	2304	2320	2320	2320	2320	2320	2304	2304	2320	2304	2304	2320	2320	2320	2320	2304	2320	2320	2289	2274	2289	2289	2289	2289	2289	2304	2304	2320	2304	2320	2320	2320	2320	2304	2304	2304	2304	2304	2304	2289	2289	2289	2289	2289	2289	2289	2289	2289	2289	2289	2274	2274	2289	2274	2304	2304	2304	2304	2304	2304	2304	2304	2304	2289	2304	2289	2289	2289	2304	2304	2304	2304	2289	2289	2289	2289	2289	2289	2274	2289	2274	2147	2147	2120	2120	2107	2095	2082	2082	2082	2069	2069	2069	2069	2069	2069	2069	2082	2082	2082	2069	2082	2082	2082	2082	2082	2069	2082	2082	2082	2082	2069	2082	2082	2082	2082	2082	2082	2082	2082	2082	2082	2082	2069	2082	0	0	0	0	0	0	0	0	1416	1416	1416	1416	1422	1422	1422	1422	1422	1428	1434	1446	0	0	0	0	0	0	0	0	0	0	0	0	0	0	0	0	0	0	926	921	921	919	916	916	911	909	909	907	904	904	902	899	899	897	895	892	892	892	890	890	888	888	888	888	888	888	888	888	888	890	895	895	909	914	919	926	928	933	933	933	886	886	886	883	881	879	874	872	870	868	866	863	861	861	857	857	855	855	853	851	846	846	844	842	840	838	838	838	836	836	834	834	832	832	830	830	830	830	828	828	828	828	828	828	828	828	828	828	828	828	828	828	828	828	828	828	828	826	828	828	828	828	828	828	830	830	830	830	830	0	0	0	0	0	0	0	0	0	0	0	0	0	0	0	0	0	0	0	0	0	0	0	0	0	0	0	0	0	0	0	0	0	0	0	0	0	0	0	0	0	0	0	0	0	0	0	0	0	0	0	0	0	0	0	0	0	0	0	0	0	0	0	0	0	0	0	0	0	0	0	0	0	0	0	0	0	0	0	0	0	0	0	0	0	0	0	0	0	0	0	0	0	0	0	0	0	0	0	0	0	0	0	0	0	0	0	0	0	0	0	0	0	0	0	0	0	0	0	0	0	0	0	0	0	0	0	0	0	0	0	0	0	0	0	0	0	0	0	0	0	0	0	0	0	0	0	0	0	0	0	0	0	0	0	0	0	0	0	0	0	0	0	0	0	0	0	0	0	0	0	0	0	0	0	0	0	0	0	0	0	0	0	0	0	0	0	0	0	0	
0	0	0	0	0	0	0	0	0	0	0	0	0	0	0	0	0	0	0	0	0	0	0	0	0	0	0	0	0	0	0	0	0	0	0	0	0	0	1781	1781	1790	1800	1809	1819	1828	1848	1858	1858	1868	1888	1899	1920	1931	1931	1941	1952	1952	1964	1975	2009	2021	2033	2033	2045	2057	2045	2057	2069	2082	2120	2174	2174	2201	2215	2230	2259	2289	2304	2320	2304	2320	2304	2304	2289	2289	2289	2289	2304	2289	2289	2304	2304	2274	2259	2274	2274	2274	2274	2289	2289	2289	2304	2304	2304	2304	2320	2304	2289	2289	2289	2304	2304	2289	2289	2289	2289	2289	2289	2289	2304	2304	2320	2335	2335	2335	2335	2335	2335	2335	2320	2304	2304	2289	2274	2274	2274	2274	2274	2274	2274	2274	2274	2274	2289	2274	2274	2274	2274	2274	2274	2274	2274	2274	2274	2274	2274	2274	2274	2289	2274	2274	2274	2274	2274	2274	2274	2274	2274	2289	2289	2289	2304	2304	2304	2304	2289	2289	2289	2304	2289	2304	2304	2289	2289	2289	2289	2289	2289	2304	2320	2320	2304	2304	2304	2274	2274	2274	2274	2274	2289	2274	2289	2289	2304	2304	2304	2304	2304	2304	2304	2289	2289	2289	2289	2274	2274	2274	2274	2274	2274	2289	2289	2289	2289	2289	2274	2274	2259	2274	2274	2274	2274	2289	2289	2304	2304	2304	2289	2289	2289	2289	2274	2274	2304	2289	2289	2289	2289	2274	2259	2274	2259	2274	2274	2274	2274	2274	2201	2160	2133	2120	2107	2095	2082	2082	2082	2069	2069	2069	2069	2069	2069	2069	2082	2082	2069	2069	2069	2069	2082	2082	2069	2069	2069	2082	2082	2069	2069	2069	2069	2069	2082	2069	2082	2082	2082	2082	2082	2082	2069	2082	0	0	0	0	0	0	0	0	1416	1416	1416	1416	1422	1422	1422	1422	1422	1428	1428	1428	0	0	0	0	0	0	0	0	0	0	0	0	0	0	0	0	0	0	928	928	921	923	921	919	911	909	909	907	907	904	904	902	899	899	895	895	892	892	890	890	890	890	888	888	888	888	888	890	890	892	897	897	911	914	916	926	926	931	931	936	886	886	883	883	881	879	874	872	870	868	866	863	863	861	859	857	855	855	855	851	849	846	844	842	840	838	838	838	836	836	836	834	834	832	832	830	830	830	828	828	828	828	828	828	828	828	828	828	828	828	828	828	828	828	826	826	828	826	828	828	828	828	828	828	830	830	830	830	830	0	0	0	0	0	0	0	0	0	0	0	0	0	0	0	0	0	0	0	0	0	0	0	0	0	0	0	0	0	0	0	0	0	0	0	0	0	0	0	0	0	0	0	0	0	0	0	0	0	0	0	0	0	0	0	0	0	0	0	0	0	0	0	0	0	0	0	0	0	0	0	0	0	0	0	0	0	0	0	0	0	0	0	0	0	0	0	0	0	0	0	0	0	0	0	0	0	0	0	0	0	0	0	0	0	0	0	0	0	0	0	0	0	0	0	0	0	0	0	0	0	0	0	0	0	0	0	0	0	0	0	0	0	0	0	0	0	0	0	0	0	0	0	0	0	0	0	0	0	0	0	0	0	0	0	0	0	0	0	0	0	0	0	0	0	0	0	0	0	0	0	0	0	0	0	0	0	0	0	0	0	0	0	0	0	0	0	0	0	0	
0	0	0	0	0	0	0	0	0	0	0	0	0	0	0	0	0	0	0	0	0	0	0	0	0	0	0	0	0	0	0	0	0	0	0	0	0	0	1781	1781	1790	1809	1819	1819	1828	1838	1858	1868	1878	1899	1899	1920	1931	1931	1941	1952	1952	1964	1975	2009	2021	2021	2033	2045	2057	2045	2057	2069	2069	2147	2174	2174	2201	2201	2230	2244	2274	2289	2289	2289	2304	2289	2289	2289	2289	2289	2289	2289	2274	2289	2289	2289	2274	2274	2274	2274	2259	2274	2289	2289	2289	2289	2289	2289	2289	2289	2289	2274	2289	2274	2289	2274	2274	2259	2259	2259	2259	2259	2259	2259	2259	2274	2259	2274	2304	2304	2320	2320	2320	2320	2304	2289	2274	2259	2259	2274	2259	2259	2259	2259	2274	2274	2259	2274	2274	2274	2259	2259	2259	2274	2259	2259	2274	2274	2274	2274	2274	2259	2274	2259	2274	2274	2274	2274	2274	2274	2274	2274	2289	2274	2289	2289	2289	2289	2289	2289	2274	2289	2289	2289	2289	2289	2274	2274	2274	2274	2274	2274	2289	2289	2304	2289	2289	2289	2289	2259	2259	2259	2259	2259	2259	2259	2274	2289	2289	2289	2289	2289	2289	2289	2274	2274	2274	2274	2274	2259	2259	2274	2274	2274	2274	2289	2289	2274	2289	2274	2274	2259	2259	2259	2274	2274	2274	2289	2289	2289	2289	2289	2274	2274	2274	2259	2259	2259	2259	2244	2274	2274	2259	2259	2259	2259	2259	2274	2274	2274	2274	2215	2160	2133	2120	2107	2095	2082	2082	2069	2069	2069	2069	2069	2069	2069	2069	2082	2082	2082	2069	2082	2082	2082	2082	2069	2069	2069	2082	2082	2082	2069	2069	2069	2069	2069	2069	2069	2082	2082	2082	2082	2082	2069	2069	0	0	0	0	0	0	0	0	0	1416	1416	1416	1422	1422	1422	1428	1428	1428	1434	1434	0	0	0	0	0	0	0	0	0	0	0	0	0	0	0	0	0	933	931	926	926	923	921	919	911	909	909	907	907	904	902	902	902	899	895	895	892	892	890	890	890	890	890	890	890	890	890	890	892	895	899	899	911	914	916	926	926	926	928	931	888	886	886	883	881	879	874	874	870	868	868	863	863	861	859	857	857	855	855	851	849	846	844	842	840	838	838	838	838	836	836	834	834	832	832	830	830	830	828	828	828	828	828	828	828	828	828	828	828	828	828	828	828	828	826	826	828	826	828	828	828	828	828	828	830	830	830	830	828	0	0	0	0	0	0	0	0	0	0	0	0	0	0	0	0	0	0	0	0	0	0	0	0	0	0	0	0	0	0	0	0	0	0	0	0	0	0	0	0	0	0	0	0	0	0	0	0	0	0	0	0	0	0	0	0	0	0	0	0	0	0	0	0	0	0	0	0	0	0	0	0	0	0	0	0	0	0	0	0	0	0	0	0	0	0	0	0	0	0	0	0	0	0	0	0	0	0	0	0	0	0	0	0	0	0	0	0	0	0	0	0	0	0	0	0	0	0	0	0	0	0	0	0	0	0	0	0	0	0	0	0	0	0	0	0	0	0	0	0	0	0	0	0	0	0	0	0	0	0	0	0	0	0	0	0	0	0	0	0	0	0	0	0	0	0	0	0	0	0	0	0	0	0	0	0	0	0	0	0	0	0	0	0	0	0	0	0	0	0	
0	0	0	0	0	0	0	0	0	0	0	0	0	0	0	0	0	0	0	0	0	0	0	0	0	0	0	0	0	0	0	0	0	0	0	0	0	0	1781	1790	1800	1809	1819	1819	1819	1838	1858	1868	1899	1899	1909	1909	1920	1931	1941	1941	1952	1964	1964	1986	2021	2021	2033	2045	2057	2045	2057	2069	2069	2160	2174	2187	2201	2215	2215	2230	2244	2244	2244	2244	2259	2259	2259	2244	2259	2259	2259	2274	2259	2259	2259	2259	2259	2259	2244	2259	2244	2259	2274	2274	2274	2274	2274	2274	2259	2259	2259	2274	2274	2274	2274	2274	2274	2259	2244	2259	2259	2244	2244	2244	2259	2259	2244	2244	2289	2289	2289	2289	2289	2289	2274	2274	2259	2259	2259	2259	2259	2259	2259	2259	2259	2259	2259	2259	2259	2259	2259	2244	2244	2259	2259	2259	2259	2259	2274	2259	2259	2244	2244	2244	2259	2259	2259	2259	2274	2274	2274	2274	2289	2274	2274	2289	2274	2274	2274	2274	2274	2274	2274	2274	2274	2274	2259	2259	2259	2259	2259	2259	2274	2274	2289	2274	2274	2289	2274	2244	2244	2244	2244	2244	2244	2230	2244	2274	2259	2274	2274	2274	2274	2274	2274	2259	2259	2274	2259	2259	2259	2259	2259	2259	2259	2274	2274	2259	2274	2259	2259	2244	2259	2244	2259	2259	2259	2259	2289	2289	2274	2274	2274	2259	2259	2259	2259	2259	2259	2244	2259	2274	2259	2259	2259	2259	2259	2259	2259	2259	2259	2215	2174	2133	2120	2107	2095	2082	2082	2069	2069	2069	2082	2069	2082	2082	2069	2082	2082	2082	2069	2069	2069	2082	2082	2069	2069	2069	2082	2082	2082	2069	2069	2069	2069	2069	2069	2057	2069	2069	2082	2069	2069	2069	0	0	0	0	0	0	0	0	0	0	1416	1416	1416	1422	1422	1422	1422	1428	1428	1434	1434	0	0	0	0	0	0	0	0	0	0	0	0	0	0	0	0	931	933	928	928	926	923	921	919	914	911	909	909	907	904	904	902	902	899	895	895	892	892	890	890	890	890	890	890	890	890	890	892	892	895	899	902	916	916	919	926	926	928	928	933	890	886	886	883	881	879	877	874	870	868	868	863	863	861	859	859	857	857	855	851	849	846	846	844	842	840	838	838	838	836	836	834	834	832	830	830	830	830	828	828	828	828	828	828	828	828	828	828	828	828	828	826	828	828	826	826	828	826	826	826	828	828	828	828	830	830	830	830	828	0	0	0	0	0	0	0	0	0	0	0	0	0	0	0	0	0	0	0	0	0	0	0	0	0	0	0	0	0	0	0	0	0	0	0	0	0	0	0	0	0	0	0	0	0	0	0	0	0	0	0	0	0	0	0	0	0	0	0	0	0	0	0	0	0	0	0	0	0	0	0	0	0	0	0	0	0	0	0	0	0	0	0	0	0	0	0	0	0	0	0	0	0	0	0	0	0	0	0	0	0	0	0	0	0	0	0	0	0	0	0	0	0	0	0	0	0	0	0	0	0	0	0	0	0	0	0	0	0	0	0	0	0	0	0	0	0	0	0	0	0	0	0	0	0	0	0	0	0	0	0	0	0	0	0	0	0	0	0	0	0	0	0	0	0	0	0	0	0	0	0	0	0	0	0	0	0	0	0	0	0	0	0	0	0	0	0	0	0	0	
0	0	0	0	0	0	0	0	0	0	0	0	0	0	0	0	0	0	0	0	0	0	0	0	0	0	0	0	0	0	0	0	0	0	0	0	0	0	1790	1800	1809	1819	1819	1819	1819	1828	1858	1878	1899	1909	1909	1909	1920	1931	1941	1941	1964	1975	1986	2009	2009	2021	2033	2045	2057	2057	2069	2069	2082	2160	2187	2187	2215	2215	2215	2230	2230	2244	2244	2230	2230	2244	2244	2244	2244	2259	2259	2274	2259	2259	2259	2259	2244	2244	2244	2244	2244	2244	2259	2259	2259	2259	2244	2259	2244	2244	2244	2244	2259	2259	2244	2259	2259	2244	2244	2244	2244	2244	2230	2230	2244	2244	2230	2230	2259	2259	2274	2274	2274	2274	2259	2259	2259	2244	2244	2259	2244	2259	2259	2259	2244	2244	2230	2230	2230	2230	2230	2230	2230	2244	2244	2244	2244	2244	2259	2244	2244	2230	2230	2230	2244	2244	2244	2244	2259	2259	2259	2259	2274	2259	2274	2274	2274	2274	2274	2259	2259	2259	2244	2244	2259	2244	2244	2259	2259	2259	2259	2259	2259	2274	2259	2274	2259	2274	2259	2244	2230	2230	2215	2230	2215	2215	2215	2215	2230	2244	2244	2244	2259	2244	2244	2244	2244	2244	2244	2244	2244	2244	2244	2244	2259	2259	2259	2244	2259	2259	2259	2244	2244	2244	2244	2259	2259	2259	2259	2259	2259	2274	2259	2259	2244	2244	2244	2244	2244	2244	2244	2244	2244	2244	2244	2244	2244	2244	2244	2244	2230	2201	2187	2133	2120	2107	2095	2082	2082	2069	2069	2069	2082	2082	2082	2069	2069	2069	2069	2069	2069	2069	2069	2069	2069	2069	2069	2082	2082	2082	2082	2082	2082	2069	2069	2069	2069	2057	2069	2069	2082	2082	2069	2082	0	0	0	0	0	0	0	0	0	0	1416	1416	1416	1416	1422	1422	1422	1428	1428	1434	1434	0	0	0	0	0	0	0	0	0	0	0	0	0	0	0	939	931	933	928	926	926	923	921	919	916	911	909	909	907	907	904	902	902	902	897	897	895	892	892	890	890	890	890	890	890	892	892	892	895	897	902	904	916	916	919	926	928	928	928	933	890	890	886	883	881	879	874	872	872	868	868	863	863	861	859	857	857	857	855	851	849	846	846	844	842	840	838	838	838	836	836	834	834	832	832	830	830	830	828	828	828	828	828	828	828	828	828	828	828	828	828	826	826	826	826	826	826	826	826	826	828	828	828	828	830	830	830	828	0	0	0	0	0	0	0	0	0	0	0	0	0	0	0	0	0	0	0	0	0	0	0	0	0	0	0	0	0	0	0	0	0	0	0	0	0	0	0	0	0	0	0	0	0	0	0	0	0	0	0	0	0	0	0	0	0	0	0	0	0	0	0	0	0	0	0	0	0	0	0	0	0	0	0	0	0	0	0	0	0	0	0	0	0	0	0	0	0	0	0	0	0	0	0	0	0	0	0	0	0	0	0	0	0	0	0	0	0	0	0	0	0	0	0	0	0	0	0	0	0	0	0	0	0	0	0	0	0	0	0	0	0	0	0	0	0	0	0	0	0	0	0	0	0	0	0	0	0	0	0	0	0	0	0	0	0	0	0	0	0	0	0	0	0	0	0	0	0	0	0	0	0	0	0	0	0	0	0	0	0	0	0	0	0	0	0	0	0	0	0	
0	0	0	0	0	0	0	0	0	0	0	0	0	0	0	0	0	0	0	0	0	0	0	0	0	0	0	0	0	0	0	0	0	0	0	0	0	0	1790	1800	1809	1819	1819	1819	1819	1828	1858	1878	1909	1899	1899	1909	1920	1931	1931	1941	1964	1975	1986	2009	2009	2021	2033	2045	2057	2057	2057	2069	2082	2147	2174	2187	2215	2215	2215	2230	2230	2230	2230	2230	2215	2230	2230	2230	2230	2244	2244	2259	2244	2244	2244	2244	2244	2244	2230	2230	2230	2230	2244	2244	2244	2244	2244	2244	2244	2230	2230	2244	2244	2259	2244	2259	2259	2244	2230	2230	2230	2230	2230	2230	2230	2215	2230	2230	2244	2244	2244	2244	2244	2259	2259	2244	2215	2230	2244	2244	2230	2244	2244	2244	2230	2230	2215	2230	2215	2215	2230	2230	2230	2230	2230	2230	2230	2230	2244	2244	2230	2230	2230	2230	2230	2230	2230	2230	2244	2244	2244	2244	2244	2244	2244	2244	2259	2244	2259	2259	2244	2244	2230	2230	2244	2230	2244	2244	2244	2244	2244	2244	2244	2244	2244	2244	2244	2244	2259	2230	2215	2215	2215	2215	2201	2201	2201	2201	2215	2230	2230	2230	2244	2230	2244	2230	2230	2215	2230	2215	2230	2230	2230	2244	2244	2244	2244	2244	2244	2244	2244	2244	2244	2244	2259	2259	2259	2244	2259	2259	2259	2259	2244	2244	2230	2230	2230	2244	2244	2230	2230	2230	2230	2230	2215	2215	2215	2215	2215	2215	2201	2201	2187	2160	2133	2107	2095	2082	2082	2069	2069	2069	2082	2082	2082	2069	2069	2069	2069	2069	2069	2069	2069	2069	2082	2069	2082	2082	2082	2082	2082	2082	2069	2069	2069	2069	2057	2057	2069	2069	2082	2069	2057	2095	2069	0	0	0	0	0	0	0	0	0	1416	1416	1422	1422	1422	1422	1422	1428	1428	1434	1422	0	0	0	0	0	0	0	0	0	0	0	0	0	0	0	0	931	933	928	926	926	923	921	919	916	911	909	909	907	907	904	902	902	899	897	897	895	892	892	890	890	890	890	890	892	892	892	892	895	899	904	904	916	916	926	928	928	931	931	892	890	890	888	883	879	877	874	874	872	870	868	863	863	861	859	857	857	855	855	851	849	846	846	844	842	840	838	838	838	836	836	834	834	834	832	832	832	830	830	828	828	828	828	828	828	828	828	828	828	826	826	826	826	826	824	824	826	824	824	826	826	828	828	828	828	828	828	828	0	0	0	0	0	0	0	0	0	0	0	0	0	0	0	0	0	0	0	0	0	0	0	0	0	0	0	0	0	0	0	0	0	0	0	0	0	0	0	0	0	0	0	0	0	0	0	0	0	0	0	0	0	0	0	0	0	0	0	0	0	0	0	0	0	0	0	0	0	0	0	0	0	0	0	0	0	0	0	0	0	0	0	0	0	0	0	0	0	0	0	0	0	0	0	0	0	0	0	0	0	0	0	0	0	0	0	0	0	0	0	0	0	0	0	0	0	0	0	0	0	0	0	0	0	0	0	0	0	0	0	0	0	0	0	0	0	0	0	0	0	0	0	0	0	0	0	0	0	0	0	0	0	0	0	0	0	0	0	0	0	0	0	0	0	0	0	0	0	0	0	0	0	0	0	0	0	0	0	0	0	0	0	0	0	0	0	0	0	0	0	
0	0	0	0	0	0	0	0	0	0	0	0	0	0	0	0	0	0	0	0	0	0	0	0	0	0	0	0	0	0	0	0	0	0	0	0	0	0	1781	1809	1819	1819	1828	1819	1828	1848	1858	1878	1899	1899	1899	1909	1920	1931	1931	1941	1964	1975	1986	2009	2009	2021	2021	2045	2057	2057	2057	2082	2095	2147	2174	2187	2215	2215	2215	2215	2230	2230	2230	2230	2215	2215	2215	2215	2215	2230	2230	2244	2230	2244	2244	2230	2230	2230	2230	2230	2230	2230	2244	2230	2244	2244	2244	2244	2230	2230	2230	2230	2215	2215	2215	2230	2230	2230	2230	2230	2230	2230	2230	2230	2230	2215	2215	2215	2230	2215	2215	2215	2215	2215	2215	2215	2201	2230	2230	2230	2230	2230	2230	2230	2230	2215	2201	2215	2201	2215	2215	2215	2215	2215	2215	2230	2230	2215	2230	2230	2230	2215	2215	2215	2230	2230	2215	2230	2230	2230	2230	2230	2244	2244	2244	2244	2244	2244	2244	2244	2244	2230	2230	2215	2230	2230	2230	2230	2230	2230	2244	2230	2230	2230	2215	2230	2230	2230	2230	2215	2215	2215	2201	2201	2201	2201	2201	2201	2215	2215	2215	2230	2230	2230	2230	2215	2215	2215	2215	2215	2215	2230	2230	2230	2230	2244	2230	2230	2230	2244	2244	2244	2230	2230	2230	2230	2230	2215	2230	2215	2215	2215	2215	2201	2201	2201	2201	2201	2201	2201	2201	2201	2201	2201	2201	2201	2201	2201	2201	2201	2201	2201	2187	2160	2133	2120	2095	2082	2082	2069	2069	2069	2069	2069	2082	2069	2069	2069	2069	2069	2069	2069	2069	2082	2082	2082	2082	2082	2082	2082	2082	2082	2069	2069	2057	2057	2057	2045	2057	2082	2082	2069	2082	2069	0	0	0	0	0	0	0	0	0	0	1410	1416	1422	1422	1422	1422	1422	1428	1428	1434	1440	1428	0	0	0	0	0	0	0	0	0	0	0	0	0	0	939	933	931	928	926	926	923	921	919	916	914	911	909	907	907	904	902	902	899	899	899	897	892	892	892	892	890	890	892	892	892	892	895	897	902	907	909	916	919	928	928	931	931	931	895	892	890	888	886	881	879	877	874	872	870	868	863	861	859	857	857	855	855	855	851	846	846	844	844	842	840	840	838	838	836	836	834	834	832	832	830	830	830	828	828	828	828	828	828	828	828	828	826	826	826	826	826	824	824	824	824	824	824	824	824	826	826	828	828	828	828	828	828	0	0	0	0	0	0	0	0	0	0	0	0	0	0	0	0	0	0	0	0	0	0	0	0	0	0	0	0	0	0	0	0	0	0	0	0	0	0	0	0	0	0	0	0	0	0	0	0	0	0	0	0	0	0	0	0	0	0	0	0	0	0	0	0	0	0	0	0	0	0	0	0	0	0	0	0	0	0	0	0	0	0	0	0	0	0	0	0	0	0	0	0	0	0	0	0	0	0	0	0	0	0	0	0	0	0	0	0	0	0	0	0	0	0	0	0	0	0	0	0	0	0	0	0	0	0	0	0	0	0	0	0	0	0	0	0	0	0	0	0	0	0	0	0	0	0	0	0	0	0	0	0	0	0	0	0	0	0	0	0	0	0	0	0	0	0	0	0	0	0	0	0	0	0	0	0	0	0	0	0	0	0	0	0	0	0	0	0	0	0	0	
0	0	0	0	0	0	0	0	0	0	0	0	0	0	0	0	0	0	0	0	0	0	0	0	0	0	0	0	0	0	0	0	0	0	0	0	0	0	1781	1809	1819	1819	1819	1819	1828	1848	1868	1878	1899	1899	1899	1909	1920	1931	1931	1941	1964	1975	1986	2009	2009	2021	2021	2045	2057	2057	2057	2082	2120	2147	2174	2187	2201	2215	2215	2215	2215	2215	2230	2215	2215	2201	2215	2215	2215	2230	2230	2244	2230	2230	2230	2230	2230	2230	2215	2215	2215	2215	2230	2230	2230	2230	2230	2230	2230	2230	2215	2215	2201	2201	2201	2215	2215	2215	2215	2230	2230	2230	2215	2215	2215	2215	2215	2215	2215	2215	2187	2187	2187	2201	2201	2201	2201	2215	2215	2215	2215	2215	2215	2215	2215	2201	2201	2201	2187	2201	2201	2201	2201	2215	2215	2215	2215	2215	2215	2215	2215	2215	2215	2215	2215	2215	2215	2215	2215	2215	2215	2215	2230	2230	2230	2230	2230	2230	2230	2230	2230	2215	2215	2215	2215	2215	2215	2215	2215	2230	2230	2215	2215	2215	2201	2201	2201	2201	2201	2201	2201	2201	2201	2201	2201	2201	2201	2201	2201	2201	2215	2201	2201	2201	2201	2201	2201	2201	2187	2187	2187	2201	2201	2201	2201	2201	2201	2201	2201	2201	2215	2201	2201	2215	2215	2215	2201	2201	2201	2201	2201	2201	2201	2201	2187	2187	2187	2201	2201	2201	2201	2201	2201	2201	2201	2201	2201	2201	2201	2201	2201	2187	2187	2160	2147	2120	2095	2082	2082	2069	2069	2069	2069	2069	2069	2069	2069	2069	2069	2069	2069	2069	2069	2082	2082	2082	2082	2082	2082	2082	2082	2082	2069	2057	2057	2057	2057	2045	2069	2069	2082	2069	2069	2069	0	0	0	0	0	0	0	0	0	0	1416	1416	1422	1422	1422	1422	1422	1428	1434	1440	1440	1428	0	0	0	0	0	0	0	0	0	0	0	0	0	0	0	931	931	928	926	926	923	921	921	916	911	911	909	909	907	907	904	902	902	899	899	897	897	895	895	892	892	892	892	892	895	895	897	899	902	907	911	916	919	928	928	928	931	931	892	890	892	888	886	881	879	877	874	872	870	868	863	861	859	857	857	855	855	855	851	846	846	844	844	842	840	840	838	838	836	836	834	834	832	830	830	830	828	828	828	828	828	828	828	828	828	828	826	826	826	826	826	826	826	824	824	824	824	824	824	824	826	828	828	828	828	828	828	0	0	0	0	0	0	0	0	0	0	0	0	0	0	0	0	0	0	0	0	0	0	0	0	0	0	0	0	0	0	0	0	0	0	0	0	0	0	0	0	0	0	0	0	0	0	0	0	0	0	0	0	0	0	0	0	0	0	0	0	0	0	0	0	0	0	0	0	0	0	0	0	0	0	0	0	0	0	0	0	0	0	0	0	0	0	0	0	0	0	0	0	0	0	0	0	0	0	0	0	0	0	0	0	0	0	0	0	0	0	0	0	0	0	0	0	0	0	0	0	0	0	0	0	0	0	0	0	0	0	0	0	0	0	0	0	0	0	0	0	0	0	0	0	0	0	0	0	0	0	0	0	0	0	0	0	0	0	0	0	0	0	0	0	0	0	0	0	0	0	0	0	0	0	0	0	0	0	0	0	0	0	0	0	0	0	0	0	0	0	0	
0	0	0	0	0	0	0	0	0	0	0	0	0	0	0	0	0	0	0	0	0	0	0	0	0	0	0	0	0	0	0	0	0	0	0	0	0	0	1772	1819	1819	1819	1828	1828	1828	1858	1858	1878	1888	1899	1899	1899	1920	1931	1931	1941	1975	1986	2009	2009	2009	2021	2021	2033	2057	2057	2057	2082	2095	2147	2174	2187	2201	2215	2215	2215	2215	2215	2215	2215	2201	2201	2201	2201	2215	2215	2215	2230	2230	2230	2230	2215	2215	2215	2215	2215	2215	2201	2215	2215	2230	2230	2230	2230	2230	2230	2215	2201	2187	2187	2187	2187	2201	2201	2215	2215	2215	2215	2215	2215	2215	2201	2201	2201	2187	2187	2187	2187	2187	2187	2187	2187	2187	2201	2201	2201	2201	2201	2201	2201	2201	2201	2187	2187	2187	2187	2187	2187	2201	2201	2201	2201	2201	2201	2201	2215	2215	2215	2201	2201	2201	2201	2201	2201	2201	2201	2201	2201	2201	2215	2201	2215	2215	2215	2215	2215	2215	2215	2201	2201	2201	2215	2215	2215	2215	2215	2201	2201	2187	2187	2187	2174	2174	2174	2174	2174	2174	2174	2187	2187	2187	2187	2187	2187	2187	2187	2187	2201	2201	2187	2187	2187	2187	2187	2187	2187	2187	2187	2187	2187	2201	2187	2187	2187	2187	2187	2187	2187	2187	2201	2201	2201	2201	2201	2201	2201	2187	2187	2187	2187	2187	2187	2187	2187	2187	2201	2201	2201	2201	2201	2187	2187	2187	2187	2187	2187	2187	2187	2187	2160	2147	2133	2107	2095	2082	2069	2069	2069	2069	2069	2069	2069	2069	2069	2069	2069	2069	2069	2069	2082	2069	2082	2082	2082	2082	2082	2082	2082	2069	2069	2069	2057	2057	2057	2057	2069	2057	2069	2069	2069	0	0	0	0	0	0	0	0	0	0	1410	1416	1416	1422	1428	1428	1428	1428	1428	1440	1440	0	0	0	0	0	0	0	0	0	0	0	0	0	0	0	916	939	931	931	928	928	923	923	921	919	911	911	911	909	907	907	904	902	902	899	899	899	897	897	895	895	895	892	892	895	895	895	899	902	907	909	911	919	926	928	931	931	931	931	892	892	890	890	883	879	879	874	872	872	868	868	863	861	859	857	857	855	855	853	851	849	846	846	844	844	842	840	838	838	836	836	834	834	832	830	830	830	828	828	828	828	828	828	828	828	828	826	826	826	826	826	826	824	824	824	824	824	824	824	826	826	826	828	828	828	828	828	828	0	0	0	0	0	0	0	0	0	0	0	0	0	0	0	0	0	0	0	0	0	0	0	0	0	0	0	0	0	0	0	0	0	0	0	0	0	0	0	0	0	0	0	0	0	0	0	0	0	0	0	0	0	0	0	0	0	0	0	0	0	0	0	0	0	0	0	0	0	0	0	0	0	0	0	0	0	0	0	0	0	0	0	0	0	0	0	0	0	0	0	0	0	0	0	0	0	0	0	0	0	0	0	0	0	0	0	0	0	0	0	0	0	0	0	0	0	0	0	0	0	0	0	0	0	0	0	0	0	0	0	0	0	0	0	0	0	0	0	0	0	0	0	0	0	0	0	0	0	0	0	0	0	0	0	0	0	0	0	0	0	0	0	0	0	0	0	0	0	0	0	0	0	0	0	0	0	0	0	0	0	0	0	0	0	0	0	0	0	0	0	
0	0	0	0	0	0	0	0	0	0	0	0	0	0	0	0	0	0	0	0	0	0	0	0	0	0	0	0	0	0	0	0	0	0	0	0	0	0	1781	1819	1819	1819	1819	1819	1828	1848	1858	1878	1899	1899	1899	1899	1920	1931	1931	1941	1975	1986	1986	2009	2009	2021	2021	2033	2057	2057	2057	2082	2107	2147	2160	2187	2201	2215	2215	2215	2215	2215	2215	2215	2201	2201	2201	2201	2201	2201	2201	2215	2215	2215	2215	2215	2201	2201	2215	2201	2201	2201	2201	2201	2215	2215	2215	2215	2215	2215	2215	2201	2187	2174	2174	2174	2174	2201	2201	2201	2215	2215	2215	2215	2215	2201	2201	2201	2187	2187	2187	2187	2187	2187	2174	2187	2174	2174	2215	2187	2187	2187	2174	2187	2187	2187	2174	2174	2174	2187	2174	2187	2187	2187	2187	2201	2201	2201	2201	2201	2201	2201	2201	2201	2187	2187	2187	2187	2187	2187	2174	2174	2174	2187	2174	2187	2187	2187	2187	2187	2187	2187	2187	2187	2187	2187	2201	2201	2201	2201	2187	2187	2174	2174	2174	2174	2160	2174	2174	2174	2174	2160	2174	2174	2174	2187	2187	2187	2187	2187	2187	2187	2187	2187	2174	2187	2187	2187	2174	2174	2174	2174	2174	2174	2187	2187	2187	2187	2174	2174	2174	2174	2174	2174	2187	2187	2187	2187	2187	2187	2187	2174	2174	2174	2174	2174	2174	2187	2187	2187	2187	2187	2187	2187	2187	2187	2187	2187	2187	2187	2187	2187	2174	2160	2147	2133	2107	2095	2082	2069	2069	2069	2069	2069	2069	2069	2069	2069	2069	2069	2069	2069	2069	2082	2069	2082	2082	2069	2082	2082	2082	2082	2069	2069	2069	2069	2069	2057	2069	2082	2082	2069	2082	0	0	0	0	0	0	0	0	0	0	1416	1416	1416	1416	1422	1428	1428	1428	1428	1428	1440	1434	0	0	0	0	0	0	0	0	0	0	0	0	0	0	0	919	939	933	931	931	928	923	923	921	916	916	911	911	911	909	907	904	902	902	899	899	899	897	897	897	897	897	895	897	897	899	899	904	907	911	914	914	919	926	928	931	931	931	931	892	892	897	897	886	879	874	874	872	870	868	868	863	863	859	857	857	855	855	853	849	846	846	846	844	844	842	842	840	838	836	836	836	834	832	830	830	828	828	828	828	828	828	828	828	828	828	826	826	826	826	826	824	824	824	824	822	824	824	824	826	826	826	828	828	828	828	828	828	826	0	0	0	0	0	0	0	0	0	0	0	0	0	0	0	0	0	0	0	0	0	0	0	0	0	0	0	0	0	0	0	0	0	0	0	0	0	0	0	0	0	0	0	0	0	0	0	0	0	0	0	0	0	0	0	0	0	0	0	0	0	0	0	0	0	0	0	0	0	0	0	0	0	0	0	0	0	0	0	0	0	0	0	0	0	0	0	0	0	0	0	0	0	0	0	0	0	0	0	0	0	0	0	0	0	0	0	0	0	0	0	0	0	0	0	0	0	0	0	0	0	0	0	0	0	0	0	0	0	0	0	0	0	0	0	0	0	0	0	0	0	0	0	0	0	0	0	0	0	0	0	0	0	0	0	0	0	0	0	0	0	0	0	0	0	0	0	0	0	0	0	0	0	0	0	0	0	0	0	0	0	0	0	0	0	0	0	0	0	0	
0	0	0	0	0	0	0	0	0	0	0	0	0	0	0	0	0	0	0	0	0	0	0	0	0	0	0	0	0	0	0	0	0	0	0	0	0	0	1754	1819	1819	1819	1819	1819	1838	1858	1858	1878	1888	1899	1899	1909	1920	1931	1931	1952	1975	1986	1986	2009	2009	2021	2021	2033	2057	2057	2057	2069	2082	2133	2160	2187	2201	2201	2215	2215	2215	2215	2215	2215	2201	2201	2187	2187	2201	2187	2187	2187	2215	2215	2215	2201	2201	2187	2215	2201	2201	2187	2187	2201	2201	2215	2215	2215	2215	2215	2215	2201	2187	2174	2174	2174	2174	2174	2187	2174	2201	2201	2201	2201	2201	2187	2187	2187	2187	2187	2174	2174	2174	2187	2174	2174	2174	2160	2160	2160	2160	2160	2147	2160	2160	2160	2160	2160	2160	2160	2160	2160	2160	2174	2160	2174	2160	2174	2147	2147	2133	2147	2160	2147	2160	2174	2174	2174	2187	2174	2174	2160	2174	2174	2174	2174	2174	2174	2174	2174	2174	2160	2174	2174	2174	2187	2187	2187	2187	2187	2174	2174	2174	2174	2160	2160	2160	2160	2160	2147	2147	2147	2160	2160	2160	2174	2174	2174	2174	2174	2174	2174	2174	2160	2160	2174	2174	2174	2160	2160	2133	2160	2160	2160	2174	2174	2174	2174	2160	2160	2160	2160	2160	2160	2187	2187	2187	2187	2187	2174	2174	2174	2174	2174	2160	2160	2174	2174	2174	2174	2174	2174	2174	2174	2174	2174	2174	2174	2174	2187	2174	2174	2174	2147	2133	2133	2120	2107	2095	2082	2082	2069	2069	2069	2069	2069	2069	2069	2069	2069	2069	2069	2069	2082	2069	2082	2082	2069	2069	2082	2082	2069	2069	2069	2069	2069	2069	2069	2082	2082	2082	2069	0	0	0	0	0	0	0	0	0	0	0	0	1416	1422	1422	1422	1428	1428	1428	1428	1428	1440	1434	0	0	0	0	0	0	0	0	0	0	0	0	0	0	0	941	939	936	936	933	931	928	923	921	919	919	914	911	911	909	909	907	904	904	902	899	899	899	899	899	899	897	897	899	899	902	902	907	909	911	914	916	919	926	928	928	928	928	928	931	895	897	895	888	879	874	874	872	870	868	868	863	863	859	857	857	855	855	853	849	846	846	844	844	844	842	842	840	838	836	836	836	834	832	830	830	828	828	828	828	828	826	828	826	826	828	826	826	826	826	826	824	824	824	824	824	824	824	824	826	826	826	828	828	826	828	828	828	826	0	0	0	0	0	0	0	0	0	0	0	0	0	0	0	0	0	0	0	0	0	0	0	0	0	0	0	0	0	0	0	0	0	0	0	0	0	0	0	0	0	0	0	0	0	0	0	0	0	0	0	0	0	0	0	0	0	0	0	0	0	0	0	0	0	0	0	0	0	0	0	0	0	0	0	0	0	0	0	0	0	0	0	0	0	0	0	0	0	0	0	0	0	0	0	0	0	0	0	0	0	0	0	0	0	0	0	0	0	0	0	0	0	0	0	0	0	0	0	0	0	0	0	0	0	0	0	0	0	0	0	0	0	0	0	0	0	0	0	0	0	0	0	0	0	0	0	0	0	0	0	0	0	0	0	0	0	0	0	0	0	0	0	0	0	0	0	0	0	0	0	0	0	0	0	0	0	0	0	0	0	0	0	0	0	0	0	0	0	0	
0	0	0	0	0	0	0	0	0	0	0	0	0	0	0	0	0	0	0	0	0	0	0	0	0	0	0	0	0	0	0	0	0	0	0	0	0	0	1754	1809	1819	1819	1819	1819	1838	1848	1858	1868	1888	1899	1899	1899	1920	1931	1931	1941	1975	1986	1986	1998	2009	2021	2021	2021	2057	2045	2057	2082	2095	2120	2160	2174	2187	2201	2215	2215	2215	2215	2215	2215	2201	2187	2187	2174	2174	2174	2174	2174	2174	2187	2201	2187	2174	2174	2187	2174	2174	2174	2174	2174	2187	2187	2187	2201	2187	2187	2187	2174	2174	2160	2160	2160	2160	2160	2160	2160	2174	2174	2174	2174	2174	2174	2160	2160	2160	2174	2174	2174	2174	2174	2174	2160	2160	2160	2160	2147	2147	2147	2147	2147	2147	2147	2147	2147	2147	2160	2147	2160	2147	2160	2160	2147	2147	2147	2120	2120	2107	2120	2133	2120	2147	2160	2160	2160	2160	2160	2160	2160	2160	2160	2174	2174	2160	2174	2174	2160	2160	2160	2160	2160	2160	2160	2160	2160	2174	2174	2160	2160	2160	2160	2160	2160	2160	2160	2160	2133	2133	2147	2147	2147	2147	2160	2160	2160	2160	2160	2160	2160	2160	2160	2147	2160	2160	2160	2147	2147	2147	2147	2160	2160	2174	2160	2160	2160	2160	2160	2160	2147	2160	2160	2187	2187	2174	2174	2187	2174	2174	2160	2160	2160	2160	2160	2160	2160	2160	2174	2174	2160	2160	2160	2160	2160	2160	2160	2160	2174	2174	2160	2160	2147	2133	2133	2120	2107	2095	2082	2069	2069	2069	2069	2069	2069	2069	2069	2069	2069	2069	2069	2069	2069	2069	2069	2069	2069	2069	2069	2069	2069	2069	2069	2069	2069	2069	2069	2082	2082	2082	2069	0	0	0	0	0	0	0	0	0	0	0	0	1416	1416	1416	1422	1422	1422	1422	1428	1428	1440	1440	1446	0	0	0	0	0	0	0	0	0	0	0	0	0	0	941	936	936	933	931	928	926	923	921	921	919	916	914	911	911	909	909	907	904	904	902	902	902	899	899	899	899	899	902	902	902	904	907	909	911	914	916	919	923	928	928	926	926	926	928	895	897	895	888	881	877	874	872	870	868	868	863	861	859	857	857	855	855	853	849	846	846	844	844	844	842	842	840	838	838	836	836	834	832	830	830	828	828	828	828	826	826	826	826	826	828	826	826	826	826	826	824	824	824	824	824	824	824	826	826	826	826	826	826	826	826	826	826	826	0	0	0	0	0	0	0	0	0	0	0	0	0	0	0	0	0	0	0	0	0	0	0	0	0	0	0	0	0	0	0	0	0	0	0	0	0	0	0	0	0	0	0	0	0	0	0	0	0	0	0	0	0	0	0	0	0	0	0	0	0	0	0	0	0	0	0	0	0	0	0	0	0	0	0	0	0	0	0	0	0	0	0	0	0	0	0	0	0	0	0	0	0	0	0	0	0	0	0	0	0	0	0	0	0	0	0	0	0	0	0	0	0	0	0	0	0	0	0	0	0	0	0	0	0	0	0	0	0	0	0	0	0	0	0	0	0	0	0	0	0	0	0	0	0	0	0	0	0	0	0	0	0	0	0	0	0	0	0	0	0	0	0	0	0	0	0	0	0	0	0	0	0	0	0	0	0	0	0	0	0	0	0	0	0	0	0	0	0	0	
0	0	0	0	0	0	0	0	0	0	0	0	0	0	0	0	0	0	0	0	0	0	0	0	0	0	0	0	0	0	0	0	0	0	0	0	0	0	1754	1809	1819	1819	1819	1819	1828	1848	1858	1858	1888	1899	1899	1909	1920	1920	1931	1941	1975	1975	1986	1986	2009	2021	2033	2033	2057	2057	2057	2069	2095	2120	2133	2147	2160	2160	2174	2174	2174	2187	2187	2187	2187	2174	2160	2160	2160	2160	2147	2160	2147	2160	2174	2174	2174	2174	2174	2174	2160	2160	2133	2133	2133	2133	2133	2133	2133	2174	2174	2160	2160	2160	2160	2160	2160	2160	2160	2160	2160	2160	2160	2174	2160	2160	2160	2160	2160	2160	2160	2174	2174	2174	2160	2160	2160	2160	2147	2147	2147	2133	2133	2133	2133	2133	2147	2147	2147	2147	2147	2147	2147	2147	2147	2147	2133	2133	2120	2107	2107	2107	2120	2120	2120	2147	2147	2147	2147	2147	2160	2160	2160	2160	2160	2160	2160	2160	2160	2160	2160	2147	2147	2147	2147	2147	2147	2160	2160	2160	2160	2160	2160	2160	2160	2160	2147	2160	2147	2133	2133	2133	2147	2147	2147	2147	2147	2147	2160	2147	2147	2147	2147	2147	2147	2147	2147	2147	2133	2133	2133	2133	2147	2147	2160	2160	2147	2147	2147	2147	2147	2147	2147	2147	2147	2174	2174	2174	2174	2160	2160	2160	2160	2160	2147	2147	2160	2160	2160	2160	2160	2147	2147	2147	2147	2147	2147	2147	2147	2160	2147	2160	2160	2133	2133	2133	2120	2107	2082	2082	2069	2069	2069	2069	2069	2069	2069	2069	2069	2069	2069	2069	2069	2069	2069	2069	2069	2069	2069	2069	2069	2069	2069	2069	2069	2069	2069	2069	2069	2082	2069	2069	0	0	0	0	0	0	0	0	0	0	0	0	1416	1416	1416	1416	1422	1422	1422	1422	1428	1440	1440	1434	0	0	0	0	0	0	0	0	0	0	0	0	0	0	946	936	936	933	931	928	926	923	923	921	919	916	914	911	911	909	909	907	907	904	902	902	902	902	902	902	902	902	902	902	902	904	909	909	911	914	916	921	923	926	926	926	926	926	926	899	899	897	888	881	877	874	872	868	868	866	863	861	859	857	857	855	853	851	849	846	844	844	844	844	842	842	840	838	838	836	836	834	832	830	830	828	828	826	826	826	826	828	826	826	828	826	826	826	826	826	826	824	824	826	826	826	826	826	826	826	826	826	826	826	826	826	826	826	0	0	0	0	0	0	0	0	0	0	0	0	0	0	0	0	0	0	0	0	0	0	0	0	0	0	0	0	0	0	0	0	0	0	0	0	0	0	0	0	0	0	0	0	0	0	0	0	0	0	0	0	0	0	0	0	0	0	0	0	0	0	0	0	0	0	0	0	0	0	0	0	0	0	0	0	0	0	0	0	0	0	0	0	0	0	0	0	0	0	0	0	0	0	0	0	0	0	0	0	0	0	0	0	0	0	0	0	0	0	0	0	0	0	0	0	0	0	0	0	0	0	0	0	0	0	0	0	0	0	0	0	0	0	0	0	0	0	0	0	0	0	0	0	0	0	0	0	0	0	0	0	0	0	0	0	0	0	0	0	0	0	0	0	0	0	0	0	0	0	0	0	0	0	0	0	0	0	0	0	0	0	0	0	0	0	0	0	0	0	
0	0	0	0	0	0	0	0	0	0	0	0	0	0	0	0	0	0	0	0	0	0	0	0	0	0	0	0	0	0	0	0	0	0	0	0	0	0	1754	1800	1809	1819	1819	1819	1828	1838	1848	1848	1878	1888	1899	1909	1931	1920	1931	1941	1975	1975	1986	1986	2009	2033	2033	2045	2057	2057	2057	2069	2082	2107	2120	2133	2147	2147	2160	2160	2160	2160	2160	2174	2160	2160	2160	2147	2147	2147	2147	2147	2133	2147	2160	2147	2160	2160	2160	2160	2133	2133	2120	2120	2120	2133	2120	2133	2133	2147	2147	2147	2133	2147	2147	2147	2160	2147	2147	2160	2160	2147	2147	2147	2147	2147	2147	2133	2147	2160	2160	2160	2160	2174	2160	2160	2160	2147	2147	2133	2133	2133	2120	2120	2120	2120	2133	2133	2133	2133	2133	2133	2133	2133	2133	2133	2120	2120	2107	2107	2107	2107	2120	2107	2120	2133	2147	2147	2147	2147	2147	2147	2147	2147	2147	2160	2147	2147	2147	2147	2147	2147	2133	2147	2133	2133	2147	2147	2147	2160	2160	2160	2160	2160	2160	2147	2147	2147	2147	2133	2133	2133	2133	2133	2133	2147	2133	2147	2147	2147	2133	2147	2147	2133	2133	2133	2133	2120	2120	2107	2107	2120	2120	2133	2147	2147	2147	2147	2147	2147	2147	2133	2133	2133	2133	2174	2174	2174	2174	2160	2160	2160	2147	2147	2147	2147	2147	2147	2147	2147	2147	2133	2133	2133	2120	2133	2133	2133	2133	2147	2147	2147	2147	2133	2133	2120	2107	2095	2082	2082	2069	2069	2069	2069	2069	2069	2069	2069	2069	2069	2057	2057	2057	2057	2057	2057	2057	2069	2069	2069	2069	2069	2069	2069	2069	2069	2069	2069	2069	2057	2082	2082	0	0	0	0	0	0	0	0	0	0	0	0	1416	1416	1416	1416	1416	1422	1428	1428	1428	1434	1434	1446	0	0	0	0	0	0	0	0	0	0	0	0	0	0	949	936	936	936	931	928	926	923	923	921	919	916	914	914	911	911	909	909	907	907	904	904	904	902	902	902	902	902	902	902	902	904	907	909	911	914	916	921	923	926	926	926	926	926	926	902	899	895	890	881	877	874	870	868	868	866	863	861	859	857	857	855	853	853	849	846	844	844	844	844	842	842	840	838	836	836	836	834	834	830	830	828	828	826	828	826	826	828	826	826	826	826	826	826	826	826	826	826	826	826	826	826	826	826	826	826	826	826	826	826	826	826	826	826	0	0	0	0	0	0	0	0	0	0	0	0	0	0	0	0	0	0	0	0	0	0	0	0	0	0	0	0	0	0	0	0	0	0	0	0	0	0	0	0	0	0	0	0	0	0	0	0	0	0	0	0	0	0	0	0	0	0	0	0	0	0	0	0	0	0	0	0	0	0	0	0	0	0	0	0	0	0	0	0	0	0	0	0	0	0	0	0	0	0	0	0	0	0	0	0	0	0	0	0	0	0	0	0	0	0	0	0	0	0	0	0	0	0	0	0	0	0	0	0	0	0	0	0	0	0	0	0	0	0	0	0	0	0	0	0	0	0	0	0	0	0	0	0	0	0	0	0	0	0	0	0	0	0	0	0	0	0	0	0	0	0	0	0	0	0	0	0	0	0	0	0	0	0	0	0	0	0	0	0	0	0	0	0	0	0	0	0	0	0	
0	0	0	0	0	0	0	0	0	0	0	0	0	0	0	0	0	0	0	0	0	0	0	0	0	0	0	0	0	0	0	0	0	0	0	0	0	0	1754	1781	1809	1819	1819	1819	1828	1848	1848	1848	1878	1888	1899	1909	1920	1920	1931	1941	1975	1975	1975	1986	2009	2021	2033	2045	2057	2057	2069	2082	2082	2107	2107	2120	2133	2133	2133	2133	2133	2147	2133	2133	2133	2147	2133	2133	2133	2120	2120	2133	2107	2107	2120	2120	2147	2133	2133	2133	2120	2133	2120	2107	2120	2120	2120	2120	2120	2120	2133	2133	2133	2133	2147	2147	2160	2147	2147	2160	2147	2147	2133	2133	2133	2133	2120	2120	2133	2147	2147	2160	2160	2174	2160	2147	2147	2147	2147	2133	2120	2120	2120	2107	2107	2107	2107	2133	2133	2133	2133	2133	2133	2133	2133	2133	2120	2120	2107	2107	2107	2107	2120	2120	2120	2133	2133	2147	2133	2133	2133	2133	2133	2133	2133	2147	2133	2147	2147	2147	2133	2133	2133	2133	2120	2120	2133	2133	2133	2147	2147	2147	2147	2147	2147	2147	2147	2147	2147	2120	2120	2120	2120	2133	2133	2133	2120	2133	2133	2133	2133	2133	2133	2133	2133	2133	2133	2107	2095	2095	2095	2095	2107	2107	2133	2133	2133	2133	2133	2133	2133	2133	2133	2133	2133	2147	2147	2147	2160	2147	2147	2147	2147	2133	2133	2133	2147	2147	2133	2133	2133	2133	2133	2120	2120	2120	2120	2120	2120	2133	2133	2133	2133	2120	2120	2120	2107	2095	2095	2082	2082	2082	2069	2069	2069	2069	2069	2069	2069	2057	2045	2045	2045	2045	2045	2057	2057	2057	2069	2069	2069	2069	2069	2069	2069	2069	2069	2069	2057	2057	2069	2057	2033	0	0	0	0	0	0	0	0	0	0	0	1416	1416	1416	1416	1416	1422	1422	1422	1428	1434	1440	1434	0	0	0	0	0	0	0	0	0	0	0	0	0	0	0	939	939	936	933	928	926	926	923	921	921	919	916	914	914	911	911	909	909	909	907	904	907	904	904	902	902	902	902	902	904	904	909	911	914	916	919	919	923	926	926	926	926	926	928	899	897	897	895	881	874	872	870	868	868	866	863	861	859	857	857	855	853	853	849	846	844	844	844	844	842	842	840	838	836	836	836	834	834	830	830	828	826	826	826	826	826	828	826	826	826	826	826	826	826	826	826	824	824	826	826	826	826	828	826	826	826	826	826	826	826	826	826	0	0	0	0	0	0	0	0	0	0	0	0	0	0	0	0	0	0	0	0	0	0	0	0	0	0	0	0	0	0	0	0	0	0	0	0	0	0	0	0	0	0	0	0	0	0	0	0	0	0	0	0	0	0	0	0	0	0	0	0	0	0	0	0	0	0	0	0	0	0	0	0	0	0	0	0	0	0	0	0	0	0	0	0	0	0	0	0	0	0	0	0	0	0	0	0	0	0	0	0	0	0	0	0	0	0	0	0	0	0	0	0	0	0	0	0	0	0	0	0	0	0	0	0	0	0	0	0	0	0	0	0	0	0	0	0	0	0	0	0	0	0	0	0	0	0	0	0	0	0	0	0	0	0	0	0	0	0	0	0	0	0	0	0	0	0	0	0	0	0	0	0	0	0	0	0	0	0	0	0	0	0	0	0	0	0	0	0	0	0	0	
0	0	0	0	0	0	0	0	0	0	0	0	0	0	0	0	0	0	0	0	0	0	0	0	0	0	0	0	0	0	0	0	0	0	0	0	0	0	1754	1772	1809	1819	1809	1819	1828	1838	1848	1848	1868	1888	1899	1909	1909	1920	1931	1941	1941	1975	1975	1986	2009	2021	2033	2045	2057	2057	2069	2082	2082	2095	2107	2107	2120	2120	2133	2133	2133	2133	2133	2133	2120	2120	2120	2133	2120	2120	2120	2133	2133	2107	2120	2120	2120	2120	2120	2120	2107	2120	2107	2107	2107	2107	2107	2107	2107	2107	2120	2120	2120	2120	2133	2147	2147	2147	2147	2147	2133	2133	2120	2120	2120	2120	2120	2120	2120	2107	2107	2095	2095	2147	2147	2133	2133	2133	2133	2120	2120	2107	2107	2107	2107	2107	2107	2120	2120	2120	2120	2120	2120	2120	2120	2120	2107	2107	2107	2107	2107	2107	2120	2120	2120	2120	2120	2120	2120	2120	2120	2120	2120	2120	2120	2120	2120	2133	2133	2133	2133	2133	2120	2120	2120	2107	2120	2120	2120	2120	2120	2133	2147	2147	2147	2147	2133	2133	2133	2120	2120	2120	2120	2120	2120	2120	2107	2120	2120	2120	2120	2133	2133	2120	2120	2133	2120	2095	2095	2095	2082	2095	2095	2095	2107	2120	2133	2133	2133	2133	2133	2133	2133	2120	2120	2133	2133	2133	2133	2133	2120	2120	2120	2120	2107	2120	2107	2120	2120	2107	2120	2120	2120	2120	2107	2107	2120	2120	2107	2120	2120	2120	2133	2120	2107	2107	2107	2095	2082	2082	2082	2082	2082	2069	2069	2069	2069	2069	2057	2057	2045	2045	2057	2045	2045	2045	2057	2057	2057	2057	2069	2069	2069	2069	2069	2069	2069	2069	2057	2033	2033	2057	2069	0	0	0	0	0	0	0	0	0	0	0	1416	1416	1416	1416	1416	1422	1422	1422	1428	1434	1440	1434	0	0	0	0	0	0	0	0	0	0	0	0	0	0	928	939	939	936	933	928	928	926	923	923	921	919	916	914	911	911	911	911	909	909	907	907	907	904	904	904	902	902	904	904	904	907	909	911	914	916	919	919	923	926	926	926	928	928	931	899	897	897	897	877	874	872	870	868	868	866	863	861	859	857	857	855	853	853	849	846	846	844	844	844	842	842	840	838	836	836	836	834	832	830	828	828	826	826	826	826	826	828	826	826	826	826	826	826	824	826	824	824	824	826	826	826	826	826	826	826	824	826	824	824	824	824	824	0	0	0	0	0	0	0	0	0	0	0	0	0	0	0	0	0	0	0	0	0	0	0	0	0	0	0	0	0	0	0	0	0	0	0	0	0	0	0	0	0	0	0	0	0	0	0	0	0	0	0	0	0	0	0	0	0	0	0	0	0	0	0	0	0	0	0	0	0	0	0	0	0	0	0	0	0	0	0	0	0	0	0	0	0	0	0	0	0	0	0	0	0	0	0	0	0	0	0	0	0	0	0	0	0	0	0	0	0	0	0	0	0	0	0	0	0	0	0	0	0	0	0	0	0	0	0	0	0	0	0	0	0	0	0	0	0	0	0	0	0	0	0	0	0	0	0	0	0	0	0	0	0	0	0	0	0	0	0	0	0	0	0	0	0	0	0	0	0	0	0	0	0	0	0	0	0	0	0	0	0	0	0	0	0	0	0	0	0	0	0	
0	0	0	0	0	0	0	0	0	0	0	0	0	0	0	0	0	0	0	0	0	0	0	0	0	0	0	0	0	0	0	0	0	0	0	0	0	0	1763	1772	1800	1809	1809	1819	1828	1838	1848	1848	1868	1888	1899	1909	1909	1920	1931	1941	1941	1975	1975	1986	2009	2021	2033	2045	2057	2057	2069	2069	2082	2095	2107	2107	2107	2120	2120	2120	2120	2133	2120	2120	2120	2120	2120	2120	2120	2120	2120	2120	2120	2120	2120	2107	2120	2120	2120	2107	2095	2107	2095	2095	2095	2107	2107	2107	2107	2107	2107	2107	2107	2120	2120	2133	2147	2133	2147	2147	2133	2120	2120	2120	2107	2120	2120	2107	2107	2107	2107	2095	2095	2095	2095	2095	2107	2120	2120	2107	2107	2107	2107	2095	2095	2095	2095	2107	2107	2107	2107	2107	2107	2107	2107	2107	2107	2107	2095	2107	2107	2107	2107	2107	2107	2120	2120	2120	2120	2120	2120	2120	2107	2107	2107	2107	2107	2120	2120	2133	2120	2120	2107	2107	2107	2107	2107	2107	2107	2107	2107	2120	2133	2133	2133	2133	2133	2133	2133	2120	2107	2107	2107	2107	2107	2107	2107	2107	2107	2120	2120	2120	2120	2120	2107	2120	2107	2095	2082	2082	2069	2082	2082	2082	2082	2095	2107	2107	2107	2107	2107	2107	2095	2095	2095	2107	2107	2107	2107	2120	2120	2120	2107	2107	2107	2107	2095	2095	2107	2095	2107	2107	2107	2107	2107	2107	2107	2107	2095	2107	2107	2107	2120	2107	2107	2107	2107	2095	2082	2082	2082	2082	2082	2069	2069	2069	2069	2069	2057	2045	2045	2045	2045	2045	2045	2045	2045	2057	2057	2057	2057	2057	2057	2057	2057	2057	2057	2069	2045	2033	2033	2033	2033	0	0	0	0	0	0	0	0	0	0	0	1416	1416	1416	1416	1416	1422	1422	1422	1428	1434	1440	1440	1428	0	0	0	0	0	0	0	0	0	0	0	0	0	928	939	939	936	933	931	928	926	926	923	923	921	919	916	914	911	911	911	911	911	909	909	909	907	907	902	904	904	904	904	907	907	909	911	914	916	919	919	921	926	926	926	928	928	931	899	899	897	897	877	874	872	870	868	868	866	863	861	859	857	857	855	855	853	849	846	846	844	844	844	842	840	838	838	836	836	836	834	832	830	828	826	826	826	826	826	826	828	828	828	826	826	824	824	824	824	824	824	824	826	826	826	826	826	826	826	824	826	824	824	822	824	824	0	0	0	0	0	0	0	0	0	0	0	0	0	0	0	0	0	0	0	0	0	0	0	0	0	0	0	0	0	0	0	0	0	0	0	0	0	0	0	0	0	0	0	0	0	0	0	0	0	0	0	0	0	0	0	0	0	0	0	0	0	0	0	0	0	0	0	0	0	0	0	0	0	0	0	0	0	0	0	0	0	0	0	0	0	0	0	0	0	0	0	0	0	0	0	0	0	0	0	0	0	0	0	0	0	0	0	0	0	0	0	0	0	0	0	0	0	0	0	0	0	0	0	0	0	0	0	0	0	0	0	0	0	0	0	0	0	0	0	0	0	0	0	0	0	0	0	0	0	0	0	0	0	0	0	0	0	0	0	0	0	0	0	0	0	0	0	0	0	0	0	0	0	0	0	0	0	0	0	0	0	0	0	0	0	0	0	0	0	0	0	
0	0	0	0	0	0	0	0	0	0	0	0	0	0	0	0	0	0	0	0	0	0	0	0	0	0	0	0	0	0	0	0	0	0	0	0	0	0	1763	1763	1800	1809	1809	1819	1828	1838	1838	1848	1868	1888	1899	1909	1909	1920	1931	1931	1941	1975	1975	1986	2009	2021	2033	2045	2057	2069	2069	2069	2082	2095	2095	2107	2107	2107	2120	2120	2120	2120	2120	2120	2107	2107	2120	2120	2107	2107	2107	2107	2107	2107	2107	2107	2107	2107	2107	2107	2095	2095	2095	2095	2095	2095	2107	2107	2107	2107	2107	2107	2107	2107	2107	2120	2120	2133	2133	2133	2120	2120	2120	2107	2107	2107	2107	2095	2095	2107	2107	2095	2095	2069	2069	2082	2095	2095	2107	2095	2095	2095	2095	2082	2095	2095	2095	2095	2107	2107	2107	2107	2107	2107	2095	2095	2095	2107	2095	2107	2107	2107	2107	2107	2107	2107	2107	2120	2107	2107	2107	2107	2107	2107	2107	2107	2107	2107	2107	2107	2107	2107	2107	2107	2107	2107	2107	2107	2107	2107	2107	2107	2120	2120	2133	2107	2107	2107	2107	2095	2082	2082	2082	2082	2095	2095	2095	2082	2082	2095	2095	2095	2095	2095	2095	2095	2095	2082	2082	2082	2082	2082	2082	2082	2082	2082	2095	2095	2107	2107	2107	2095	2095	2095	2095	2107	2107	2107	2107	2120	2107	2107	2095	2095	2095	2095	2082	2082	2082	2082	2095	2095	2095	2095	2095	2095	2095	2095	2095	2095	2095	2107	2120	2107	2095	2095	2095	2082	2082	2082	2069	2069	2069	2069	2069	2069	2069	2057	2057	2045	2033	2045	2045	2045	2045	2045	2045	2057	2057	2045	2057	2057	2057	2057	2057	2057	2057	2057	2057	2045	2045	2045	2045	2045	0	0	0	0	0	0	0	0	0	0	1416	1416	1416	1416	1416	1422	1422	1422	1428	1434	1446	1434	0	0	0	0	0	0	0	0	0	0	0	0	0	0	0	946	944	936	933	931	928	926	926	923	923	921	919	919	914	914	911	911	911	911	909	909	909	909	909	907	907	907	907	907	907	909	909	911	914	916	919	919	923	928	928	928	928	931	931	899	899	895	902	881	877	874	872	870	870	868	863	861	859	857	857	855	855	853	849	846	846	846	844	844	842	840	838	838	836	836	836	834	832	830	828	826	826	826	826	826	826	828	828	828	826	826	824	824	824	824	824	824	824	826	826	826	826	826	826	826	824	824	824	824	822	822	822	0	0	0	0	0	0	0	0	0	0	0	0	0	0	0	0	0	0	0	0	0	0	0	0	0	0	0	0	0	0	0	0	0	0	0	0	0	0	0	0	0	0	0	0	0	0	0	0	0	0	0	0	0	0	0	0	0	0	0	0	0	0	0	0	0	0	0	0	0	0	0	0	0	0	0	0	0	0	0	0	0	0	0	0	0	0	0	0	0	0	0	0	0	0	0	0	0	0	0	0	0	0	0	0	0	0	0	0	0	0	0	0	0	0	0	0	0	0	0	0	0	0	0	0	0	0	0	0	0	0	0	0	0	0	0	0	0	0	0	0	0	0	0	0	0	0	0	0	0	0	0	0	0	0	0	0	0	0	0	0	0	0	0	0	0	0	0	0	0	0	0	0	0	0	0	0	0	0	0	0	0	0	0	0	0	0	0	0	0	0	0	
0	0	0	0	0	0	0	0	0	0	0	0	0	0	0	0	0	0	0	0	0	0	0	0	0	0	0	0	0	0	0	0	0	0	0	0	0	0	1763	1772	1800	1809	1819	1819	1828	1838	1838	1848	1868	1878	1888	1909	1920	1931	1931	1941	1941	1975	1975	1986	2009	2021	2033	2045	2057	2069	2069	2069	2082	2082	2095	2095	2095	2107	2107	2107	2107	2120	2107	2107	2107	2107	2107	2107	2095	2095	2095	2095	2095	2107	2107	2107	2107	2107	2107	2095	2095	2095	2082	2082	2095	2095	2095	2107	2095	2095	2095	2095	2095	2095	2095	2107	2120	2120	2120	2120	2120	2120	2107	2107	2107	2107	2107	2095	2095	2082	2095	2082	2082	2069	2057	2069	2082	2082	2095	2082	2095	2082	2082	2069	2082	2082	2082	2095	2095	2095	2095	2095	2095	2095	2095	2095	2095	2095	2095	2095	2107	2095	2095	2095	2095	2107	2107	2107	2107	2107	2095	2107	2095	2095	2095	2095	2095	2095	2095	2095	2095	2095	2095	2095	2095	2095	2095	2095	2095	2095	2095	2095	2095	2095	2095	2107	2095	2095	2095	2082	2082	2069	2069	2069	2082	2082	2082	2069	2069	2082	2082	2082	2082	2082	2082	2082	2082	2082	2082	2082	2069	2069	2082	2082	2082	2082	2082	2095	2095	2095	2095	2095	2095	2095	2095	2095	2107	2095	2095	2095	2095	2095	2095	2082	2082	2082	2082	2069	2069	2069	2057	2082	2082	2095	2095	2095	2082	2095	2082	2082	2082	2082	2107	2082	2082	2082	2082	2082	2082	2082	2069	2069	2069	2069	2069	2069	2069	2057	2045	2045	2033	2033	2033	2033	2033	2045	2045	2045	2045	2045	2045	2045	2057	2045	2057	2057	2045	2057	2045	2045	2033	2033	2045	2033	2021	0	0	0	0	0	0	0	0	0	1416	1416	1416	1416	1416	1422	1422	1428	1428	1440	1440	1434	1434	0	0	0	0	0	0	0	0	0	0	0	0	0	0	944	944	939	936	931	928	928	926	923	923	921	919	919	916	914	911	911	911	911	909	909	909	909	909	909	907	907	907	907	907	909	909	911	914	916	919	919	926	928	931	931	931	933	933	902	902	899	902	881	877	874	872	870	870	868	866	861	859	857	857	855	855	855	851	846	846	846	844	844	842	840	838	838	836	836	834	834	832	830	828	826	826	826	826	826	826	828	828	826	826	826	822	824	824	824	824	824	824	826	826	826	826	826	826	824	824	824	824	824	822	822	822	0	0	0	0	0	0	0	0	0	0	0	0	0	0	0	0	0	0	0	0	0	0	0	0	0	0	0	0	0	0	0	0	0	0	0	0	0	0	0	0	0	0	0	0	0	0	0	0	0	0	0	0	0	0	0	0	0	0	0	0	0	0	0	0	0	0	0	0	0	0	0	0	0	0	0	0	0	0	0	0	0	0	0	0	0	0	0	0	0	0	0	0	0	0	0	0	0	0	0	0	0	0	0	0	0	0	0	0	0	0	0	0	0	0	0	0	0	0	0	0	0	0	0	0	0	0	0	0	0	0	0	0	0	0	0	0	0	0	0	0	0	0	0	0	0	0	0	0	0	0	0	0	0	0	0	0	0	0	0	0	0	0	0	0	0	0	0	0	0	0	0	0	0	0	0	0	0	0	0	0	0	0	0	0	0	0	0	0	0	0	0	
0	0	0	0	0	0	0	0	0	0	0	0	0	0	0	0	0	0	0	0	0	0	0	0	0	0	0	0	0	0	0	0	0	0	0	0	0	0	1763	1772	1809	1809	1819	1819	1828	1838	1838	1838	1858	1878	1888	1909	1909	1931	1931	1931	1941	1975	1975	1986	2009	2009	2033	2045	2045	2069	2069	2069	2069	2082	2082	2082	2095	2095	2095	2095	2095	2107	2107	2107	2095	2095	2107	2107	2082	2082	2082	2095	2095	2095	2095	2107	2107	2107	2107	2107	2082	2082	2082	2069	2082	2082	2095	2095	2095	2095	2095	2095	2095	2095	2082	2107	2107	2107	2107	2107	2120	2107	2107	2107	2107	2107	2107	2095	2082	2082	2082	2069	2082	2069	2057	2069	2069	2069	2082	2069	2069	2069	2069	2057	2057	2069	2069	2082	2082	2082	2082	2082	2082	2082	2082	2069	2069	2069	2069	2069	2069	2069	2057	2057	2045	2057	2057	2057	2057	2069	2069	2082	2082	2095	2095	2095	2095	2095	2095	2095	2095	2095	2082	2082	2082	2082	2082	2082	2069	2069	2082	2082	2082	2082	2082	2095	2095	2082	2082	2069	2069	2057	2057	2057	2057	2057	2069	2057	2057	2057	2069	2057	2057	2057	2069	2069	2069	2069	2069	2069	2069	2069	2069	2069	2069	2069	2069	2082	2082	2082	2082	2082	2082	2082	2069	2082	2082	2082	2069	2082	2082	2082	2082	2082	2082	2069	2069	2057	2057	2057	2045	2045	2045	2095	2082	2082	2082	2082	2069	2069	2069	2057	2082	2069	2069	2069	2069	2082	2069	2069	2069	2069	2069	2069	2069	2069	2057	2045	2045	2045	2033	2033	2033	2033	2033	2033	2033	2045	2033	2033	2045	2045	2045	2045	2045	2045	2045	2045	2045	2033	2033	2033	2021	2033	0	0	0	0	0	0	0	0	0	0	1416	1416	1416	1416	1416	1422	1422	1428	1428	1440	1440	1434	0	0	0	0	0	0	0	0	0	0	0	0	0	0	0	946	944	939	936	931	928	928	926	926	923	921	919	919	916	916	914	914	911	911	911	911	911	911	909	909	909	909	909	909	909	911	911	914	916	919	919	921	928	928	931	933	933	936	936	939	897	892	890	881	877	874	872	870	870	868	866	861	859	857	857	855	855	855	851	846	846	844	844	844	842	840	838	838	836	836	834	832	830	830	828	826	828	828	828	828	828	828	828	826	826	824	822	822	822	822	822	824	824	824	824	826	824	826	826	824	824	824	824	824	822	822	822	0	0	0	0	0	0	0	0	0	0	0	0	0	0	0	0	0	0	0	0	0	0	0	0	0	0	0	0	0	0	0	0	0	0	0	0	0	0	0	0	0	0	0	0	0	0	0	0	0	0	0	0	0	0	0	0	0	0	0	0	0	0	0	0	0	0	0	0	0	0	0	0	0	0	0	0	0	0	0	0	0	0	0	0	0	0	0	0	0	0	0	0	0	0	0	0	0	0	0	0	0	0	0	0	0	0	0	0	0	0	0	0	0	0	0	0	0	0	0	0	0	0	0	0	0	0	0	0	0	0	0	0	0	0	0	0	0	0	0	0	0	0	0	0	0	0	0	0	0	0	0	0	0	0	0	0	0	0	0	0	0	0	0	0	0	0	0	0	0	0	0	0	0	0	0	0	0	0	0	0	0	0	0	0	0	0	0	0	0	0	0	
0	0	0	0	0	0	0	0	0	0	0	0	0	0	0	0	0	0	0	0	0	0	0	0	0	0	0	0	0	0	0	0	0	0	0	0	0	0	1763	1772	1809	1819	1819	1819	1828	1838	1838	1838	1858	1878	1888	1909	1920	1931	1931	1931	1941	1975	1975	1986	2009	2009	2021	2033	2045	2069	2069	2069	2069	2069	2082	2082	2082	2082	2082	2082	2057	2095	2095	2095	2082	2082	2082	2095	2069	2069	2069	2082	2082	2082	2082	2095	2095	2107	2107	2107	2082	2082	2069	2069	2069	2069	2082	2082	2082	2095	2082	2069	2082	2069	2069	2082	2095	2095	2069	2069	2107	2107	2057	2057	2057	2095	2082	2082	2069	2069	2069	2069	2069	2069	2057	2057	2057	2069	2057	2057	2057	2057	2057	2057	2045	2057	2057	2057	2057	2069	2069	2069	2057	2057	2069	2069	2057	2057	2057	2057	2057	2057	2057	2057	2057	2057	2057	2045	2045	2057	2057	2069	2069	2082	2082	2082	2082	2082	2082	2082	2082	2082	2069	2069	2069	2069	2069	2069	2069	2069	2069	2069	2069	2069	2082	2082	2082	2082	2069	2069	2057	2057	2045	2045	2045	2045	2045	2045	2045	2057	2057	2057	2057	2057	2057	2057	2057	2069	2057	2069	2069	2069	2057	2045	2045	2045	2057	2069	2069	2069	2069	2069	2069	2069	2069	2069	2057	2057	2057	2057	2057	2069	2069	2069	2069	2069	2069	2057	2045	2045	2045	2045	2045	2082	2082	2069	2069	2069	2057	2045	2045	2057	2069	2069	2057	2069	2069	2069	2069	2069	2057	2057	2069	2069	2069	2069	2057	2045	2045	2045	2033	2033	2033	2033	2033	2033	2033	2033	2033	2033	2033	2045	2045	2045	2045	2045	2045	2045	2045	2033	2033	2021	2021	2021	0	0	0	0	0	0	0	0	0	0	1410	1410	1416	1416	1416	1422	1422	1428	1428	1428	1434	1434	0	0	0	0	0	0	0	0	0	0	0	0	0	0	0	949	946	941	936	933	931	928	928	928	923	921	921	921	919	916	914	914	911	911	911	911	911	911	909	909	909	909	909	911	909	911	914	916	919	919	921	921	928	931	933	933	936	939	941	949	892	892	890	890	877	874	872	870	870	868	866	863	859	857	857	857	855	855	851	849	846	846	844	842	840	840	838	838	836	836	834	832	830	830	828	826	826	826	826	826	826	826	826	826	826	824	822	822	822	824	822	824	824	826	824	824	824	824	824	824	824	824	824	824	822	822	822	822	0	0	0	0	0	0	0	0	0	0	0	0	0	0	0	0	0	0	0	0	0	0	0	0	0	0	0	0	0	0	0	0	0	0	0	0	0	0	0	0	0	0	0	0	0	0	0	0	0	0	0	0	0	0	0	0	0	0	0	0	0	0	0	0	0	0	0	0	0	0	0	0	0	0	0	0	0	0	0	0	0	0	0	0	0	0	0	0	0	0	0	0	0	0	0	0	0	0	0	0	0	0	0	0	0	0	0	0	0	0	0	0	0	0	0	0	0	0	0	0	0	0	0	0	0	0	0	0	0	0	0	0	0	0	0	0	0	0	0	0	0	0	0	0	0	0	0	0	0	0	0	0	0	0	0	0	0	0	0	0	0	0	0	0	0	0	0	0	0	0	0	0	0	0	0	0	0	0	0	0	0	0	0	0	0	0	0	0	0	0	
0	0	0	0	0	0	0	0	0	0	0	0	0	0	0	0	0	0	0	0	0	0	0	0	0	0	0	0	0	0	0	0	0	0	0	0	0	0	1772	1781	1809	1819	1819	1819	1828	1828	1838	1838	1858	1878	1888	1909	1920	1931	1931	1931	1941	1975	1975	1986	2009	2009	2021	2033	2045	2082	2082	2082	2082	2082	2082	2082	2069	2069	2069	2069	2057	2069	2069	2082	2069	2069	2057	2069	2057	2057	2057	2069	2057	2082	2082	2082	2082	2082	2082	2082	2069	2069	2057	2057	2045	2045	2057	2057	2069	2069	2069	2057	2057	2057	2057	2057	2057	2057	2069	2057	2057	2033	2033	2009	2082	2069	2082	2069	2069	2069	2069	2057	2057	2057	2045	2045	2045	2045	2057	2045	2057	2045	2045	2045	2045	2045	2045	2045	2045	2045	2057	2057	2057	2057	2057	2057	2057	2057	2057	2057	2057	2045	2045	2045	2045	2033	2033	2033	2033	2045	2045	2045	2045	2057	2069	2069	2069	2069	2057	2069	2069	2069	2069	2069	2069	2069	2069	2057	2057	2057	2057	2069	2069	2069	2069	2069	2069	2069	2069	2057	2045	2045	2045	2045	2045	2045	2033	2045	2045	2045	2045	2045	2045	2045	2045	2057	2057	2057	2057	2045	2045	2045	2045	2045	2045	2045	2045	2057	2057	2057	2057	2057	2033	2033	2045	2057	2045	2045	2021	2033	2045	2045	2045	2045	2057	2057	2057	2045	2045	2045	2045	2033	2045	2045	2045	2045	2045	2045	2045	2045	2045	2045	2057	2045	2045	2057	2057	2057	2045	2045	2057	2057	2057	2057	2057	2057	2045	2033	2033	2033	2033	2033	2033	2033	2033	2033	2033	2033	2033	2033	2033	2033	2033	2045	2045	2045	2045	2045	2033	2033	2033	2033	2021	2045	0	0	0	0	0	0	0	0	0	0	1410	1410	1410	1410	1416	1422	1422	1422	1422	1422	1428	1434	1422	0	0	0	0	0	0	0	0	0	0	0	0	0	0	949	949	941	936	933	931	928	928	928	926	921	921	919	919	919	916	914	911	911	911	911	911	911	911	911	911	911	911	911	911	914	916	916	919	919	921	926	931	931	933	936	939	939	941	949	949	892	890	890	877	874	872	870	870	868	866	863	859	857	857	857	855	855	851	849	846	846	844	844	842	840	838	838	836	836	834	832	830	830	828	828	828	826	826	826	826	826	826	826	826	824	822	822	822	822	824	824	824	826	826	824	824	824	824	824	824	824	824	824	822	822	822	822	0	0	0	0	0	0	0	0	0	0	0	0	0	0	0	0	0	0	0	0	0	0	0	0	0	0	0	0	0	0	0	0	0	0	0	0	0	0	0	0	0	0	0	0	0	0	0	0	0	0	0	0	0	0	0	0	0	0	0	0	0	0	0	0	0	0	0	0	0	0	0	0	0	0	0	0	0	0	0	0	0	0	0	0	0	0	0	0	0	0	0	0	0	0	0	0	0	0	0	0	0	0	0	0	0	0	0	0	0	0	0	0	0	0	0	0	0	0	0	0	0	0	0	0	0	0	0	0	0	0	0	0	0	0	0	0	0	0	0	0	0	0	0	0	0	0	0	0	0	0	0	0	0	0	0	0	0	0	0	0	0	0	0	0	0	0	0	0	0	0	0	0	0	0	0	0	0	0	0	0	0	0	0	0	0	0	0	0	0	0	
0	0	0	0	0	0	0	0	0	0	0	0	0	0	0	0	0	0	0	0	0	0	0	0	0	0	0	0	0	0	0	0	0	0	0	0	0	0	1772	1800	1819	1828	1819	1809	1819	1828	1828	1828	1828	1888	1899	1909	1920	1931	1931	1931	1931	1952	1975	1986	2009	2009	2021	2033	2033	2057	2069	2057	2057	2057	2057	2057	2057	2057	2057	2057	2057	2057	2057	2057	2057	2045	2045	2057	2045	2045	2057	2057	2057	2069	2069	2069	2069	2069	2069	2069	2057	2057	2057	2045	2045	2045	2045	2045	2057	2045	2057	2033	2045	2033	2033	2033	2045	2045	2057	2045	2045	2033	2021	2021	2033	2057	2069	2069	2057	2057	2057	2057	2057	2045	2033	2033	2033	2045	2045	2033	2033	2033	2045	2033	2021	2021	2033	2045	2033	2033	2045	2045	2045	2045	2045	2057	2045	2045	2057	2057	2045	2045	2045	2033	2033	2033	2021	2021	2021	2033	2033	2033	2033	2045	2057	2045	2057	2057	2057	2045	2045	2057	2045	2045	2057	2045	2057	2057	2057	2057	2057	2045	2057	2057	2057	2057	2057	2057	2057	2045	2045	2045	2045	2033	2033	2033	2033	2033	2045	2033	2033	2033	2033	2045	2045	2045	2045	2057	2045	2045	2045	2033	2033	2033	2033	2033	2033	2033	2033	2045	2045	2033	2033	2033	2033	2033	2021	2021	2021	2033	2021	2033	2033	2033	2045	2045	2045	2045	2045	2045	2033	2033	2033	2045	2045	2033	2033	2033	2033	2033	2033	2033	2045	2033	2033	2045	2045	2045	2033	2033	2045	2033	2045	2033	2045	2045	2033	2021	2033	2033	2033	2033	2033	2033	2033	2033	2033	2033	2021	2021	2021	2033	2033	2033	2033	2033	2033	2033	2033	2033	2021	2021	2009	2021	0	0	0	0	0	0	0	0	0	1410	1410	1410	1416	1410	1416	1422	1416	1422	1422	1422	1428	1428	0	0	0	0	0	0	0	0	0	0	0	0	0	0	0	954	949	946	941	936	931	931	928	928	926	923	923	921	921	919	916	914	911	911	911	911	911	911	911	911	911	911	911	911	911	914	916	919	921	921	926	928	931	933	936	939	941	941	944	949	949	892	890	890	881	877	872	870	870	868	866	863	859	859	857	857	855	855	851	849	846	844	844	842	840	840	838	838	836	836	834	832	830	830	828	828	828	826	826	826	826	826	826	826	824	824	822	822	822	822	822	824	824	824	824	824	824	824	824	824	824	824	822	822	822	822	822	822	0	0	0	0	0	0	0	0	0	0	0	0	0	0	0	0	0	0	0	0	0	0	0	0	0	0	0	0	0	0	0	0	0	0	0	0	0	0	0	0	0	0	0	0	0	0	0	0	0	0	0	0	0	0	0	0	0	0	0	0	0	0	0	0	0	0	0	0	0	0	0	0	0	0	0	0	0	0	0	0	0	0	0	0	0	0	0	0	0	0	0	0	0	0	0	0	0	0	0	0	0	0	0	0	0	0	0	0	0	0	0	0	0	0	0	0	0	0	0	0	0	0	0	0	0	0	0	0	0	0	0	0	0	0	0	0	0	0	0	0	0	0	0	0	0	0	0	0	0	0	0	0	0	0	0	0	0	0	0	0	0	0	0	0	0	0	0	0	0	0	0	0	0	0	0	0	0	0	0	0	0	0	0	0	0	0	0	0	0	0	
0	0	0	0	0	0	0	0	0	0	0	0	0	0	0	0	0	0	0	0	0	0	0	0	0	0	0	0	0	0	0	0	0	0	0	0	0	0	1772	1790	1819	1819	1819	1809	1819	1828	1828	1828	1828	1888	1899	1909	1909	1920	1920	1920	1931	1964	1975	1975	2009	2009	2021	2033	2033	2021	2057	2057	2057	2045	2045	2057	2045	2045	2045	2045	2045	2045	2045	2045	2045	2045	2033	2033	2033	2033	2033	2045	2045	2057	2057	2057	2057	2057	2057	2057	2045	2045	2045	2033	2033	2033	2033	2033	2033	2033	2033	2033	2033	2033	2033	2033	2033	2033	2045	2033	2033	2033	2021	2009	2009	2021	0	2057	2045	2045	2045	2045	2045	2033	2021	2009	2009	2021	2021	2021	2021	2021	2033	2021	2021	2009	2021	2033	2021	2021	2033	2033	2033	2033	2033	2045	2045	2045	2045	2045	2045	2045	2033	2033	2021	2021	2021	2009	2021	2021	2021	2033	2033	2033	2045	2045	2045	2045	2045	2045	2033	2033	2033	2033	2045	2033	2045	2045	2045	2045	2045	2033	2045	2045	2045	2057	2057	2057	2057	2045	2045	2033	2033	2033	2033	2033	2021	2033	2033	2033	2033	2033	2033	2033	2033	2045	2033	2045	2045	2033	2033	2033	2033	2021	2021	2021	2021	2021	2021	2033	2033	2009	2009	2009	2009	2021	2009	2009	2009	2021	2021	2021	2009	2033	2033	2033	2033	2033	2033	2033	2033	2033	2033	2033	2033	2033	2033	2033	2045	2033	2033	2033	2033	2033	2033	2021	2033	2033	2009	2009	2021	2009	2009	2021	2009	2009	2009	2009	2009	2021	2021	2021	2021	2021	2021	2021	2021	2009	2009	2021	2021	2021	2021	2021	2033	2033	2033	2033	2021	2021	2009	2009	1998	1998	0	0	0	0	0	0	0	0	0	1410	1410	1410	1416	1410	1416	1422	1416	1422	1422	1416	1428	1422	0	0	0	0	0	0	0	0	0	0	0	0	0	0	0	0	949	944	941	939	936	931	931	928	926	923	923	921	921	919	919	916	914	911	911	911	911	911	911	911	911	911	911	911	911	916	919	921	921	923	926	931	931	936	933	939	941	941	944	946	946	892	890	890	890	872	872	870	868	868	866	863	861	859	857	857	855	855	851	849	846	844	844	842	842	840	838	838	836	836	832	832	830	830	828	828	828	826	826	826	826	826	824	824	824	822	822	822	822	822	822	822	824	824	824	824	824	824	824	824	824	824	824	822	822	822	822	822	0	0	0	0	0	0	0	0	0	0	0	0	0	0	0	0	0	0	0	0	0	0	0	0	0	0	0	0	0	0	0	0	0	0	0	0	0	0	0	0	0	0	0	0	0	0	0	0	0	0	0	0	0	0	0	0	0	0	0	0	0	0	0	0	0	0	0	0	0	0	0	0	0	0	0	0	0	0	0	0	0	0	0	0	0	0	0	0	0	0	0	0	0	0	0	0	0	0	0	0	0	0	0	0	0	0	0	0	0	0	0	0	0	0	0	0	0	0	0	0	0	0	0	0	0	0	0	0	0	0	0	0	0	0	0	0	0	0	0	0	0	0	0	0	0	0	0	0	0	0	0	0	0	0	0	0	0	0	0	0	0	0	0	0	0	0	0	0	0	0	0	0	0	0	0	0	0	0	0	0	0	0	0	0	0	0	0	0	0	0	
0	0	0	0	0	0	0	0	0	0	0	0	0	0	0	0	0	0	0	0	0	0	0	0	0	0	0	0	0	0	0	0	0	0	0	0	0	0	1772	1781	1809	1809	1809	1809	1819	1828	1828	1828	1838	1888	1888	1909	1909	1920	1920	1931	1931	1952	1975	1986	2009	2009	2021	2021	2021	2009	2009	2033	2045	2045	2045	2045	2033	2033	2045	2033	2033	2033	2033	2045	2045	2033	2033	2021	2021	2033	2021	2033	2045	2045	2045	2045	2045	2045	2045	2045	2033	2033	2033	2033	2033	2033	2021	2033	2033	2021	2033	2021	2021	2021	2021	2021	2021	2021	2033	2021	2021	2021	2009	2009	2009	2009	0	2033	2033	2033	2033	2033	2033	2021	2009	2009	2009	2009	2009	2009	2009	2009	2021	2009	2009	2009	2009	2009	2009	2009	2009	2009	2009	2021	2021	2021	2033	2033	2033	2045	2045	2033	2033	2021	2021	2021	2021	2009	2009	2021	2021	2009	2021	2009	2021	2021	2021	2033	2033	2033	2033	2033	2033	2033	2033	2033	2033	2033	2045	2045	2033	2033	2033	2033	2033	2045	2045	2057	2045	2045	2045	2033	2033	2033	2033	2033	2021	2021	2021	2021	2021	2009	2021	2033	2021	2033	2021	2033	2033	2033	2033	2021	2021	2021	2009	2009	2021	2009	2009	2021	2021	2021	2021	1998	2009	2009	2009	2009	2009	2009	2009	2009	2009	2021	2021	2021	2021	2009	2009	2009	2009	2009	2009	2009	2009	2009	2021	2021	2021	2033	2033	2021	2021	2009	2021	1998	1998	1998	1998	1998	1998	1998	1998	1998	1986	1998	1998	2009	2009	2009	2021	2021	2009	2009	2009	2009	2009	2009	2009	2009	2021	2021	2021	2021	2021	2033	2021	2021	2009	2009	1998	1998	1986	1986	0	0	0	0	0	0	0	0	0	1410	1410	1416	1416	1410	1416	1422	1416	1422	1422	1416	1428	1422	0	0	0	0	0	0	0	0	0	0	0	0	0	0	0	0	949	944	941	939	936	933	931	928	926	923	923	923	921	921	919	919	914	911	911	911	911	911	911	911	911	911	911	911	919	919	921	921	923	926	928	931	933	936	939	941	941	941	946	946	946	892	892	890	890	883	870	870	868	868	866	861	859	859	857	857	855	855	851	849	846	844	844	842	840	840	838	838	838	834	832	830	830	830	828	828	828	826	826	826	826	824	824	824	824	822	822	822	822	822	822	822	824	824	824	822	822	822	822	822	822	822	822	822	822	822	822	822	0	0	0	0	0	0	0	0	0	0	0	0	0	0	0	0	0	0	0	0	0	0	0	0	0	0	0	0	0	0	0	0	0	0	0	0	0	0	0	0	0	0	0	0	0	0	0	0	0	0	0	0	0	0	0	0	0	0	0	0	0	0	0	0	0	0	0	0	0	0	0	0	0	0	0	0	0	0	0	0	0	0	0	0	0	0	0	0	0	0	0	0	0	0	0	0	0	0	0	0	0	0	0	0	0	0	0	0	0	0	0	0	0	0	0	0	0	0	0	0	0	0	0	0	0	0	0	0	0	0	0	0	0	0	0	0	0	0	0	0	0	0	0	0	0	0	0	0	0	0	0	0	0	0	0	0	0	0	0	0	0	0	0	0	0	0	0	0	0	0	0	0	0	0	0	0	0	0	0	0	0	0	0	0	0	0	0	0	0	0	
0	0	0	0	0	0	0	0	0	0	0	0	0	0	0	0	0	0	0	0	0	0	0	0	0	0	0	0	0	0	0	0	0	0	0	0	0	0	1772	1781	1800	1809	1809	1809	1819	1828	1828	1828	1838	1888	1899	1909	1909	1909	1920	1920	1931	1941	1975	1986	2009	2009	2021	2021	2021	2009	2009	2021	2033	2033	2033	2033	2021	2021	2033	2033	2033	2033	2033	2033	2045	2033	2021	2021	2021	2021	2021	2033	2033	2033	2045	2033	2033	2033	2033	2033	2021	2021	2021	2021	2021	2021	2021	2033	2033	2021	2021	2021	2021	2021	2021	2021	2021	2021	2021	2021	2009	2009	2021	2021	2009	2021	2021	2021	2021	2021	2021	2021	2021	2009	2009	1998	1998	1986	1998	1998	1998	1998	2009	2009	2009	1998	1998	1998	1998	1998	1998	1998	1998	2009	2009	2009	2021	2021	2021	2033	2033	2033	2021	2021	2021	2009	2009	2009	2009	2009	2009	2009	2009	2009	2009	2009	2009	2021	2021	2021	2021	2021	2021	2033	2033	2021	2033	2033	2033	2033	2033	2021	2021	2021	2021	2021	2033	2045	2033	2033	2033	2033	2033	2033	2033	2021	2021	2021	2009	2009	2009	2009	1998	2009	2009	2021	2009	2021	2021	2021	2021	2009	2009	2009	2009	2009	2009	1998	1998	1998	1998	1998	1986	1986	1986	1986	1986	1986	1986	1986	1998	1998	1986	1986	1986	2009	2009	2009	2009	2009	2009	1998	1998	1998	1998	2009	2009	2009	2009	2021	2021	2009	2009	1998	1986	1986	1986	1998	1998	1998	1986	1986	1986	1986	1986	1986	1986	1998	1998	2009	2009	2009	2009	1998	1998	2009	1998	1998	1998	2009	2009	2009	2021	2021	2021	2021	2021	2021	2009	1998	1998	1986	1986	1986	1975	0	0	0	0	0	0	0	0	1410	1416	1416	1416	1416	1416	1422	1416	1422	1422	1416	1422	0	0	0	0	0	0	0	0	0	0	0	0	0	0	0	0	0	0	952	944	941	939	933	931	928	926	926	923	923	921	921	919	919	916	914	911	911	911	911	911	911	911	914	914	916	919	919	921	923	926	928	931	936	939	939	939	941	944	944	946	946	946	892	892	890	890	883	883	870	868	866	866	861	857	859	857	857	855	855	851	849	846	844	844	842	840	840	838	838	838	834	832	830	830	830	828	828	828	826	824	824	824	824	824	824	822	822	822	822	822	822	822	822	822	824	824	822	822	822	822	824	822	822	822	822	822	822	822	822	0	0	0	0	0	0	0	0	0	0	0	0	0	0	0	0	0	0	0	0	0	0	0	0	0	0	0	0	0	0	0	0	0	0	0	0	0	0	0	0	0	0	0	0	0	0	0	0	0	0	0	0	0	0	0	0	0	0	0	0	0	0	0	0	0	0	0	0	0	0	0	0	0	0	0	0	0	0	0	0	0	0	0	0	0	0	0	0	0	0	0	0	0	0	0	0	0	0	0	0	0	0	0	0	0	0	0	0	0	0	0	0	0	0	0	0	0	0	0	0	0	0	0	0	0	0	0	0	0	0	0	0	0	0	0	0	0	0	0	0	0	0	0	0	0	0	0	0	0	0	0	0	0	0	0	0	0	0	0	0	0	0	0	0	0	0	0	0	0	0	0	0	0	0	0	0	0	0	0	0	0	0	0	0	0	0	0	0	0	0	
0	0	0	0	0	0	0	0	0	0	0	0	0	0	0	0	0	0	0	0	0	0	0	0	0	0	0	0	0	0	0	0	0	0	0	0	0	0	1781	1781	1800	1809	1809	1809	1819	1828	1838	1848	1868	1888	1899	1899	1899	1909	1920	1931	1931	1941	1975	1986	1986	2009	2009	2021	2009	2009	2009	2009	2021	2021	2021	2021	2021	2021	2021	2021	2033	2033	2021	2033	2033	2021	2021	2009	2009	2021	2021	2021	2033	2033	2033	2033	2021	2021	2021	2021	2021	2021	2021	2021	2021	2021	2009	2021	2021	2009	2021	2009	2009	2021	2021	2009	2009	2009	2009	2009	2009	2009	2009	2009	2009	2009	2009	2021	2021	2021	2021	2021	2021	2009	2009	1998	1998	1986	1986	1998	1998	1998	1998	1998	1998	1998	1998	1986	1986	1986	1986	1986	1998	1998	1998	2009	2009	2009	2009	2021	2021	2021	2009	2009	2009	2009	2009	1998	2009	2009	1998	2009	2009	2009	2009	2009	1998	2009	2009	2009	2009	2009	2009	2021	2021	2021	2021	2033	2033	2021	2021	2009	2021	2009	2009	2009	2021	2021	2021	2021	2021	2021	2021	2021	2009	2021	2009	2009	1998	1998	1986	1986	1986	1986	1986	1986	1998	1986	1998	1998	1998	1998	1998	1998	1998	1998	1998	1998	1986	1986	1986	1986	1975	1975	1975	1975	1975	1975	1975	1986	1986	1986	1986	1986	1986	1998	1998	1998	1998	1998	1998	1998	1998	1986	1986	1998	1998	1998	1998	1998	1998	1998	1998	1998	1975	1975	1975	1986	1986	1986	1986	1986	1986	1986	1986	1986	1986	1986	1986	1986	1986	1998	1986	1986	1986	1986	1998	1986	1986	1986	1998	1998	1998	1998	2009	2009	2009	2009	2009	1986	1986	1975	1986	1975	1975	1964	0	0	0	0	0	0	0	1416	1416	1416	1416	1416	1416	1422	1416	1416	1416	1416	1422	0	0	0	0	0	0	0	0	0	0	0	0	0	0	0	0	0	0	944	949	944	941	936	933	931	928	926	923	923	923	921	921	919	919	916	911	911	911	911	911	911	911	911	914	919	919	921	926	926	928	931	931	936	939	941	941	941	944	944	946	949	946	890	892	890	890	886	886	870	868	866	866	863	857	857	857	857	855	855	851	849	844	844	844	842	840	840	838	838	838	836	832	830	830	830	828	828	826	826	824	822	822	822	822	822	822	822	822	822	822	822	822	822	822	822	822	822	822	822	822	822	822	822	822	822	822	822	822	822	0	0	0	0	0	0	0	0	0	0	0	0	0	0	0	0	0	0	0	0	0	0	0	0	0	0	0	0	0	0	0	0	0	0	0	0	0	0	0	0	0	0	0	0	0	0	0	0	0	0	0	0	0	0	0	0	0	0	0	0	0	0	0	0	0	0	0	0	0	0	0	0	0	0	0	0	0	0	0	0	0	0	0	0	0	0	0	0	0	0	0	0	0	0	0	0	0	0	0	0	0	0	0	0	0	0	0	0	0	0	0	0	0	0	0	0	0	0	0	0	0	0	0	0	0	0	0	0	0	0	0	0	0	0	0	0	0	0	0	0	0	0	0	0	0	0	0	0	0	0	0	0	0	0	0	0	0	0	0	0	0	0	0	0	0	0	0	0	0	0	0	0	0	0	0	0	0	0	0	0	0	0	0	0	0	0	0	0	0	0	
0	0	0	0	0	0	0	0	0	0	0	0	0	0	0	0	0	0	0	0	0	0	0	0	0	0	0	0	0	0	0	0	0	0	0	0	0	0	1781	1781	1781	1790	1809	1809	1819	1828	1838	1848	1868	1888	1888	1909	1899	1909	1920	1931	1931	1941	1975	1986	1986	1998	2009	2009	2009	2009	1998	1998	2009	2009	2021	2021	2021	2021	2021	2021	2021	2033	2021	2021	2021	2021	2009	2021	1998	2009	2009	2021	2009	2009	2021	2021	2009	2009	2009	2009	2009	2009	2009	2009	2009	2009	2009	2009	2021	2009	2009	2009	2009	2009	2009	2009	2009	2009	2009	2009	2009	1998	1998	2009	2009	2009	2009	2009	2009	2009	2009	2009	2009	2009	2009	1998	1986	1986	1986	1986	1998	1998	1998	1998	1998	1986	1986	1986	1975	1975	1975	1975	1986	1986	1986	1986	1998	2009	2009	2009	2009	2009	2009	2009	1998	2009	1998	1998	1998	1998	1998	1998	1998	1998	1998	1998	1998	1998	1998	1998	1998	1998	1986	1986	1986	1998	1998	1998	1998	1998	1986	1986	1998	1998	1986	1986	1998	1998	1998	1998	1998	1986	1986	1986	1986	1986	1998	1998	1986	1986	1986	1986	1986	1975	1975	1986	1986	1986	1986	1986	1986	1998	1986	1986	1986	1986	1986	1986	1975	1975	1986	1986	1975	1975	1975	1964	1975	1975	1975	1975	1986	1986	1986	1975	1975	1986	1986	1986	1986	1986	1986	1986	1986	1975	1975	1975	1986	1986	1986	1986	1986	1998	1986	1986	1975	1975	1964	1964	1964	1964	1975	1975	1975	1975	1975	1986	1986	1986	1986	1986	1986	1986	1986	1975	1975	1975	1986	1986	1986	1986	1986	1986	1986	1986	1986	2009	1998	1998	1998	1986	1986	1975	1975	1975	1975	1964	1964	0	0	0	0	0	0	0	1422	1422	1422	1422	1416	1422	1416	1416	1416	1410	0	0	0	0	0	0	0	0	0	0	0	0	0	0	0	0	0	0	0	0	957	952	941	939	933	931	928	926	926	923	923	921	921	921	919	919	911	911	914	911	911	914	914	916	916	919	921	921	926	928	928	931	931	936	939	941	941	941	944	944	949	949	892	892	892	892	890	883	883	872	868	866	866	861	857	857	857	855	855	855	851	846	844	844	842	842	840	838	838	838	836	834	832	830	830	828	828	828	826	826	824	824	824	822	822	822	822	822	822	822	822	822	822	822	822	822	822	822	822	822	822	822	822	822	822	822	822	822	822	822	0	0	0	0	0	0	0	0	0	0	0	0	0	0	0	0	0	0	0	0	0	0	0	0	0	0	0	0	0	0	0	0	0	0	0	0	0	0	0	0	0	0	0	0	0	0	0	0	0	0	0	0	0	0	0	0	0	0	0	0	0	0	0	0	0	0	0	0	0	0	0	0	0	0	0	0	0	0	0	0	0	0	0	0	0	0	0	0	0	0	0	0	0	0	0	0	0	0	0	0	0	0	0	0	0	0	0	0	0	0	0	0	0	0	0	0	0	0	0	0	0	0	0	0	0	0	0	0	0	0	0	0	0	0	0	0	0	0	0	0	0	0	0	0	0	0	0	0	0	0	0	0	0	0	0	0	0	0	0	0	0	0	0	0	0	0	0	0	0	0	0	0	0	0	0	0	0	0	0	0	0	0	0	0	0	0	0	0	0	0	
0	0	0	0	0	0	0	0	0	0	0	0	0	0	0	0	0	0	0	0	0	0	0	0	0	0	0	0	0	0	0	0	0	0	0	0	0	0	1781	1781	1781	1800	1809	1809	1819	1838	1848	1858	1868	1878	1888	1909	1899	1909	1920	1931	1931	1941	1975	1986	1986	1998	2009	2009	2009	2009	1998	1998	2009	2009	2009	2009	2009	2009	2021	2021	2021	2033	2021	2009	2009	2009	1986	1998	1986	1986	1986	1998	1998	1998	2009	2009	1998	1998	1998	2009	1998	1998	1998	2009	2021	2009	2009	2021	2021	2009	2009	2009	2009	1998	2009	1998	1998	1998	1998	1998	1998	1998	1998	1998	1998	1998	1998	1998	1998	2009	2009	2009	2009	2009	1998	1998	1986	1975	1975	1986	1986	1986	1986	1986	1986	1986	1986	1986	1975	1964	1964	1964	1975	1975	1975	1975	1975	1975	1975	1975	1952	1952	1952	1986	1986	1975	1986	1986	1975	1975	1975	1964	1964	1964	1964	1975	1975	1964	1964	1964	1964	1964	1975	1975	1975	1986	1986	1986	1986	1975	1975	1975	1986	1986	1986	1986	1986	1986	1998	1986	1986	1986	1986	1986	1986	1964	1986	1986	1975	1986	1986	1986	1986	1975	1975	1975	1975	1975	1975	1975	1986	1986	1986	1975	1975	1975	1975	1975	1975	1975	1975	1964	1964	1964	1964	1964	1964	1964	1975	1975	1975	1975	1975	1964	1964	1975	1975	1964	1964	1964	1975	1975	1964	1964	1964	1964	1964	1964	1975	1975	1975	1986	1986	1986	1964	1964	1964	1964	1964	1964	1964	1964	1975	1975	1975	1975	1975	1975	1975	1975	1975	1975	1975	1964	1975	1975	1986	1975	1975	1975	1986	1986	1986	1975	1986	1975	1986	1975	1986	1975	1975	1964	1975	1975	1964	1964	1964	0	0	0	0	0	0	0	1422	1422	1422	1422	1422	1422	1416	1416	1422	1422	0	0	0	0	0	0	0	0	0	0	0	0	0	0	0	0	0	0	0	0	957	952	941	939	933	931	928	926	926	923	923	923	921	921	921	919	914	914	914	914	914	914	914	916	916	919	919	923	926	928	931	931	931	936	939	941	941	941	0	944	949	949	897	892	892	890	890	883	877	872	868	866	866	861	857	857	857	855	855	853	849	846	844	844	842	840	840	838	838	836	836	834	832	830	830	828	828	828	826	826	824	824	824	822	822	822	822	822	822	822	822	822	822	822	822	822	822	822	822	822	822	822	822	822	822	822	822	822	822	820	0	0	0	0	0	0	0	0	0	0	0	0	0	0	0	0	0	0	0	0	0	0	0	0	0	0	0	0	0	0	0	0	0	0	0	0	0	0	0	0	0	0	0	0	0	0	0	0	0	0	0	0	0	0	0	0	0	0	0	0	0	0	0	0	0	0	0	0	0	0	0	0	0	0	0	0	0	0	0	0	0	0	0	0	0	0	0	0	0	0	0	0	0	0	0	0	0	0	0	0	0	0	0	0	0	0	0	0	0	0	0	0	0	0	0	0	0	0	0	0	0	0	0	0	0	0	0	0	0	0	0	0	0	0	0	0	0	0	0	0	0	0	0	0	0	0	0	0	0	0	0	0	0	0	0	0	0	0	0	0	0	0	0	0	0	0	0	0	0	0	0	0	0	0	0	0	0	0	0	0	0	0	0	0	0	0	0	0	0	0	
0	0	0	0	0	0	0	0	0	0	0	0	0	0	0	0	0	0	0	0	0	0	0	0	0	0	0	0	0	0	0	0	0	0	0	0	0	0	1772	1772	1781	1800	1809	1809	1819	1828	1838	1858	1868	1878	1888	1899	1899	1909	1920	1931	1941	1941	1975	1986	1986	1998	2009	2009	2009	2009	1998	1998	1998	1998	1998	1998	1998	1998	2021	2021	2021	2021	2021	2009	2009	1998	1998	1986	1975	1975	1975	1986	1986	1986	1998	1998	1998	1998	1986	1986	1998	1998	1998	1986	2009	2009	2009	2009	2009	2009	2009	2009	1998	1998	1998	1998	1998	1998	1998	1998	1998	1998	1986	1986	1986	1986	1986	1986	1986	1986	1986	1986	1986	1986	1986	1975	1975	1964	1964	1964	1975	1975	1975	1975	1986	1975	1975	1975	1964	1964	1964	1964	1964	1964	1964	1952	1952	1952	1952	1964	1952	1952	1952	1964	1964	1964	1964	1964	1964	1964	1964	1952	1952	1952	1964	1964	1964	1964	1964	1964	1952	1964	1964	1964	1964	1964	1964	1964	1964	1964	1964	1964	1964	1975	1975	1975	1975	1975	1986	1975	1964	1964	1975	1975	1975	1952	1964	1964	1964	1975	1975	1975	1975	1964	1964	1975	1975	1975	1975	1975	1975	1975	1975	1975	1975	1964	1964	1964	1964	1964	1964	1952	1952	1952	1952	1952	1952	1952	1964	1964	1964	1964	1952	1952	1952	1952	1964	1952	1952	1964	1964	1964	1964	1952	1952	1964	1964	1964	1964	1964	1975	1975	1975	1975	1964	1964	1952	1952	1952	1952	1952	1952	1964	1964	1964	1964	1975	1975	1975	1975	1964	1964	1964	1964	1964	1964	1975	1975	1964	1975	1975	1975	1975	1964	1975	1964	1975	1964	1964	1964	1964	1952	1952	1964	1952	1964	1964	0	0	0	0	0	0	0	1422	1422	1422	1422	1416	1416	1416	1416	1416	1404	0	0	0	0	0	0	0	0	0	0	0	0	0	0	0	0	0	0	0	0	944	949	941	939	936	933	931	928	926	926	923	923	921	921	921	919	919	916	914	0	0	0	0	0	0	0	0	0	0	0	0	0	0	0	0	0	0	0	0	0	0	0	0	0	0	0	0	0	0	0	0	0	0	0	0	0	0	0	0	0	0	0	0	0	0	0	0	0	0	0	0	0	0	0	0	0	0	0	0	0	0	0	0	0	0	0	0	0	0	0	0	0	0	0	0	0	0	0	0	0	0	0	0	0	0	0	0	0	0	0	0	0	0	0	0	0	0	0	0	0	0	0	0	0	0	0	0	0	0	0	0	0	0	0	0	0	0	0	0	0	0	0	0	0	0	0	0	0	0	0	0	0	0	0	0	0	0	0	0	0	0	0	0	0	0	0	0	0	0	0	0	0	0	0	0	0	0	0	0	0	0	0	0	0	0	0	0	0	0	0	0	0	0	0	0	0	0	0	0	0	0	0	0	0	0	0	0	0	0	0	0	0	0	0	0	0	0	0	0	0	0	0	0	0	0	0	0	0	0	0	0	0	0	0	0	0	0	0	0	0	0	0	0	0	0	0	0	0	0	0	0	0	0	0	0	0	0	0	0	0	0	0	0	0	0	0	0	0	0	0	0	0	0	0	0	0	0	0	0	0	0	0	0	0	0	0	0	0	0	0	0	0	0	0	0	0	0	0	0	0	
0	0	0	0	0	0	0	0	0	0	0	0	0	0	0	0	0	0	0	0	0	0	0	0	0	0	0	0	0	0	0	0	0	0	0	0	0	0	1772	1772	1781	1790	1809	1809	1819	1828	1838	1848	1858	1868	1878	1899	1899	1899	1920	1941	1941	1941	1964	1975	1975	1986	2009	2009	2009	2009	1986	1998	1986	1986	1986	1975	1986	1986	2009	2009	2021	2021	2009	1998	1998	1998	1998	1986	1975	1975	1975	1975	1975	1975	1986	1986	1986	1986	1975	1975	1964	1964	1964	1964	1975	1998	1998	1998	1998	1998	1998	1998	1998	1986	1986	1998	1986	1986	1986	1986	1986	1986	1986	1975	1975	1975	1975	1975	1975	1975	0	0	0	0	0	0	0	0	0	0	0	0	0	0	0	0	0	0	0	0	0	0	0	0	0	0	0	0	0	0	0	0	0	0	0	0	0	0	0	0	0	0	0	0	0	0	0	0	0	0	0	0	0	0	0	0	0	0	0	0	0	0	0	0	0	0	0	0	0	0	0	0	0	0	0	0	0	0	0	0	0	0	0	0	0	0	0	0	0	0	0	0	0	0	0	0	0	0	0	0	0	0	0	0	0	0	0	0	0	0	0	0	0	0	0	0	0	0	0	0	0	0	0	0	0	0	0	0	0	0	0	0	0	0	0	0	0	0	0	0	0	0	0	0	0	0	0	0	0	0	0	0	0	0	0	0	0	0	0	0	0	0	0	0	0	0	0	0	0	0	0	0	0	0	0	0	0	0	0	0	0	0	0	0	0	0	0	0	0	0	0	0	0	0	0	0	0	0	0	0	0	0	0	0	0	0	0	0	0	0	0	0	0	0	0	0	0	0	0	0	0	0	0	0	0	0	0	0	0	0	0	0	0	0	0	0	0	0	0	0	0	0	0	0	0	0	0	0	0	0	0	0	0	0	0	0	0	0	0	0	0	0	0	0	0	0	0	0	0	0	0	0	0	0	0	0	0	0	0	0	0	0	0	0	0	0	0	0	0	0	0	0	0	0	0	0	0	0	0	0	0	0	0	0	0	0	0	0	0	0	0	0	0	0	0	0	0	0	0	0	0	0	0	0	0	0	0	0	0	0	0	0	0	0	0	0	0	0	0	0	0	0	0	0	0	0	0	0	0	0	0	0	0	0	0	0	0	0	0	0	0	0	0	0	0	0	0	0	0	0	0	0	0	0	0	0	0	0	0	0	0	0	0	0	0	0	0	0	0	0	0	0	0	0	0	0	0	0	0	0	0	0	0	0	0	0	0	0	0	0	0	0	0	0	0	0	0	0	0	0	0	0	0	0	0	0	0	0	0	0	0	0	0	0	0	0	0	0	0	0	0	0	0	0	0	0	0	0	0	0	0	0	0	0	0	0	0	0	0	0	0	0	0	0	0	0	0	0	0	0	0	0	0	0	0	0	0	0	0	0	0	0	0	0	0	0	0	0	0	0	0	0	0	0	0	0	0	0	0	0	0	0	0	0	0	0	0	0	0	0	0	0	0	0	
0	0	0	0	0	0	0	0	0	0	0	0	0	0	0	0	0	0	0	0	0	0	0	0	0	0	0	0	0	0	0	0	0	0	0	0	0	0	0	0	0	0	0	0	0	0	0	0	0	0	0	0	0	0	0	0	0	0	0	0	0	0	0	0	0	0	0	0	0	0	0	0	0	0	0	0	0	0	0	0	0	0	0	0	0	0	0	0	0	0	0	0	0	0	0	0	0	0	0	0	0	0	0	0	0	0	0	0	0	0	0	0	0	0	0	0	0	0	0	0	0	0	0	0	0	0	0	0	0	0	0	0	0	0	0	0	0	0	0	0	0	0	0	0	0	0	0	0	0	0	0	0	0	0	0	0	0	0	0	0	0	0	0	0	0	0	0	0	0	0	0	0	0	0	0	0	0	0	0	0	0	0	0	0	0	0	0	0	0	0	0	0	0	0	0	0	0	0	0	0	0	0	0	0	0	0	0	0	0	0	0	0	0	0	0	0	0	0	0	0	0	0	0	0	0	0	0	0	0	0	0	0	0	0	0	0	0	0	0	0	0	0	0	0	0	0	0	0	0	0	0	0	0	0	0	0	0	0	0	0	0	0	0	0	0	0	0	0	0	0	0	0	0	0	0	0	0	0	0	0	0	0	0	0	0	0	0	0	0	0	0	0	0	0	0	0	0	0	0	0	0	0	0	0	0	0	0	0	0	0	0	0	0	0	0	0	0	0	0	0	0	0	0	0	0	0	0	0	0	0	0	0	0	0	0	0	0	0	0	0	0	0	0	0	0	0	0	0	0	0	0	0	0	0	0	0	0	0	0	0	0	0	0	0	0	0	0	0	0	0	0	0	0	0	0	0	0	0	0	0	0	0	0	0	0	0	0	0	0	0	0	0	0	0	0	0	0	0	0	0	0	0	0	0	0	0	0	0	0	0	0	0	0	0	0	0	0	0	0	0	0	0	0	0	0	0	0	0	0	0	0	0	0	0	0	0	0	0	0	0	0	0	0	0	0	0	0	0	0	0	0	0	0	0	0	0	0	0	0	0	0	0	0	0	0	0	0	0	0	0	0	0	0	0	0	0	0	0	0	0	0	0	0	0	0	0	0	0	0	0	0	0	0	0	0	0	0	0	0	0	0	0	0	0	0	0	0	0	0	0	0	0	0	0	0	0	0	0	0	0	0	0	0	0	0	0	0	0	0	0	0	0	0	0	0	0	0	0	0	0	0	0	0	0	0	0	0	0	0	0	0	0	0	0	0	0	0	0	0	0	0	0	0	0	0	0	0	0	0	0	0	0	0	0	0	0	0	0	0	0	0	0	0	0	0	0	0	0	0	0	0	0	0	0	0	0	0	0	0	0	0	0	0	0	0	0	0	0	0	0	0	0	0	0	0	0	0	0	0	0	0	0	0	0	0	0	0	0	0	0	0	0	0	0	0	0	0	0	0	0	
0	0	0	0	0	0	0	0	0	0	0	0	0	0	0	0	0	0	0	0	0	0	0	0	0	0	0	0	0	0	0	0	0	0	0	0	0	0	0	0	0	0	0	0	0	0	0	0	0	0	0	0	0	0	0	0	0	0	0	0	0	0	0	0	0	0	0	0	0	0	0	0	0	0	0	0	0	0	0	0	0	0	0	0	0	0	0	0	0	0	0	0	0	0	0	0	0	0	0	0	0	0	0	0	0	0	0	0	0	0	0	0	0	0	0	0	0	0	0	0	0	0	0	0	0	0	0	0	0	0	0	0	0	0	0	0	0	0	0	0	0	0	0	0	0	0	0	0	0	0	0	0	0	0	0	0	0	0	0	0	0	0	0	0	0	0	0	0	0	0	0	0	0	0	0	0	0	0	0	0	0	0	0	0	0	0	0	0	0	0	0	0	0	0	0	0	0	0	0	0	0	0	0	0	0	0	0	0	0	0	0	0	0	0	0	0	0	0	0	0	0	0	0	0	0	0	0	0	0	0	0	0	0	0	0	0	0	0	0	0	0	0	0	0	0	0	0	0	0	0	0	0	0	0	0	0	0	0	0	0	0	0	0	0	0	0	0	0	0	0	0	0	0	0	0	0	0	0	0	0	0	0	0	0	0	0	0	0	0	0	0	0	0	0	0	0	0	0	0	0	0	0	0	0	0	0	0	0	0	0	0	0	0	0	0	0	0	0	0	0	0	0	0	0	0	0	0	0	0	0	0	0	0	0	0	0	0	0	0	0	0	0	0	0	0	0	0	0	0	0	0	0	0	0	0	0	0	0	0	0	0	0	0	0	0	0	0	0	0	0	0	0	0	0	0	0	0	0	0	0	0	0	0	0	0	0	0	0	0	0	0	0	0	0	0	0	0	0	0	0	0	0	0	0	0	0	0	0	0	0	0	0	0	0	0	0	0	0	0	0	0	0	0	0	0	0	0	0	0	0	0	0	0	0	0	0	0	0	0	0	0	0	0	0	0	0	0	0	0	0	0	0	0	0	0	0	0	0	0	0	0	0	0	0	0	0	0	0	0	0	0	0	0	0	0	0	0	0	0	0	0	0	0	0	0	0	0	0	0	0	0	0	0	0	0	0	0	0	0	0	0	0	0	0	0	0	0	0	0	0	0	0	0	0	0	0	0	0	0	0	0	0	0	0	0	0	0	0	0	0	0	0	0	0	0	0	0	0	0	0	0	0	0	0	0	0	0	0	0	0	0	0	0	0	0	0	0	0	0	0	0	0	0	0	0	0	0	0	0	0	0	0	0	0	0	0	0	0	0	0	0	0	0	0	0	0	0	0	0	0	0	0	0	0	0	0	0	0	0	0	0	0	0	0	0	0	0	0	0	0	0	0	0	0	0	0	0	0	0	0	0	0	0	0	0	0	0	0	0	0	0	0	0	0	0	0	0	0	0	0	
0	0	0	0	0	0	0	0	0	0	0	0	0	0	0	0	0	0	0	0	0	0	0	0	0	0	0	0	0	0	0	0	0	0	0	0	0	0	0	0	0	0	0	0	0	0	0	0	0	0	0	0	0	0	0	0	0	0	0	0	0	0	0	0	0	0	0	0	0	0	0	0	0	0	0	0	0	0	0	0	0	0	0	0	0	0	0	0	0	0	0	0	0	0	0	0	0	0	0	0	0	0	0	0	0	0	0	0	0	0	0	0	0	0	0	0	0	0	0	0	0	0	0	0	0	0	0	0	0	0	0	0	0	0	0	0	0	0	0	0	0	0	0	0	0	0	0	0	0	0	0	0	0	0	0	0	0	0	0	0	0	0	0	0	0	0	0	0	0	0	0	0	0	0	0	0	0	0	0	0	0	0	0	0	0	0	0	0	0	0	0	0	0	0	0	0	0	0	0	0	0	0	0	0	0	0	0	0	0	0	0	0	0	0	0	0	0	0	0	0	0	0	0	0	0	0	0	0	0	0	0	0	0	0	0	0	0	0	0	0	0	0	0	0	0	0	0	0	0	0	0	0	0	0	0	0	0	0	0	0	0	0	0	0	0	0	0	0	0	0	0	0	0	0	0	0	0	0	0	0	0	0	0	0	0	0	0	0	0	0	0	0	0	0	0	0	0	0	0	0	0	0	0	0	0	0	0	0	0	0	0	0	0	0	0	0	0	0	0	0	0	0	0	0	0	0	0	0	0	0	0	0	0	0	0	0	0	0	0	0	0	0	0	0	0	0	0	0	0	0	0	0	0	0	0	0	0	0	0	0	0	0	0	0	0	0	0	0	0	0	0	0	0	0	0	0	0	0	0	0	0	0	0	0	0	0	0	0	0	0	0	0	0	0	0	0	0	0	0	0	0	0	0	0	0	0	0	0	0	0	0	0	0	0	0	0	0	0	0	0	0	0	0	0	0	0	0	0	0	0	0	0	0	0	0	0	0	0	0	0	0	0	0	0	0	0	0	0	0	0	0	0	0	0	0	0	0	0	0	0	0	0	0	0	0	0	0	0	0	0	0	0	0	0	0	0	0	0	0	0	0	0	0	0	0	0	0	0	0	0	0	0	0	0	0	0	0	0	0	0	0	0	0	0	0	0	0	0	0	0	0	0	0	0	0	0	0	0	0	0	0	0	0	0	0	0	0	0	0	0	0	0	0	0	0	0	0	0	0	0	0	0	0	0	0	0	0	0	0	0	0	0	0	0	0	0	0	0	0	0	0	0	0	0	0	0	0	0	0	0	0	0	0	0	0	0	0	0	0	0	0	0	0	0	0	0	0	0	0	0	0	0	0	0	0	0	0	0	0	0	0	0	0	0	0	0	0	0	0	0	0	0	0	0	0	0	0	0	0	0	0	0	0	0	0	0	0	0	0	0	0	0	0	0	0	0	0	0	0	0	
0	0	0	0	0	0	0	0	0	0	0	0	0	0	0	0	0	0	0	0	0	0	0	0	0	0	0	0	0	0	0	0	0	0	0	0	0	0	0	0	0	0	0	0	0	0	0	0	0	0	0	0	0	0	0	0	0	0	0	0	0	0	0	0	0	0	0	0	0	0	0	0	0	0	0	0	0	0	0	0	0	0	0	0	0	0	0	0	0	0	0	0	0	0	0	0	0	0	0	0	0	0	0	0	0	0	0	0	0	0	0	0	0	0	0	0	0	0	0	0	0	0	0	0	0	0	0	0	0	0	0	0	0	0	0	0	0	0	0	0	0	0	0	0	0	0	0	0	0	0	0	0	0	0	0	0	0	0	0	0	0	0	0	0	0	0	0	0	0	0	0	0	0	0	0	0	0	0	0	0	0	0	0	0	0	0	0	0	0	0	0	0	0	0	0	0	0	0	0	0	0	0	0	0	0	0	0	0	0	0	0	0	0	0	0	0	0	0	0	0	0	0	0	0	0	0	0	0	0	0	0	0	0	0	0	0	0	0	0	0	0	0	0	0	0	0	0	0	0	0	0	0	0	0	0	0	0	0	0	0	0	0	0	0	0	0	0	0	0	0	0	0	0	0	0	0	0	0	0	0	0	0	0	0	0	0	0	0	0	0	0	0	0	0	0	0	0	0	0	0	0	0	0	0	0	0	0	0	0	0	0	0	0	0	0	0	0	0	0	0	0	0	0	0	0	0	0	0	0	0	0	0	0	0	0	0	0	0	0	0	0	0	0	0	0	0	0	0	0	0	0	0	0	0	0	0	0	0	0	0	0	0	0	0	0	0	0	0	0	0	0	0	0	0	0	0	0	0	0	0	0	0	0	0	0	0	0	0	0	0	0	0	0	0	0	0	0	0	0	0	0	0	0	0	0	0	0	0	0	0	0	0	0	0	0	0	0	0	0	0	0	0	0	0	0	0	0	0	0	0	0	0	0	0	0	0	0	0	0	0	0	0	0	0	0	0	0	0	0	0	0	0	0	0	0	0	0	0	0	0	0	0	0	0	0	0	0	0	0	0	0	0	0	0	0	0	0	0	0	0	0	0	0	0	0	0	0	0	0	0	0	0	0	0	0	0	0	0	0	0	0	0	0	0	0	0	0	0	0	0	0	0	0	0	0	0	0	0	0	0	0	0	0	0	0	0	0	0	0	0	0	0	0	0	0	0	0	0	0	0	0	0	0	0	0	0	0	0	0	0	0	0	0	0	0	0	0	0	0	0	0	0	0	0	0	0	0	0	0	0	0	0	0	0	0	0	0	0	0	0	0	0	0	0	0	0	0	0	0	0	0	0	0	0	0	0	0	0	0	0	0	0	0	0	0	0	0	0	0	0	0	0	0	0	0	0	0	0	0	0	0	0	0	0	0	0	0	0	0	0	0	0	0	0	0	0	0	0	0	0	
0	0	0	0	0	0	0	0	0	0	0	0	0	0	0	0	0	0	0	0	0	0	0	0	0	0	0	0	0	0	0	0	0	0	0	0	0	0	0	0	0	0	0	0	0	0	0	0	0	0	0	0	0	0	0	0	0	0	0	0	0	0	0	0	0	0	0	0	0	0	0	0	0	0	0	0	0	0	0	0	0	0	0	0	0	0	0	0	0	0	0	0	0	0	0	0	0	0	0	0	0	0	0	0	0	0	0	0	0	0	0	0	0	0	0	0	0	0	0	0	0	0	0	0	0	0	0	0	0	0	0	0	0	0	0	0	0	0	0	0	0	0	0	0	0	0	0	0	0	0	0	0	0	0	0	0	0	0	0	0	0	0	0	0	0	0	0	0	0	0	0	0	0	0	0	0	0	0	0	0	0	0	0	0	0	0	0	0	0	0	0	0	0	0	0	0	0	0	0	0	0	0	0	0	0	0	0	0	0	0	0	0	0	0	0	0	0	0	0	0	0	0	0	0	0	0	0	0	0	0	0	0	0	0	0	0	0	0	0	0	0	0	0	0	0	0	0	0	0	0	0	0	0	0	0	0	0	0	0	0	0	0	0	0	0	0	0	0	0	0	0	0	0	0	0	0	0	0	0	0	0	0	0	0	0	0	0	0	0	0	0	0	0	0	0	0	0	0	0	0	0	0	0	0	0	0	0	0	0	0	0	0	0	0	0	0	0	0	0	0	0	0	0	0	0	0	0	0	0	0	0	0	0	0	0	0	0	0	0	0	0	0	0	0	0	0	0	0	0	0	0	0	0	0	0	0	0	0	0	0	0	0	0	0	0	0	0	0	0	0	0	0	0	0	0	0	0	0	0	0	0	0	0	0	0	0	0	0	0	0	0	0	0	0	0	0	0	0	0	0	0	0	0	0	0	0	0	0	0	0	0	0	0	0	0	0	0	0	0	0	0	0	0	0	0	0	0	0	0	0	0	0	0	0	0	0	0	0	0	0	0	0	0	0	0	0	0	0	0	0	0	0	0	0	0	0	0	0	0	0	0	0	0	0	0	0	0	0	0	0	0	0	0	0	0	0	0	0	0	0	0	0	0	0	0	0	0	0	0	0	0	0	0	0	0	0	0	0	0	0	0	0	0	0	0	0	0	0	0	0	0	0	0	0	0	0	0	0	0	0	0	0	0	0	0	0	0	0	0	0	0	0	0	0	0	0	0	0	0	0	0	0	0	0	0	0	0	0	0	0	0	0	0	0	0	0	0	0	0	0	0	0	0	0	0	0	0	0	0	0	0	0	0	0	0	0	0	0	0	0	0	0	0	0	0	0	0	0	0	0	0	0	0	0	0	0	0	0	0	0	0	0	0	0	0	0	0	0	0	0	0	0	0	0	0	0	0	0	0	0	0	0	0	0	0	0	0	0	0	0	0	0	0	0	0	0	0	0	0	0	
0	0	0	0	0	0	0	0	0	0	0	0	0	0	0	0	0	0	0	0	0	0	0	0	0	0	0	0	0	0	0	0	0	0	0	0	0	0	0	0	0	0	0	0	0	0	0	0	0	0	0	0	0	0	0	0	0	0	0	0	0	0	0	0	0	0	0	0	0	0	0	0	0	0	0	0	0	0	0	0	0	0	0	0	0	0	0	0	0	0	0	0	0	0	0	0	0	0	0	0	0	0	0	0	0	0	0	0	0	0	0	0	0	0	0	0	0	0	0	0	0	0	0	0	0	0	0	0	0	0	0	0	0	0	0	0	0	0	0	0	0	0	0	0	0	0	0	0	0	0	0	0	0	0	0	0	0	0	0	0	0	0	0	0	0	0	0	0	0	0	0	0	0	0	0	0	0	0	0	0	0	0	0	0	0	0	0	0	0	0	0	0	0	0	0	0	0	0	0	0	0	0	0	0	0	0	0	0	0	0	0	0	0	0	0	0	0	0	0	0	0	0	0	0	0	0	0	0	0	0	0	0	0	0	0	0	0	0	0	0	0	0	0	0	0	0	0	0	0	0	0	0	0	0	0	0	0	0	0	0	0	0	0	0	0	0	0	0	0	0	0	0	0	0	0	0	0	0	0	0	0	0	0	0	0	0	0	0	0	0	0	0	0	0	0	0	0	0	0	0	0	0	0	0	0	0	0	0	0	0	0	0	0	0	0	0	0	0	0	0	0	0	0	0	0	0	0	0	0	0	0	0	0	0	0	0	0	0	0	0	0	0	0	0	0	0	0	0	0	0	0	0	0	0	0	0	0	0	0	0	0	0	0	0	0	0	0	0	0	0	0	0	0	0	0	0	0	0	0	0	0	0	0	0	0	0	0	0	0	0	0	0	0	0	0	0	0	0	0	0	0	0	0	0	0	0	0	0	0	0	0	0	0	0	0	0	0	0	0	0	0	0	0	0	0	0	0	0	0	0	0	0	0	0	0	0	0	0	0	0	0	0	0	0	0	0	0	0	0	0	0	0	0	0	0	0	0	0	0	0	0	0	0	0	0	0	0	0	0	0	0	0	0	0	0	0	0	0	0	0	0	0	0	0	0	0	0	0	0	0	0	0	0	0	0	0	0	0	0	0	0	0	0	0	0	0	0	0	0	0	0	0	0	0	0	0	0	0	0	0	0	0	0	0	0	0	0	0	0	0	0	0	0	0	0	0	0	0	0	0	0	0	0	0	0	0	0	0	0	0	0	0	0	0	0	0	0	0	0	0	0	0	0	0	0	0	0	0	0	0	0	0	0	0	0	0	0	0	0	0	0	0	0	0	0	0	0	0	0	0	0	0	0	0	0	0	0	0	0	0	0	0	0	0	0	0	0	0	0	0	0	0	0	0	0	0	0	0	0	0	0	0	0	0	0	0	0	0	0	0	0	0	0	0	0	0	0	0	0	0	
0	0	0	0	0	0	0	0	0	0	0	0	0	0	0	0	0	0	0	0	0	0	0	0	0	0	0	0	0	0	0	0	0	0	0	0	0	0	0	0	0	0	0	0	0	0	0	0	0	0	0	0	0	0	0	0	0	0	0	0	0	0	0	0	0	0	0	0	0	0	0	0	0	0	0	0	0	0	0	0	0	0	0	0	0	0	0	0	0	0	0	0	0	0	0	0	0	0	0	0	0	0	0	0	0	0	0	0	0	0	0	0	0	0	0	0	0	0	0	0	0	0	0	0	0	0	0	0	0	0	0	0	0	0	0	0	0	0	0	0	0	0	0	0	0	0	0	0	0	0	0	0	0	0	0	0	0	0	0	0	0	0	0	0	0	0	0	0	0	0	0	0	0	0	0	0	0	0	0	0	0	0	0	0	0	0	0	0	0	0	0	0	0	0	0	0	0	0	0	0	0	0	0	0	0	0	0	0	0	0	0	0	0	0	0	0	0	0	0	0	0	0	0	0	0	0	0	0	0	0	0	0	0	0	0	0	0	0	0	0	0	0	0	0	0	0	0	0	0	0	0	0	0	0	0	0	0	0	0	0	0	0	0	0	0	0	0	0	0	0	0	0	0	0	0	0	0	0	0	0	0	0	0	0	0	0	0	0	0	0	0	0	0	0	0	0	0	0	0	0	0	0	0	0	0	0	0	0	0	0	0	0	0	0	0	0	0	0	0	0	0	0	0	0	0	0	0	0	0	0	0	0	0	0	0	0	0	0	0	0	0	0	0	0	0	0	0	0	0	0	0	0	0	0	0	0	0	0	0	0	0	0	0	0	0	0	0	0	0	0	0	0	0	0	0	0	0	0	0	0	0	0	0	0	0	0	0	0	0	0	0	0	0	0	0	0	0	0	0	0	0	0	0	0	0	0	0	0	0	0	0	0	0	0	0	0	0	0	0	0	0	0	0	0	0	0	0	0	0	0	0	0	0	0	0	0	0	0	0	0	0	0	0	0	0	0	0	0	0	0	0	0	0	0	0	0	0	0	0	0	0	0	0	0	0	0	0	0	0	0	0	0	0	0	0	0	0	0	0	0	0	0	0	0	0	0	0	0	0	0	0	0	0	0	0	0	0	0	0	0	0	0	0	0	0	0	0	0	0	0	0	0	0	0	0	0	0	0	0	0	0	0	0	0	0	0	0	0	0	0	0	0	0	0	0	0	0	0	0	0	0	0	0	0	0	0	0	0	0	0	0	0	0	0	0	0	0	0	0	0	0	0	0	0	0	0	0	0	0	0	0	0	0	0	0	0	0	0	0	0	0	0	0	0	0	0	0	0	0	0	0	0	0	0	0	0	0	0	0	0	0	0	0	0	0	0	0	0	0	0	0	0	0	0	0	0	0	0	0	0	0	0	0	0	0	0	0	0	0	0	0	0	0	0	0	0	0	0	0	0	
0	0	0	0	0	0	0	0	0	0	0	0	0	0	0	0	0	0	0	0	0	0	0	0	0	0	0	0	0	0	0	0	0	0	0	0	0	0	0	0	0	0	0	0	0	0	0	0	0	0	0	0	0	0	0	0	0	0	0	0	0	0	0	0	0	0	0	0	0	0	0	0	0	0	0	0	0	0	0	0	0	0	0	0	0	0	0	0	0	0	0	0	0	0	0	0	0	0	0	0	0	0	0	0	0	0	0	0	0	0	0	0	0	0	0	0	0	0	0	0	0	0	0	0	0	0	0	0	0	0	0	0	0	0	0	0	0	0	0	0	0	0	0	0	0	0	0	0	0	0	0	0	0	0	0	0	0	0	0	0	0	0	0	0	0	0	0	0	0	0	0	0	0	0	0	0	0	0	0	0	0	0	0	0	0	0	0	0	0	0	0	0	0	0	0	0	0	0	0	0	0	0	0	0	0	0	0	0	0	0	0	0	0	0	0	0	0	0	0	0	0	0	0	0	0	0	0	0	0	0	0	0	0	0	0	0	0	0	0	0	0	0	0	0	0	0	0	0	0	0	0	0	0	0	0	0	0	0	0	0	0	0	0	0	0	0	0	0	0	0	0	0	0	0	0	0	0	0	0	0	0	0	0	0	0	0	0	0	0	0	0	0	0	0	0	0	0	0	0	0	0	0	0	0	0	0	0	0	0	0	0	0	0	0	0	0	0	0	0	0	0	0	0	0	0	0	0	0	0	0	0	0	0	0	0	0	0	0	0	0	0	0	0	0	0	0	0	0	0	0	0	0	0	0	0	0	0	0	0	0	0	0	0	0	0	0	0	0	0	0	0	0	0	0	0	0	0	0	0	0	0	0	0	0	0	0	0	0	0	0	0	0	0	0	0	0	0	0	0	0	0	0	0	0	0	0	0	0	0	0	0	0	0	0	0	0	0	0	0	0	0	0	0	0	0	0	0	0	0	0	0	0	0	0	0	0	0	0	0	0	0	0	0	0	0	0	0	0	0	0	0	0	0	0	0	0	0	0	0	0	0	0	0	0	0	0	0	0	0	0	0	0	0	0	0	0	0	0	0	0	0	0	0	0	0	0	0	0	0	0	0	0	0	0	0	0	0	0	0	0	0	0	0	0	0	0	0	0	0	0	0	0	0	0	0	0	0	0	0	0	0	0	0	0	0	0	0	0	0	0	0	0	0	0	0	0	0	0	0	0	0	0	0	0	0	0	0	0	0	0	0	0	0	0	0	0	0	0	0	0	0	0	0	0	0	0	0	0	0	0	0	0	0	0	0	0	0	0	0	0	0	0	0	0	0	0	0	0	0	0	0	0	0	0	0	0	0	0	0	0	0	0	0	0	0	0	0	0	0	0	0	0	0	0	0	0	0	0	0	0	0	0	0	0	0	0	0	0	0	0	0	0	0	0	0	0	0	0	0	0	
0	0	0	0	0	0	0	0	0	0	0	0	0	0	0	0	0	0	0	0	0	0	0	0	0	0	0	0	0	0	0	0	0	0	0	0	0	0	0	0	0	0	0	0	0	0	0	0	0	0	0	0	0	0	0	0	0	0	0	0	0	0	0	0	0	0	0	0	0	0	0	0	0	0	0	0	0	0	0	0	0	0	0	0	0	0	0	0	0	0	0	0	0	0	0	0	0	0	0	0	0	0	0	0	0	0	0	0	0	0	0	0	0	0	0	0	0	0	0	0	0	0	0	0	0	0	0	0	0	0	0	0	0	0	0	0	0	0	0	0	0	0	0	0	0	0	0	0	0	0	0	0	0	0	0	0	0	0	0	0	0	0	0	0	0	0	0	0	0	0	0	0	0	0	0	0	0	0	0	0	0	0	0	0	0	0	0	0	0	0	0	0	0	0	0	0	0	0	0	0	0	0	0	0	0	0	0	0	0	0	0	0	0	0	0	0	0	0	0	0	0	0	0	0	0	0	0	0	0	0	0	0	0	0	0	0	0	0	0	0	0	0	0	0	0	0	0	0	0	0	0	0	0	0	0	0	0	0	0	0	0	0	0	0	0	0	0	0	0	0	0	0	0	0	0	0	0	0	0	0	0	0	0	0	0	0	0	0	0	0	0	0	0	0	0	0	0	0	0	0	0	0	0	0	0	0	0	0	0	0	0	0	0	0	0	0	0	0	0	0	0	0	0	0	0	0	0	0	0	0	0	0	0	0	0	0	0	0	0	0	0	0	0	0	0	0	0	0	0	0	0	0	0	0	0	0	0	0	0	0	0	0	0	0	0	0	0	0	0	0	0	0	0	0	0	0	0	0	0	0	0	0	0	0	0	0	0	0	0	0	0	0	0	0	0	0	0	0	0	0	0	0	0	0	0	0	0	0	0	0	0	0	0	0	0	0	0	0	0	0	0	0	0	0	0	0	0	0	0	0	0	0	0	0	0	0	0	0	0	0	0	0	0	0	0	0	0	0	0	0	0	0	0	0	0	0	0	0	0	0	0	0	0	0	0	0	0	0	0	0	0	0	0	0	0	0	0	0	0	0	0	0	0	0	0	0	0	0	0	0	0	0	0	0	0	0	0	0	0	0	0	0	0	0	0	0	0	0	0	0	0	0	0	0	0	0	0	0	0	0	0	0	0	0	0	0	0	0	0	0	0	0	0	0	0	0	0	0	0	0	0	0	0	0	0	0	0	0	0	0	0	0	0	0	0	0	0	0	0	0	0	0	0	0	0	0	0	0	0	0	0	0	0	0	0	0	0	0	0	0	0	0	0	0	0	0	0	0	0	0	0	0	0	0	0	0	0	0	0	0	0	0	0	0	0	0	0	0	0	0	0	0	0	0	0	0	0	0	0	0	0	0	0	0	0	0	0	0	0	0	0	0	0	0	0	0	0	0	0	0	
0	0	0	0	0	0	0	0	0	0	0	0	0	0	0	0	0	0	0	0	0	0	0	0	0	0	0	0	0	0	0	0	0	0	0	0	0	0	0	0	0	0	0	0	0	0	0	0	0	0	0	0	0	0	0	0	0	0	0	0	0	0	0	0	0	0	0	0	0	0	0	0	0	0	0	0	0	0	0	0	0	0	0	0	0	0	0	0	0	0	0	0	0	0	0	0	0	0	0	0	0	0	0	0	0	0	0	0	0	0	0	0	0	0	0	0	0	0	0	0	0	0	0	0	0	0	0	0	0	0	0	0	0	0	0	0	0	0	0	0	0	0	0	0	0	0	0	0	0	0	0	0	0	0	0	0	0	0	0	0	0	0	0	0	0	0	0	0	0	0	0	0	0	0	0	0	0	0	0	0	0	0	0	0	0	0	0	0	0	0	0	0	0	0	0	0	0	0	0	0	0	0	0	0	0	0	0	0	0	0	0	0	0	0	0	0	0	0	0	0	0	0	0	0	0	0	0	0	0	0	0	0	0	0	0	0	0	0	0	0	0	0	0	0	0	0	0	0	0	0	0	0	0	0	0	0	0	0	0	0	0	0	0	0	0	0	0	0	0	0	0	0	0	0	0	0	0	0	0	0	0	0	0	0	0	0	0	0	0	0	0	0	0	0	0	0	0	0	0	0	0	0	0	0	0	0	0	0	0	0	0	0	0	0	0	0	0	0	0	0	0	0	0	0	0	0	0	0	0	0	0	0	0	0	0	0	0	0	0	0	0	0	0	0	0	0	0	0	0	0	0	0	0	0	0	0	0	0	0	0	0	0	0	0	0	0	0	0	0	0	0	0	0	0	0	0	0	0	0	0	0	0	0	0	0	0	0	0	0	0	0	0	0	0	0	0	0	0	0	0	0	0	0	0	0	0	0	0	0	0	0	0	0	0	0	0	0	0	0	0	0	0	0	0	0	0	0	0	0	0	0	0	0	0	0	0	0	0	0	0	0	0	0	0	0	0	0	0	0	0	0	0	0	0	0	0	0	0	0	0	0	0	0	0	0	0	0	0	0	0	0	0	0	0	0	0	0	0	0	0	0	0	0	0	0	0	0	0	0	0	0	0	0	0	0	0	0	0	0	0	0	0	0	0	0	0	0	0	0	0	0	0	0	0	0	0	0	0	0	0	0	0	0	0	0	0	0	0	0	0	0	0	0	0	0	0	0	0	0	0	0	0	0	0	0	0	0	0	0	0	0	0	0	0	0	0	0	0	0	0	0	0	0	0	0	0	0	0	0	0	0	0	0	0	0	0	0	0	0	0	0	0	0	0	0	0	0	0	0	0	0	0	0	0	0	0	0	0	0	0	0	0	0	0	0	0	0	0	0	0	0	0	0	0	0	0	0	0	0	0	0	0	0	0	0	0	0	0	0	0	0	0	0	0	0	0	0	0	0	0	
0	0	0	0	0	0	0	0	0	0	0	0	0	0	0	0	0	0	0	0	0	0	0	0	0	0	0	0	0	0	0	0	0	0	0	0	0	0	0	0	0	0	0	0	0	0	0	0	0	0	0	0	0	0	0	0	0	0	0	0	0	0	0	0	0	0	0	0	0	0	0	0	0	0	0	0	0	0	0	0	0	0	0	0	0	0	0	0	0	0	0	0	0	0	0	0	0	0	0	0	0	0	0	0	0	0	0	0	0	0	0	0	0	0	0	0	0	0	0	0	0	0	0	0	0	0	0	0	0	0	0	0	0	0	0	0	0	0	0	0	0	0	0	0	0	0	0	0	0	0	0	0	0	0	0	0	0	0	0	0	0	0	0	0	0	0	0	0	0	0	0	0	0	0	0	0	0	0	0	0	0	0	0	0	0	0	0	0	0	0	0	0	0	0	0	0	0	0	0	0	0	0	0	0	0	0	0	0	0	0	0	0	0	0	0	0	0	0	0	0	0	0	0	0	0	0	0	0	0	0	0	0	0	0	0	0	0	0	0	0	0	0	0	0	0	0	0	0	0	0	0	0	0	0	0	0	0	0	0	0	0	0	0	0	0	0	0	0	0	0	0	0	0	0	0	0	0	0	0	0	0	0	0	0	0	0	0	0	0	0	0	0	0	0	0	0	0	0	0	0	0	0	0	0	0	0	0	0	0	0	0	0	0	0	0	0	0	0	0	0	0	0	0	0	0	0	0	0	0	0	0	0	0	0	0	0	0	0	0	0	0	0	0	0	0	0	0	0	0	0	0	0	0	0	0	0	0	0	0	0	0	0	0	0	0	0	0	0	0	0	0	0	0	0	0	0	0	0	0	0	0	0	0	0	0	0	0	0	0	0	0	0	0	0	0	0	0	0	0	0	0	0	0	0	0	0	0	0	0	0	0	0	0	0	0	0	0	0	0	0	0	0	0	0	0	0	0	0	0	0	0	0	0	0	0	0	0	0	0	0	0	0	0	0	0	0	0	0	0	0	0	0	0	0	0	0	0	0	0	0	0	0	0	0	0	0	0	0	0	0	0	0	0	0	0	0	0	0	0	0	0	0	0	0	0	0	0	0	0	0	0	0	0	0	0	0	0	0	0	0	0	0	0	0	0	0	0	0	0	0	0	0	0	0	0	0	0	0	0	0	0	0	0	0	0	0	0	0	0	0	0	0	0	0	0	0	0	0	0	0	0	0	0	0	0	0	0	0	0	0	0	0	0	0	0	0	0	0	0	0	0	0	0	0	0	0	0	0	0	0	0	0	0	0	0	0	0	0	0	0	0	0	0	0	0	0	0	0	0	0	0	0	0	0	0	0	0	0	0	0	0	0	0	0	0	0	0	0	0	0	0	0	0	0	0	0	0	0	0	0	0	0	0	0	0	0	0	0	0	0	0	0	0	0	0	0	0	0	0	0	
0	0	0	0	0	0	0	0	0	0	0	0	0	0	0	0	0	0	0	0	0	0	0	0	0	0	0	0	0	0	0	0	0	0	0	0	0	0	0	0	0	0	0	0	0	0	0	0	0	0	0	0	0	0	0	0	0	0	0	0	0	0	0	0	0	0	0	0	0	0	0	0	0	0	0	0	0	0	0	0	0	0	0	0	0	0	0	0	0	0	0	0	0	0	0	0	0	0	0	0	0	0	0	0	0	0	0	0	0	0	0	0	0	0	0	0	0	0	0	0	0	0	0	0	0	0	0	0	0	0	0	0	0	0	0	0	0	0	0	0	0	0	0	0	0	0	0	0	0	0	0	0	0	0	0	0	0	0	0	0	0	0	0	0	0	0	0	0	0	0	0	0	0	0	0	0	0	0	0	0	0	0	0	0	0	0	0	0	0	0	0	0	0	0	0	0	0	0	0	0	0	0	0	0	0	0	0	0	0	0	0	0	0	0	0	0	0	0	0	0	0	0	0	0	0	0	0	0	0	0	0	0	0	0	0	0	0	0	0	0	0	0	0	0	0	0	0	0	0	0	0	0	0	0	0	0	0	0	0	0	0	0	0	0	0	0	0	0	0	0	0	0	0	0	0	0	0	0	0	0	0	0	0	0	0	0	0	0	0	0	0	0	0	0	0	0	0	0	0	0	0	0	0	0	0	0	0	0	0	0	0	0	0	0	0	0	0	0	0	0	0	0	0	0	0	0	0	0	0	0	0	0	0	0	0	0	0	0	0	0	0	0	0	0	0	0	0	0	0	0	0	0	0	0	0	0	0	0	0	0	0	0	0	0	0	0	0	0	0	0	0	0	0	0	0	0	0	0	0	0	0	0	0	0	0	0	0	0	0	0	0	0	0	0	0	0	0	0	0	0	0	0	0	0	0	0	0	0	0	0	0	0	0	0	0	0	0	0	0	0	0	0	0	0	0	0	0	0	0	0	0	0	0	0	0	0	0	0	0	0	0	0	0	0	0	0	0	0	0	0	0	0	0	0	0	0	0	0	0	0	0	0	0	0	0	0	0	0	0	0	0	0	0	0	0	0	0	0	0	0	0	0	0	0	0	0	0	0	0	0	0	0	0	0	0	0	0	0	0	0	0	0	0	0	0	0	0	0	0	0	0	0	0	0	0	0	0	0	0	0	0	0	0	0	0	0	0	0	0	0	0	0	0	0	0	0	0	0	0	0	0	0	0	0	0	0	0	0	0	0	0	0	0	0	0	0	0	0	0	0	0	0	0	0	0	0	0	0	0	0	0	0	0	0	0	0	0	0	0	0	0	0	0	0	0	0	0	0	0	0	0	0	0	0	0	0	0	0	0	0	0	0	0	0	0	0	0	0	0	0	0	0	0	0	0	0	0	0	0	0	0	0	0	0	0	0	0	0	0	0	0	0	0	0	0	0	0	0	0	0	
0	0	0	0	0	0	0	0	0	0	0	0	0	0	0	0	0	0	0	0	0	0	0	0	0	0	0	0	0	0	0	0	0	0	0	0	0	0	0	0	0	0	0	0	0	0	0	0	0	0	0	0	0	0	0	0	0	0	0	0	0	0	0	0	0	0	0	0	0	0	0	0	0	0	0	0	0	0	0	0	0	0	0	0	0	0	0	0	0	0	0	0	0	0	0	0	0	0	0	0	0	0	0	0	0	0	0	0	0	0	0	0	0	0	0	0	0	0	0	0	0	0	0	0	0	0	0	0	0	0	0	0	0	0	0	0	0	0	0	0	0	0	0	0	0	0	0	0	0	0	0	0	0	0	0	0	0	0	0	0	0	0	0	0	0	0	0	0	0	0	0	0	0	0	0	0	0	0	0	0	0	0	0	0	0	0	0	0	0	0	0	0	0	0	0	0	0	0	0	0	0	0	0	0	0	0	0	0	0	0	0	0	0	0	0	0	0	0	0	0	0	0	0	0	0	0	0	0	0	0	0	0	0	0	0	0	0	0	0	0	0	0	0	0	0	0	0	0	0	0	0	0	0	0	0	0	0	0	0	0	0	0	0	0	0	0	0	0	0	0	0	0	0	0	0	0	0	0	0	0	0	0	0	0	0	0	0	0	0	0	0	0	0	0	0	0	0	0	0	0	0	0	0	0	0	0	0	0	0	0	0	0	0	0	0	0	0	0	0	0	0	0	0	0	0	0	0	0	0	0	0	0	0	0	0	0	0	0	0	0	0	0	0	0	0	0	0	0	0	0	0	0	0	0	0	0	0	0	0	0	0	0	0	0	0	0	0	0	0	0	0	0	0	0	0	0	0	0	0	0	0	0	0	0	0	0	0	0	0	0	0	0	0	0	0	0	0	0	0	0	0	0	0	0	0	0	0	0	0	0	0	0	0	0	0	0	0	0	0	0	0	0	0	0	0	0	0	0	0	0	0	0	0	0	0	0	0	0	0	0	0	0	0	0	0	0	0	0	0	0	0	0	0	0	0	0	0	0	0	0	0	0	0	0	0	0	0	0	0	0	0	0	0	0	0	0	0	0	0	0	0	0	0	0	0	0	0	0	0	0	0	0	0	0	0	0	0	0	0	0	0	0	0	0	0	0	0	0	0	0	0	0	0	0	0	0	0	0	0	0	0	0	0	0	0	0	0	0	0	0	0	0	0	0	0	0	0	0	0	0	0	0	0	0	0	0	0	0	0	0	0	0	0	0	0	0	0	0	0	0	0	0	0	0	0	0	0	0	0	0	0	0	0	0	0	0	0	0	0	0	0	0	0	0	0	0	0	0	0	0	0	0	0	0	0	0	0	0	0	0	0	0	0	0	0	0	0	0	0	0	0	0	0	0	0	0	0	0	0	0	0	0	0	0	0	0	0	0	0	0	0	0	0	0	0	0	0	0	0	0	
0	0	0	0	0	0	0	0	0	0	0	0	0	0	0	0	0	0	0	0	0	0	0	0	0	0	0	0	0	0	0	0	0	0	0	0	0	0	0	0	0	0	0	0	0	0	0	0	0	0	0	0	0	0	0	0	0	0	0	0	0	0	0	0	0	0	0	0	0	0	0	0	0	0	0	0	0	0	0	0	0	0	0	0	0	0	0	0	0	0	0	0	0	0	0	0	0	0	0	0	0	0	0	0	0	0	0	0	0	0	0	0	0	0	0	0	0	0	0	0	0	0	0	0	0	0	0	0	0	0	0	0	0	0	0	0	0	0	0	0	0	0	0	0	0	0	0	0	0	0	0	0	0	0	0	0	0	0	0	0	0	0	0	0	0	0	0	0	0	0	0	0	0	0	0	0	0	0	0	0	0	0	0	0	0	0	0	0	0	0	0	0	0	0	0	0	0	0	0	0	0	0	0	0	0	0	0	0	0	0	0	0	0	0	0	0	0	0	0	0	0	0	0	0	0	0	0	0	0	0	0	0	0	0	0	0	0	0	0	0	0	0	0	0	0	0	0	0	0	0	0	0	0	0	0	0	0	0	0	0	0	0	0	0	0	0	0	0	0	0	0	0	0	0	0	0	0	0	0	0	0	0	0	0	0	0	0	0	0	0	0	0	0	0	0	0	0	0	0	0	0	0	0	0	0	0	0	0	0	0	0	0	0	0	0	0	0	0	0	0	0	0	0	0	0	0	0	0	0	0	0	0	0	0	0	0	0	0	0	0	0	0	0	0	0	0	0	0	0	0	0	0	0	0	0	0	0	0	0	0	0	0	0	0	0	0	0	0	0	0	0	0	0	0	0	0	0	0	0	0	0	0	0	0	0	0	0	0	0	0	0	0	0	0	0	0	0	0	0	0	0	0	0	0	0	0	0	0	0	0	0	0	0	0	0	0	0	0	0	0	0	0	0	0	0	0	0	0	0	0	0	0	0	0	0	0	0	0	0	0	0	0	0	0	0	0	0	0	0	0	0	0	0	0	0	0	0	0	0	0	0	0	0	0	0	0	0	0	0	0	0	0	0	0	0	0	0	0	0	0	0	0	0	0	0	0	0	0	0	0	0	0	0	0	0	0	0	0	0	0	0	0	0	0	0	0	0	0	0	0	0	0	0	0	0	0	0	0	0	0	0	0	0	0	0	0	0	0	0	0	0	0	0	0	0	0	0	0	0	0	0	0	0	0	0	0	0	0	0	0	0	0	0	0	0	0	0	0	0	0	0	0	0	0	0	0	0	0	0	0	0	0	0	0	0	0	0	0	0	0	0	0	0	0	0	0	0	0	0	0	0	0	0	0	0	0	0	0	0	0	0	0	0	0	0	0	0	0	0	0	0	0	0	0	0	0	0	0	0	0	0	0	0	0	0	0	0	0	0	0	0	0	0	0	0	0	0	0	0	0	
0	0	0	0	0	0	0	0	0	0	0	0	0	0	0	0	0	0	0	0	0	0	0	0	0	0	0	0	0	0	0	0	0	0	0	0	0	0	0	0	0	0	0	0	0	0	0	0	0	0	0	0	0	0	0	0	0	0	0	0	0	0	0	0	0	0	0	0	0	0	0	0	0	0	0	0	0	0	0	0	0	0	0	0	0	0	0	0	0	0	0	0	0	0	0	0	0	0	0	0	0	0	0	0	0	0	0	0	0	0	0	0	0	0	0	0	0	0	0	0	0	0	0	0	0	0	0	0	0	0	0	0	0	0	0	0	0	0	0	0	0	0	0	0	0	0	0	0	0	0	0	0	0	0	0	0	0	0	0	0	0	0	0	0	0	0	0	0	0	0	0	0	0	0	0	0	0	0	0	0	0	0	0	0	0	0	0	0	0	0	0	0	0	0	0	0	0	0	0	0	0	0	0	0	0	0	0	0	0	0	0	0	0	0	0	0	0	0	0	0	0	0	0	0	0	0	0	0	0	0	0	0	0	0	0	0	0	0	0	0	0	0	0	0	0	0	0	0	0	0	0	0	0	0	0	0	0	0	0	0	0	0	0	0	0	0	0	0	0	0	0	0	0	0	0	0	0	0	0	0	0	0	0	0	0	0	0	0	0	0	0	0	0	0	0	0	0	0	0	0	0	0	0	0	0	0	0	0	0	0	0	0	0	0	0	0	0	0	0	0	0	0	0	0	0	0	0	0	0	0	0	0	0	0	0	0	0	0	0	0	0	0	0	0	0	0	0	0	0	0	0	0	0	0	0	0	0	0	0	0	0	0	0	0	0	0	0	0	0	0	0	0	0	0	0	0	0	0	0	0	0	0	0	0	0	0	0	0	0	0	0	0	0	0	0	0	0	0	0	0	0	0	0	0	0	0	0	0	0	0	0	0	0	0	0	0	0	0	0	0	0	0	0	0	0	0	0	0	0	0	0	0	0	0	0	0	0	0	0	0	0	0	0	0	0	0	0	0	0	0	0	0	0	0	0	0	0	0	0	0	0	0	0	0	0	0	0	0	0	0	0	0	0	0	0	0	0	0	0	0	0	0	0	0	0	0	0	0	0	0	0	0	0	0	0	0	0	0	0	0	0	0	0	0	0	0	0	0	0	0	0	0	0	0	0	0	0	0	0	0	0	0	0	0	0	0	0	0	0	0	0	0	0	0	0	0	0	0	0	0	0	0	0	0	0	0	0	0	0	0	0	0	0	0	0	0	0	0	0	0	0	0	0	0	0	0	0	0	0	0	0	0	0	0	0	0	0	0	0	0	0	0	0	0	0	0	0	0	0	0	0	0	0	0	0	0	0	0	0	0	0	0	0	0	0	0	0	0	0	0	0	0	0	0	0	0	0	0	0	0	0	0	0	0	0	0	0	0	0	0	0	0	0	0	0	0	0	0	0	0	
0	0	0	0	0	0	0	0	0	0	0	0	0	0	0	0	0	0	0	0	0	0	0	0	0	0	0	0	0	0	0	0	0	0	0	0	0	0	0	0	0	0	0	0	0	0	0	0	0	0	0	0	0	0	0	0	0	0	0	0	0	0	0	0	0	0	0	0	0	0	0	0	0	0	0	0	0	0	0	0	0	0	0	0	0	0	0	0	0	0	0	0	0	0	0	0	0	0	0	0	0	0	0	0	0	0	0	0	0	0	0	0	0	0	0	0	0	0	0	0	0	0	0	0	0	0	0	0	0	0	0	0	0	0	0	0	0	0	0	0	0	0	0	0	0	0	0	0	0	0	0	0	0	0	0	0	0	0	0	0	0	0	0	0	0	0	0	0	0	0	0	0	0	0	0	0	0	0	0	0	0	0	0	0	0	0	0	0	0	0	0	0	0	0	0	0	0	0	0	0	0	0	0	0	0	0	0	0	0	0	0	0	0	0	0	0	0	0	0	0	0	0	0	0	0	0	0	0	0	0	0	0	0	0	0	0	0	0	0	0	0	0	0	0	0	0	0	0	0	0	0	0	0	0	0	0	0	0	0	0	0	0	0	0	0	0	0	0	0	0	0	0	0	0	0	0	0	0	0	0	0	0	0	0	0	0	0	0	0	0	0	0	0	0	0	0	0	0	0	0	0	0	0	0	0	0	0	0	0	0	0	0	0	0	0	0	0	0	0	0	0	0	0	0	0	0	0	0	0	0	0	0	0	0	0	0	0	0	0	0	0	0	0	0	0	0	0	0	0	0	0	0	0	0	0	0	0	0	0	0	0	0	0	0	0	0	0	0	0	0	0	0	0	0	0	0	0	0	0	0	0	0	0	0	0	0	0	0	0	0	0	0	0	0	0	0	0	0	0	0	0	0	0	0	0	0	0	0	0	0	0	0	0	0	0	0	0	0	0	0	0	0	0	0	0	0	0	0	0	0	0	0	0	0	0	0	0	0	0	0	0	0	0	0	0	0	0	0	0	0	0	0	0	0	0	0	0	0	0	0	0	0	0	0	0	0	0	0	0	0	0	0	0	0	0	0	0	0	0	0	0	0	0	0	0	0	0	0	0	0	0	0	0	0	0	0	0	0	0	0	0	0	0	0	0	0	0	0	0	0	0	0	0	0	0	0	0	0	0	0	0	0	0	0	0	0	0	0	0	0	0	0	0	0	0	0	0	0	0	0	0	0	0	0	0	0	0	0	0	0	0	0	0	0	0	0	0	0	0	0	0	0	0	0	0	0	0	0	0	0	0	0	0	0	0	0	0	0	0	0	0	0	0	0	0	0	0	0	0	0	0	0	0	0	0	0	0	0	0	0	0	0	0	0	0	0	0	0	0	0	0	0	0	0	0	0	0	0	0	0	0	0	0	0	0	0	0	0	0	0	0	0	0	0	0	0	0	0	0	0	
0	0	0	0	0	0	0	0	0	0	0	0	0	0	0	0	0	0	0	0	0	0	0	0	0	0	0	0	0	0	0	0	0	0	0	0	0	0	0	0	0	0	0	0	0	0	0	0	0	0	0	0	0	0	0	0	0	0	0	0	0	0	0	0	0	0	0	0	0	0	0	0	0	0	0	0	0	0	0	0	0	0	0	0	0	0	0	0	0	0	0	0	0	0	0	0	0	0	0	0	0	0	0	0	0	0	0	0	0	0	0	0	0	0	0	0	0	0	0	0	0	0	0	0	0	0	0	0	0	0	0	0	0	0	0	0	0	0	0	0	0	0	0	0	0	0	0	0	0	0	0	0	0	0	0	0	0	0	0	0	0	0	0	0	0	0	0	0	0	0	0	0	0	0	0	0	0	0	0	0	0	0	0	0	0	0	0	0	0	0	0	0	0	0	0	0	0	0	0	0	0	0	0	0	0	0	0	0	0	0	0	0	0	0	0	0	0	0	0	0	0	0	0	0	0	0	0	0	0	0	0	0	0	0	0	0	0	0	0	0	0	0	0	0	0	0	0	0	0	0	0	0	0	0	0	0	0	0	0	0	0	0	0	0	0	0	0	0	0	0	0	0	0	0	0	0	0	0	0	0	0	0	0	0	0	0	0	0	0	0	0	0	0	0	0	0	0	0	0	0	0	0	0	0	0	0	0	0	0	0	0	0	0	0	0	0	0	0	0	0	0	0	0	0	0	0	0	0	0	0	0	0	0	0	0	0	0	0	0	0	0	0	0	0	0	0	0	0	0	0	0	0	0	0	0	0	0	0	0	0	0	0	0	0	0	0	0	0	0	0	0	0	0	0	0	0	0	0	0	0	0	0	0	0	0	0	0	0	0	0	0	0	0	0	0	0	0	0	0	0	0	0	0	0	0	0	0	0	0	0	0	0	0	0	0	0	0	0	0	0	0	0	0	0	0	0	0	0	0	0	0	0	0	0	0	0	0	0	0	0	0	0	0	0	0	0	0	0	0	0	0	0	0	0	0	0	0	0	0	0	0	0	0	0	0	0	0	0	0	0	0	0	0	0	0	0	0	0	0	0	0	0	0	0	0	0	0	0	0	0	0	0	0	0	0	0	0	0	0	0	0	0	0	0	0	0	0	0	0	0	0	0	0	0	0	0	0	0	0	0	0	0	0	0	0	0	0	0	0	0	0	0	0	0	0	0	0	0	0	0	0	0	0	0	0	0	0	0	0	0	0	0	0	0	0	0	0	0	0	0	0	0	0	0	0	0	0	0	0	0	0	0	0	0	0	0	0	0	0	0	0	0	0	0	0	0	0	0	0	0	0	0	0	0	0	0	0	0	0	0	0	0	0	0	0	0	0	0	0	0	0	0	0	0	0	0	0	0	0	0	0	0	0	0	0	0	0	0	0	0	0	0	0	0	0	0	0	0	0	0	
0	0	0	0	0	0	0	0	0	0	0	0	0	0	0	0	0	0	0	0	0	0	0	0	0	0	0	0	0	0	0	0	0	0	0	0	0	0	0	0	0	0	0	0	0	0	0	0	0	0	0	0	0	0	0	0	0	0	0	0	0	0	0	0	0	0	0	0	0	0	0	0	0	0	0	0	0	0	0	0	0	0	0	0	0	0	0	0	0	0	0	0	0	0	0	0	0	0	0	0	0	0	0	0	0	0	0	0	0	0	0	0	0	0	0	0	0	0	0	0	0	0	0	0	0	0	0	0	0	0	0	0	0	0	0	0	0	0	0	0	0	0	0	0	0	0	0	0	0	0	0	0	0	0	0	0	0	0	0	0	0	0	0	0	0	0	0	0	0	0	0	0	0	0	0	0	0	0	0	0	0	0	0	0	0	0	0	0	0	0	0	0	0	0	0	0	0	0	0	0	0	0	0	0	0	0	0	0	0	0	0	0	0	0	0	0	0	0	0	0	0	0	0	0	0	0	0	0	0	0	0	0	0	0	0	0	0	0	0	0	0	0	0	0	0	0	0	0	0	0	0	0	0	0	0	0	0	0	0	0	0	0	0	0	0	0	0	0	0	0	0	0	0	0	0	0	0	0	0	0	0	0	0	0	0	0	0	0	0	0	0	0	0	0	0	0	0	0	0	0	0	0	0	0	0	0	0	0	0	0	0	0	0	0	0	0	0	0	0	0	0	0	0	0	0	0	0	0	0	0	0	0	0	0	0	0	0	0	0	0	0	0	0	0	0	0	0	0	0	0	0	0	0	0	0	0	0	0	0	0	0	0	0	0	0	0	0	0	0	0	0	0	0	0	0	0	0	0	0	0	0	0	0	0	0	0	0	0	0	0	0	0	0	0	0	0	0	0	0	0	0	0	0	0	0	0	0	0	0	0	0	0	0	0	0	0	0	0	0	0	0	0	0	0	0	0	0	0	0	0	0	0	0	0	0	0	0	0	0	0	0	0	0	0	0	0	0	0	0	0	0	0	0	0	0	0	0	0	0	0	0	0	0	0	0	0	0	0	0	0	0	0	0	0	0	0	0	0	0	0	0	0	0	0	0	0	0	0	0	0	0	0	0	0	0	0	0	0	0	0	0	0	0	0	0	0	0	0	0	0	0	0	0	0	0	0	0	0	0	0	0	0	0	0	0	0	0	0	0	0	0	0	0	0	0	0	0	0	0	0	0	0	0	0	0	0	0	0	0	0	0	0	0	0	0	0	0	0	0	0	0	0	0	0	0	0	0	0	0	0	0	0	0	0	0	0	0	0	0	0	0	0	0	0	0	0	0	0	0	0	0	0	0	0	0	0	0	0	0	0	0	0	0	0	0	0	0	0	0	0	0	0	0	0	0	0	0	0	0	0	0	0	0	0	0	0	0	0	0	0	0	0	0	0	0	0	0	0	0	0	
0	0	0	0	0	0	0	0	0	0	0	0	0	0	0	0	0	0	0	0	0	0	0	0	0	0	0	0	0	0	0	0	0	0	0	0	0	0	0	0	0	0	0	0	0	0	0	0	0	0	0	0	0	0	0	0	0	0	0	0	0	0	0	0	0	0	0	0	0	0	0	0	0	0	0	0	0	0	0	0	0	0	0	0	0	0	0	0	0	0	0	0	0	0	0	0	0	0	0	0	0	0	0	0	0	0	0	0	0	0	0	0	0	0	0	0	0	0	0	0	0	0	0	0	0	0	0	0	0	0	0	0	0	0	0	0	0	0	0	0	0	0	0	0	0	0	0	0	0	0	0	0	0	0	0	0	0	0	0	0	0	0	0	0	0	0	0	0	0	0	0	0	0	0	0	0	0	0	0	0	0	0	0	0	0	0	0	0	0	0	0	0	0	0	0	0	0	0	0	0	0	0	0	0	0	0	0	0	0	0	0	0	0	0	0	0	0	0	0	0	0	0	0	0	0	0	0	0	0	0	0	0	0	0	0	0	0	0	0	0	0	0	0	0	0	0	0	0	0	0	0	0	0	0	0	0	0	0	0	0	0	0	0	0	0	0	0	0	0	0	0	0	0	0	0	0	0	0	0	0	0	0	0	0	0	0	0	0	0	0	0	0	0	0	0	0	0	0	0	0	0	0	0	0	0	0	0	0	0	0	0	0	0	0	0	0	0	0	0	0	0	0	0	0	0	0	0	0	0	0	0	0	0	0	0	0	0	0	0	0	0	0	0	0	0	0	0	0	0	0	0	0	0	0	0	0	0	0	0	0	0	0	0	0	0	0	0	0	0	0	0	0	0	0	0	0	0	0	0	0	0	0	0	0	0	0	0	0	0	0	0	0	0	0	0	0	0	0	0	0	0	0	0	0	0	0	0	0	0	0	0	0	0	0	0	0	0	0	0	0	0	0	0	0	0	0	0	0	0	0	0	0	0	0	0	0	0	0	0	0	0	0	0	0	0	0	0	0	0	0	0	0	0	0	0	0	0	0	0	0	0	0	0	0	0	0	0	0	0	0	0	0	0	0	0	0	0	0	0	0	0	0	0	0	0	0	0	0	0	0	0	0	0	0	0	0	0	0	0	0	0	0	0	0	0	0	0	0	0	0	0	0	0	0	0	0	0	0	0	0	0	0	0	0	0	0	0	0	0	0	0	0	0	0	0	0	0	0	0	0	0	0	0	0	0	0	0	0	0	0	0	0	0	0	0	0	0	0	0	0	0	0	0	0	0	0	0	0	0	0	0	0	0	0	0	0	0	0	0	0	0	0	0	0	0	0	0	0	0	0	0	0	0	0	0	0	0	0	0	0	0	0	0	0	0	0	0	0	0	0	0	0	0	0	0	0	0	0	0	0	0	0	0	0	0	0	0	0	0	0	0	0	0	0	0	0	0	0	0	0	
0	0	0	0	0	0	0	0	0	0	0	0	0	0	0	0	0	0	0	0	0	0	0	0	0	0	0	0	0	0	0	0	0	0	0	0	0	0	0	0	0	0	0	0	0	0	0	0	0	0	0	0	0	0	0	0	0	0	0	0	0	0	0	0	0	0	0	0	0	0	0	0	0	0	0	0	0	0	0	0	0	0	0	0	0	0	0	0	0	0	0	0	0	0	0	0	0	0	0	0	0	0	0	0	0	0	0	0	0	0	0	0	0	0	0	0	0	0	0	0	0	0	0	0	0	0	0	0	0	0	0	0	0	0	0	0	0	0	0	0	0	0	0	0	0	0	0	0	0	0	0	0	0	0	0	0	0	0	0	0	0	0	0	0	0	0	0	0	0	0	0	0	0	0	0	0	0	0	0	0	0	0	0	0	0	0	0	0	0	0	0	0	0	0	0	0	0	0	0	0	0	0	0	0	0	0	0	0	0	0	0	0	0	0	0	0	0	0	0	0	0	0	0	0	0	0	0	0	0	0	0	0	0	0	0	0	0	0	0	0	0	0	0	0	0	0	0	0	0	0	0	0	0	0	0	0	0	0	0	0	0	0	0	0	0	0	0	0	0	0	0	0	0	0	0	0	0	0	0	0	0	0	0	0	0	0	0	0	0	0	0	0	0	0	0	0	0	0	0	0	0	0	0	0	0	0	0	0	0	0	0	0	0	0	0	0	0	0	0	0	0	0	0	0	0	0	0	0	0	0	0	0	0	0	0	0	0	0	0	0	0	0	0	0	0	0	0	0	0	0	0	0	0	0	0	0	0	0	0	0	0	0	0	0	0	0	0	0	0	0	0	0	0	0	0	0	0	0	0	0	0	0	0	0	0	0	0	0	0	0	0	0	0	0	0	0	0	0	0	0	0	0	0	0	0	0	0	0	0	0	0	0	0	0	0	0	0	0	0	0	0	0	0	0	0	0	0	0	0	0	0	0	0	0	0	0	0	0	0	0	0	0	0	0	0	0	0	0	0	0	0	0	0	0	0	0	0	0	0	0	0	0	0	0	0	0	0	0	0	0	0	0	0	0	0	0	0	0	0	0	0	0	0	0	0	0	0	0	0	0	0	0	0	0	0	0	0	0	0	0	0	0	0	0	0	0	0	0	0	0	0	0	0	0	0	0	0	0	0	0	0	0	0	0	0	0	0	0	0	0	0	0	0	0	0	0	0	0	0	0	0	0	0	0	0	0	0	0	0	0	0	0	0	0	0	0	0	0	0	0	0	0	0	0	0	0	0	0	0	0	0	0	0	0	0	0	0	0	0	0	0	0	0	0	0	0	0	0	0	0	0	0	0	0	0	0	0	0	0	0	0	0	0	0	0	0	0	0	0	0	0	0	0	0	0	0	0	0	0	0	0	0	0	0	0	0	0	0	0	0	0	0	0	0	0	0	0	0	0	0	
0	0	0	0	0	0	0	0	0	0	0	0	0	0	0	0	0	0	0	0	0	0	0	0	0	0	0	0	0	0	0	0	0	0	0	0	0	0	0	0	0	0	0	0	0	0	0	0	0	0	0	0	0	0	0	0	0	0	0	0	0	0	0	0	0	0	0	0	0	0	0	0	0	0	0	0	0	0	0	0	0	0	0	0	0	0	0	0	0	0	0	0	0	0	0	0	0	0	0	0	0	0	0	0	0	0	0	0	0	0	0	0	0	0	0	0	0	0	0	0	0	0	0	0	0	0	0	0	0	0	0	0	0	0	0	0	0	0	0	0	0	0	0	0	0	0	0	0	0	0	0	0	0	0	0	0	0	0	0	0	0	0	0	0	0	0	0	0	0	0	0	0	0	0	0	0	0	0	0	0	0	0	0	0	0	0	0	0	0	0	0	0	0	0	0	0	0	0	0	0	0	0	0	0	0	0	0	0	0	0	0	0	0	0	0	0	0	0	0	0	0	0	0	0	0	0	0	0	0	0	0	0	0	0	0	0	0	0	0	0	0	0	0	0	0	0	0	0	0	0	0	0	0	0	0	0	0	0	0	0	0	0	0	0	0	0	0	0	0	0	0	0	0	0	0	0	0	0	0	0	0	0	0	0	0	0	0	0	0	0	0	0	0	0	0	0	0	0	0	0	0	0	0	0	0	0	0	0	0	0	0	0	0	0	0	0	0	0	0	0	0	0	0	0	0	0	0	0	0	0	0	0	0	0	0	0	0	0	0	0	0	0	0	0	0	0	0	0	0	0	0	0	0	0	0	0	0	0	0	0	0	0	0	0	0	0	0	0	0	0	0	0	0	0	0	0	0	0	0	0	0	0	0	0	0	0	0	0	0	0	0	0	0	0	0	0	0	0	0	0	0	0	0	0	0	0	0	0	0	0	0	0	0	0	0	0	0	0	0	0	0	0	0	0	0	0	0	0	0	0	0	0	0	0	0	0	0	0	0	0	0	0	0	0	0	0	0	0	0	0	0	0	0	0	0	0	0	0	0	0	0	0	0	0	0	0	0	0	0	0	0	0	0	0	0	0	0	0	0	0	0	0	0	0	0	0	0	0	0	0	0	0	0	0	0	0	0	0	0	0	0	0	0	0	0	0	0	0	0	0	0	0	0	0	0	0	0	0	0	0	0	0	0	0	0	0	0	0	0	0	0	0	0	0	0	0	0	0	0	0	0	0	0	0	0	0	0	0	0	0	0	0	0	0	0	0	0	0	0	0	0	0	0	0	0	0	0	0	0	0	0	0	0	0	0	0	0	0	0	0	0	0	0	0	0	0	0	0	0	0	0	0	0	0	0	0	0	0	0	0	0	0	0	0	0	0	0	0	0	0	0	0	0	0	0	0	0	0	0	0	0	0	0	0	0	0	0	0	0	0	0	0	0	0	0	0	0	0	0	0	
